chupathingyce: settings: /tmp/jobsbench/lobby_p24_off/saves/config.toml
chupathingyce: settings: added graphics.texture_cache_mb (new in this version) at its default
chupathingyce: save root: /tmp/jobsbench/lobby_p24_off/saves
chupathingyce: data root: /Users/noahlopez/Library/Application Support/ChupathingyCE (the game's log: debug.txt there)
chupathingyce: ChupathingyCE 0.7.1d-dev (dev, debug config, commit 80b829aa, built 2026-10-09) macOS arm64
chupathingyce: OpenCE network version 24 (joins 11-24); Delta 1, wire chupa-24a, legacy table: built in; protocol auto
chupathingyce: Following OpenCE network version 24 (built in)
chupathingyce: features: infection off, bots on
chupathingyce: anti-aliasing: off
chupathingyce: screen: 640x480 drawn at 1280x960
chupathingyce: OpenGL 4.1 Metal - 90.5 on Apple M2 Pro
chupathingyce: cannot map the visibility test results; tests read their queries
chupathingyce: shader cache: 105 shaders and 93 programs made ready in 269 ms (/tmp/jobsbench/lobby_p24_off/saves/shader_cache.bin)
chupathingyce: screen: 738x480 drawn at 2560x1662
chupathingyce: Delta: legacy table 5 from Delta List: announcing 25, joining 11 to 25; following OpenCE build-169
chupathingyce: high-res hud: 69 of 104 bitmaps in this map (35 not in it)
chupathingyce: network test: host:bloodgulch:slayer
chupathingyce: high-res text: ui\small_ui drawn with Overpass-750.ttf
chupathingyce: jobs: off (legacy paths), 0 workers (8 performance cores), 130 KiB of graph arenas
chupathingyce: network test: hosting bloodgulch
chupathingyce: Delta Peer: hosting with Delta on port 5160
chupathingyce: Delta Peer: every machine of the game shares capabilities 0x13
chupathingyce: high-res text: ui\large_ui drawn with Overpass-900.ttf
chupathingyce: network test: game 1, slayer
chupathingyce: network test: starting the game
chupathingyce: high-res hud: 70 of 104 bitmaps in this map (34 not in it)
chupathingyce: shadow maps: 128x128
chupathingyce: network test: player 0 is named Player
chupathingyce: network test: tick 30 player 0: (92.504 -149.396 0.517) h1.00/1.00 g0/0 w a-60/0 f-60 l-60/0 as140/120 st0 thr0.00 501:0 s0 k0 d0 f0 t0 m0 | items 35 (+41 -0 !0 x0) | playing to 15 | sent 5 received 3 corrected 0 | hits 0 dealt 0 rejected 0 replayed 0 | local 0 camera (92.5 -149.4 1.1) respawn 0
chupathingyce: bots: Bot 1 joined (spartan)
chupathingyce: bots: bot 1 inventory slot 0 now weapon 501
chupathingyce: bots: bot 1 seeking vehicle -495910910
chupathingyce: network test: player 1 is named Bot 1
chupathingyce: network test: tick 60 player 0: (92.504 -149.396 0.517) h1.00/1.00 g0/0 w a-60/0 f-60 l-60/0 as140/120 st0 thr0.00 501:0 s0 k0 d0 f0 t0 m0 player 1: (104.686 -160.619 0.089) h1.00/1.00 g0/0 w a137/1 f137 l137/1 as139/120 st4 thr1.00 501:0 s0 k0 d0 f0 t1 m127 | items 35 (+43 -0 !0 x0) | playing to 15 | sent 10 received 5 corrected 0 | hits 0 dealt 0 rejected 0 replayed 0 | local 0 camera (92.5 -149.4 1.1) respawn 0
chupathingyce: bots: Bot 2 joined (spartan)
chupathingyce: bots: bot 2 inventory slot 0 now weapon 501
chupathingyce: bots: navigation graph of 70 nodes and 438 links
chupathingyce: network test: player 2 is named Bot 2
chupathingyce: network test: tick 90 player 0: (92.504 -149.396 0.517) h1.00/1.00 g0/0 w a-60/0 f-60 l-60/0 as140/120 st0 thr0.00 501:0 s0 k0 d0 f0 t0 m0 player 1: (104.021 -158.554 0.228) h1.00/1.00 g0/0 w a142/1 f142 l142/1 as139/120 st4 thr1.00 501:0 s0 k0 d0 f0 t1 m127 player 2: (51.151 -83.216 0.099) h1.00/1.00 g0/0 w a-133/0 f-133 l-133/0 as139/120 st4 thr1.00 501:0 s0 k0 d0 f0 t2 m127 | items 35 (+45 -0 !0 x0) | playing to 15 | sent 14 received 7 corrected 0 | hits 0 dealt 0 rejected 0 replayed 0 | local 0 camera (92.5 -149.4 1.1) respawn 0
chupathingyce: bots: Bot 3 joined (spartan)
chupathingyce: bots: bot 3 inventory slot 0 now weapon 501
chupathingyce: bots: bot 3 seeking vehicle -496041984
chupathingyce: network test: player 3 is named Bot 3
chupathingyce: network test: tick 120 player 0: (92.504 -149.396 0.517) h1.00/0.87 g0/0 w a-60/0 f-60 l-60/0 as140/120 st0 thr0.00 501:0 s0 k0 d0 f0 t0 m0 player 1: (102.498 -157.492 0.155) h1.00/1.00 g0/0 w a142/1 f142 l142/1 as139/120 st4 thr1.00 501:0 s0 k0 d0 f0 t1 m127 player 2: (49.625 -84.869 0.070) h1.00/1.00 g0/0 w a-133/0 f-133 l-133/0 as139/120 st4 thr1.00 501:0 s0 k0 d0 f0 t2 m127 player 3: (29.606 -77.538 0.166) h1.00/1.00 g0/0 w a-90/0 f-90 l-90/0 as139/120 st4 thr1.00 501:0 s0 k0 d0 f0 t3 m127 | items 35 (+47 -0 !0 x0) | playing to 15 | sent 22 received 9 corrected 0 | hits 0 dealt 0 rejected 0 replayed 0 | local 0 camera (92.5 -149.4 1.1) respawn 0
chupathingyce: bots: Bot 4 joined (spartan)
chupathingyce: bots: bot 4 inventory slot 0 now weapon 501
chupathingyce: network test: player 4 is named Bot 4
chupathingyce: network test: tick 150 player 0: (92.504 -149.396 0.517) h1.00/0.87 g0/0 w a-60/0 f-60 l-60/0 as140/120 st0 thr0.00 501:0 s0 k0 d0 f0 t0 m0 player 1: (100.551 -157.041 0.143) h1.00/1.00 g0/0 w a136/1 f136 l136/1 as139/120 st4 thr1.00 501:0 s0 k0 d0 f0 t1 m127 player 2: (48.100 -86.522 0.033) h1.00/1.00 g0/0 w a-133/0 f-133 l-133/0 as139/120 st4 thr1.00 501:0 s0 k0 d0 f0 t2 m127 player 3: (29.603 -79.784 0.111) h1.00/1.00 g0/0 w a-90/0 f-90 l-90/0 as139/120 st4 thr1.00 501:0 s0 k0 d0 f0 t3 m127 player 4: (97.817 -149.946 0.085) h1.00/1.00 g0/0 w a-70/-0 f-70 l-70/-0 as139/120 st7 thr1.00 501:0 s0 k0 d0 f0 t4 m127 | items 35 (+49 -0 !0 x0) | playing to 15 | sent 26 received 11 corrected 0 | hits 0 dealt 0 rejected 0 replayed 0 | local 0 camera (92.5 -149.4 1.1) respawn 0
chupathingyce: bots: Bot 5 joined (spartan)
chupathingyce: bots: bot 5 inventory slot 0 now weapon 501
chupathingyce: network test: player 5 is named Bot 5
chupathingyce: network test: tick 180 player 0: (92.504 -149.396 0.517) h0.96/0.00 g0/0 w a-60/0 f-42 l-60/0 as140/120 st0 thr0.00 501:0 s0 k0 d0 f0 t0 m0 player 1: (99.832 -156.010 0.120) h1.00/0.73 g0/0 w a137/1 f137 l137/1 as139/120 st10 thr1.00 501:0 s0 k0 d0 f0 t1 m127 player 2: (46.627 -87.143 -0.008) h1.00/1.00 g0/0 w a159/0 f159 l159/0 as139/120 st4 thr1.00 501:0 s0 k0 d0 f0 t2 m127 player 3: (30.243 -81.216 0.090) h1.00/1.00 g0/0 w a-19/-0 f-19 l-19/-0 as139/120 st4 thr1.00 501:0 s0 k0 d0 f0 t3 m127 player 4: (96.059 -150.884 0.071) h1.00/1.00 g0/0 w a-56/-1 f-56 l-56/-1 as139/120 st7 thr1.00 501:0 s0 k0 d0 f0 t4 m127 player 5: (92.464 -169.531 0.126) h1.00/1.00 g0/0 w a146/0 f56 l126/0 as140/120 st21 thr1.00 501:0 s0 k0 d0 f0 t5 m126 | items 35 (+51 -0 !0 x0) | playing to 15 | sent 36 received 13 corrected 0 | hits 0 dealt 0 rejected 0 replayed 0 | local 0 camera (92.5 -149.4 1.1) respawn 0
chupathingyce: bots: Bot 6 joined (spartan)
chupathingyce: bots: bot 6 inventory slot 0 now weapon 501
chupathingyce: network test: player 6 is named Bot 6
chupathingyce: network test: tick 210 player 0: (92.504 -149.396 0.517) h0.83/0.00 g0/0 w a-60/0 f-42 l-60/0 as140/120 st0 thr0.00 501:0 s0 k0 d0 f0 t0 m0 player 1: (99.720 -155.898 0.120) h1.00/0.60 g0/0 w a137/1 f137 l137/1 as139/120 st6 thr1.00 501:0 s0 k0 d0 f0 t1 m127 player 2: (45.089 -86.597 -0.006) h1.00/1.00 g0/0 w a-135/-0 f-135 l-135/-0 as139/120 st6 thr1.00 501:0 s0 k0 d0 f0 t2 m127 player 3: (32.134 -81.135 0.591) h1.00/1.00 g0/0 w a-44/-2 f-64 l-44/-2 as140/120 st20 thr1.00 501:0 s0 k0 d0 f0 t3 m127 player 4: (94.819 -152.043 0.084) h1.00/1.00 g0/0 w a-39/-1 f-39 l-39/-1 as139/120 st6 thr1.00 501:0 s0 k0 d0 f0 t4 m127 player 5: (90.567 -170.431 0.141) h1.00/1.00 g0/0 w a-155/0 f-155 l-155/0 as139/120 st4 thr1.00 501:0 s0 k0 d0 f0 t5 m126 player 6: (41.363 -90.547 0.132) h1.00/1.00 g0/0 w a46/-3 f46 l46/-3 as139/120 st7 thr1.00 501:0 s0 k0 d0 f0 t6 m126 | items 35 (+53 -0 !0 x0) | playing to 15 | sent 47 received 15 corrected 0 | hits 0 dealt 0 rejected 0 replayed 0 | local 0 camera (92.5 -149.4 1.1) respawn 0
chupathingyce: bots: Bot 7 joined (spartan)
chupathingyce: bots: bot 7 inventory slot 0 now weapon 501
chupathingyce: network test: player 7 is named Bot 7
chupathingyce: network test: tick 240 player 0: (92.504 -149.396 0.517) h0.58/0.00 g0/0 w a-60/0 f-42 l-60/0 as140/120 st0 thr0.00 501:0 s0 k0 d0 f0 t0 m0 player 1: (100.399 -155.136 0.024) h1.00/0.47 g0/0 w a144/2 f144 l144/2 as139/120 st7 thr1.00 501:0 s0 k0 d0 f0 t1 m127 player 2: (46.523 -87.945 0.016) h1.00/1.00 g0/0 w a-134/7 f-134 l-134/7 as139/120 st6 thr1.00 501:0 s0 k0 d0 f0 t2 m127 player 3: (33.651 -82.195 0.018) h1.00/1.00 g0/0 w a-48/3 f-48 l-48/3 as139/120 st4 thr1.00 501:0 s0 k0 d0 f0 t3 m127 player 4: (96.103 -150.691 0.659) h1.00/1.00 g0/0 w a-47/-6 f-47 l-47/-6 as140/120 st20 thr1.00 501:0 s0 k0 d0 f0 t4 m127 player 5: (88.536 -171.398 0.170) h1.00/1.00 g0/0 w a-155/0 f-155 l-155/0 as139/120 st4 thr1.00 501:0 s0 k0 d0 f0 t5 m126 player 6: (42.801 -91.876 0.707) h1.00/1.00 g0/0 w a48/-9 f46 l48/-9 as140/120 st20 thr1.00 501:0 s0 k0 d0 f0 t6 m126 player 7: (84.853 -162.007 0.106) h1.00/1.00 g0/0 w a-70/-1 f-50 l-70/-1 as139/120 st4 thr1.00 501:0 s0 k0 d0 f0 t7 m126 | items 35 (+55 -0 !0 x0) | playing to 15 | sent 60 received 17 corrected 0 | hits 0 dealt 0 rejected 0 replayed 0 | local 0 camera (92.5 -149.4 1.1) respawn 0
chupathingyce: bots: Bot 8 joined (spartan)
chupathingyce: bots: bot 8 inventory slot 0 now weapon 501
chupathingyce: network test: player 8 is named Bot 8
chupathingyce: network test: tick 270 player 0: (92.504 -149.396 0.517) h0.33/0.00 g0/0 w a-60/0 f-42 l-60/0 as140/120 st0 thr0.00 501:0 s0 k0 d0 f0 t0 m0 player 1: (99.900 -155.797 0.101) h1.00/0.47 g0/0 w a141/2 f141 l141/2 as139/120 st6 thr1.00 501:0 s0 k0 d0 f0 t1 m127 player 2: (47.814 -89.440 0.114) h1.00/1.00 g0/0 w a-152/-0 f-152 l-152/-0 as139/120 st7 thr1.00 501:0 s0 k0 d0 f0 t2 m127 player 3: (34.201 -84.295 -0.062) h1.00/1.00 g0/0 w a-40/-0 f-40 l-40/-0 as139/120 st4 thr1.00 501:0 s0 k0 d0 f0 t3 m127 player 4: (97.695 -149.511 0.078) h1.00/1.00 g0/0 w a-69/-1 f-58 l-69/-1 as139/120 st6 thr1.00 501:0 s0 k0 d0 f0 t4 m127 player 5: (86.505 -172.365 0.204) h1.00/1.00 g0/0 w a-155/0 f-155 l-155/0 as139/120 st4 thr1.00 501:0 s0 k0 d0 f0 t5 m126 player 6: (42.822 -91.631 0.175) h1.00/1.00 g0/0 w a27/-2 f27 l27/-2 as139/120 st6 thr1.00 501:0 s0 k0 d0 f0 t6 m126 player 7: (83.249 -162.949 0.097) h1.00/1.00 g0/0 w a-70/-0 f-70 l-70/-0 as139/120 st7 thr1.00 501:0 s0 k0 d0 f0 t7 m126 player 8: (97.595 -169.647 0.263) h1.00/1.00 g0/0 w a-16/0 f63 l4/0 as139/120 st7 thr1.00 501:0 s0 k0 d0 f0 t8 m126 | items 35 (+57 -0 !0 x0) | playing to 15 | sent 70 received 19 corrected 0 | hits 0 dealt 0 rejected 0 replayed 0 | local 0 camera (92.5 -149.4 1.1) respawn 0
chupathingyce: bots: Bot 9 joined (spartan)
chupathingyce: bots: bot 9 inventory slot 0 now weapon 501
chupathingyce: network test: player 9 is named Bot 9
chupathingyce: network test: tick 300 player 0: (92.504 -149.396 0.517) h0.20/0.00 g0/0 w a-60/0 f-42 l-60/0 as140/120 st0 thr0.00 501:0 s0 k0 d0 f0 t0 m0 player 1: (99.830 -156.008 0.120) h1.00/0.34 g0/0 w a137/2 f137 l137/2 as139/120 st6 thr1.00 501:0 s0 k0 d0 f0 t1 m127 player 2: (47.609 -88.575 0.754) h1.00/1.00 g0/0 w a-168/-3 f-164 l-168/-3 as140/120 st20 thr1.00 501:0 s0 k0 d0 f0 t2 m127 player 3: (35.682 -84.014 0.036) h1.00/1.00 g0/0 w a-42/2 f-42 l-42/2 as139/120 st6 thr1.00 501:0 s0 k0 d0 f0 t3 m127 player 4: (97.157 -149.677 0.064) h1.00/1.00 g0/0 w a-67/-0 f-67 l-67/-0 as139/120 st7 thr1.00 501:0 s0 k0 d0 f0 t4 m127 player 5: (84.985 -173.083 0.219) h1.00/1.00 g0/0 w a111/2 f111 l111/2 as139/120 st7 thr1.00 501:0 s0 k0 d0 f0 t5 m126 player 6: (42.257 -89.717 0.673) h1.00/1.00 g0/0 w a12/0 f14 l12/0 as140/120 st20 thr1.00 501:0 s0 k0 d0 f0 t6 m126 player 7: (81.553 -163.796 0.641) h1.00/1.00 g0/0 w a-72/-3 f-73 l-72/-3 as140/120 st20 thr1.00 501:0 s0 k0 d0 f0 t7 m126 player 8: (96.058 -171.081 0.303) h1.00/1.00 g0/0 w a-170/-1 f-170 l-170/-1 as139/120 st4 thr1.00 501:0 s0 k0 d0 f0 t8 m126 player 9: (51.905 -76.423 0.084) h1.00/1.00 g0/0 w a-76/0 f-166 l-96/0 as140/120 st2 thr0.00 501:0 s0 k0 d0 f0 t9 m125 | items 35 (+59 -0 !0 x0) | playing to 15 | sent 80 received 21 corrected 0 | hits 0 dealt 0 rejected 0 replayed 0 | local 0 camera (92.5 -149.4 1.1) respawn 0
chupathingyce: bots: Bot 10 joined (spartan)
chupathingyce: bots: bot 1 at (99.8 -156.0 0.1) yaw 137 fight, target 0 (seen), shield 0.34, kills 0 deaths 0
chupathingyce: bots: bot 2 at (47.5 -88.2 0.6) yaw -169 fight, target 6 (seen), shield 1.00, kills 0 deaths 0
chupathingyce: bots: bot 3 at (36.3 -83.3 0.1) yaw -42 fight, target 6 (seen), shield 1.00, kills 0 deaths 0
chupathingyce: bots: bot 4 at (95.9 -150.3 0.1) yaw -55 fight, target 1 (seen), shield 1.00, kills 0 deaths 0
chupathingyce: bots: bot 5 at (86.5 -172.3 0.2) yaw 120 fight, target 7 (seen), shield 0.86, kills 0 deaths 0
chupathingyce: network test: player 10 is named Bot 10
chupathingyce: network test: tick 330 player 0: dead s0 k0 d1 f0 t0 m0 player 1: (99.779 -155.981 0.416) h1.00/0.07 g0/0 w a130/-3 f129 l130/-3 as140/120 st20 thr1.00 501:0 s1 k1 d0 f0 t1 m127 player 2: (47.403 -87.967 0.031) h1.00/1.00 g0/0 w a-176/1 f-176 l-176/1 as139/120 st6 thr1.00 501:0 s0 k0 d0 f0 t2 m127 player 3: (36.023 -83.648 0.082) h1.00/1.00 g0/0 w a-38/0 f-38 l-38/0 as139/120 st7 thr1.00 501:0 s0 k0 d0 f0 t3 m127 player 4: (95.441 -150.692 0.136) h1.00/1.00 g0/0 w a-51/0 f-51 l-51/0 as139/120 st7 thr1.00 501:0 s0 k0 d0 f0 t4 m127 player 5: (86.486 -172.299 0.201) h1.00/0.86 g0/0 w a120/-2 f120 l120/-2 as139/120 st6 thr1.00 501:0 s0 k0 d0 f0 t5 m126 player 6: (41.929 -88.135 0.148) h1.00/1.00 g0/0 w a5/-4 f14 l5/-4 as140/120 st21 thr1.00 501:0 s0 k0 d0 f0 t6 m126 player 7: (81.453 -163.719 0.116) h1.00/1.00 g0/0 w a-58/0 f-58 l-58/0 as139/120 st6 thr1.00 501:0 s0 k0 d0 f0 t7 m126 player 8: (95.284 -172.777 0.449) h1.00/1.00 g0/0 w a177/-2 f177 l177/-2 as139/120 st6 thr1.00 501:0 s0 k0 d0 f0 t8 m126 player 9: (50.628 -77.653 0.137) h1.00/1.00 g0/0 w a-109/-1 f-109 l-109/-1 as139/120 st4 thr1.00 501:0 s0 k0 d0 f0 t9 m125 player 10: dead s0 k0 d0 f0 t10 m125 | items 36 (+59 -0 !0 x0) | playing to 15 | sent 98 received 24 corrected 0 | hits 0 dealt 0 rejected 0 replayed 0 | local 0 camera (92.3 -148.9 0.8) respawn 76
chupathingyce: bots: Bot 11 joined (spartan)
chupathingyce: bots: bot 10 inventory slot 0 now weapon 501
chupathingyce: bots: bot 11 inventory slot 0 now weapon 501
chupathingyce: bots: bot 6 at (41.9 -88.1 0.1) yaw -1 fight, target 2 (seen), shield 1.00, kills 0 deaths 0
chupathingyce: bots: bot 7 at (82.2 -163.3 0.1) yaw -68 fight, target 5 (seen), shield 1.00, kills 0 deaths 0
chupathingyce: bots: bot 8 at (95.2 -174.0 0.7) yaw 172 fight, target 5 (seen), shield 1.00, kills 0 deaths 0
chupathingyce: bots: bot 9 at (50.9 -79.4 0.1) yaw -110 fight, target 2 (seen), shield 1.00, kills 0 deaths 0
chupathingyce: network test: player 11 is named Bot 11
chupathingyce: network test: tick 360 player 0: dead s0 k0 d1 f0 t0 m0 player 1: (99.598 -155.915 0.496) h0.85/0.00 g0/0 w a142/-1 f125 l142/-1 as140/120 st20 thr1.00 501:0 s1 k1 d0 f0 t1 m127 player 2: (47.348 -89.852 0.157) h1.00/1.00 g0/0 w a179/-1 f179 l179/-1 as139/120 st7 thr1.00 501:0 s0 k0 d0 f0 t2 m127 player 3: (34.906 -85.294 -0.099) h1.00/1.00 g0/0 w a-33/-0 f-33 l-33/-0 as139/120 st7 thr1.00 501:0 s0 k0 d0 f0 t3 m127 player 4: (94.189 -151.767 0.471) h1.00/1.00 g0/0 w a-37/-0 f-49 l-37/-0 as140/120 st20 thr1.00 501:0 s0 k0 d0 f0 t4 m127 player 5: (85.010 -172.924 0.853) h1.00/0.86 g0/0 w a100/-5 f115 l100/-5 as140/120 st20 thr1.00 501:0 s0 k0 d0 f0 t5 m126 player 6: (41.857 -89.737 0.153) h1.00/1.00 g0/0 w a-1/-1 f-1 l-1/-1 as139/120 st7 thr1.00 501:0 s0 k0 d0 f0 t6 m126 player 7: (83.301 -163.003 0.097) h1.00/1.00 g0/0 w a-78/3 f-78 l-78/3 as139/120 st4 thr1.00 501:0 s0 k0 d0 f0 t7 m126 player 8: (94.968 -174.678 0.752) h1.00/1.00 g0/0 w a170/-1 f170 l170/-1 as139/120 st4 thr1.00 501:0 s0 k0 d0 f0 t8 m126 player 9: (50.651 -79.612 0.264) h1.00/1.00 g0/0 w a-108/-1 f-108 l-108/-1 as139/120 st4 thr1.00 501:0 s0 k0 d0 f0 t9 m125 player 10: (38.827 -68.822 0.297) h1.00/1.00 g0/0 w a-43/-1 f-43 l-43/-1 as139/120 st4 thr1.00 501:0 s0 k0 d0 f0 t10 m125 player 11: (86.907 -157.768 0.061) h1.00/1.00 g0/0 w a38/3 f38 l38/3 as139/120 st7 thr1.00 501:0 s0 k0 d0 f0 t11 m125 | items 36 (+63 -0 !0 x0) | playing to 15 | sent 107 received 27 corrected 0 | hits 0 dealt 0 rejected 0 replayed 0 | local 0 camera (93.2 -147.6 1.1) respawn 46
chupathingyce: bots: Bot 12 joined (spartan)
chupathingyce: bots: bot 10 at (38.9 -69.0 0.3) yaw -44 fight, target 9 (seen), shield 1.00, kills 0 deaths 0
chupathingyce: bots: bot 12 inventory slot 0 now weapon 501
chupathingyce: bots: bot 11 at (87.2 -158.2 0.1) yaw 42 fight, target 4 (seen), shield 1.00, kills 0 deaths 0
chupathingyce: bots: bot 12 at (29.6 -81.0 0.1) yaw -45 fight, target 3 (seen), shield 1.00, kills 0 deaths 0
chupathingyce: network test: player 12 is named Bot 12
chupathingyce: network test: tick 390 player 0: dead s0 k0 d1 f0 t0 m0 player 1: (99.783 -155.914 0.117) h0.85/0.00 g0/0 w a137/-2 f137 l137/-2 as139/120 st7 thr1.00 501:0 s1 k1 d0 f0 t1 m127 player 2: (47.158 -88.331 0.044) h1.00/0.87 g0/0 w a-167/6 f-167 l-167/6 as139/120 st7 thr1.00 501:0 s0 k0 d0 f0 t2 m127 player 3: (34.821 -85.362 -0.096) h1.00/1.00 g0/0 w a-29/5 f-29 l-29/5 as139/120 st6 thr1.00 501:0 s0 k0 d0 f0 t3 m127 player 4: (94.622 -151.045 0.072) h1.00/1.00 g0/0 w a-43/-2 f-43 l-43/-2 as139/120 st6 thr1.00 501:0 s0 k0 d0 f0 t4 m127 player 5: (84.567 -172.934 0.201) h1.00/0.86 g0/0 w a85/2 f85 l85/2 as139/120 st7 thr1.00 501:0 s0 k0 d0 f0 t5 m126 player 6: (41.799 -89.628 0.761) h1.00/0.86 g0/0 w a12/-9 f4 l12/-9 as140/120 st20 thr1.00 501:0 s0 k0 d0 f0 t6 m126 player 7: (85.222 -163.048 0.686) h1.00/1.00 g0/0 w a-93/-4 f-84 l-93/-4 as140/120 st20 thr1.00 501:0 s0 k0 d0 f0 t7 m126 player 8: (93.652 -175.957 0.869) h1.00/1.00 g0/0 w a162/-5 f162 l162/-5 as139/120 st6 thr1.00 501:0 s0 k0 d0 f0 t8 m126 player 9: (48.993 -80.819 0.493) h1.00/1.00 g0/0 w a-104/-5 f-108 l-104/-5 as140/120 st20 thr1.00 501:0 s0 k0 d0 f0 t9 m125 player 10: (39.368 -70.922 0.162) h1.00/1.00 g0/0 w a-46/1 f-46 l-46/1 as139/120 st4 thr1.00 501:0 s0 k0 d0 f0 t10 m125 player 11: (86.560 -157.340 0.027) h1.00/1.00 g0/0 w a38/-1 f38 l38/-1 as139/120 st4 thr1.00 501:0 s0 k0 d0 f0 t11 m125 player 12: (30.280 -80.395 0.057) h1.00/1.00 g0/0 w a-46/-3 f-46 l-46/-3 as139/120 st6 thr1.00 501:0 s0 k0 d0 f0 t12 m125 | items 36 (+65 -0 !0 x0) | playing to 15 | sent 117 received 29 corrected 0 | hits 0 dealt 0 rejected 0 replayed 0 | local 0 camera (95.3 -148.6 2.5) respawn 16
chupathingyce: bots: Bot 13 joined (spartan)
chupathingyce: bots: bot 13 inventory slot 0 now weapon 501
chupathingyce: bots: bot 13 seeking vehicle -495910910
chupathingyce: network test: player 13 is named Bot 13
chupathingyce: network test: tick 420 player 0: (105.560 -157.584 0.197) h1.00/1.00 g0/0 w a-162/0 f-162 l-162/0 as140/120 st0 thr0.00 501:0 s0 k0 d1 f0 t0 m0 player 1: (101.070 -154.543 -0.079) h0.85/0.00 g0/0 w a138/-1 f138 l138/-1 as139/120 st7 thr1.00 501:0 s1 k1 d0 f0 t1 m127 player 2: (46.601 -86.649 -0.022) h1.00/0.87 g0/0 w a-149/1 f-149 l-149/1 as139/120 st6 thr1.00 501:0 s0 k0 d0 f0 t2 m127 player 3: (35.599 -84.191 0.018) h1.00/1.00 g0/0 w a-42/0 f-42 l-42/0 as139/120 st7 thr1.00 501:0 s0 k0 d0 f0 t3 m127 player 4: (95.855 -149.722 0.064) h1.00/0.74 g0/0 w a-42/-2 f-42 l-42/-2 as139/120 st6 thr1.00 501:0 s0 k0 d0 f0 t4 m127 player 5: (86.562 -173.061 0.252) h1.00/0.86 g0/0 w a87/2 f87 l87/2 as139/120 st7 thr1.00 501:0 s0 k0 d0 f0 t5 m126 player 6: (41.951 -89.621 0.156) h1.00/0.86 g0/0 w a32/-3 f32 l32/-3 as139/120 st7 thr1.00 501:0 s0 k0 d0 f0 t6 m126 player 7: (87.200 -163.178 0.632) h1.00/1.00 g0/0 w a-92/-2 f-93 l-92/-2 as140/120 st20 thr1.00 501:0 s0 k0 d0 f0 t7 m126 player 8: (92.805 -177.682 1.376) h1.00/1.00 g0/0 w a146/-9 f146 l146/-9 as139/120 st6 thr1.00 501:0 s0 k0 d0 f0 t8 m126 player 9: (48.297 -80.947 0.088) h1.00/1.00 g0/0 w a-105/-2 f-105 l-105/-2 as139/120 st6 thr1.00 501:0 s0 k0 d0 f0 t9 m125 player 10: (40.858 -72.564 0.180) h1.00/1.00 g0/0 w a-46/2 f-46 l-46/2 as139/120 st4 thr1.00 501:0 s0 k0 d0 f0 t10 m125 player 11: (87.320 -155.359 0.432) h1.00/1.00 g0/0 w a35/-2 f36 l35/-2 as140/120 st20 thr1.00 501:0 s0 k0 d0 f0 t11 m125 player 12: (31.094 -79.675 0.553) h1.00/1.00 g0/0 w a-45/-5 f-46 l-45/-5 as140/120 st20 thr1.00 501:0 s0 k0 d0 f0 t12 m125 player 13: (104.088 -162.611 0.039) h1.00/1.00 g0/0 w a113/-1 f113 l113/-1 as139/120 st6 thr1.00 501:0 s0 k0 d0 f0 t13 m124 | items 36 (+69 -0 !0 x0) | playing to 15 | sent 129 received 32 corrected 0 | hits 0 dealt 0 rejected 0 replayed 0 | local 0 camera (105.6 -157.6 0.8) respawn 0
chupathingyce: bots: Bot 14 joined (spartan)
chupathingyce: bots: bot 14 inventory slot 0 now weapon 501
chupathingyce: network test: player 14 is named Bot 14
chupathingyce: network test: tick 450 player 0: (105.560 -157.584 0.197) h1.00/0.89 g0/0 w a-162/0 f-162 l-162/0 as140/120 st0 thr0.00 501:0 s0 k0 d1 f0 t0 m0 player 1: (102.214 -153.299 0.537) h0.85/0.00 g0/0 w a138/-5 f138 l138/-5 as140/120 st20 thr1.00 501:0 s1 k1 d0 f0 t1 m127 player 2: (47.562 -87.960 0.034) h1.00/0.73 g0/0 w a-146/7 f-146 l-146/7 as139/120 st6 thr1.00 501:0 s0 k0 d0 f0 t2 m127 player 3: (34.551 -85.635 -0.085) h1.00/0.87 g0/0 w a-34/5 f-34 l-34/5 as139/120 st4 thr1.00 501:0 s0 k0 d0 f0 t3 m127 player 4: (96.897 -148.601 0.058) h1.00/0.60 g0/0 w a-42/3 f-42 l-42/3 as139/120 st7 thr1.00 501:0 s0 k0 d0 f0 t4 m127 player 5: (86.932 -173.060 0.259) h1.00/0.86 g0/0 w a82/-1 f82 l82/-1 as139/120 st6 thr1.00 501:0 s0 k0 d0 f0 t5 m126 player 6: (43.060 -91.155 0.820) h1.00/0.86 g0/0 w a35/-9 f37 l35/-9 as140/120 st20 thr1.00 501:0 s0 k0 d0 f0 t6 m126 player 7: (88.450 -163.260 0.151) h1.00/1.00 g0/0 w a-98/-1 f-93 l-98/-1 as139/120 st7 thr1.00 501:0 s0 k0 d0 f0 t7 m126 player 8: (92.130 -178.448 1.539) h1.00/1.00 g0/0 w a133/-11 f133 l133/-11 as139/120 st7 thr1.00 501:0 s0 k0 d0 f0 t8 m126 player 9: (48.695 -80.674 0.096) h1.00/1.00 g0/0 w a-101/-1 f-101 l-101/-1 as139/120 st7 thr1.00 501:0 s0 k0 d0 f0 t9 m125 player 10: (42.490 -74.035 0.121) h1.00/1.00 g0/0 w a-45/2 f-45 l-45/2 as139/120 st4 thr1.00 501:0 s0 k0 d0 f0 t10 m125 player 11: (88.272 -153.447 0.170) h1.00/1.00 g0/0 w a30/-1 f36 l30/-1 as140/120 st21 thr1.00 501:0 s0 k0 d0 f0 t11 m125 player 12: (30.976 -79.857 -0.015) h1.00/1.00 g0/0 w a-58/-2 f-57 l-58/-2 as139/120 st6 thr1.00 501:0 s0 k0 d0 f0 t12 m125 player 13: (102.356 -162.968 0.059) h1.00/1.00 g0/0 w a93/3 f93 l93/3 as139/120 st7 thr1.00 501:0 s0 k0 d0 f0 t13 m124 player 14: (42.150 -67.717 0.557) h1.00/1.00 g0/0 w a-90/-5 f-79 l-90/-5 as139/120 st7 thr1.00 501:0 s0 k0 d0 f0 t14 m124 | items 36 (+71 -0 !0 x0) | playing to 15 | sent 145 received 34 corrected 0 | hits 0 dealt 0 rejected 0 replayed 0 | local 0 camera (105.6 -157.6 0.8) respawn 0
chupathingyce: bots: Bot 15 joined (spartan)
chupathingyce: bots: bot 15 inventory slot 0 now weapon 501
chupathingyce: network test: player 15 is named Bot 15
chupathingyce: network test: tick 480 player 0: (105.560 -157.584 0.197) h1.00/0.89 g0/0 w a-162/0 f-162 l-162/0 as140/120 st0 thr0.00 501:0 s0 k0 d1 f0 t0 m0 player 1: (102.156 -153.609 -0.050) h0.85/0.00 g0/0 w a151/-1 f151 l151/-1 as139/120 st6 thr1.00 501:0 s1 k1 d0 f0 t1 m127 player 2: (48.599 -89.660 0.119) h1.00/0.73 g0/0 w a-157/-1 f-157 l-157/-1 as139/120 st6 thr1.00 501:0 s0 k0 d0 f0 t2 m127 player 3: (34.618 -87.448 0.357) h1.00/0.87 g0/0 w a-26/-3 f-33 l-26/-3 as140/120 st20 thr1.00 501:0 s0 k0 d0 f0 t3 m127 player 4: (95.953 -150.043 0.066) h1.00/0.47 g0/0 w a-28/-2 f-28 l-28/-2 as139/120 st7 thr1.00 501:0 s0 k0 d0 f0 t4 m127 player 5: (85.014 -172.529 0.192) h1.00/0.86 g0/0 w a64/-0 f64 l64/-0 as139/120 st6 thr1.00 501:0 s0 k0 d0 f0 t5 m126 player 6: (43.470 -91.583 0.164) h1.00/0.86 g0/0 w a23/-3 f23 l23/-3 as139/120 st6 thr1.00 501:0 s0 k0 d0 f0 t6 m126 player 7: (89.583 -163.653 0.137) h1.00/1.00 g0/0 w a-116/-1 f-116 l-116/-1 as139/120 st6 thr1.00 501:0 s0 k0 d0 f0 t7 m126 player 8: (92.747 -177.802 1.401) h1.00/1.00 g0/0 w a146/-9 f146 l146/-9 as139/120 st6 thr1.00 501:0 s0 k0 d0 f0 t8 m126 player 9: (46.707 -80.722 0.103) h1.00/1.00 g0/0 w a-78/-1 f-78 l-78/-1 as139/120 st7 thr1.00 501:0 s0 k0 d0 f0 t9 m125 player 10: (44.178 -75.331 0.119) h1.00/1.00 g0/0 w a-48/2 f-48 l-48/2 as139/120 st4 thr1.00 501:0 s0 k0 d0 f0 t10 m125 player 11: (87.620 -151.640 0.493) h1.00/1.00 g0/0 w a12/-3 f12 l12/-3 as139/120 st6 thr1.00 501:0 s0 k0 d0 f0 t11 m125 player 12: (29.664 -80.708 0.117) h1.00/1.00 g0/0 w a-55/1 f-55 l-55/1 as139/120 st7 thr1.00 501:0 s0 k0 d0 f0 t12 m125 player 13: (103.060 -162.791 0.049) h1.00/1.00 g0/0 w a95/-2 f95 l95/-2 as139/120 st6 thr1.00 501:0 s0 k0 d0 f0 t13 m124 player 14: (41.441 -67.762 0.892) h1.00/1.00 g0/0 w a-70/-7 f-70 l-70/-7 as140/120 st20 thr1.00 501:0 s0 k0 d0 f0 t14 m124 player 15: (97.037 -169.072 0.242) h1.00/1.00 g0/0 w a46/-3 f46 l46/-3 as139/120 st6 thr1.00 501:0 s0 k0 d0 f0 t15 m124 | items 36 (+73 -0 !0 x0) | playing to 15 | sent 153 received 36 corrected 0 | hits 0 dealt
chupathingyce: bots: Bot 16 joined (spartan)
chupathingyce: bots: bot 16 inventory slot 0 now weapon 501
chupathingyce: network test: player 16 is named Bot 16
chupathingyce: network test: tick 510 player 0: (105.560 -157.584 0.197) h1.00/0.89 g0/0 w a-162/0 f-162 l-162/0 as140/120 st0 thr0.00 501:0 s0 k0 d1 f0 t0 m0 player 1: (101.195 -155.298 -0.018) h0.85/0.00 g0/0 w a152/3 f152 l152/3 as139/120 st7 thr1.00 501:0 s1 k1 d0 f0 t1 m127 player 2: (48.804 -89.800 0.145) h1.00/0.59 g0/0 w a-175/-1 f-175 l-175/-1 as139/120 st6 thr1.00 501:0 s0 k0 d0 f0 t2 m127 player 3: (34.380 -89.350 0.639) h1.00/0.87 g0/0 w a-6/-3 f-10 l-6/-3 as140/120 st20 thr1.00 501:0 s0 k0 d0 f0 t3 m127 player 4: (94.968 -151.783 0.577) h1.00/0.47 g0/0 w a-30/-5 f-30 l-30/-5 as140/120 st20 thr1.00 501:0 s0 k0 d0 f0 t4 m127 player 5: (83.535 -171.374 0.130) h1.00/0.79 g0/0 w a43/-1 f43 l43/-1 as139/120 st6 thr1.00 501:0 s0 k0 d0 f0 t5 m126 player 6: (43.247 -90.444 0.169) h1.00/0.86 g0/0 w a5/-1 f5 l5/-1 as139/120 st7 thr1.00 501:0 s0 k0 d0 f0 t6 m126 player 7: (91.059 -164.906 0.104) h1.00/1.00 g0/0 w a-137/-0 f-137 l-137/-0 as139/120 st6 thr1.00 501:0 s0 k0 d0 f0 t7 m126 player 8: (91.104 -178.381 1.549) h1.00/1.00 g0/0 w a137/-9 f137 l137/-9 as139/120 st4 thr1.00 501:0 s0 k0 d0 f0 t8 m126 player 9: (45.137 -81.471 0.128) h1.00/1.00 g0/0 w a-67/-1 f-67 l-67/-1 as139/120 st7 thr1.00 501:0 s0 k0 d0 f0 t9 m125 player 10: (45.295 -77.004 0.134) h1.00/1.00 g0/0 w a-75/-1 f-75 l-75/-1 as139/120 st4 thr1.00 501:0 s0 k0 d0 f0 t10 m125 player 11: (87.488 -151.680 0.436) h1.00/1.00 g0/0 w a0/0 f0 l0/0 as139/120 st7 thr1.00 501:0 s0 k0 d0 f0 t11 m125 player 12: (30.283 -80.386 0.057) h1.00/1.00 g0/0 w a-64/3 f-64 l-64/3 as139/120 st6 thr1.00 501:0 s0 k0 d0 f0 t12 m125 player 13: (101.128 -162.889 0.098) h1.00/1.00 g0/0 w a91/-2 f91 l91/-2 as139/120 st7 thr1.00 501:0 s0 k0 d0 f0 t13 m124 player 14: (43.307 -67.193 0.799) h1.00/1.00 g0/0 w a-79/-5 f-70 l-79/-5 as140/120 st20 thr1.00 501:0 s0 k0 d0 f0 t14 m124 player 15: (95.757 -167.754 0.157) h1.00/1.00 g0/0 w a43/-2 f43 l43/-2 as139/120 st7 thr1.00 501:0 s0 k0 d0 f0 t15 m124 player 16: (52.416 -82.479 0.132) h1.00/1.00 g0/0 w a-116/-1 f-116 l-116/-1 as139/120 st6 thr1.00 50
chupathingyce: bots: Bot 17 joined (spartan)
chupathingyce: bots: bot 17 inventory slot 0 now weapon 501
chupathingyce: network test: player 17 is named Bot 17
chupathingyce: network test: tick 540 player 0: (105.560 -157.584 0.197) h1.00/0.89 g0/0 w a-162/0 f-162 l-162/0 as140/120 st0 thr0.00 501:0 s0 k0 d1 f0 t0 m0 player 1: (101.944 -155.610 -0.033) h0.73/0.00 g0/0 w a165/1 f165 l165/1 as139/120 st5 thr1.00 501:0 s1 k1 d0 f0 t1 m127 player 2: (48.942 -90.593 0.268) h1.00/0.45 g0/0 w a-169/3 f-169 l-169/3 as139/120 st7 thr1.00 501:0 s0 k0 d0 f0 t2 m127 player 3: (34.161 -91.335 0.299) h1.00/0.87 g0/0 w a-5/2 f-5 l-5/2 as139/120 st7 thr1.00 501:0 s0 k0 d0 f0 t3 m127 player 4: (94.238 -153.636 0.119) h1.00/0.47 g0/0 w a-13/-2 f-30 l-13/-2 as139/120 st7 thr1.00 501:0 s0 k0 d0 f0 t4 m127 player 5: (82.538 -169.674 0.145) h1.00/0.79 g0/0 w a20/0 f20 l20/0 as139/120 st7 thr1.00 501:0 s0 k0 d0 f0 t5 m126 player 6: (43.479 -91.886 0.727) h1.00/0.86 g0/0 w a13/-6 f10 l13/-6 as140/120 st20 thr1.00 501:0 s0 k0 d0 f0 t6 m126 player 7: (92.001 -166.379 0.521) h1.00/1.00 g0/0 w a-160/-2 f-157 l-160/-2 as140/120 st20 thr1.00 501:0 s0 k0 d0 f0 t7 m126 player 8: (90.358 -176.548 0.582) h1.00/1.00 g0/0 w a138/-4 f138 l138/-4 as139/120 st4 thr1.00 501:0 s0 k0 d0 f0 t8 m126 player 9: (44.229 -82.738 0.123) h1.00/1.00 g0/0 w a-58/-0 f-58 l-58/-0 as139/120 st6 thr1.00 501:0 s0 k0 d0 f0 t9 m125 player 10: (45.983 -78.403 0.842) h1.00/1.00 g0/0 w a-76/-2 f-74 l-76/-2 as140/120 st20 thr1.00 501:0 s0 k0 d0 f0 t10 m125 player 11: (87.478 -153.645 0.022) h1.00/1.00 g0/0 w a-2/-0 f-2 l-2/-0 as139/120 st7 thr1.00 501:0 s0 k0 d0 f0 t11 m125 player 12: (30.423 -81.771 0.096) h1.00/1.00 g0/0 w a-68/-0 f-68 l-68/-0 as139/120 st4 thr1.00 501:0 s0 k0 d0 f0 t12 m125 player 13: (102.691 -162.804 0.051) h1.00/1.00 g0/0 w a96/-3 f96 l96/-3 as139/120 st7 thr1.00 501:0 s0 k0 d0 f0 t13 m124 player 14: (43.164 -68.189 0.436) h1.00/1.00 g0/0 w a-135/-1 f-135 l-135/-1 as139/120 st4 thr1.00 501:0 s0 k0 d0 f0 t14 m124 player 15: (95.851 -167.813 0.161) h1.00/1.00 g0/0 w a36/-2 f36 l36/-2 as139/120 st6 thr1.00 501:0 s0 k0 d0 f0 t15 m124 player 16: (54.143 -83.484 0.134) h1.00/1.00 g0/0 w a-125/1 f-125 l-125/1 as139/120 st6 thr1.0
chupathingyce: bots: Bot 18 joined (spartan)
chupathingyce: bots: bot 18 inventory slot 0 now weapon 501
chupathingyce: network test: player 18 is named Bot 18
chupathingyce: network test: tick 570 player 0: (105.560 -157.584 0.197) h1.00/0.89 g0/0 w a-162/0 f-162 l-162/0 as140/120 st0 thr0.00 501:0 s0 k0 d1 f0 t0 m0 player 1: (102.868 -156.691 0.090) h0.73/0.00 g0/0 w a-18/-0 f-85 l-26/-0 as139/120 st5 thr1.00 501:0 s1 k1 d0 f0 t1 m127 player 2: (48.257 -88.944 0.091) h1.00/0.18 g0/0 w a-148/-1 f-148 l-148/-1 as139/120 st7 thr1.00 501:0 s0 k0 d0 f0 t2 m127 player 3: (34.217 -93.324 0.245) h1.00/0.87 g0/0 w a7/-1 f7 l7/-1 as139/120 st7 thr1.00 501:0 s0 k0 d0 f0 t3 m127 player 4: (95.097 -153.783 0.123) h1.00/0.33 g0/0 w a174/-0 f-126 l175/-0 as139/120 st7 thr1.00 501:0 s0 k0 d0 f0 t4 m127 player 5: (82.902 -170.770 0.145) h1.00/0.66 g0/0 w a22/0 f22 l22/0 as139/120 st7 thr1.00 501:0 s0 k0 d0 f0 t5 m126 player 6: (43.450 -92.039 0.167) h1.00/0.97 g0/0 w a33/-2 f22 l33/-2 as139/120 st7 thr1.00 501:0 s0 k0 d0 f0 t6 m126 player 7: (92.077 -167.037 0.108) h1.00/1.00 g0/0 w a-157/-1 f-157 l-157/-1 as140/120 st20 thr1.00 501:0 s0 k0 d0 f0 t7 m126 player 8: (89.428 -176.512 0.514) h1.00/1.00 g0/0 w a137/-3 f137 l137/-3 as139/120 st7 thr1.00 501:0 s0 k0 d0 f0 t8 m126 player 9: (45.725 -82.016 0.652) h1.00/1.00 g0/0 w a24/-13 f-66 l4/-13 as140/120 st20 thr1.00 501:0 s0 k0 d0 f0 t9 m125 player 10: (46.170 -79.392 0.130) h1.00/1.00 g0/0 w a-101/8 f-101 l-101/8 as139/120 st5 thr1.00 501:0 s0 k0 d0 f0 t10 m125 player 11: (87.529 -153.096 0.139) h1.00/1.00 g0/0 w a-6/-0 f-6 l-6/-0 as139/120 st6 thr1.00 501:0 s0 k0 d0 f0 t11 m125 player 12: (30.422 -83.769 0.121) h1.00/1.00 g0/0 w a-67/0 f-67 l-67/0 as139/120 st4 thr1.00 501:0 s0 k0 d0 f0 t12 m125 player 13: (103.735 -162.664 0.049) h1.00/0.88 g0/0 w a99/-1 f99 l99/-1 as139/120 st10 thr1.00 501:0 s0 k0 d0 f0 t13 m124 player 14: (42.195 -69.816 0.317) h1.00/1.00 g0/0 w a-69/-2 f-69 l-69/-2 as139/120 st4 thr1.00 501:0 s0 k0 d0 f0 t14 m124 player 15: (94.904 -166.060 0.095) h1.00/1.00 g0/0 w a22/-1 f22 l22/-1 as139/120 st6 thr1.00 501:0 s0 k0 d0 f0 t15 m124 player 16: (55.438 -84.848 0.095) h1.00/1.00 g0/0 w a-148/-1 f-148 l-148/-1 as139/120 st7 thr1.0
chupathingyce: bots: Bot 19 joined (spartan)
chupathingyce: bots: bot 19 inventory slot 0 now weapon 501
chupathingyce: network test: player 19 is named Bot 19
chupathingyce: network test: tick 600 player 0: (105.560 -157.584 0.197) h1.00/0.63 g0/0 w a-162/0 f-162 l-162/0 as140/120 st0 thr0.00 501:0 s0 k0 d1 f0 t0 m0 player 1: (101.076 -156.787 0.124) h0.73/0.00 g0/0 w a-10/-1 f-10 l-10/-1 as139/120 st5 thr1.00 501:0 s1 k1 d0 f0 t1 m127 player 2: (46.756 -87.681 0.261) h1.00/0.18 g0/0 w a-113/6 f-113 l-113/6 as140/120 st20 thr1.00 501:0 s0 k0 d0 f0 t2 m127 player 3: (34.787 -94.977 0.217) h1.00/0.74 g0/0 w a10/3 f10 l10/3 as139/120 st4 thr1.00 501:0 s0 k0 d0 f0 t3 m127 player 4: (95.115 -151.791 0.081) h1.00/0.33 g0/0 w a-170/-1 f-170 l-170/-1 as139/120 st7 thr1.00 501:0 s0 k0 d0 f0 t4 m127 player 5: (82.679 -170.548 0.155) h1.00/0.66 g0/0 w a31/3 f31 l31/3 as139/120 st6 thr1.00 501:0 s0 k0 d0 f0 t5 m126 player 6: (44.782 -93.213 0.849) h1.00/1.00 g0/0 w a68/-8 f61 l68/-8 as140/120 st20 thr1.00 501:0 s0 k0 d0 f0 t6 m126 player 7: (91.215 -165.548 0.739) h1.00/1.00 g0/0 w a-148/-4 f-150 l-148/-4 as140/120 st20 thr1.00 501:0 s0 k0 d0 f0 t7 m126 player 8: (90.394 -175.127 0.389) h1.00/1.00 g0/0 w a149/-2 f149 l149/-2 as139/120 st6 thr1.00 501:0 s0 k0 d0 f0 t8 m126 player 9: (47.307 -81.646 0.077) h1.00/1.00 g0/0 w a-156/-2 f-66 l-136/-2 as139/120 st6 thr1.00 501:0 s0 k0 d0 f0 t9 m125 player 10: (45.427 -78.929 0.134) h1.00/1.00 g0/0 w a-59/-3 f-59 l-59/-3 as139/120 st7 thr1.00 501:0 s0 k0 d0 f0 t10 m125 player 11: (87.644 -153.390 0.096) h1.00/1.00 g0/0 w a9/-1 f9 l9/-1 as139/120 st7 thr1.00 501:0 s0 k0 d0 f0 t11 m125 player 12: (31.714 -85.281 0.011) h1.00/1.00 g0/0 w a-73/-0 f-73 l-73/-0 as139/120 st4 thr1.00 501:0 s0 k0 d0 f0 t12 m125 player 13: (102.089 -162.907 0.068) h1.00/0.88 g0/0 w a98/-1 f98 l98/-1 as139/120 st7 thr1.00 501:0 s0 k0 d0 f0 t13 m124 player 14: (40.888 -71.066 0.901) h1.00/1.00 g0/0 w a-42/-3 f-62 l-42/-3 as140/120 st20 thr1.00 501:0 s0 k0 d0 f0 t14 m124 player 15: (95.428 -164.698 0.092) h1.00/1.00 g0/0 w a-58/-0 f-20 l-58/-0 as139/120 st6 thr1.00 501:0 s0 k0 d0 f0 t15 m124 player 16: (54.706 -83.430 0.130) h1.00/1.00 g0/0 w a-153/-1 f-153 l-153/-1 as139/120 st6 
chupathingyce: bots: Bot 20 joined (spartan)
chupathingyce: bots: bot 1 at (101.1 -156.8 0.1) yaw -11 retreat, target 0 (seen), shield 0.00, kills 1 deaths 0
chupathingyce: bots: bot 2 at (46.3 -87.5 0.6) yaw -103 fight, target 6 (seen), shield 0.18, kills 0 deaths 0
chupathingyce: bots: bot 3 at (35.6 -95.4 0.1) yaw 12 fight, target 6 (seen), shield 0.74, kills 0 deaths 0
chupathingyce: bots: bot 4 at (94.6 -150.5 0.1) yaw -148 fight, target 11 (seen), shield 0.33, kills 0 deaths 0
chupathingyce: bots: bot 5 at (81.7 -168.9 0.2) yaw 30 fight, target 7 (seen), shield 0.66, kills 0 deaths 0
chupathingyce: bots: bot 20 inventory slot 0 now weapon 501
chupathingyce: network test: player 20 is named Bot 20
chupathingyce: network test: tick 630 player 0: (105.560 -157.584 0.197) h1.00/0.36 g0/0 w a-86/56 f-84 l-86/45 as140/120 st0 thr0.00 501:0 s0 k0 d1 f0 t0 m0 player 1: (99.652 -155.445 0.094) h0.73/0.00 g0/0 w a-19/-0 f-19 l-19/-0 as139/120 st5 thr1.00 501:0 s1 k1 d0 f0 t1 m127 player 2: (44.793 -87.405 0.276) h1.00/0.18 g0/0 w a-90/2 f-113 l-90/2 as140/120 st20 thr1.00 501:0 s0 k0 d0 f0 t2 m127 player 3: (35.843 -96.433 0.304) h1.00/0.74 g0/0 w a16/2 f16 l16/2 as139/120 st7 thr1.00 501:0 s0 k0 d0 f0 t3 m127 player 4: (94.257 -150.009 0.061) h1.00/0.33 g0/0 w a-141/3 f-141 l-141/3 as139/120 st7 thr1.00 501:0 s0 k0 d0 f0 t4 m127 player 5: (81.669 -168.822 0.155) h1.00/0.66 g0/0 w a30/-1 f30 l30/-1 as139/120 st6 thr1.00 501:0 s0 k0 d0 f0 t5 m126 player 6: (44.811 -93.620 0.732) h1.00/1.00 g0/0 w a90/-4 f90 l90/-4 as139/120 st6 thr1.00 501:0 s0 k0 d0 f0 t6 m126 player 7: (90.200 -163.825 0.128) h1.00/1.00 g0/0 w a-148/-1 f-148 l-148/-1 as139/120 st7 thr1.00 501:0 s0 k0 d0 f0 t7 m126 player 8: (89.154 -175.992 0.483) h1.00/1.00 g0/0 w a136/-2 f136 l136/-2 as139/120 st4 thr1.00 501:0 s0 k0 d0 f0 t8 m126 player 9: (46.277 -80.989 0.107) h1.00/1.00 g0/0 w a123/0 f123 l123/0 as139/120 st4 thr1.00 501:0 s0 k0 d0 f0 t9 m125 player 10: (45.254 -79.344 0.267) h1.00/1.00 g0/0 w a-30/2 f-30 l-30/2 as139/120 st4 thr1.00 501:0 s0 k0 d0 f0 t10 m125 player 11: (88.501 -155.165 0.630) h1.00/1.00 g0/0 w a40/-5 f29 l40/-5 as140/120 st20 thr1.00 501:0 s0 k0 d0 f0 t11 m125 player 12: (31.402 -87.429 0.458) h1.00/1.00 g0/0 w a-64/-1 f-65 l-64/-1 as140/120 st20 thr1.00 501:0 s0 k0 d0 f0 t12 m125 player 13: (103.775 -162.286 0.060) h1.00/0.88 g0/0 w a119/-2 f119 l119/-2 as139/120 st7 thr1.00 501:0 s0 k0 d0 f0 t13 m124 player 14: (40.196 -72.004 0.190) h1.00/1.00 g0/0 w a-40/2 f-40 l-40/2 as139/120 st4 thr1.00 501:0 s0 k0 d0 f0 t14 m124 player 15: (95.610 -164.169 -0.009) h1.00/1.00 g0/0 w a-119/1 f-119 l-119/1 as139/120 st4 thr1.00 501:0 s0 k0 d0 f0 t15 m124 player 16: (55.212 -84.870 0.754) h1.00/0.90 g0/0 w a-164/-3 f-159 l-164/-3 as140/120 st20 thr1
chupathingyce: bots: Bot 21 joined (spartan)
chupathingyce: bots: bot 6 at (44.5 -93.6 0.7) yaw 90 fight, target 2 (seen), shield 1.00, kills 0 deaths 0
chupathingyce: bots: bot 7 at (89.8 -163.1 0.5) yaw -149 fight, target 5 (seen), shield 1.00, kills 0 deaths 0
chupathingyce: bots: bot 8 at (88.7 -174.7 0.4) yaw 140 fight, target 5 (seen), shield 1.00, kills 0 deaths 0
chupathingyce: bots: bot 9 at (46.4 -81.7 0.1) yaw 103 fight, target 10 (seen), shield 0.87, kills 0 deaths 0
chupathingyce: network test: player 21 is named Bot 21
chupathingyce: network test: tick 660 player 0: (105.386 -157.445 0.206) h1.00/0.23 g0/0 w a146/2 f146 l146/2 as139/120 st4 thr1.00 501:0 s0 k0 d1 f0 t0 m0 player 1: (100.002 -155.735 0.090) h0.60/0.00 g0/0 w a141/-2 f141 l141/-2 as139/120 st5 thr1.00 501:0 s1 k1 d0 f0 t1 m127 player 2: (42.795 -87.433 0.076) h1.00/0.18 g0/0 w a-88/7 f-88 l-88/7 as139/120 st7 thr1.00 501:0 s0 k0 d0 f0 t2 m127 player 3: (36.519 -98.015 1.048) h1.00/0.60 g0/0 w a57/-5 f22 l57/-5 as140/120 st20 thr1.00 501:0 s0 k0 d0 f0 t3 m127 player 4: (92.988 -149.017 0.378) h1.00/0.19 g0/0 w a-115/-3 f-115 l-115/-3 as139/120 st6 thr1.00 501:0 s0 k0 d0 f0 t4 m127 player 5: (80.313 -167.426 0.178) h1.00/0.66 g0/0 w a23/-3 f23 l23/-3 as139/120 st6 thr1.00 501:0 s0 k0 d0 f0 t5 m126 player 6: (43.063 -93.638 0.980) h1.00/1.00 g0/0 w a93/-10 f90 l93/-10 as140/120 st20 thr1.00 501:0 s0 k0 d0 f0 t6 m126 player 7: (89.017 -162.348 0.725) h1.00/1.00 g0/0 w a-151/-5 f-149 l-151/-5 as140/120 st20 thr1.00 501:0 s0 k0 d0 f0 t7 m126 player 8: (88.482 -173.941 0.343) h1.00/1.00 g0/0 w a140/-2 f140 l140/-2 as139/120 st4 thr1.00 501:0 s0 k0 d0 f0 t8 m126 player 9: (46.484 -82.001 0.078) h1.00/0.73 g0/0 w a102/9 f102 l102/9 as139/120 st5 thr1.00 501:0 s0 k0 d0 f0 t9 m125 player 10: (45.896 -78.986 0.602) h1.00/0.88 g0/0 w a-79/-15 f-53 l-79/-15 as140/120 st20 thr1.00 501:0 s0 k0 d0 f0 t10 m125 player 11: (89.412 -156.214 0.097) h1.00/1.00 g0/0 w a63/1 f63 l63/1 as139/120 st6 thr1.00 501:0 s0 k0 d0 f0 t11 m125 player 12: (31.676 -89.284 0.128) h1.00/1.00 g0/0 w a-62/5 f-65 l-62/5 as140/120 st21 thr1.00 501:0 s0 k0 d0 f0 t12 m125 player 13: (105.485 -161.469 0.029) h1.00/0.88 g0/0 w a88/0 f88 l88/0 as139/120 st7 thr1.00 501:0 s0 k0 d0 f0 t13 m124 player 14: (41.651 -73.611 0.120) h1.00/1.00 g0/0 w a-40/2 f-40 l-40/2 as139/120 st4 thr1.00 501:0 s0 k0 d0 f0 t14 m124 player 15: (94.299 -165.213 0.120) h1.00/1.00 g0/0 w a-125/-0 f-125 l-125/-0 as139/120 st4 thr1.00 501:0 s0 k0 d0 f0 t15 m124 player 16: (54.856 -86.370 0.068) h1.00/0.90 g0/0 w a-175/-1 f-175 l-175/-1 as139/120 st4 thr
chupathingyce: bots: Bot 22 joined (spartan)
chupathingyce: bots: bot 21 inventory slot 0 now weapon 501
chupathingyce: bots: bot 10 at (45.9 -78.9 0.5) yaw -80 fight, target 9 (seen), shield 0.88, kills 0 deaths 0
chupathingyce: bots: bot 22 inventory slot 0 now weapon 501
chupathingyce: bots: bot 11 at (89.0 -156.1 0.6) yaw 58 fight, target 4 (seen), shield 1.00, kills 0 deaths 0
chupathingyce: bots: bot 12 at (32.6 -89.6 0.5) yaw -65 fight, target 3 (seen), shield 1.00, kills 0 deaths 0
chupathingyce: bots: bot 13 at (107.0 -160.9 0.0) yaw 127 fight, target 0 (seen), shield 0.88, kills 0 deaths 0
chupathingyce: network test: player 22 is named Bot 22
chupathingyce: network test: tick 690 player 0: (103.142 -156.449 0.087) h1.00/0.23 g0/0 w a167/-9 f167 l167/-9 as139/120 st4 thr1.00 501:0 s0 k0 d1 f0 t0 m0 player 1: (100.644 -155.927 0.060) h0.60/0.00 g0/0 w a-12/-3 f37 l-12/-3 as139/120 st5 thr1.00 501:0 s1 k1 d0 f0 t1 m127 player 2: (40.939 -87.646 0.123) h0.95/0.00 g0/0 w a-79/1 f-79 l-79/1 as139/120 st11 thr1.00 501:0 s0 k0 d0 f0 t2 m127 player 3: (36.935 -98.037 0.399) h1.00/0.60 g0/0 w a68/-2 f68 l68/-2 as139/120 st4 thr1.00 501:0 s0 k0 d0 f0 t3 m127 player 4: (94.328 -150.011 0.062) h1.00/0.19 g0/0 w a-136/4 f-136 l-136/4 as139/120 st6 thr1.00 501:0 s0 k0 d0 f0 t4 m127 player 5: (80.347 -165.467 0.355) h1.00/0.66 g0/0 w a-17/-2 f-17 l-17/-2 as139/120 st6 thr1.00 501:0 s0 k0 d0 f0 t5 m126 player 6: (42.284 -93.624 0.138) h1.00/1.00 g0/0 w a103/-2 f90 l103/-2 as140/120 st20 thr1.00 501:0 s0 k0 d0 f0 t6 m126 player 7: (88.474 -162.401 0.152) h1.00/1.00 g0/0 w a-159/-1 f-159 l-159/-1 as139/120 st6 thr1.00 501:0 s0 k0 d0 f0 t7 m126 player 8: (87.610 -172.232 0.205) h1.00/1.00 g0/0 w a139/-1 f139 l139/-1 as139/120 st6 thr1.00 501:0 s0 k0 d0 f0 t8 m126 player 9: (45.251 -82.087 0.115) h1.00/0.73 g0/0 w a86/-3 f86 l86/-3 as139/120 st4 thr1.00 501:0 s0 k0 d0 f0 t9 m125 player 10: (45.205 -79.135 0.379) h1.00/0.88 g0/0 w a-42/-3 f-42 l-42/-3 as139/120 st4 thr1.00 501:0 s0 k0 d0 f0 t10 m125 player 11: (88.107 -155.503 0.575) h1.00/1.00 g0/0 w a45/-5 f62 l45/-5 as140/120 st20 thr1.00 501:0 s0 k0 d0 f0 t11 m125 player 12: (33.389 -89.635 0.811) h1.00/1.00 g0/0 w a-67/-4 f-64 l-67/-4 as140/120 st20 thr1.00 501:0 s0 k0 d0 f0 t12 m125 player 13: (107.270 -160.681 0.002) h1.00/0.88 g0/0 w a131/-1 f131 l131/-1 as139/120 st7 thr1.00 501:0 s0 k0 d0 f0 t13 m124 player 14: (43.647 -74.418 0.506) h1.00/1.00 g0/0 w a-49/-2 f-48 l-49/-2 as140/120 st20 thr1.00 501:0 s0 k0 d0 f0 t14 m124 player 15: (92.876 -164.878 0.115) h1.00/1.00 g0/0 w a-124/-0 f-124 l-124/-0 as139/120 st6 thr1.00 501:0 s0 k0 d0 f0 t15 m124 player 16: (52.886 -85.516 0.103) h1.00/0.90 g0/0 w a-171/-0 f-171 l-171/-0 as139/1
chupathingyce: bots: Bot 23 joined (spartan)
chupathingyce: bots: bot 14 at (43.7 -74.4 0.5) yaw -50 fight, target 16 (seen), shield 1.00, kills 0 deaths 0
chupathingyce: bots: bot 23 inventory slot 0 now weapon 501
chupathingyce: bots: bot 15 at (93.2 -165.1 0.1) yaw -128 fight, target 8 (seen), shield 1.00, kills 0 deaths 0
chupathingyce: bots: bot 16 at (52.0 -86.1 0.1) yaw -172 fight, target 2 (seen), shield 0.90, kills 0 deaths 0
chupathingyce: bots: bot 17 at (85.1 -166.9 0.5) yaw 41 fight, target 7 (seen), shield 0.86, kills 0 deaths 0
chupathingyce: bots: bot 18 at (96.4 -154.2 0.1) yaw -19 fight, target 0, shield 0.87, kills 0 deaths 0
chupathingyce: network test: player 23 is named Bot 23
chupathingyce: network test: tick 720 player 0: (101.037 -155.919 0.034) h0.75/0.00 g0/0 w a167/-4 f167 l167/-4 as139/120 st8 thr1.00 501:0 s0 k0 d1 f0 t0 m0 player 1: (99.048 -155.227 0.120) h0.60/0.00 g0/0 w a-16/-6 f-16 l-16/-6 as139/120 st5 thr1.00 501:0 s1 k1 d0 f0 t1 m127 player 2: (39.053 -88.077 0.105) h0.95/0.00 g0/0 w a-76/-4 f-76 l-76/-4 as139/120 st7 thr1.00 501:0 s0 k0 d0 f0 t2 m127 player 3: (36.507 -96.036 0.916) h1.00/0.60 g0/0 w a72/-7 f69 l72/-7 as140/120 st20 thr1.00 501:0 s0 k0 d0 f0 t3 m127 player 4: (95.841 -150.543 0.069) h1.00/0.19 g0/0 w a-80/-1 f-80 l-80/-1 as139/120 st6 thr1.00 501:0 s0 k0 d0 f0 t4 m127 player 5: (81.241 -163.722 0.476) h1.00/0.66 g0/0 w a-36/1 f-17 l-36/1 as140/120 st20 thr1.00 501:0 s0 k0 d0 f0 t5 m126 player 6: (40.395 -94.036 -0.122) h1.00/1.00 g0/0 w a103/0 f103 l103/0 as139/120 st6 thr1.00 501:0 s0 k0 d0 f0 t6 m126 player 7: (88.808 -164.357 0.134) h1.00/1.00 g0/0 w a178/3 f178 l178/3 as139/120 st6 thr1.00 501:0 s0 k0 d0 f0 t7 m126 player 8: (85.900 -172.620 0.213) h1.00/1.00 g0/0 w a118/2 f118 l118/2 as139/120 st4 thr1.00 501:0 s0 k0 d0 f0 t8 m126 player 9: (46.108 -81.976 0.088) h1.00/0.73 g0/0 w a49/3 f49 l49/3 as139/120 st7 thr1.00 501:0 s0 k0 d0 f0 t9 m125 player 10: (45.174 -79.112 0.229) h1.00/0.88 g0/0 w a-51/-3 f-51 l-51/-3 as139/120 st6 thr1.00 501:0 s0 k0 d0 f0 t10 m125 player 11: (87.277 -154.413 0.000) h1.00/1.00 g0/0 w a25/-1 f25 l25/-1 as139/120 st7 thr1.00 501:0 s0 k0 d0 f0 t11 m125 player 12: (35.275 -89.154 0.103) h1.00/1.00 g0/0 w a-79/6 f-79 l-79/6 as139/120 st6 thr1.00 501:0 s0 k0 d0 f0 t12 m125 player 13: (106.546 -161.507 -0.005) h1.00/0.88 g0/0 w a134/-1 f134 l134/-1 as139/120 st6 thr1.00 501:0 s0 k0 d0 f0 t13 m124 player 14: (45.606 -75.327 0.199) h1.00/1.00 g0/0 w a1/3 f-48 l1/3 as140/120 st20 thr1.00 501:0 s0 k0 d0 f0 t14 m124 player 15: (93.858 -166.299 0.084) h1.00/1.00 g0/0 w a-140/-1 f-140 l-140/-1 as139/120 st4 thr1.00 501:0 s0 k0 d0 f0 t15 m124 player 16: (51.192 -86.745 0.092) h1.00/0.90 g0/0 w a-173/-1 f-173 l-173/-1 as139/120 st4 thr1.00 501:
chupathingyce: bots: bot 19 at (103.3 -169.3 0.1) yaw 68 fight, target 13 (seen), shield 1.00, kills 0 deaths 0
chupathingyce: bots: bot 20 at (34.4 -79.7 0.1) yaw -79 fight, target 12 (seen), shield 1.00, kills 0 deaths 0
chupathingyce: bots: bot 21 at (39.7 -64.4 1.3) yaw -44 fight, target 22 (seen), shield 0.85, kills 0 deaths 0
chupathingyce: bots: bot 22 at (42.8 -68.1 0.5) yaw 128 fight, target 21 (seen), shield 1.00, kills 0 deaths 0
chupathingyce: network test: tick 750 player 0: (99.202 -155.027 0.096) h0.51/0.00 g0/0 w a151/-9 f151 l151/-9 as139/120 st8 thr1.00 501:0 s1 k1 d1 f0 t0 m0 player 1: dead s1 k1 d1 f0 t1 m127 player 2: (39.446 -88.106 0.088) h0.68/0.00 g0/0 w a-94/-4 f-94 l-94/-4 as139/120 st10 thr1.00 501:0 s0 k0 d0 f0 t2 m127 player 3: (36.334 -94.899 -0.065) h0.67/0.00 g0/0 w a13/-5 f103 l33/-5 as139/120 st9 thr1.00 501:0 s0 k0 d0 f0 t3 m127 player 4: (97.773 -150.788 0.319) h1.00/0.19 g0/0 w a-124/-4 f-124 l-124/-4 as140/120 st20 thr1.00 501:0 s0 k0 d0 f0 t4 m127 player 5: (80.906 -164.160 0.132) h1.00/0.83 g0/0 w a-26/-3 f-26 l-26/-3 as139/120 st7 thr1.00 501:0 s0 k0 d0 f0 t5 m126 player 6: (39.122 -94.255 -0.117) h1.00/0.86 g0/0 w a-168/-2 f-174 l-168/-2 as139/120 st5 thr1.00 501:0 s0 k0 d0 f0 t6 m126 player 7: (88.635 -166.061 0.577) h1.00/1.00 g0/0 w a166/-5 f175 l166/-5 as140/120 st20 thr1.00 501:0 s0 k0 d0 f0 t7 m126 player 8: (86.900 -171.622 0.171) h1.00/0.88 g0/0 w a128/-1 f128 l128/-1 as139/120 st7 thr1.00 501:0 s0 k0 d0 f0 t8 m126 player 9: (47.834 -81.687 0.071) h1.00/0.73 g0/0 w a105/3 f105 l105/3 as139/120 st6 thr1.00 501:0 s0 k0 d0 f0 t9 m125 player 10: (44.559 -79.344 0.796) h1.00/0.88 g0/0 w a-45/-14 f-48 l-45/-14 as140/120 st20 thr1.00 501:0 s0 k0 d0 f0 t10 m125 player 11: (88.284 -156.013 0.644) h1.00/1.00 g0/0 w a28/-3 f28 l28/-3 as140/120 st20 thr1.00 501:0 s0 k0 d0 f0 t11 m125 player 12: (37.259 -89.079 0.010) h1.00/1.00 g0/0 w a-99/-3 f-99 l-99/-3 as139/120 st6 thr1.00 501:0 s0 k0 d0 f0 t12 m125 player 13: (105.367 -162.620 0.563) h1.00/0.89 g0/0 w a129/-4 f131 l129/-4 as140/120 st20 thr1.00 501:0 s0 k0 d0 f0 t13 m124 player 14: (45.797 -74.104 0.590) h1.00/1.00 g0/0 w a13/-6 f12 l13/-6 as140/120 st20 thr1.00 501:0 s0 k0 d0 f0 t14 m124 player 15: (94.403 -167.825 0.141) h1.00/1.00 g0/0 w a-152/-1 f-152 l-152/-1 as139/120 st6 thr1.00 501:0 s0 k0 d0 f0 t15 m124 player 16: (49.767 -86.693 0.098) h1.00/0.90 g0/0 w a113/-2 f113 l113/-2 as139/120 st6 thr1.00 501:0 s0 k0 d0 f0 t16 m124 player 17: (83.871 -165.515 0.096) h1.
chupathingyce: bots: bot 23 at (51.0 -72.7 0.2) yaw -167 fight, target 14 (seen), shield 1.00, kills 0 deaths 0
chupathingyce: network test: tick 780 player 0: (97.242 -153.973 0.097) h0.51/0.00 g0/0 w a140/-22 f140 l140/-22 as139/120 st4 thr1.00 501:0 s1 k1 d1 f0 t0 m0 player 1: dead s1 k1 d1 f0 t1 m127 player 2: (39.784 -86.650 0.197) h0.68/0.00 g0/0 w a-91/-1 f-91 l-91/-1 as139/120 st5 thr1.00 501:0 s0 k0 d0 f0 t2 m127 player 3: (35.043 -96.006 0.316) h0.52/0.00 g0/0 w a7/-3 f7 l7/-3 as139/120 st5 thr1.00 501:0 s0 k0 d0 f0 t3 m127 player 4: (99.174 -152.029 0.333) h1.00/0.19 g0/0 w a-174/-6 f-124 l-174/-6 as140/120 st20 thr1.00 501:0 s0 k0 d0 f0 t4 m127 player 5: (80.932 -164.171 0.132) h1.00/1.00 g0/0 w a-36/-2 f-36 l-36/-2 as139/120 st7 thr1.00 501:0 s0 k0 d0 f0 t5 m126 player 6: (39.836 -95.512 0.230) h1.00/0.72 g0/0 w a-173/-1 f-173 l-173/-1 as140/120 st20 thr1.00 501:0 s0 k0 d0 f0 t6 m126 player 7: (87.972 -167.933 0.091) h1.00/1.00 g0/0 w a153/-1 f153 l153/-1 as139/120 st6 thr1.00 501:0 s0 k0 d0 f0 t7 m126 player 8: (88.657 -171.081 0.155) h1.00/0.88 g0/0 w a98/-4 f98 l98/-4 as139/120 st7 thr1.00 501:0 s0 k0 d0 f0 t8 m126 player 9: (46.712 -81.956 0.696) h1.00/0.59 g0/0 w a100/-6 f105 l100/-6 as140/120 st20 thr1.00 501:0 s0 k0 d0 f0 t9 m125 player 10: (45.298 -79.344 0.154) h1.00/0.88 g0/0 w a-51/-4 f-51 l-51/-4 as139/120 st4 thr1.00 501:0 s0 k0 d0 f0 t10 m125 player 11: (90.005 -156.561 0.108) h1.00/1.00 g0/0 w a43/-1 f43 l43/-1 as139/120 st6 thr1.00 501:0 s0 k0 d0 f0 t11 m125 player 12: (37.092 -89.803 0.045) h1.00/1.00 g0/0 w a120/2 f98 l120/2 as139/120 st4 thr1.00 501:0 s0 k0 d0 f0 t12 m125 player 13: (105.012 -162.556 0.011) h1.00/1.00 g0/0 w a-149/1 f-149 l-149/1 as139/120 st4 thr1.00 501:0 s0 k0 d0 f0 t13 m124 player 14: (45.361 -72.152 -0.077) h1.00/1.00 g0/0 w a14/1 f14 l14/1 as139/120 st6 thr1.00 501:0 s0 k0 d0 f0 t14 m124 player 15: (95.066 -168.870 0.175) h1.00/1.00 g0/0 w a-159/-1 f-159 l-159/-1 as139/120 st6 thr1.00 501:0 s0 k0 d0 f0 t15 m124 player 16: (48.061 -87.175 0.030) h1.00/0.90 g0/0 w a104/6 f104 l104/6 as139/120 st7 thr1.00 501:0 s0 k0 d0 f0 t16 m124 player 17: (83.892 -165.927 0.097) h1.00/0.44 g0/0 w a
chupathingyce: network test: tick 810 player 0: (95.456 -152.740 0.539) h0.51/0.00 g0/0 w a-130/-6 f140 l-150/-6 as140/120 st20 thr1.00 501:0 s1 k1 d1 f0 t0 m0 player 1: dead s1 k1 d1 f0 t1 m127 player 2: (39.507 -84.896 0.133) h0.68/0.00 g0/0 w a-90/-1 f-90 l-90/-1 as139/120 st5 thr1.00 501:0 s0 k0 d0 f0 t2 m127 player 3: (34.973 -97.729 0.774) h0.52/0.00 g0/0 w a76/-6 f76 l76/-6 as139/120 st5 thr1.00 501:0 s0 k0 d0 f0 t3 m127 player 4: (99.520 -151.876 -0.049) h1.00/0.19 g0/0 w a-156/7 f-156 l-156/7 as139/120 st6 thr1.00 501:0 s0 k0 d0 f0 t4 m127 player 5: (80.768 -166.094 0.165) h1.00/1.00 g0/0 w a18/-3 f18 l18/-3 as139/120 st7 thr1.00 501:0 s0 k0 d0 f0 t5 m126 player 6: (39.682 -97.279 -0.183) h1.00/0.60 g0/0 w a108/-1 f-173 l117/-1 as140/120 st20 thr1.00 501:0 s0 k0 d0 f0 t6 m126 player 7: (87.835 -168.010 0.279) h1.00/0.86 g0/0 w a-43/8 f-43 l-43/8 as139/120 st6 thr1.00 501:0 s0 k0 d0 f0 t7 m126 player 8: (90.413 -170.540 0.697) h1.00/0.74 g0/0 w a135/-12 f108 l135/-12 as140/120 st20 thr1.00 501:0 s0 k0 d0 f0 t8 m126 player 9: (44.897 -82.068 0.127) h1.00/0.59 g0/0 w a69/-2 f69 l69/-2 as139/120 st6 thr1.00 501:0 s0 k0 d0 f0 t9 m125 player 10: (46.415 -79.012 0.134) h1.00/0.88 g0/0 w a-112/-2 f-112 l-112/-2 as139/120 st6 thr1.00 501:0 s0 k0 d0 f0 t10 m125 player 11: (89.807 -156.243 0.102) h1.00/1.00 g0/0 w a23/6 f23 l23/6 as139/120 st7 thr1.00 501:0 s0 k0 d0 f0 t11 m125 player 12: (37.312 -89.126 0.015) h1.00/1.00 g0/0 w a60/-1 f70 l60/-1 as139/120 st7 thr1.00 501:0 s0 k0 d0 f0 t12 m125 player 13: (104.395 -162.505 0.032) h1.00/0.86 g0/0 w a-139/1 f-139 l-139/1 as139/120 st4 thr1.00 501:0 s0 k0 d0 f0 t13 m124 player 14: (45.224 -71.371 0.039) h1.00/0.87 g0/0 w a21/5 f21 l21/5 as139/120 st7 thr1.00 501:0 s0 k0 d0 f0 t14 m124 player 15: (95.410 -170.826 0.261) h1.00/1.00 g0/0 w a179/4 f179 l179/4 as139/120 st6 thr1.00 501:0 s0 k0 d0 f0 t15 m124 player 16: (48.291 -87.244 0.047) h1.00/0.96 g0/0 w a122/-1 f122 l122/-1 as139/120 st6 thr1.00 501:0 s0 k0 d0 f0 t16 m124 player 17: (85.262 -164.509 0.113) h1.00/0.44 g0/0 w a-55/-
chupathingyce: network test: tick 840 player 0: (94.794 -153.625 0.119) h0.51/0.00 g0/0 w a-107/-15 f-107 l-107/-15 as139/120 st4 thr1.00 501:0 s1 k1 d1 f0 t0 m0 player 1: dead s1 k1 d1 f0 t1 m127 player 2: (39.226 -84.427 0.133) h0.68/0.00 g0/0 w a-115/-2 f-115 l-115/-2 as139/120 st5 thr1.00 501:0 s0 k0 d0 f0 t2 m127 player 3: (34.363 -99.370 1.191) h0.52/0.00 g0/0 w a79/-7 f79 l79/-7 as139/120 st5 thr1.00 501:0 s0 k0 d0 f0 t3 m127 player 4: (99.870 -152.703 -0.088) h1.00/0.34 g0/0 w a-167/0 f-167 l-167/0 as139/120 st7 thr1.00 501:0 s0 k0 d0 f0 t4 m127 player 5: (81.766 -167.813 0.129) h1.00/1.00 g0/0 w a40/5 f40 l40/5 as139/120 st7 thr1.00 501:0 s0 k0 d0 f0 t5 m126 player 6: (39.663 -98.998 0.450) h1.00/0.50 g0/0 w a-177/7 f-173 l-177/7 as140/120 st20 thr1.00 501:0 s0 k0 d0 f0 t6 m126 player 7: (89.251 -166.597 0.400) h1.00/0.86 g0/0 w a-44/-8 f-43 l-44/-8 as140/120 st20 thr1.00 501:0 s0 k0 d0 f0 t7 m126 player 8: (91.874 -169.265 0.114) h1.00/0.74 g0/0 w a134/5 f134 l134/5 as139/120 st7 thr1.00 501:0 s0 k0 d0 f0 t8 m126 player 9: (44.996 -81.790 0.128) h1.00/0.45 g0/0 w a31/-3 f31 l31/-3 as139/120 st6 thr1.00 501:0 s0 k0 d0 f0 t9 m125 player 10: (47.883 -80.323 0.096) h1.00/0.95 g0/0 w a-150/-3 f-150 l-150/-3 as139/120 st6 thr1.00 501:0 s0 k0 d0 f0 t10 m125 player 11: (90.594 -157.505 0.895) h1.00/1.00 g0/0 w a46/-9 f47 l46/-9 as140/120 st20 thr1.00 501:0 s0 k0 d0 f0 t11 m125 player 12: (36.160 -90.303 0.129) h1.00/1.00 g0/0 w a132/3 f132 l132/3 as139/120 st6 thr1.00 501:0 s0 k0 d0 f0 t12 m125 player 13: (103.444 -164.206 0.003) h1.00/0.86 g0/0 w a-140/0 f-140 l-140/0 as139/120 st4 thr1.00 501:0 s0 k0 d0 f0 t13 m124 player 14: (46.146 -72.594 0.439) h1.00/0.87 g0/0 w a54/0 f51 l54/0 as140/120 st20 thr1.00 501:0 s0 k0 d0 f0 t14 m124 player 15: (95.670 -170.442 0.253) h1.00/1.00 g0/0 w a162/-4 f162 l162/-4 as139/120 st7 thr1.00 501:0 s0 k0 d0 f0 t15 m124 player 16: (46.483 -88.074 0.021) h1.00/1.00 g0/0 w a106/-0 f106 l106/-0 as139/120 st6 thr1.00 501:0 s0 k0 d0 f0 t16 m124 player 17: (86.874 -163.326 0.657) h1.00/0.44 g0/0 w
chupathingyce: bots: bot 1 inventory slot 0 now weapon 501
chupathingyce: network test: tick 870 player 0: dead s2 k2 d2 f0 t0 m0 player 1: (51.862 -76.425 0.086) h1.00/1.00 g0/0 w a-74/-2 f-143 l-84/-2 as139/120 st4 thr1.00 501:0 s1 k1 d1 f0 t1 m127 player 2: (40.420 -83.437 -0.065) h0.68/0.00 g0/0 w a-124/1 f-124 l-124/1 as139/120 st5 thr1.00 501:0 s0 k0 d0 f0 t2 m127 player 3: (33.116 -100.900 1.515) h0.52/0.00 g0/0 w a80/-8 f80 l80/-8 as139/120 st5 thr1.00 501:0 s0 k0 d0 f0 t3 m127 player 4: (99.039 -150.905 0.133) h1.00/0.59 g0/0 w a-98/2 f-124 l-98/2 as139/120 st4 thr1.00 501:0 s0 k0 d0 f0 t4 m127 player 5: (81.891 -168.018 0.130) h1.00/1.00 g0/0 w a42/-1 f42 l42/-1 as139/120 st6 thr1.00 501:0 s0 k0 d0 f0 t5 m126 player 6: (39.792 -100.540 0.030) h1.00/0.50 g0/0 w a-178/12 f-178 l-178/12 as139/120 st6 thr1.00 501:0 s0 k0 d0 f0 t6 m126 player 7: (90.700 -165.221 0.103) h1.00/0.86 g0/0 w a-54/-2 f-54 l-54/-2 as139/120 st6 thr1.00 501:0 s0 k0 d0 f0 t7 m126 player 8: (92.766 -168.367 0.109) h1.00/0.59 g0/0 w a127/-3 f131 l127/-3 as139/120 st6 thr1.00 501:0 s0 k0 d0 f0 t8 m126 player 9: (45.308 -81.640 0.631) h1.00/0.45 g0/0 w a14/-11 f3 l14/-11 as140/120 st20 thr1.00 501:0 s0 k0 d0 f0 t9 m125 player 10: (48.346 -80.668 0.092) h1.00/0.86 g0/0 w a-167/7 f-167 l-167/7 as139/120 st7 thr1.00 501:0 s0 k0 d0 f0 t10 m125 player 11: (90.481 -157.411 0.325) h1.00/1.00 g0/0 w a104/0 f47 l104/0 as140/120 st20 thr1.00 501:0 s0 k0 d0 f0 t11 m125 player 12: (34.780 -91.513 0.263) h1.00/1.00 g0/0 w a133/-1 f133 l133/-1 as139/120 st7 thr1.00 501:0 s0 k0 d0 f0 t12 m125 player 13: (102.845 -165.471 0.538) h1.00/0.73 g0/0 w a-98/-8 f-141 l-98/-8 as140/120 st20 thr1.00 501:0 s0 k0 d0 f0 t13 m124 player 14: (46.139 -72.814 -0.063) h1.00/0.87 g0/0 w a74/6 f51 l74/6 as140/120 st21 thr1.00 501:0 s0 k0 d0 f0 t14 m124 player 15: (94.935 -171.254 0.730) h1.00/1.00 g0/0 w a127/-12 f131 l127/-12 as140/120 st20 thr1.00 501:0 s0 k0 d0 f0 t15 m124 player 16: (46.274 -88.210 0.023) h1.00/1.00 g0/0 w a96/3 f96 l96/3 as139/120 st7 thr1.00 501:0 s0 k0 d0 f0 t16 m124 player 17: (88.498 -162.159 0.152) h1.00/0.44 g0/0 w 
chupathingyce: bots: bot 11 seeking vehicle -495910910
chupathingyce: network test: tick 900 player 0: dead s2 k2 d2 f0 t0 m0 player 1: (53.105 -77.992 0.748) h1.00/1.00 g0/0 w a-144/-8 f-140 l-144/-8 as140/120 st20 thr1.00 501:0 s1 k1 d1 f0 t1 m127 player 2: (39.898 -81.589 -0.287) h0.68/0.00 g0/0 w a-90/1 f-90 l-90/1 as139/120 st5 thr1.00 501:0 s0 k0 d0 f0 t2 m127 player 3: (31.787 -102.345 1.885) h0.52/0.00 g0/0 w a73/-7 f73 l73/-7 as139/120 st5 thr1.00 501:0 s0 k0 d0 f0 t3 m127 player 4: (97.949 -149.621 0.361) h1.00/0.84 g0/0 w a-138/-3 f-101 l-138/-3 as140/120 st20 thr1.00 501:0 s0 k0 d0 f0 t4 m127 player 5: (81.803 -167.958 0.131) h1.00/1.00 g0/0 w a40/-1 f40 l40/-1 as139/120 st7 thr1.00 501:0 s0 k0 d0 f0 t5 m126 player 6: (39.799 -101.304 0.112) h1.00/0.50 g0/0 w a-174/11 f-174 l-174/11 as139/120 st7 thr1.00 501:0 s0 k0 d0 f0 t6 m126 player 7: (92.541 -164.889 0.110) h1.00/0.86 g0/0 w a-105/6 f-105 l-105/6 as139/120 st7 thr1.00 501:0 s0 k0 d0 f0 t7 m126 player 8: (91.225 -169.064 0.621) h1.00/0.59 g0/0 w a75/-10 f118 l75/-10 as140/120 st20 thr1.00 501:0 s0 k0 d0 f0 t8 m126 player 9: (45.371 -82.515 0.105) h1.00/0.45 g0/0 w a25/-3 f3 l25/-3 as140/120 st21 thr1.00 501:0 s0 k0 d0 f0 t9 m125 player 10: (48.656 -81.008 0.093) h1.00/0.72 g0/0 w a-153/-1 f-153 l-153/-1 as139/120 st7 thr1.00 501:0 s0 k0 d0 f0 t10 m125 player 11: (90.986 -156.375 0.130) h1.00/1.00 g0/0 w a43/2 f43 l43/2 as139/120 st7 thr1.00 501:0 s0 k0 d0 f0 t11 m125 player 12: (35.761 -90.218 0.662) h0.97/0.00 g0/0 w a153/-2 f145 l153/-2 as140/120 st20 thr1.00 501:0 s0 k0 d0 f0 t12 m125 player 13: (101.718 -165.573 -0.008) h1.00/0.59 g0/0 w a-110/1 f-109 l-110/1 as139/120 st10 thr1.00 501:0 s0 k0 d0 f0 t13 m124 player 14: (44.779 -72.789 -0.084) h1.00/0.87 g0/0 w a119/3 f119 l119/3 as139/120 st7 thr1.00 501:0 s0 k0 d0 f0 t14 m124 player 15: (93.281 -172.377 0.262) h1.00/1.00 g0/0 w a122/3 f131 l122/3 as140/120 st21 thr1.00 501:0 s0 k0 d0 f0 t15 m124 player 16: (48.182 -87.646 0.039) h1.00/1.00 g0/0 w a117/0 f117 l117/0 as139/120 st7 thr1.00 501:0 s0 k0 d0 f0 t16 m124 player 17: (88.880 -161.993 0.157) h1.00/0.44 
chupathingyce: bots: bot 1 at (53.1 -78.0 0.7) yaw -145 fight, target 10 (seen), shield 1.00, kills 1 deaths 1
chupathingyce: bots: bot 2 at (39.8 -81.4 -0.3) yaw -89 fight, target 6 (seen), shield 0.00, kills 0 deaths 0
chupathingyce: bots: bot 3 at (31.9 -102.3 1.9) yaw 71 fight, target 12 (seen), shield 0.00, kills 0 deaths 0
chupathingyce: bots: bot 4 at (96.9 -148.7 0.4) yaw -126 fight, target 11 (seen), shield 1.00, kills 0 deaths 0
chupathingyce: bots: bot 5 at (81.8 -167.6 0.1) yaw 37 fight, target 17 (seen), shield 1.00, kills 0 deaths 0
chupathingyce: network test: tick 930 player 0: dead s2 k2 d2 f0 t0 m0 player 1: (53.755 -80.001 0.172) h1.00/1.00 g0/0 w a179/-2 f179 l179/-2 as139/120 st6 thr1.00 501:0 s1 k1 d1 f0 t1 m127 player 2: (40.136 -82.589 -0.223) h0.68/0.01 g0/0 w a-93/-1 f-93 l-93/-1 as139/120 st4 thr1.00 501:0 s0 k0 d0 f0 t2 m127 player 3: (32.673 -101.602 1.656) h0.40/0.00 g0/0 w a74/-7 f74 l74/-7 as139/120 st4 thr1.00 501:0 s0 k0 d0 f0 t3 m127 player 4: (96.492 -148.350 0.682) h1.00/1.00 g0/0 w a-125/-0 f-128 l-125/-0 as140/120 st20 thr1.00 501:0 s0 k0 d0 f0 t4 m127 player 5: (81.833 -167.437 0.129) h1.00/1.00 g0/0 w a37/-1 f37 l37/-1 as139/120 st4 thr1.00 501:0 s0 k0 d0 f0 t5 m126 player 6: (39.360 -99.366 -0.086) h1.00/0.50 g0/0 w a-163/12 f-163 l-163/12 as139/120 st7 thr1.00 501:0 s0 k0 d0 f0 t6 m126 player 7: (91.986 -164.627 0.111) h1.00/0.71 g0/0 w a-97/-2 f-97 l-97/-2 as139/120 st6 thr1.00 501:0 s0 k0 d0 f0 t7 m126 player 8: (91.371 -169.478 0.112) h1.00/0.46 g0/0 w a83/-2 f83 l83/-2 as139/120 st7 thr1.00 501:0 s0 k0 d0 f0 t8 m126 player 9: (45.552 -82.527 0.098) h1.00/0.18 g0/0 w a51/-2 f51 l51/-2 as139/120 st7 thr1.00 501:0 s0 k0 d0 f0 t9 m125 player 10: (47.710 -79.552 0.112) h1.00/0.72 g0/0 w a-129/-2 f-129 l-129/-2 as139/120 st6 thr1.00 501:0 s0 k0 d0 f0 t10 m125 player 11: (91.168 -156.442 0.800) h1.00/1.00 g0/0 w a57/-1 f48 l57/-1 as140/120 st20 thr1.00 501:0 s0 k0 d0 f0 t11 m125 player 12: (36.480 -89.068 0.142) h0.97/0.00 g0/0 w a167/1 f145 l167/1 as140/120 st20 thr1.00 501:0 s0 k0 d0 f0 t12 m125 player 13: (103.064 -166.804 0.615) h1.00/0.59 g0/0 w a-160/-0 f-140 l-160/-0 as140/120 st20 thr1.00 501:0 s0 k0 d0 f0 t13 m124 player 14: (45.907 -72.087 -0.064) h1.00/0.75 g0/0 w a148/3 f148 l148/3 as139/120 st6 thr1.00 501:0 s0 k0 d0 f0 t14 m124 player 15: (93.504 -172.173 0.732) h1.00/1.00 g0/0 w a129/-11 f128 l129/-11 as140/120 st20 thr1.00 501:0 s0 k0 d0 f0 t15 m124 player 16: (47.694 -87.924 0.035) h1.00/1.00 g0/0 w a112/-2 f112 l112/-2 as139/120 st6 thr1.00 501:0 s0 k0 d0 f0 t16 m124 player 17: (89.985 -161.055 0.141) h1.00/0.30
chupathingyce: bots: bot 6 at (39.3 -99.1 -0.1) yaw -161 fight, target 3 (seen), shield 0.50, kills 0 deaths 0
chupathingyce: bots: bot 7 at (92.8 -164.7 0.1) yaw -104 fight, target 8 (seen), shield 0.71, kills 0 deaths 0
chupathingyce: bots: bot 8 at (91.2 -169.4 0.1) yaw 71 fight, target 7 (seen), shield 0.31, kills 0 deaths 0
chupathingyce: bots: bot 9 at (46.0 -82.8 0.1) yaw 46 fight, target 10 (seen), shield 0.04, kills 0 deaths 0
chupathingyce: network test: tick 960 player 0: dead s2 k2 d2 f0 t0 m0 player 1: (53.258 -82.093 0.155) h1.00/1.00 g0/0 w a158/-3 f158 l158/-3 as139/120 st6 thr1.00 501:0 s1 k1 d1 f0 t1 m127 player 2: (39.964 -83.716 -0.014) h0.68/0.26 g0/0 w a-28/-1 f-28 l-28/-1 as139/120 st6 thr1.00 501:0 s0 k0 d0 f0 t2 m127 player 3: (32.915 -99.750 1.418) h0.40/0.00 g0/0 w a71/-8 f71 l71/-8 as139/120 st4 thr1.00 501:0 s0 k0 d0 f0 t3 m127 player 4: (95.814 -147.726 0.044) h1.00/1.00 g0/0 w a-119/-1 f-119 l-119/-1 as139/120 st6 thr1.00 501:0 s0 k0 d0 f0 t4 m127 player 5: (82.418 -165.480 0.571) h1.00/1.00 g0/0 w a31/-4 f36 l31/-4 as140/120 st20 thr1.00 501:0 s0 k0 d0 f0 t5 m126 player 6: (38.677 -97.523 0.504) h1.00/0.50 g0/0 w a-159/6 f-158 l-159/6 as140/120 st20 thr1.00 501:0 s0 k0 d0 f0 t6 m126 player 7: (92.252 -164.528 0.118) h1.00/0.71 g0/0 w a-109/-1 f-109 l-109/-1 as139/120 st7 thr1.00 501:0 s0 k0 d0 f0 t7 m126 player 8: (90.585 -169.174 0.096) h1.00/0.16 g0/0 w a71/-1 f71 l71/-1 as139/120 st10 thr1.00 501:0 s0 k0 d0 f0 t8 m126 player 9: (45.850 -82.597 0.087) h1.00/0.04 g0/0 w a42/-3 f42 l42/-3 as139/120 st6 thr1.00 501:0 s0 k0 d0 f0 t9 m125 player 10: (48.815 -80.209 0.102) h1.00/0.59 g0/0 w a-136/-3 f-136 l-136/-3 as139/120 st7 thr1.00 501:0 s0 k0 d0 f0 t10 m125 player 11: (91.225 -156.138 0.129) h1.00/1.00 g0/0 w a63/-1 f63 l63/-1 as139/120 st7 thr1.00 501:0 s0 k0 d0 f0 t11 m125 player 12: (36.138 -90.158 0.123) h0.84/0.00 g0/0 w a159/1 f159 l159/1 as139/120 st7 thr1.00 501:0 s0 k0 d0 f0 t12 m125 player 13: (103.899 -167.744 0.016) h1.00/0.59 g0/0 w a167/-1 f-174 l167/-1 as139/120 st6 thr1.00 501:0 s0 k0 d0 f0 t13 m124 player 14: (45.241 -73.445 -0.077) h1.00/0.50 g0/0 w a150/2 f150 l150/2 as139/120 st6 thr1.00 501:0 s0 k0 d0 f0 t14 m124 player 15: (94.778 -170.662 0.235) h1.00/1.00 g0/0 w a159/-5 f128 l159/-5 as140/120 st21 thr1.00 501:0 s0 k0 d0 f0 t15 m124 player 16: (47.618 -88.041 0.039) h1.00/1.00 g0/0 w a107/-1 f107 l107/-1 as139/120 st7 thr1.00 501:0 s0 k0 d0 f0 t16 m124 player 17: (90.186 -161.103 0.138) h1.00/0.02 g0/0 
chupathingyce: bots: bot 10 at (48.9 -80.3 0.1) yaw -143 fight, target 9 (seen), shield 0.59, kills 0 deaths 0
chupathingyce: bots: bot 11 at (91.4 -156.0 0.1) yaw 58 fight, target 4 (seen), shield 1.00, kills 0 deaths 0
chupathingyce: bots: bot 12 at (36.4 -90.4 0.1) yaw 153 retreat, target 20 (seen), shield 0.00, kills 0 deaths 0
chupathingyce: bots: bot 18 inventory slot 0 now weapon 501
chupathingyce: bots: bot 18 seeking vehicle -495910910
chupathingyce: bots: bot 13 at (103.3 -169.0 0.1) yaw 135 fight, target 19 (seen), shield 0.59, kills 0 deaths 0
chupathingyce: network test: tick 990 player 0: (30.072 -76.575 0.210) h1.00/1.00 g0/0 w a-25/-11 f-25 l-25/-11 as139/120 st4 thr1.00 501:0 s2 k2 d2 f0 t0 m0 player 1: (52.344 -83.788 0.597) h1.00/1.00 g0/0 w a134/-7 f156 l134/-7 as140/120 st20 thr1.00 501:0 s1 k1 d1 f0 t1 m127 player 2: (40.561 -84.553 0.154) h0.68/0.51 g0/0 w a-76/3 f-89 l-76/3 as139/120 st5 thr1.00 501:0 s0 k0 d0 f0 t2 m127 player 3: (33.092 -98.119 1.861) h0.40/0.00 g0/0 w a63/-14 f70 l63/-14 as140/120 st20 thr1.00 501:0 s0 k0 d0 f0 t3 m127 player 4: (97.453 -148.814 0.065) h1.00/1.00 g0/0 w a-128/0 f-128 l-128/0 as139/120 st6 thr1.00 501:0 s0 k0 d0 f0 t4 m127 player 5: (83.112 -165.714 0.097) h1.00/1.00 g0/0 w a33/-1 f33 l33/-1 as139/120 st7 thr1.00 501:0 s0 k0 d0 f0 t5 m126 player 6: (38.550 -97.049 -0.211) h1.00/0.50 g0/0 w a-167/20 f-167 l-167/20 as139/120 st6 thr1.00 501:0 s0 k0 d0 f0 t6 m126 player 7: (90.397 -164.246 0.120) h1.00/0.56 g0/0 w a-79/-1 f-79 l-79/-1 as139/120 st7 thr1.00 501:0 s0 k0 d0 f0 t7 m126 player 8: (91.572 -169.134 0.108) h1.00/0.03 g0/0 w a100/-2 f100 l100/-2 as139/120 st7 thr1.00 501:0 s0 k0 d0 f0 t8 m126 player 9: (45.252 -81.215 0.128) h0.94/0.00 g0/0 w a38/-2 f38 l38/-2 as139/120 st6 thr1.00 501:0 s0 k0 d0 f0 t9 m125 player 10: (48.040 -78.954 0.119) h0.80/0.00 g0/0 w a-143/-2 f-143 l-143/-2 as139/120 st7 thr1.00 501:0 s0 k0 d0 f0 t10 m125 player 11: (91.546 -155.821 0.129) h1.00/1.00 g0/0 w a52/-1 f52 l52/-1 as139/120 st7 thr1.00 501:0 s0 k0 d0 f0 t11 m125 player 12: (36.887 -91.085 0.090) h0.60/0.00 g0/0 w a149/-0 f149 l149/-0 as139/120 st5 thr1.00 501:0 s0 k0 d0 f0 t12 m125 player 13: (102.969 -169.263 0.094) h1.00/0.59 g0/0 w a132/-2 f132 l132/-2 as139/120 st6 thr1.00 501:0 s0 k0 d0 f0 t13 m124 player 14: (43.799 -74.403 0.081) h1.00/0.24 g0/0 w a98/9 f98 l98/9 as139/120 st6 thr1.00 501:0 s0 k0 d0 f0 t14 m124 player 15: (94.381 -171.499 0.258) h1.00/1.00 g0/0 w a143/-4 f143 l143/-4 as139/120 st7 thr1.00 501:0 s0 k0 d0 f0 t15 m124 player 16: (49.386 -87.126 0.696) h1.00/1.00 g0/0 w a126/-5 f118 l126/-5 as140/120 st20 thr
chupathingyce: bots: bot 14 at (43.7 -74.4 0.1) yaw 93 fight, target 22 (seen), shield 0.24, kills 0 deaths 0
chupathingyce: bots: bot 15 at (94.4 -171.5 0.3) yaw 131 fight, target 8 (seen), shield 1.00, kills 0 deaths 0
chupathingyce: bots: bot 16 at (50.2 -86.5 0.5) yaw 54 fight, target 1 (seen), shield 1.00, kills 0 deaths 0
chupathingyce: bots: bot 17 at (90.0 -161.1 0.1) yaw -80 fight, target 7 (seen), shield 0.00, kills 0 deaths 0
chupathingyce: bots: bot 18 at (105.9 -163.1 0.6) yaw -161 fight, target 19 (seen), shield 1.00, kills 1 deaths 1
chupathingyce: network test: tick 1020 player 0: (32.032 -75.713 0.259) h1.00/1.00 g0/0 w a23/-2 f23 l23/-2 as139/120 st4 thr1.00 501:0 s2 k2 d2 f0 t0 m0 player 1: (51.799 -84.158 0.133) h1.00/0.85 g0/0 w a-117/-4 f-117 l-117/-4 as139/120 st5 thr1.00 501:0 s1 k1 d1 f0 t1 m127 player 2: (41.072 -84.439 0.134) h0.68/0.76 g0/0 w a-11/-1 f-11 l-11/-1 as139/120 st7 thr1.00 501:0 s0 k0 d0 f0 t2 m127 player 3: (32.630 -96.830 0.900) h0.40/0.00 g0/0 w a42/-9 f42 l42/-9 as139/120 st6 thr1.00 501:0 s0 k0 d0 f0 t3 m127 player 4: (98.846 -150.242 0.047) h1.00/1.00 g0/0 w a-141/-1 f-141 l-141/-1 as139/120 st6 thr1.00 501:0 s0 k0 d0 f0 t4 m127 player 5: (84.439 -167.206 0.102) h1.00/1.00 g0/0 w a45/-0 f45 l45/-0 as139/120 st7 thr1.00 501:0 s0 k0 d0 f0 t5 m126 player 6: (38.413 -99.012 -0.093) h1.00/0.62 g0/0 w a160/9 f160 l160/9 as139/120 st6 thr1.00 501:0 s0 k0 d0 f0 t6 m126 player 7: (90.915 -163.915 0.120) h1.00/0.42 g0/0 w a-75/-1 f-75 l-75/-1 as139/120 st6 thr1.00 501:0 s0 k0 d0 f0 t7 m126 player 8: (92.032 -168.940 0.110) h1.00/0.03 g0/0 w a106/-2 f106 l106/-2 as139/120 st6 thr1.00 501:0 s0 k0 d0 f0 t8 m126 player 9: (46.697 -81.865 0.728) h0.81/0.00 g0/0 w a92/-2 f70 l92/-2 as140/120 st20 thr1.00 501:0 s0 k0 d0 f0 t9 m125 player 10: (46.485 -77.761 0.635) h0.80/0.00 g0/0 w a-91/-2 f-136 l-91/-2 as140/120 st20 thr1.00 501:0 s0 k0 d0 f0 t10 m125 player 11: (91.593 -155.775 0.129) h1.00/1.00 g0/0 w a39/-1 f39 l39/-1 as139/120 st7 thr1.00 501:0 s0 k0 d0 f0 t11 m125 player 12: (38.259 -92.195 0.021) h0.60/0.00 g0/0 w a148/1 f148 l148/1 as139/120 st5 thr1.00 501:0 s0 k0 d0 f0 t12 m125 player 13: (101.429 -170.535 0.192) h1.00/0.59 g0/0 w a128/5 f128 l128/5 as139/120 st6 thr1.00 501:0 s0 k0 d0 f0 t13 m124 player 14: (44.773 -74.491 0.019) h1.00/0.12 g0/0 w a91/-1 f91 l91/-1 as139/120 st7 thr1.00 501:0 s0 k0 d0 f0 t14 m124 player 15: (95.386 -170.436 0.244) h1.00/1.00 g0/0 w a153/-4 f153 l153/-4 as139/120 st7 thr1.00 501:0 s0 k0 d0 f0 t15 m124 player 16: (50.619 -86.389 0.105) h1.00/1.00 g0/0 w a63/-4 f63 l63/-4 as139/120 st5 thr1.00 501:0 s
chupathingyce: bots: bot 19 at (97.3 -166.2 0.6) yaw -52 fight, target 13 (seen), shield 1.00, kills 0 deaths 0
chupathingyce: bots: bot 20 at (30.6 -86.9 0.8) yaw -35 fight, target 12 (seen), shield 1.00, kills 0 deaths 0
chupathingyce: bots: bot 21 at (47.4 -65.1 1.1) yaw -54 fight, target 23 (seen), shield 1.00, kills 0 deaths 0
chupathingyce: bots: bot 22 at (45.9 -70.5 0.5) yaw -79 fight, target 14 (seen), shield 1.00, kills 0 deaths 0
chupathingyce: network test: tick 1050 player 0: (34.132 -74.917 0.159) h1.00/1.00 g0/0 w a19/-2 f19 l19/-2 as139/120 st4 thr1.00 501:0 s2 k2 d2 f0 t0 m0 player 1: (52.587 -83.769 0.141) h1.00/0.72 g0/0 w a-106/6 f-106 l-106/6 as139/120 st7 thr1.00 501:0 s1 k1 d1 f0 t1 m127 player 2: (41.521 -86.064 0.131) h0.68/1.00 g0/0 w a-7/2 f-7 l-7/2 as139/120 st4 thr1.00 501:0 s0 k0 d0 f0 t2 m127 player 3: (31.711 -95.086 0.799) h0.40/0.00 g0/0 w a13/-7 f13 l13/-7 as139/120 st6 thr1.00 501:0 s0 k0 d0 f0 t3 m127 player 4: (100.493 -151.509 0.659) h1.00/1.00 g0/0 w a-65/-1 f-66 l-65/-1 as140/120 st20 thr1.00 501:0 s0 k0 d0 f0 t4 m127 player 5: (86.057 -168.373 0.098) h1.00/1.00 g0/0 w a62/-1 f62 l62/-1 as139/120 st7 thr1.00 501:0 s0 k0 d0 f0 t5 m126 player 6: (37.387 -100.668 0.283) h1.00/0.87 g0/0 w a138/3 f138 l138/3 as139/120 st6 thr1.00 501:0 s0 k0 d0 f0 t6 m126 player 7: (92.224 -164.163 0.129) h1.00/0.27 g0/0 w a-81/-1 f-81 l-81/-1 as139/120 st11 thr1.00 501:0 s0 k0 d0 f0 t7 m126 player 8: (92.993 -168.928 0.122) h0.80/0.00 g0/0 w a97/-2 f97 l97/-2 as139/120 st7 thr1.00 501:0 s0 k0 d0 f0 t8 m126 player 9: (48.111 -82.233 0.060) h0.81/0.00 g0/0 w a120/-1 f115 l120/-1 as139/120 st6 thr1.00 501:0 s0 k0 d0 f0 t9 m125 player 10: (45.559 -77.704 0.134) h0.67/0.00 g0/0 w a-61/-3 f-61 l-61/-3 as139/120 st9 thr1.00 501:0 s0 k0 d0 f0 t10 m125 player 11: (91.000 -154.738 0.099) h1.00/0.88 g0/0 w a19/3 f19 l19/3 as139/120 st6 thr1.00 501:0 s0 k0 d0 f0 t11 m125 player 12: (39.469 -93.365 -0.033) h0.46/0.00 g0/0 w a140/3 f140 l140/3 as139/120 st5 thr1.00 501:0 s0 k0 d0 f0 t12 m125 player 13: (99.888 -171.778 0.463) h1.00/0.59 g0/0 w a124/-4 f124 l124/-4 as139/120 st6 thr1.00 501:0 s0 k0 d0 f0 t13 m124 player 14: (46.767 -74.411 0.589) h1.00/0.12 g0/0 w a102/-2 f90 l102/-2 as140/120 st20 thr1.00 501:0 s0 k0 d0 f0 t14 m124 player 15: (95.696 -169.489 0.601) h1.00/0.87 g0/0 w a169/-10 f172 l169/-10 as140/120 st20 thr1.00 501:0 s0 k0 d0 f0 t15 m124 player 16: (51.717 -87.300 0.651) h1.00/0.88 g0/0 w a73/-10 f65 l73/-10 as140/120 st20 thr1.00 501:0 s0
chupathingyce: bots: bot 23 at (51.6 -70.6 0.3) yaw -142 fight, target 14 (seen), shield 0.00, kills 0 deaths 0
chupathingyce: network test: tick 1080 player 0: (36.252 -74.180 0.624) h1.00/1.00 g0/0 w a19/-2 f19 l19/-2 as140/120 st20 thr1.00 501:0 s2 k2 d2 f0 t0 m0 player 1: (50.576 -84.250 0.093) h1.00/0.72 g0/0 w a-52/-2 f-52 l-52/-2 as139/120 st7 thr1.00 501:0 s1 k1 d1 f0 t1 m127 player 2: (43.287 -87.330 0.057) h0.68/1.00 g0/0 w a-3/-1 f-3 l-3/-1 as139/120 st4 thr1.00 501:0 s0 k0 d0 f0 t2 m127 player 3: (31.841 -95.936 0.815) h0.26/0.00 g0/0 w a10/-6 f10 l10/-6 as139/120 st7 thr1.00 501:0 s0 k0 d0 f0 t3 m127 player 4: (101.429 -153.072 -0.066) h1.00/1.00 g0/0 w a-69/1 f-69 l-69/1 as139/120 st4 thr1.00 501:0 s0 k0 d0 f0 t4 m127 player 5: (87.926 -169.066 0.084) h1.00/1.00 g0/0 w a77/-2 f77 l77/-2 as139/120 st7 thr1.00 501:0 s0 k0 d0 f0 t5 m126 player 6: (35.877 -101.910 1.169) h1.00/1.00 g0/0 w a124/-4 f127 l124/-4 as140/120 st20 thr1.00 501:0 s0 k0 d0 f0 t6 m126 player 7: (92.162 -164.175 0.193) h1.00/0.27 g0/0 w a-80/-2 f-80 l-80/-2 as139/120 st6 thr1.00 501:0 s0 k0 d0 f0 t7 m126 player 8: (92.594 -168.965 0.118) h0.66/0.00 g0/0 w a-18/3 f-18 l-18/3 as139/120 st5 thr1.00 501:0 s0 k0 d0 f0 t8 m126 player 9: (48.212 -83.098 0.039) h0.67/0.00 g0/0 w a-23/-3 f15 l-23/-3 as139/120 st5 thr1.00 501:0 s0 k0 d0 f0 t9 m125 player 10: (45.041 -76.321 0.134) h0.67/0.00 g0/0 w a-65/-3 f-65 l-65/-3 as139/120 st5 thr1.00 501:0 s0 k0 d0 f0 t10 m125 player 11: (91.892 -155.106 0.121) h1.00/0.88 g0/0 w a45/0 f45 l45/0 as139/120 st4 thr1.00 501:0 s0 k0 d0 f0 t11 m125 player 12: (40.998 -94.158 -0.127) h0.33/0.00 g0/0 w a148/1 f148 l148/1 as139/120 st5 thr1.00 501:0 s0 k0 d0 f0 t12 m125 player 13: (99.989 -171.637 0.436) h1.00/0.60 g0/0 w a130/-4 f130 l130/-4 as139/120 st7 thr1.00 501:0 s0 k0 d0 f0 t13 m124 player 14: (48.530 -73.530 0.026) h1.00/0.12 g0/0 w a132/2 f132 l132/2 as139/120 st7 thr1.00 501:0 s0 k0 d0 f0 t14 m124 player 15: (96.170 -170.085 0.294) h1.00/0.73 g0/0 w a161/-8 f172 l161/-8 as140/120 st20 thr1.00 501:0 s0 k0 d0 f0 t15 m124 player 16: (53.372 -87.675 0.083) h1.00/0.88 g0/0 w a126/-3 f65 l126/-3 as139/120 st6 thr1.00 501:0 s0 k0
chupathingyce: network test: tick 1110 player 0: (38.335 -73.332 0.131) h1.00/1.00 g0/0 w a25/-0 f25 l25/-0 as139/120 st4 thr1.00 501:0 s2 k2 d2 f0 t0 m0 player 1: (49.043 -85.768 0.660) h1.00/0.72 g0/0 w a-41/-4 f-42 l-41/-4 as140/120 st20 thr1.00 501:0 s1 k1 d1 f0 t1 m127 player 2: (43.642 -89.012 0.129) h0.68/1.00 g0/0 w a1/1 f1 l1/1 as139/120 st6 thr1.00 501:0 s0 k0 d0 f0 t2 m127 player 3: (30.374 -95.574 0.949) h0.26/0.00 g0/0 w a1/-5 f1 l1/-5 as139/120 st5 thr1.00 501:0 s0 k0 d0 f0 t3 m127 player 4: (100.971 -155.191 -0.009) h1.00/1.00 g0/0 w a-72/4 f-72 l-72/4 as139/120 st4 thr1.00 501:0 s0 k0 d0 f0 t4 m127 player 5: (88.428 -168.015 0.085) h1.00/1.00 g0/0 w a-20/-2 f-20 l-20/-2 as139/120 st6 thr1.00 501:0 s0 k0 d0 f0 t5 m126 player 6: (34.288 -102.858 1.565) h1.00/1.00 g0/0 w a118/-6 f118 l118/-6 as139/120 st7 thr1.00 501:0 s0 k0 d0 f0 t6 m126 player 7: (93.701 -164.616 0.807) h1.00/0.27 g0/0 w a-95/-7 f-87 l-95/-7 as140/120 st20 thr1.00 501:0 s0 k0 d0 f0 t7 m126 player 8: (91.116 -169.165 0.103) h0.22/0.00 g0/0 w a-27/0 f-27 l-27/0 as139/120 st5 thr1.00 501:0 s0 k0 d0 f0 t8 m126 player 9: (47.903 -81.311 0.080) h0.55/0.00 g0/0 w a-74/6 f-74 l-74/6 as139/120 st5 thr1.00 501:0 s0 k0 d0 f0 t9 m125 player 10: (43.901 -75.055 0.119) h0.67/0.00 g0/0 w a10/-1 f10 l10/-1 as139/120 st5 thr1.00 501:0 s0 k0 d0 f0 t10 m125 player 11: (93.344 -153.828 0.118) h1.00/0.88 g0/0 w a46/0 f46 l46/0 as139/120 st4 thr1.00 501:0 s0 k0 d0 f0 t11 m125 player 12: (41.847 -95.903 0.177) h0.33/0.00 g0/0 w a139/3 f139 l139/3 as139/120 st5 thr1.00 501:0 s0 k0 d0 f0 t12 m125 player 13: (100.163 -171.645 0.425) h1.00/0.85 g0/0 w a149/1 f149 l149/1 as139/120 st6 thr1.00 501:0 s0 k0 d0 f0 t13 m124 player 14: (49.960 -72.134 0.089) h1.00/0.12 g0/0 w a136/3 f136 l136/3 as139/120 st7 thr1.00 501:0 s0 k0 d0 f0 t14 m124 player 15: (95.816 -171.283 0.305) h1.00/0.73 g0/0 w a155/-4 f155 l155/-4 as139/120 st7 thr1.00 501:0 s0 k0 d0 f0 t15 m124 player 16: (52.347 -88.803 0.543) h1.00/0.50 g0/0 w a137/0 f137 l137/0 as140/120 st20 thr1.00 501:0 s0 k0 d0 f0 t16 m
chupathingyce: network test: tick 1140 player 0: (40.527 -72.886 0.747) h1.00/1.00 g0/0 w a10/-5 f12 l10/-5 as140/120 st20 thr1.00 501:0 s2 k2 d2 f0 t0 m0 player 1: (47.977 -86.923 0.024) h1.00/0.72 g0/0 w a-42/2 f-42 l-42/2 as139/120 st6 thr1.00 501:0 s1 k1 d1 f0 t1 m127 player 2: (43.897 -87.315 0.035) h0.68/1.00 g0/0 w a-18/2 f-18 l-18/2 as139/120 st7 thr1.00 501:0 s0 k0 d0 f0 t2 m127 player 3: (29.094 -96.607 1.213) h0.26/0.00 g0/0 w a43/-7 f43 l43/-7 as139/120 st5 thr1.00 501:0 s0 k0 d0 f0 t3 m127 player 4: (102.166 -155.926 -0.006) h1.00/1.00 g0/0 w a-88/-1 f-88 l-88/-1 as139/120 st6 thr1.00 501:0 s0 k0 d0 f0 t4 m127 player 5: (88.054 -166.576 0.110) h1.00/0.87 g0/0 w a-10/-3 f-10 l-10/-3 as139/120 st6 thr1.00 501:0 s0 k0 d0 f0 t5 m126 player 6: (34.714 -102.632 2.190) h1.00/1.00 g0/0 w a131/-8 f121 l131/-8 as140/120 st20 thr1.00 501:0 s0 k0 d0 f0 t6 m126 player 7: (94.954 -165.680 0.110) h1.00/0.13 g0/0 w a-148/-3 f-148 l-148/-3 as139/120 st6 thr1.00 501:0 s0 k0 d0 f0 t7 m126 player 8: dead s0 k0 d1 f0 t8 m126 player 9: (48.738 -79.506 0.107) h0.55/0.00 g0/0 w a-96/-1 f-96 l-96/-1 as139/120 st5 thr1.00 501:0 s0 k0 d0 f0 t9 m125 player 10: (43.552 -74.708 0.119) h0.67/0.00 g0/0 w a0/-1 f0 l0/-1 as139/120 st5 thr1.00 501:0 s0 k0 d0 f0 t10 m125 player 11: (95.069 -152.935 0.102) h1.00/0.88 g0/0 w a-22/-3 f-22 l-22/-3 as139/120 st6 thr1.00 501:0 s0 k0 d0 f0 t11 m125 player 12: (42.412 -96.260 0.425) h0.33/0.00 g0/0 w a135/-3 f135 l135/-3 as139/120 st6 thr1.00 501:0 s0 k0 d0 f0 t12 m125 player 13: (99.063 -173.251 0.742) h1.00/1.00 g0/0 w a129/-7 f129 l129/-7 as139/120 st6 thr1.00 501:0 s0 k0 d0 f0 t13 m124 player 14: (51.240 -70.613 0.786) h1.00/0.12 g0/0 w a146/-2 f141 l146/-2 as140/120 st20 thr1.00 501:0 s0 k0 d0 f0 t14 m124 player 15: (96.453 -169.440 0.237) h1.00/0.73 g0/0 w a154/-3 f154 l154/-3 as139/120 st7 thr1.00 501:0 s1 k1 d0 f0 t15 m124 player 16: (51.276 -89.962 0.202) h1.00/0.50 g0/0 w a137/-5 f137 l137/-5 as140/120 st21 thr1.00 501:0 s0 k0 d0 f0 t16 m124 player 17: (90.204 -159.276 0.134) h0.65/0.00 g0/0 w a-1
chupathingyce: network test: tick 1170 player 0: (42.584 -73.042 0.053) h1.00/1.00 g0/0 w a-55/-14 f0 l-55/-14 as139/120 st4 thr1.00 501:0 s2 k2 d2 f0 t0 m0 player 1: (48.080 -86.884 0.291) h0.87/0.00 g0/0 w a-39/-2 f-39 l-39/-2 as140/120 st20 thr1.00 501:0 s1 k1 d1 f0 t1 m127 player 2: (43.620 -88.634 0.108) h0.68/1.00 g0/0 w a-9/-0 f-9 l-9/-0 as139/120 st7 thr1.00 501:0 s0 k0 d0 f0 t2 m127 player 3: (28.599 -98.514 1.546) h0.26/0.00 g0/0 w a50/-9 f50 l50/-9 as139/120 st5 thr1.00 501:0 s0 k0 d0 f0 t3 m127 player 4: (104.111 -156.315 0.132) h1.00/1.00 g0/0 w a-113/-2 f-113 l-113/-2 as139/120 st6 thr1.00 501:0 s0 k0 d0 f0 t4 m127 player 5: (88.597 -164.678 0.655) h1.00/0.74 g0/0 w a-27/-6 f-12 l-27/-6 as140/120 st20 thr1.00 501:0 s0 k0 d0 f0 t5 m126 player 6: (34.550 -103.044 1.538) h1.00/1.00 g0/0 w a142/-2 f142 l142/-2 as139/120 st6 thr1.00 501:0 s0 k0 d0 f0 t6 m126 player 7: (95.051 -167.607 0.130) h1.00/0.13 g0/0 w a162/5 f162 l162/5 as139/120 st6 thr1.00 501:0 s0 k0 d0 f0 t7 m126 player 8: dead s0 k0 d1 f0 t8 m126 player 9: (48.373 -77.746 0.134) h0.55/0.00 g0/0 w a-92/-0 f-92 l-92/-0 as139/120 st5 thr1.00 501:0 s0 k0 d0 f0 t9 m125 player 10: (44.524 -74.826 0.057) h0.67/0.00 g0/0 w a136/-3 f136 l136/-3 as139/120 st5 thr1.00 501:0 s0 k0 d0 f0 t10 m125 player 11: (95.812 -151.438 0.266) h1.00/0.88 g0/0 w a-32/-1 f-32 l-32/-1 as139/120 st7 thr1.00 501:0 s0 k0 d0 f0 t11 m125 player 12: (41.557 -97.132 0.057) h0.33/0.00 g0/0 w a139/1 f139 l139/1 as139/120 st7 thr1.00 501:0 s0 k0 d0 f0 t12 m125 player 13: (97.200 -173.884 1.437) h1.00/1.00 g0/0 w a91/-15 f111 l91/-15 as140/120 st20 thr1.00 501:0 s0 k0 d0 f0 t13 m124 player 14: (51.848 -69.621 0.419) h0.98/0.00 g0/0 w a144/1 f144 l144/1 as139/120 st10 thr1.00 501:0 s0 k0 d0 f0 t14 m124 player 15: (97.507 -168.884 0.223) h1.00/0.73 g0/0 w a148/-5 f148 l148/-5 as139/120 st5 thr1.00 501:0 s1 k1 d0 f0 t15 m124 player 16: (51.589 -89.672 0.185) h1.00/0.50 g0/0 w a143/-2 f143 l143/-2 as139/120 st6 thr1.00 501:0 s0 k0 d0 f0 t16 m124 player 17: (90.789 -159.288 0.402) h0.65/0.00 g0/0 w 
chupathingyce: network test: tick 1200 player 0: (44.188 -74.313 0.049) h1.00/0.74 g0/0 w a-42/-5 f-42 l-42/-5 as139/120 st4 thr1.00 501:0 s2 k2 d2 f0 t0 m0 player 1: (46.968 -88.336 0.305) h0.87/0.00 g0/0 w a-3/-6 f-39 l-3/-6 as140/120 st20 thr1.00 501:0 s1 k1 d1 f0 t1 m127 player 2: (43.737 -90.575 0.161) h0.68/1.00 g0/0 w a32/2 f32 l32/2 as139/120 st6 thr1.00 501:0 s0 k0 d0 f0 t2 m127 player 3: (28.287 -100.448 1.948) h0.26/0.00 g0/0 w a53/-11 f53 l53/-11 as139/120 st5 thr1.00 501:0 s0 k0 d0 f0 t3 m127 player 4: (105.735 -157.448 0.194) h1.00/0.00 g0/0 w a-138/3 f-138 l-138/3 as139/120 st6 thr1.00 501:0 s0 k0 d0 f0 t4 m127 player 5: (87.926 -163.825 0.145) h1.00/0.74 g0/0 w a-52/-3 f-52 l-52/-3 as139/120 st7 thr1.00 501:0 s0 k0 d0 f0 t5 m126 player 6: (33.312 -104.587 2.375) h1.00/1.00 g0/0 w a141/-5 f141 l141/-5 as140/120 st20 thr1.00 501:0 s0 k0 d0 f0 t6 m126 player 7: (94.395 -169.342 0.662) h1.00/0.13 g0/0 w a151/-8 f151 l151/-8 as140/120 st20 thr1.00 501:0 s0 k0 d0 f0 t7 m126 player 8: dead s0 k0 d1 f0 t8 m126 player 9: (49.268 -76.101 0.175) h0.55/0.00 g0/0 w a-124/-5 f-111 l-124/-5 as139/120 st6 thr1.00 501:0 s0 k0 d0 f0 t9 m125 player 10: (45.717 -76.105 0.089) h0.55/0.00 g0/0 w a133/-4 f133 l133/-4 as139/120 st9 thr1.00 501:0 s0 k0 d0 f0 t10 m125 player 11: (95.986 -151.653 0.387) h1.00/0.88 g0/0 w a-31/-2 f-32 l-31/-2 as140/120 st20 thr1.00 501:0 s0 k0 d0 f0 t11 m125 player 12: (42.498 -95.416 0.875) h0.33/0.00 g0/0 w a164/-5 f151 l164/-5 as140/120 st20 thr1.00 501:0 s0 k0 d0 f0 t12 m125 player 13: (95.307 -173.418 0.564) h1.00/1.00 g0/0 w a62/-6 f62 l62/-6 as139/120 st6 thr1.00 501:0 s0 k0 d0 f0 t13 m124 player 14: (50.653 -70.977 0.209) h0.98/0.00 g0/0 w a137/3 f137 l137/3 as139/120 st6 thr1.00 501:0 s0 k0 d0 f0 t14 m124 player 15: (98.143 -168.226 0.137) h1.00/0.48 g0/0 w a-166/5 f-166 l-166/5 as139/120 st6 thr1.00 501:0 s1 k1 d0 f0 t15 m124 player 16: (51.915 -88.492 0.111) h1.00/0.50 g0/0 w a176/2 f176 l176/2 as139/120 st7 thr1.00 501:0 s0 k0 d0 f0 t16 m124 player 17: (91.054 -159.363 0.563) h0.65/0.00 g0/0 w
chupathingyce: bots: bot 1 at (47.0 -88.3 0.3) yaw -1 fight, target 16 (seen), shield 0.00, kills 1 deaths 1
chupathingyce: bots: bot 2 at (43.8 -90.7 0.2) yaw 34 fight, target 1 (seen), shield 1.00, kills 0 deaths 0
chupathingyce: bots: bot 3 at (27.9 -101.2 2.1) yaw 52 retreat, target 20 (seen), shield 0.00, kills 0 deaths 0
chupathingyce: bots: bot 4 at (105.9 -157.6 0.2) yaw -138 fight, target 18 (seen), shield 0.00, kills 0 deaths 0
chupathingyce: bots: bot 8 inventory slot 0 now weapon 501
chupathingyce: bots: bot 8 seeking vehicle -495910910
chupathingyce: bots: bot 5 at (88.4 -163.7 0.1) yaw -74 fight, target 19 (seen), shield 0.74, kills 0 deaths 0
chupathingyce: network test: tick 1230 player 0: (45.527 -75.866 0.065) h1.00/0.48 g0/0 w a-52/-6 f-52 l-52/-6 as139/120 st4 thr1.00 501:0 s2 k2 d2 f0 t0 m0 player 1: (47.409 -90.148 0.211) h0.87/0.00 g0/0 w a40/5 f40 l40/5 as139/120 st7 thr1.00 501:0 s1 k1 d1 f0 t1 m127 player 2: (43.496 -89.280 0.148) h0.68/1.00 g0/0 w a-8/-2 f-8 l-8/-2 as139/120 st6 thr1.00 501:0 s0 k0 d0 f0 t2 m127 player 3: (26.965 -101.619 2.170) h0.26/0.00 g0/0 w a51/-10 f51 l51/-10 as139/120 st5 thr1.00 501:0 s0 k0 d0 f0 t3 m127 player 4: (105.422 -157.153 0.211) h1.00/0.00 g0/0 w a-131/-2 f-131 l-131/-2 as139/120 st7 thr1.00 501:0 s0 k0 d0 f0 t4 m127 player 5: (88.479 -163.662 0.146) h1.00/0.74 g0/0 w a-74/-2 f-74 l-74/-2 as139/120 st6 thr1.00 501:0 s0 k0 d0 f0 t5 m126 player 6: (32.013 -106.071 2.421) h1.00/1.00 g0/0 w a138/-3 f138 l138/-3 as139/120 st6 thr1.00 501:0 s0 k0 d0 f0 t6 m126 player 7: (93.374 -171.048 0.208) h1.00/0.00 g0/0 w a149/-4 f109 l149/-4 as139/120 st6 thr1.00 501:0 s0 k0 d0 f0 t7 m126 player 8: (92.702 -149.343 0.450) h1.00/1.00 g0/0 w a41/0 f-38 l21/0 as139/120 st4 thr1.00 501:0 s0 k0 d1 f0 t8 m126 player 9: (49.195 -74.887 0.127) h0.55/0.00 g0/0 w a-135/5 f-135 l-135/5 as139/120 st7 thr1.00 501:0 s0 k0 d0 f0 t9 m125 player 10: (46.870 -77.635 0.603) h0.55/0.00 g0/0 w a129/-15 f128 l129/-15 as140/120 st20 thr1.00 501:0 s0 k0 d0 f0 t10 m125 player 11: (96.805 -153.261 0.116) h1.00/1.00 g0/0 w a-26/0 f-26 l-26/0 as139/120 st7 thr1.00 501:0 s0 k0 d0 f0 t11 m125 player 12: (42.692 -94.020 0.248) h0.33/0.00 g0/0 w a175/0 f175 l175/0 as139/120 st6 thr1.00 501:0 s0 k0 d0 f0 t12 m125 player 13: (96.098 -173.950 0.843) h1.00/1.00 g0/0 w a59/-7 f59 l59/-7 as139/120 st7 thr1.00 501:0 s0 k0 d0 f0 t13 m124 player 14: (49.165 -72.284 0.606) h0.98/0.00 g0/0 w a125/5 f128 l125/5 as140/120 st20 thr1.00 501:0 s0 k0 d0 f0 t14 m124 player 15: (98.572 -169.664 0.226) h1.00/0.08 g0/0 w a-165/-2 f-165 l-165/-2 as139/120 st10 thr1.00 501:0 s1 k1 d0 f0 t15 m124 player 16: (51.454 -86.578 0.733) h1.00/0.50 g0/0 w a-141/-8 f-168 l-141/-8 as140/120 st20 th
chupathingyce: bots: bot 6 at (31.8 -106.3 2.5) yaw 138 fight, target 3 (seen), shield 1.00, kills 0 deaths 0
chupathingyce: bots: bot 7 at (93.0 -171.7 0.2) yaw 149 fight, target 19 (seen), shield 0.00, kills 0 deaths 0
chupathingyce: bots: bot 8 at (93.0 -149.5 1.0) yaw -56 fight, target 11 (seen), shield 1.00, kills 0 deaths 1
chupathingyce: bots: bot 9 at (47.8 -74.1 0.7) yaw 79 fight, target 14 (seen), shield 0.00, kills 0 deaths 0
chupathingyce: network test: tick 1260 player 0: (46.736 -77.416 0.134) h1.00/0.24 g0/0 w a-52/-6 f-52 l-52/-6 as139/120 st4 thr1.00 501:0 s2 k2 d2 f0 t0 m0 player 1: (49.175 -91.183 0.346) h0.87/0.00 g0/0 w a81/-5 f81 l81/-5 as139/120 st6 thr1.00 501:0 s1 k1 d1 f0 t1 m127 player 2: (43.186 -90.323 0.171) h0.68/1.00 g0/0 w a-9/0 f-9 l-9/0 as139/120 st6 thr1.00 501:0 s0 k0 d0 f0 t2 m127 player 3: (27.269 -100.569 1.992) h0.26/0.10 g0/0 w a50/-10 f50 l50/-10 as139/120 st7 thr1.00 501:0 s0 k0 d0 f0 t3 m127 player 4: (103.764 -156.409 0.119) h0.87/0.00 g0/0 w a-98/-2 f-100 l-98/-2 as139/120 st6 thr1.00 501:0 s0 k0 d0 f0 t4 m127 player 5: (89.238 -163.501 0.142) h1.00/0.74 g0/0 w a-93/-1 f-93 l-93/-1 as139/120 st7 thr1.00 501:0 s0 k0 d0 f0 t5 m126 player 6: (31.734 -106.493 2.530) h1.00/1.00 g0/0 w a127/-5 f127 l127/-5 as139/120 st7 thr1.00 501:0 s0 k0 d0 f0 t6 m126 player 7: (92.329 -172.753 0.254) h1.00/0.00 g0/0 w a146/-4 f146 l146/-4 as139/120 st6 thr1.00 501:0 s0 k0 d0 f0 t7 m126 player 8: (93.014 -149.646 0.981) h1.00/1.00 g0/0 w a-56/-10 f-48 l-56/-10 as140/120 st20 thr1.00 501:0 s0 k0 d1 f0 t8 m126 player 9: (47.564 -74.077 0.702) h0.55/0.00 g0/0 w a76/-35 f-114 l76/-35 as140/120 st20 thr1.00 501:0 s0 k0 d0 f0 t9 m125 player 10: (48.083 -79.214 0.114) h0.44/0.00 g0/0 w a128/-5 f128 l128/-5 as140/120 st21 thr1.00 501:0 s0 k0 d0 f0 t10 m125 player 11: (96.308 -154.205 0.133) h1.00/0.87 g0/0 w a-16/-2 f-16 l-16/-2 as139/120 st8 thr1.00 501:0 s0 k0 d0 f0 t11 m125 player 12: (42.410 -95.623 0.690) h0.33/0.11 g0/0 w a165/-3 f173 l165/-3 as140/120 st20 thr1.00 501:0 s0 k0 d0 f0 t12 m125 player 13: (97.539 -174.756 1.072) h1.00/1.00 g0/0 w a81/-11 f60 l81/-11 as140/120 st20 thr1.00 501:0 s0 k0 d0 f0 t13 m124 player 14: (47.992 -73.003 -0.015) h0.98/0.00 g0/0 w a-110/22 f128 l-110/22 as140/120 st21 thr1.00 501:0 s0 k0 d0 f0 t14 m124 player 15: (98.300 -169.167 0.192) h0.97/0.00 g0/0 w a-152/-1 f-152 l-152/-1 as139/120 st7 thr1.00 501:0 s1 k1 d0 f0 t15 m124 player 16: (49.964 -85.428 0.088) h1.00/0.50 g0/0 w a-101/1 f-101 l-101/1 as1
chupathingyce: bots: bot 10 at (48.2 -79.3 0.1) yaw 126 fight, target 0 (seen), shield 0.00, kills 0 deaths 0
chupathingyce: bots: bot 11 at (96.3 -154.2 0.1) yaw -16 fight, target 4 (seen), shield 0.87, kills 0 deaths 0
chupathingyce: bots: bot 12 at (42.3 -95.8 0.3) yaw 171 fight, target 20 (seen), shield 0.25, kills 0 deaths 0
chupathingyce: bots: bot 13 at (96.5 -174.7 0.9) yaw 82 fight, target 15 (seen), shield 1.00, kills 0 deaths 0
chupathingyce: network test: tick 1290 player 0: (48.061 -79.206 0.646) h1.00/0.10 g0/0 w a-57/-31 f-52 l-57/-31 as140/120 st20 thr1.00 501:0 s3 k3 d2 f0 t0 m0 player 1: (49.765 -92.413 0.416) h0.60/0.00 g0/0 w a86/-4 f86 l86/-4 as139/120 st5 thr1.00 501:0 s1 k1 d1 f0 t1 m127 player 2: (43.453 -89.119 0.822) h0.68/1.00 g0/0 w a-26/-4 f-10 l-26/-4 as140/120 st20 thr1.00 501:0 s0 k0 d0 f0 t2 m127 player 3: (27.797 -100.959 2.716) h0.24/0.00 g0/0 w a49/-12 f43 l49/-12 as140/120 st20 thr1.00 501:0 s0 k0 d0 f0 t3 m127 player 4: (105.153 -156.118 0.182) h0.74/0.00 g0/0 w a-96/-2 f-96 l-96/-2 as139/120 st5 thr1.00 501:0 s0 k0 d0 f0 t4 m127 player 5: (87.644 -163.694 0.142) h1.00/0.74 g0/0 w a-64/-2 f-64 l-64/-2 as139/120 st6 thr1.00 501:0 s0 k0 d0 f0 t5 m126 player 6: (32.132 -106.208 2.416) h1.00/1.00 g0/0 w a129/2 f129 l129/2 as139/120 st6 thr1.00 501:0 s0 k0 d0 f0 t6 m126 player 7: (92.872 -172.511 0.258) h0.74/0.00 g0/0 w a127/-4 f127 l127/-4 as139/120 st5 thr1.00 501:0 s0 k0 d0 f0 t7 m126 player 8: (92.778 -150.160 0.338) h1.00/1.00 g0/0 w a-53/-3 f-53 l-53/-3 as139/120 st7 thr1.00 501:0 s0 k0 d1 f0 t8 m126 player 9: (46.366 -74.592 -0.066) h0.55/0.09 g0/0 w a45/-1 f-2 l45/-1 as139/120 st10 thr1.00 501:0 s0 k0 d0 f0 t9 m125 player 10: dead s0 k0 d1 f0 t10 m125 player 11: (96.131 -154.144 0.133) h1.00/0.72 g0/0 w a98/1 f19 l78/1 as139/120 st6 thr1.00 501:0 s0 k0 d0 f0 t11 m125 player 12: (42.344 -94.930 0.203) h0.33/0.36 g0/0 w a178/4 f178 l178/4 as139/120 st7 thr1.00 501:0 s0 k0 d0 f0 t12 m125 player 13: (96.108 -174.661 1.140) h1.00/1.00 g0/0 w a81/-2 f81 l81/-2 as140/120 st20 thr1.00 501:0 s0 k0 d0 f0 t13 m124 player 14: (48.963 -71.899 0.024) h0.98/0.00 g0/0 w a-133/-4 f-133 l-133/-4 as139/120 st6 thr1.00 501:0 s0 k0 d0 f0 t14 m124 player 15: (97.211 -167.713 0.770) h0.97/0.00 g0/0 w a-133/-6 f-145 l-133/-6 as140/120 st20 thr1.00 501:0 s1 k1 d0 f0 t15 m124 player 16: (50.266 -85.393 0.098) h1.00/0.55 g0/0 w a-92/1 f-92 l-92/1 as139/120 st6 thr1.00 501:0 s0 k0 d0 f0 t16 m124 player 17: (90.590 -159.726 0.282) h0.65/0.57 g0/0 w
chupathingyce: bots: bot 14 at (49.0 -71.9 0.0) yaw -135 fight, target 9 (seen), shield 0.00, kills 0 deaths 0
chupathingyce: bots: bot 15 at (97.0 -167.4 0.5) yaw -127 fight, target 7 (seen), shield 0.00, kills 1 deaths 0
chupathingyce: bots: bot 16 at (51.3 -85.5 0.1) yaw -100 fight, target 1 (seen), shield 0.68, kills 0 deaths 0
chupathingyce: bots: bot 17 at (90.4 -159.7 0.2) yaw -116 fight, target 5, shield 0.75, kills 0 deaths 0
chupathingyce: bots: bot 18 at (104.4 -167.7 0.0) yaw 175 fight, target 15 (seen), shield 0.86, kills 1 deaths 1
chupathingyce: network test: tick 1320 player 0: (49.594 -80.699 0.108) h1.00/0.10 g0/0 w a-57/-22 f-57 l-57/-22 as139/120 st4 thr1.00 501:0 s3 k3 d2 f0 t0 m0 player 1: (49.143 -94.075 0.811) h0.60/0.00 g0/0 w a70/-0 f70 l70/-0 as139/120 st5 thr1.00 501:0 s1 k1 d1 f0 t1 m127 player 2: (44.646 -87.556 0.022) h0.68/1.00 g0/0 w a-53/4 f-53 l-53/4 as139/120 st6 thr1.00 501:0 s0 k0 d0 f0 t2 m127 player 3: (27.655 -100.791 2.038) h0.12/0.00 g0/0 w a50/-10 f50 l50/-10 as139/120 st7 thr1.00 501:0 s0 k0 d0 f0 t3 m127 player 4: (106.282 -154.486 0.154) h0.74/0.00 g0/0 w a-100/-1 f-100 l-100/-1 as139/120 st5 thr1.00 501:0 s0 k0 d0 f0 t4 m127 player 5: (89.486 -163.258 0.493) h1.00/0.74 g0/0 w a-91/-4 f-89 l-91/-4 as140/120 st20 thr1.00 501:0 s0 k0 d0 f0 t5 m126 player 6: (32.650 -105.768 2.258) h1.00/1.00 g0/0 w a134/-3 f134 l134/-3 as139/120 st7 thr1.00 501:0 s0 k0 d0 f0 t6 m126 player 7: (92.856 -173.445 0.322) h0.61/0.00 g0/0 w a-29/24 f15 l-29/24 as139/120 st5 thr1.00 501:0 s0 k0 d0 f0 t7 m126 player 8: (91.166 -151.687 0.574) h1.00/1.00 g0/0 w a-99/-2 f-99 l-99/-2 as139/120 st4 thr1.00 501:0 s0 k0 d1 f0 t8 m126 player 9: (45.737 -73.556 -0.075) h0.53/0.00 g0/0 w a2/0 f2 l2/0 as139/120 st11 thr1.00 501:0 s0 k0 d0 f0 t9 m125 player 10: dead s0 k0 d1 f0 t10 m125 player 11: (95.254 -154.800 0.008) h1.00/0.72 g0/0 w a130/5 f130 l130/5 as139/120 st4 thr1.00 501:0 s0 k0 d0 f0 t11 m125 player 12: (42.207 -93.425 0.071) h0.33/0.61 g0/0 w a-174/3 f-174 l-174/3 as139/120 st6 thr1.00 501:0 s0 k0 d0 f0 t12 m125 player 13: (94.388 -174.481 1.155) h1.00/1.00 g0/0 w a147/-31 f81 l147/-31 as140/120 st20 thr1.00 501:0 s0 k0 d0 f0 t13 m124 player 14: (49.738 -73.556 0.107) h0.83/0.00 g0/0 w a-179/-5 f-179 l-179/-5 as139/120 st6 thr1.00 501:0 s0 k0 d0 f0 t14 m124 player 15: (96.218 -166.834 0.138) h0.97/0.00 g0/0 w a-117/-0 f-117 l-117/-0 as139/120 st7 thr1.00 501:0 s1 k1 d0 f0 t15 m124 player 16: (52.125 -85.643 0.739) h1.00/0.80 g0/0 w a-108/-1 f-101 l-108/-1 as140/120 st20 thr1.00 501:0 s0 k0 d0 f0 t16 m124 player 17: (90.385 -159.726 0.158) h0.65/0
chupathingyce: bots: bot 11 seeking vehicle -495910910
chupathingyce: bots: bot 19 at (88.8 -170.2 0.1) yaw -35 fight, target 7 (seen), shield 0.36, kills 0 deaths 0
chupathingyce: bots: bot 20 at (32.7 -93.5 1.2) yaw -6 fight, target 12 (seen), shield 0.88, kills 0 deaths 0
chupathingyce: bots: bot 21 at (43.5 -65.4 1.7) yaw -25 fight, target 22 (seen), shield 1.00, kills 0 deaths 0
chupathingyce: bots: bot 22 at (52.7 -70.0 0.4) yaw -119 fight, target 14 (seen), shield 0.70, kills 0 deaths 0
chupathingyce: network test: tick 1350 player 0: (50.793 -82.541 0.651) h1.00/0.10 g0/0 w a-54/-9 f-63 l-54/-9 as140/120 st20 thr1.00 501:0 s3 k3 d2 f0 t0 m0 player 1: (47.555 -95.230 1.454) h0.60/0.00 g0/0 w a60/-8 f60 l60/-8 as139/120 st5 thr1.00 501:0 s1 k1 d1 f0 t1 m127 player 2: (45.407 -87.058 -0.004) h0.68/1.00 g0/0 w a-75/9 f-75 l-75/9 as139/120 st7 thr1.00 501:0 s0 k0 d0 f0 t2 m127 player 3: dead s0 k0 d1 f0 t3 m127 player 4: (105.605 -152.638 0.152) h0.74/0.00 g0/0 w a-96/-0 f-96 l-96/-0 as139/120 st5 thr1.00 501:0 s0 k0 d0 f0 t4 m127 player 5: (90.979 -163.289 0.293) h1.00/0.95 g0/0 w a-104/-4 f-89 l-104/-4 as140/120 st20 thr1.00 501:0 s0 k0 d0 f0 t5 m126 player 6: (33.838 -104.157 2.749) h1.00/1.00 g0/0 w a94/-10 f130 l94/-10 as140/120 st20 thr1.00 501:0 s1 k1 d0 f0 t6 m126 player 7: (92.453 -171.613 0.207) h0.49/0.00 g0/0 w a-63/6 f-63 l-63/6 as139/120 st5 thr1.00 501:0 s0 k0 d0 f0 t7 m126 player 8: (90.854 -153.310 0.246) h1.00/1.00 g0/0 w a-104/-2 f-104 l-104/-2 as139/120 st6 thr1.00 501:0 s0 k0 d1 f0 t8 m126 player 9: (45.891 -75.136 -0.019) h0.53/0.00 g0/0 w a14/-0 f14 l14/-0 as139/120 st6 thr1.00 501:0 s0 k0 d0 f0 t9 m125 player 10: dead s0 k0 d1 f0 t10 m125 player 11: (95.414 -155.089 0.652) h1.00/0.72 g0/0 w a57/0 f147 l77/0 as140/120 st20 thr1.00 501:0 s0 k0 d0 f0 t11 m125 player 12: (42.315 -93.882 0.125) h0.33/0.86 g0/0 w a172/5 f172 l172/5 as139/120 st7 thr1.00 501:0 s0 k0 d0 f0 t12 m125 player 13: (94.135 -175.192 0.765) h1.00/0.88 g0/0 w a118/-10 f118 l118/-10 as139/120 st6 thr1.00 501:0 s0 k0 d0 f0 t13 m124 player 14: (50.726 -74.120 0.176) h0.32/0.00 g0/0 w a-166/-3 f-166 l-166/-3 as139/120 st5 thr1.00 501:0 s0 k0 d0 f0 t14 m124 player 15: (94.787 -166.144 0.756) h0.97/0.00 g0/0 w a-113/-7 f-113 l-113/-7 as140/120 st20 thr1.00 501:0 s1 k1 d0 f0 t15 m124 player 16: (53.040 -85.952 0.093) h1.00/1.00 g0/0 w a-120/7 f-120 l-120/7 as139/120 st4 thr1.00 501:0 s0 k0 d0 f0 t16 m124 player 17: (88.784 -160.070 0.121) h0.65/1.00 g0/0 w a-59/2 f-59 l-59/2 as139/120 st7 thr1.00 501:0 s0 k0 d0 f0 t17 m123 player
chupathingyce: bots: bot 23 at (55.1 -78.1 0.2) yaw 160 fight, target 9 (seen), shield 0.32, kills 0 deaths 0
chupathingyce: network test: tick 1380 player 0: (51.713 -84.510 0.135) h1.00/0.10 g0/0 w a-77/0 f-77 l-77/0 as139/120 st4 thr1.00 501:0 s3 k3 d2 f0 t0 m0 player 1: (45.893 -96.305 1.530) h0.60/0.00 g0/0 w a130/-16 f130 l130/-16 as139/120 st5 thr1.00 501:0 s1 k1 d1 f0 t1 m127 player 2: (44.157 -87.400 0.031) h0.68/1.00 g0/0 w a-80/9 f-80 l-80/9 as139/120 st6 thr1.00 501:0 s0 k0 d0 f0 t2 m127 player 3: dead s0 k0 d1 f0 t3 m127 player 4: (104.843 -150.789 0.135) h0.74/0.00 g0/0 w a-97/-1 f-97 l-97/-1 as139/120 st5 thr1.00 501:0 s0 k0 d0 f0 t4 m127 player 5: (89.914 -163.116 0.141) h1.00/0.73 g0/0 w a-88/-2 f-88 l-88/-2 as139/120 st7 thr1.00 501:0 s0 k0 d0 f0 t5 m126 player 6: (34.583 -102.228 1.360) h1.00/1.00 g0/0 w a96/-6 f130 l96/-6 as140/120 st21 thr1.00 501:0 s1 k1 d0 f0 t6 m126 player 7: (91.495 -170.447 0.150) h0.09/0.00 g0/0 w a-82/12 f-82 l-82/12 as139/120 st5 thr1.00 501:0 s0 k0 d0 f0 t7 m126 player 8: (92.778 -154.294 0.123) h1.00/1.00 g0/0 w a-126/3 f-126 l-126/3 as139/120 st6 thr1.00 501:0 s0 k0 d1 f0 t8 m126 player 9: (46.043 -75.040 -0.037) h0.53/0.00 g0/0 w a28/3 f28 l28/3 as139/120 st7 thr1.00 501:0 s0 k0 d0 f0 t9 m125 player 10: dead s0 k0 d1 f0 t10 m125 player 11: (95.947 -155.366 -0.097) h1.00/0.72 g0/0 w a61/0 f124 l65/0 as139/120 st4 thr1.00 501:0 s0 k0 d0 f0 t11 m125 player 12: (42.592 -92.133 0.173) h0.33/1.00 g0/0 w a170/-0 f170 l170/-0 as139/120 st6 thr1.00 501:0 s0 k0 d0 f0 t12 m125 player 13: (92.226 -175.752 1.403) h1.00/0.88 g0/0 w a98/-16 f107 l98/-16 as140/120 st20 thr1.00 501:0 s0 k0 d0 f0 t13 m124 player 14: dead s0 k0 d1 f0 t14 m124 player 15: (94.014 -165.812 0.091) h0.84/0.00 g0/0 w a-116/-1 f-116 l-116/-1 as139/120 st6 thr1.00 501:0 s1 k1 d0 f0 t15 m124 player 16: (52.875 -88.110 0.099) h1.00/1.00 g0/0 w a-132/6 f-132 l-132/6 as139/120 st4 thr1.00 501:0 s0 k0 d0 f0 t16 m124 player 17: (87.410 -161.505 0.724) h0.65/1.00 g0/0 w a-34/-12 f-41 l-34/-12 as140/120 st20 thr1.00 501:0 s0 k0 d0 f0 t17 m123 player 18: (102.372 -170.922 0.280) h1.00/0.66 g0/0 w a150/-2 f150 l150/-2 as139/120 st6 thr1.0
chupathingyce: bots: bot 10 inventory slot 0 now weapon 501
chupathingyce: network test: tick 1410 player 0: (51.480 -86.505 0.095) h1.00/0.10 g0/0 w a-77/-1 f-77 l-77/-1 as139/120 st4 thr1.00 501:0 s3 k3 d2 f0 t0 m0 player 1: (47.526 -97.360 1.241) h0.60/0.00 g0/0 w a107/-8 f107 l107/-8 as139/120 st5 thr1.00 501:0 s1 k1 d1 f0 t1 m127 player 2: (44.275 -87.198 0.024) h0.68/1.00 g0/0 w a-109/-2 f-109 l-109/-2 as139/120 st7 thr1.00 501:0 s0 k0 d0 f0 t2 m127 player 3: dead s0 k0 d1 f0 t3 m127 player 4: (104.917 -149.021 0.250) h0.74/0.00 g0/0 w a-150/-1 f-150 l-150/-1 as139/120 st5 thr1.00 501:0 s0 k0 d0 f0 t4 m127 player 5: (88.556 -163.507 0.193) h1.00/0.45 g0/0 w a158/-5 f-149 l158/-5 as140/120 st20 thr1.00 501:0 s0 k0 d0 f0 t5 m126 player 6: (34.728 -100.375 1.207) h1.00/1.00 g0/0 w a95/-6 f95 l95/-6 as139/120 st4 thr1.00 501:0 s1 k1 d0 f0 t6 m126 player 7: dead s0 k0 d1 f0 t7 m126 player 8: (93.042 -153.680 0.112) h1.00/1.00 g0/0 w a-9/-3 f-9 l-9/-3 as139/120 st5 thr1.00 501:0 s0 k0 d1 f0 t8 m126 player 9: (44.998 -75.546 0.075) h0.53/0.00 g0/0 w a23/3 f23 l23/3 as139/120 st5 thr1.00 501:0 s0 k0 d0 f0 t9 m125 player 10: (29.825 -80.135 0.091) h1.00/1.00 g0/0 w a13/-1 f26 l13/-1 as139/120 st4 thr1.00 501:0 s0 k0 d1 f0 t10 m125 player 11: (96.257 -154.206 0.133) h1.00/0.59 g0/0 w a170/-3 f170 l170/-3 as139/120 st5 thr1.00 501:0 s0 k0 d0 f0 t11 m125 player 12: (42.003 -93.713 0.021) h0.33/1.00 g0/0 w a151/0 f151 l151/0 as139/120 st7 thr1.00 501:0 s0 k0 d0 f0 t12 m125 player 13: (90.923 -175.901 0.506) h1.00/0.88 g0/0 w a89/-4 f89 l89/-4 as139/120 st7 thr1.00 501:0 s0 k0 d0 f0 t13 m124 player 14: dead s0 k0 d1 f0 t14 m124 player 15: (94.624 -167.161 0.112) h0.84/0.00 g0/0 w a-176/-3 f-176 l-176/-3 as139/120 st7 thr1.00 501:0 s1 k1 d0 f0 t15 m124 player 16: (53.032 -89.659 0.190) h1.00/0.72 g0/0 w a-128/6 f-128 l-128/6 as139/120 st7 thr1.00 501:0 s0 k0 d0 f0 t16 m124 player 17: (86.164 -162.521 0.123) h0.65/0.74 g0/0 w a-21/-3 f-21 l-21/-3 as139/120 st9 thr1.00 501:0 s0 k0 d0 f0 t17 m123 player 18: (101.632 -172.017 0.402) h1.00/0.66 g0/0 w a144/-3 f144 l144/-3 as139/120 st7 thr1.00 501:0
chupathingyce: network test: tick 1440 player 0: (52.307 -88.230 0.102) h0.99/0.00 g0/0 w a-80/-1 f-80 l-80/-1 as139/120 st8 thr1.00 501:0 s3 k3 d2 f0 t0 m0 player 1: (46.748 -97.535 1.349) h0.47/0.00 g0/0 w a51/-7 f51 l51/-7 as139/120 st6 thr1.00 501:0 s1 k1 d1 f0 t1 m127 player 2: (42.318 -86.856 0.531) h0.68/1.00 g0/0 w a-88/-5 f-92 l-88/-5 as140/120 st20 thr1.00 501:0 s0 k0 d0 f0 t2 m127 player 3: dead s0 k0 d1 f0 t3 m127 player 4: (105.624 -147.803 0.346) h0.74/0.00 g0/0 w a-145/-1 f-145 l-145/-1 as139/120 st4 thr1.00 501:0 s0 k0 d0 f0 t4 m127 player 5: (88.973 -162.860 0.154) h1.00/0.32 g0/0 w a-175/-3 f-175 l-175/-3 as139/120 st6 thr1.00 501:0 s0 k0 d0 f0 t5 m126 player 6: (33.265 -99.219 1.316) h1.00/1.00 g0/0 w a92/-7 f92 l92/-7 as139/120 st6 thr1.00 501:0 s1 k1 d0 f0 t6 m126 player 7: dead s0 k0 d1 f0 t7 m126 player 8: (91.609 -153.330 0.622) h1.00/0.86 g0/0 w a-10/-8 f-8 l-10/-8 as140/120 st20 thr1.00 501:0 s0 k0 d1 f0 t8 m126 player 9: (44.012 -75.166 0.119) h0.40/0.00 g0/0 w a22/2 f22 l22/2 as139/120 st5 thr1.00 501:0 s0 k0 d0 f0 t9 m125 player 10: (31.063 -80.201 -0.011) h1.00/1.00 g0/0 w a-80/0 f-80 l-80/0 as139/120 st4 thr1.00 501:0 s0 k0 d1 f0 t10 m125 player 11: (96.297 -154.205 0.133) h1.00/0.47 g0/0 w a169/5 f169 l169/5 as139/120 st6 thr1.00 501:0 s0 k0 d0 f0 t11 m125 player 12: (42.616 -92.192 0.173) h0.33/0.00 g0/0 w a168/-1 f168 l168/-1 as139/120 st7 thr1.00 501:0 s0 k0 d0 f0 t12 m125 player 13: (92.883 -175.927 1.265) h1.00/0.88 g0/0 w a89/-4 f89 l89/-4 as140/120 st20 thr1.00 501:0 s0 k0 d0 f0 t13 m124 player 14: dead s0 k0 d1 f0 t14 m124 player 15: (95.593 -166.342 0.110) h0.72/0.00 g0/0 w a-159/10 f-159 l-159/10 as139/120 st5 thr1.00 501:0 s1 k1 d0 f0 t15 m124 player 16: (52.862 -90.417 0.194) h1.00/0.58 g0/0 w a106/-7 f106 l106/-7 as139/120 st5 thr1.00 501:0 s0 k0 d0 f0 t16 m124 player 17: (85.290 -163.323 0.113) h0.65/0.74 g0/0 w a6/-2 f6 l6/-2 as139/120 st7 thr1.00 501:0 s0 k0 d0 f0 t17 m123 player 18: (102.742 -170.185 0.193) h1.00/0.66 g0/0 w a152/-1 f152 l152/-1 as139/120 st7 thr1.00 501:0 s1 k1
chupathingyce: bots: bot 3 inventory slot 0 now weapon 501
chupathingyce: network test: tick 1470 player 0: (52.920 -90.248 0.193) h0.86/0.00 g0/0 w a-73/-5 f-73 l-73/-5 as139/120 st4 thr1.00 501:0 s3 k3 d2 f0 t0 m0 player 1: (47.498 -98.329 1.136) h0.47/0.00 g0/0 w a46/-7 f46 l46/-7 as139/120 st7 thr1.00 501:0 s1 k1 d1 f0 t1 m127 player 2: (40.423 -87.418 0.128) h0.68/1.00 g0/0 w a-57/0 f-92 l-57/0 as140/120 st21 thr1.00 501:0 s0 k0 d0 f0 t2 m127 player 3: (99.121 -151.307 -0.010) h1.00/1.00 g0/0 w a15/8 f15 l15/8 as139/120 st7 thr1.00 501:0 s0 k0 d1 f0 t3 m127 player 4: (104.649 -149.700 0.926) h0.74/0.10 g0/0 w a-153/-1 f-147 l-153/-1 as140/120 st20 thr1.00 501:0 s0 k0 d0 f0 t4 m127 player 5: (89.128 -164.651 0.127) h1.00/0.32 g0/0 w a168/-3 f168 l168/-3 as139/120 st6 thr1.00 501:0 s0 k0 d0 f0 t5 m126 player 6: (31.318 -99.140 1.516) h1.00/1.00 g0/0 w a85/-9 f85 l85/-9 as139/120 st6 thr1.00 501:0 s1 k1 d0 f0 t6 m126 player 7: dead s0 k0 d1 f0 t7 m126 player 8: (91.466 -152.278 0.673) h1.00/0.86 g0/0 w a-20/1 f-18 l-20/1 as140/120 st20 thr1.00 501:0 s0 k0 d1 f0 t8 m126 player 9: (44.100 -75.254 0.119) h0.13/0.00 g0/0 w a20/1 f20 l20/1 as139/120 st5 thr1.00 501:0 s0 k0 d0 f0 t9 m125 player 10: (30.650 -80.473 0.031) h1.00/1.00 g0/0 w a-84/0 f-84 l-84/0 as139/120 st4 thr1.00 501:0 s0 k0 d1 f0 t10 m125 player 11: (96.082 -154.200 0.783) h0.59/0.00 g0/0 w a160/-3 f-178 l160/-3 as140/120 st20 thr1.00 501:0 s0 k0 d0 f0 t11 m125 player 12: (44.061 -92.605 0.285) h0.33/0.00 g0/0 w a172/-0 f172 l172/-0 as139/120 st5 thr1.00 501:0 s0 k0 d0 f0 t12 m125 player 13: (94.063 -175.881 0.883) h1.00/0.88 g0/0 w a98/-7 f98 l98/-7 as139/120 st6 thr1.00 501:0 s0 k0 d0 f0 t13 m124 player 14: dead s0 k0 d1 f0 t14 m124 player 15: (96.566 -164.937 0.133) h0.72/0.00 g0/0 w a-137/-2 f-137 l-137/-2 as139/120 st5 thr1.00 501:0 s1 k1 d0 f0 t15 m124 player 16: (53.278 -92.177 0.206) h1.00/0.30 g0/0 w a99/-5 f102 l99/-5 as139/120 st9 thr1.00 501:0 s0 k0 d0 f0 t16 m124 player 17: (85.479 -163.549 0.115) h0.65/0.74 g0/0 w a-13/-2 f-13 l-13/-2 as139/120 st6 thr1.00 501:0 s0 k0 d0 f0 t17 m123 player 18: (103.725 -168.
chupathingyce: bots: bot 7 inventory slot 0 now weapon 501
chupathingyce: bots: bot 14 inventory slot 0 now weapon 501
chupathingyce: network test: tick 1500 player 0: (53.246 -92.078 0.213) h0.58/0.00 g0/0 w a-73/-5 f-73 l-73/-5 as139/120 st4 thr1.00 501:0 s3 k3 d2 f0 t0 m0 player 1: (49.029 -99.608 0.664) h0.47/0.00 g0/0 w a55/-4 f55 l55/-4 as139/120 st6 thr1.00 501:0 s1 k1 d1 f0 t1 m127 player 2: (40.780 -86.966 0.144) h0.68/1.00 g0/0 w a-50/3 f-50 l-50/3 as139/120 st6 thr1.00 501:0 s0 k0 d0 f0 t2 m127 player 3: (99.303 -151.879 0.530) h1.00/1.00 g0/0 w a4/-6 f13 l4/-6 as140/120 st20 thr1.00 501:0 s0 k0 d1 f0 t3 m127 player 4: (104.516 -151.560 0.111) h0.74/0.35 g0/0 w a-162/-1 f-162 l-162/-1 as139/120 st6 thr1.00 501:0 s0 k0 d0 f0 t4 m127 player 5: (89.559 -164.055 0.131) h1.00/0.18 g0/0 w a146/-2 f147 l146/-2 as139/120 st10 thr1.00 501:0 s0 k0 d0 f0 t5 m126 player 6: (29.367 -98.985 1.612) h1.00/1.00 g0/0 w a84/-11 f84 l84/-11 as139/120 st6 thr1.00 501:0 s1 k1 d0 f0 t6 m126 player 7: (38.436 -68.638 0.275) h1.00/1.00 g0/0 w a-46/-1 f-46 l-46/-1 as139/120 st4 thr1.00 501:0 s0 k0 d1 f0 t7 m126 player 8: (92.638 -150.431 0.367) h1.00/0.86 g0/0 w a-41/-5 f-18 l-41/-5 as140/120 st20 thr1.00 501:0 s0 k0 d1 f0 t8 m126 player 9: dead s0 k0 d1 f0 t9 m125 player 10: (31.979 -81.699 -0.028) h1.00/1.00 g0/0 w a-100/1 f-100 l-100/1 as139/120 st6 thr1.00 501:0 s0 k0 d1 f0 t10 m125 player 11: (96.653 -154.190 0.134) h0.29/0.00 g0/0 w a138/3 f138 l138/3 as139/120 st5 thr1.00 501:0 s0 k0 d0 f0 t11 m125 player 12: (45.811 -92.751 0.767) h0.33/0.00 g0/0 w a131/-5 f131 l131/-5 as139/120 st5 thr1.00 501:0 s0 k0 d0 f0 t12 m125 player 13: (92.088 -176.121 0.747) h1.00/0.88 g0/0 w a97/-7 f97 l97/-7 as139/120 st6 thr1.00 501:0 s0 k0 d0 f0 t13 m124 player 14: (52.673 -76.518 0.077) h1.00/1.00 g0/0 w a-107/-2 f-107 l-107/-2 as139/120 st6 thr1.00 501:0 s0 k0 d1 f0 t14 m124 player 15: (98.000 -164.944 0.111) h0.47/0.00 g0/0 w a-153/-1 f-153 l-153/-1 as139/120 st5 thr1.00 501:0 s1 k1 d0 f0 t15 m124 player 16: (53.568 -93.182 0.156) h0.61/0.00 g0/0 w a109/-4 f108 l109/-4 as139/120 st5 thr1.00 501:0 s0 k0 d0 f0 t16 m124 player 17: (86.401 -161.781 0.126) h0.65/0.74 g0/0
chupathingyce: bots: bot 1 at (49.0 -99.6 0.7) yaw 55 fight, target 16 (seen), shield 0.00, kills 1 deaths 1
chupathingyce: bots: bot 2 at (41.1 -86.7 0.1) yaw -52 fight, target 12 (seen), shield 1.00, kills 0 deaths 0
chupathingyce: bots: bot 3 at (99.2 -151.4 0.5) yaw -11 fight, target 4 (seen), shield 1.00, kills 0 deaths 1
chupathingyce: bots: bot 4 at (104.8 -152.9 0.1) yaw 163 fight, target 3 (seen), shield 0.52, kills 0 deaths 0
chupathingyce: bots: bot 5 at (88.2 -165.1 0.1) yaw 119 fight, target 17 (seen), shield 0.18, kills 0 deaths 0
chupathingyce: network test: tick 1530 player 0: (53.427 -94.119 0.118) h0.58/0.00 g0/0 w a-123/-18 f-123 l-123/-18 as139/120 st4 thr1.00 501:0 s4 k4 d2 f0 t0 m0 player 1: (48.428 -99.178 1.231) h0.47/0.00 g0/0 w a47/-11 f55 l47/-11 as140/120 st20 thr1.00 501:0 s1 k1 d1 f0 t1 m127 player 2: (40.308 -87.479 0.125) h0.68/1.00 g0/0 w a-42/6 f-42 l-42/6 as139/120 st7 thr1.00 501:0 s0 k0 d0 f0 t2 m127 player 3: (99.112 -151.193 -0.005) h1.00/1.00 g0/0 w a-21/0 f-21 l-21/0 as139/120 st7 thr1.00 501:0 s0 k0 d1 f0 t3 m127 player 4: (104.650 -153.484 0.111) h0.74/0.60 g0/0 w a157/-2 f157 l157/-2 as139/120 st6 thr1.00 501:0 s0 k0 d0 f0 t4 m127 player 5: (88.073 -165.148 0.129) h1.00/0.18 g0/0 w a119/-3 f119 l119/-3 as139/120 st6 thr1.00 501:0 s0 k0 d0 f0 t5 m126 player 6: (27.459 -98.561 1.620) h1.00/1.00 g0/0 w a73/-11 f73 l73/-11 as139/120 st6 thr1.00 501:0 s1 k1 d0 f0 t6 m126 player 7: (40.712 -69.346 0.859) h1.00/1.00 g0/0 w a-51/-1 f-51 l-51/-1 as140/120 st20 thr1.00 501:0 s0 k0 d1 f0 t7 m126 player 8: (92.659 -150.110 0.386) h1.00/0.86 g0/0 w a-7/-4 f-7 l-7/-4 as139/120 st6 thr1.00 501:0 s1 k1 d1 f0 t8 m126 player 9: dead s0 k0 d1 f0 t9 m125 player 10: (33.339 -81.949 0.476) h1.00/1.00 g0/0 w a-109/-2 f-102 l-109/-2 as140/120 st20 thr1.00 501:0 s0 k0 d1 f0 t10 m125 player 11: dead s0 k0 d1 f0 t11 m125 player 12: (47.323 -93.641 1.243) h0.33/0.00 g0/0 w a138/-8 f138 l138/-8 as139/120 st5 thr1.00 501:0 s0 k0 d0 f0 t12 m125 player 13: (93.146 -175.827 0.789) h1.00/1.00 g0/0 w a107/-7 f107 l107/-7 as139/120 st7 thr1.00 501:0 s0 k0 d0 f0 t13 m124 player 14: (54.058 -77.487 0.358) h1.00/1.00 g0/0 w a-149/2 f-149 l-149/2 as140/120 st20 thr1.00 501:0 s0 k0 d1 f0 t14 m124 player 15: (99.755 -165.128 0.028) h0.21/0.00 g0/0 w a-157/-0 f-157 l-157/-0 as139/120 st5 thr1.00 501:0 s1 k1 d0 f0 t15 m124 player 16: dead s0 k0 d1 f0 t16 m124 player 17: (86.093 -161.673 0.123) h0.65/0.74 g0/0 w a-60/-3 f-60 l-60/-3 as139/120 st7 thr1.00 501:0 s0 k0 d0 f0 t17 m123 player 18: (104.412 -166.484 0.038) h1.00/0.70 g0/0 w a167/-2 f167 l167/-2 as139/120 st6
chupathingyce: bots: bot 6 at (27.2 -98.5 1.6) yaw 70 fight, target 20 (seen), shield 1.00, kills 1 deaths 0
chupathingyce: bots: bot 7 at (41.6 -69.7 1.0) yaw -54 fight, target 23 (seen), shield 1.00, kills 0 deaths 1
chupathingyce: bots: bot 8 at (93.0 -148.9 0.4) yaw -23 fight, target 3 (seen), shield 0.86, kills 1 deaths 1
chupathingyce: network test: tick 1560 player 0: (51.659 -95.304 0.707) h0.58/0.00 g0/0 w a-143/2 f-156 l-143/2 as140/120 st20 thr1.00 501:0 s4 k4 d2 f0 t0 m0 player 1: (47.364 -98.016 1.423) h0.47/0.00 g0/0 w a33/-7 f33 l33/-7 as140/120 st20 thr1.00 501:0 s1 k1 d1 f0 t1 m127 player 2: (39.642 -88.406 0.743) h0.68/1.00 g0/0 w a-40/2 f-41 l-40/2 as140/120 st20 thr1.00 501:0 s0 k0 d0 f0 t2 m127 player 3: (99.303 -150.947 0.588) h1.00/1.00 g0/0 w a-42/-7 f-30 l-42/-7 as140/120 st20 thr1.00 501:0 s0 k0 d1 f0 t3 m127 player 4: (103.701 -155.228 0.060) h0.74/0.85 g0/0 w a138/4 f138 l138/4 as139/120 st6 thr1.00 501:0 s0 k0 d0 f0 t4 m127 player 5: (86.339 -166.145 0.124) h1.00/0.18 g0/0 w a120/-3 f120 l120/-3 as139/120 st6 thr1.00 501:0 s0 k0 d0 f0 t5 m126 player 6: (27.015 -98.384 1.636) h1.00/1.00 g0/0 w a74/-11 f74 l74/-11 as139/120 st7 thr1.00 501:0 s1 k1 d0 f0 t6 m126 player 7: (42.758 -70.300 0.339) h1.00/1.00 g0/0 w a-33/-7 f-51 l-33/-7 as140/120 st20 thr1.00 501:0 s0 k0 d1 f0 t7 m126 player 8: (93.333 -148.237 0.329) h1.00/0.86 g0/0 w a-24/1 f-24 l-24/1 as139/120 st6 thr1.00 501:0 s1 k1 d1 f0 t8 m126 player 9: dead s0 k0 d1 f0 t9 m125 player 10: (33.035 -82.715 -0.027) h1.00/1.00 g0/0 w a-40/4 f-40 l-40/4 as139/120 st6 thr1.00 501:0 s0 k0 d1 f0 t10 m125 player 11: dead s0 k0 d1 f0 t11 m125 player 12: (48.053 -95.482 1.301) h0.33/0.00 g0/0 w a-149/-4 f139 l-151/-4 as140/120 st20 thr1.00 501:0 s0 k0 d0 f0 t12 m125 player 13: (93.006 -175.920 0.796) h1.00/1.00 g0/0 w a109/-8 f109 l109/-8 as139/120 st6 thr1.00 501:0 s0 k0 d0 f0 t13 m124 player 14: (53.974 -77.103 0.372) h1.00/0.61 g0/0 w a-158/-4 f-149 l-158/-4 as140/120 st20 thr1.00 501:0 s0 k0 d1 f0 t14 m124 player 15: dead s1 k1 d1 f0 t15 m124 player 16: dead s0 k0 d1 f0 t16 m124 player 17: (84.363 -162.677 0.101) h0.65/0.74 g0/0 w a-61/-2 f-61 l-61/-2 as139/120 st7 thr1.00 501:0 s0 k0 d0 f0 t17 m123 player 18: (103.610 -168.472 0.045) h1.00/0.95 g0/0 w a-146/3 f-146 l-146/3 as139/120 st4 thr1.00 501:0 s2 k2 d1 f0 t18 m123 player 19: (91.432 -170.489 0.152) h0.32/0.00 g0/0 w a1
chupathingyce: bots: bot 10 at (33.1 -82.6 -0.0) yaw -42 fight, target 2 (seen), shield 1.00, kills 0 deaths 1
chupathingyce: bots: bot 12 at (48.8 -95.4 1.0) yaw -123 retreat, target 1 (seen), shield 0.00, kills 0 deaths 0
chupathingyce: bots: bot 9 inventory slot 0 now weapon 501
chupathingyce: bots: bot 13 at (91.4 -176.0 0.6) yaw 74 fight, target 19 (seen), shield 1.00, kills 0 deaths 0
chupathingyce: network test: tick 1590 player 0: (49.856 -96.365 0.768) h0.43/0.00 g0/0 w a-157/8 f-151 l-157/8 as140/120 st20 thr1.00 501:0 s4 k4 d2 f0 t0 m0 player 1: (47.191 -97.907 1.437) h0.47/0.00 g0/0 w a31/-17 f33 l31/-17 as140/120 st20 thr1.00 501:0 s1 k1 d1 f0 t1 m127 player 2: (40.437 -89.024 0.110) h0.68/1.00 g0/0 w a-51/6 f-51 l-51/6 as139/120 st4 thr1.00 501:0 s0 k0 d0 f0 t2 m127 player 3: (100.748 -149.520 0.015) h1.00/1.00 g0/0 w a-52/-0 f-52 l-52/-0 as139/120 st6 thr1.00 501:0 s0 k0 d1 f0 t3 m127 player 4: (104.602 -154.591 0.115) h0.74/1.00 g0/0 w a127/-2 f127 l127/-2 as139/120 st7 thr1.00 501:0 s0 k0 d0 f0 t4 m127 player 5: (84.829 -166.672 0.107) h1.00/0.18 g0/0 w a82/-3 f82 l82/-3 as139/120 st7 thr1.00 501:0 s0 k0 d0 f0 t5 m126 player 6: (26.435 -98.430 1.682) h1.00/1.00 g0/0 w a87/-10 f87 l87/-10 as139/120 st6 thr1.00 501:0 s1 k1 d0 f0 t6 m126 player 7: (42.110 -71.997 0.120) h1.00/1.00 g0/0 w a-31/-4 f-31 l-31/-4 as139/120 st7 thr1.00 501:0 s0 k0 d1 f0 t7 m126 player 8: (93.497 -148.050 0.288) h1.00/0.86 g0/0 w a-14/-3 f-14 l-14/-3 as139/120 st7 thr1.00 501:0 s1 k1 d1 f0 t8 m126 player 9: (37.651 -67.780 0.295) h1.00/1.00 g0/0 w a-41/-2 f-41 l-41/-2 as139/120 st6 thr1.00 501:0 s0 k0 d1 f0 t9 m125 player 10: (34.533 -81.322 0.093) h1.00/1.00 g0/0 w a-51/-0 f-51 l-51/-0 as139/120 st6 thr1.00 501:0 s0 k0 d1 f0 t10 m125 player 11: dead s0 k0 d1 f0 t11 m125 player 12: (49.312 -94.854 0.776) h0.33/0.00 g0/0 w a-66/-8 f-66 l-66/-8 as139/120 st5 thr1.00 501:0 s0 k0 d0 f0 t12 m125 player 13: (91.070 -175.877 0.523) h1.00/1.00 g0/0 w a69/-5 f69 l69/-5 as139/120 st6 thr1.00 501:0 s0 k0 d0 f0 t13 m124 player 14: (53.329 -75.323 0.065) h1.00/0.61 g0/0 w a-161/-0 f-161 l-161/-0 as139/120 st7 thr1.00 501:0 s0 k0 d1 f0 t14 m124 player 15: dead s1 k1 d1 f0 t15 m124 player 16: dead s0 k0 d1 f0 t16 m124 player 17: (85.552 -162.583 0.115) h0.65/0.75 g0/0 w a-99/-3 f-99 l-99/-3 as139/120 st7 thr1.00 501:0 s0 k0 d0 f0 t17 m123 player 18: (102.607 -170.383 0.215) h1.00/1.00 g0/0 w a-155/2 f-155 l-155/2 as139/120 st4 thr1.00 50
chupathingyce: bots: bot 14 at (53.3 -75.3 0.1) yaw -161 fight, target 23 (seen), shield 0.61, kills 0 deaths 1
chupathingyce: bots: bot 11 inventory slot 0 now weapon 501
chupathingyce: bots: bot 17 at (84.6 -162.7 0.1) yaw -69 fight, target 5 (seen), shield 0.93, kills 0 deaths 0
chupathingyce: bots: bot 16 inventory slot 0 now weapon 501
chupathingyce: bots: bot 18 at (101.3 -172.0 0.4) yaw -164 fight, target 13 (seen), shield 1.00, kills 2 deaths 1
chupathingyce: network test: tick 1620 player 0: (48.706 -97.565 0.889) h0.06/0.00 g0/0 w a-145/2 f-145 l-145/2 as139/120 st4 thr1.00 501:0 s4 k4 d2 f0 t0 m0 player 1: (46.391 -99.183 1.139) h0.43/0.00 g0/0 w a37/-8 f39 l37/-8 as139/120 st5 thr1.00 501:0 s1 k1 d1 f0 t1 m127 player 2: (42.054 -90.006 0.592) h0.68/1.00 g0/0 w a-23/5 f-52 l-23/5 as140/120 st20 thr1.00 501:0 s0 k0 d0 f0 t2 m127 player 3: (102.511 -148.212 0.588) h1.00/1.00 g0/0 w a-54/-2 f-54 l-54/-2 as140/120 st20 thr1.00 501:0 s0 k0 d1 f0 t3 m127 player 4: (106.207 -153.399 0.486) h0.74/1.00 g0/0 w a126/0 f126 l126/0 as140/120 st20 thr1.00 501:0 s0 k0 d0 f0 t4 m127 player 5: (86.670 -166.399 0.120) h1.00/0.18 g0/0 w a121/-2 f121 l121/-2 as139/120 st7 thr1.00 501:0 s0 k0 d0 f0 t5 m126 player 6: (27.005 -98.444 1.645) h1.00/1.00 g0/0 w a87/-10 f87 l87/-10 as139/120 st7 thr1.00 501:0 s1 k1 d0 f0 t6 m126 player 7: (42.389 -71.733 0.103) h1.00/1.00 g0/0 w a-48/-2 f-48 l-48/-2 as139/120 st6 thr1.00 501:0 s0 k0 d1 f0 t7 m126 player 8: (93.420 -147.745 0.339) h1.00/1.00 g0/0 w a-2/0 f-2 l-2/0 as139/120 st6 thr1.00 501:0 s1 k1 d1 f0 t8 m126 player 9: (39.391 -66.563 0.963) h1.00/1.00 g0/0 w a-61/-10 f-56 l-61/-10 as140/120 st20 thr1.00 501:0 s0 k0 d1 f0 t9 m125 player 10: (35.154 -82.579 0.581) h1.00/1.00 g0/0 w a-48/0 f-49 l-48/0 as140/120 st20 thr1.00 501:0 s0 k0 d1 f0 t10 m125 player 11: (104.909 -162.211 0.025) h1.00/1.00 g0/0 w a81/2 f81 l81/2 as139/120 st6 thr1.00 501:0 s0 k0 d1 f0 t11 m125 player 12: (49.441 -92.971 1.435) h0.33/0.02 g0/0 w a-100/-9 f-91 l-100/-9 as140/120 st20 thr1.00 501:0 s0 k0 d0 f0 t12 m125 player 13: (89.645 -174.981 0.388) h1.00/1.00 g0/0 w a45/-4 f45 l45/-4 as139/120 st7 thr1.00 501:0 s0 k0 d0 f0 t13 m124 player 14: (52.347 -73.379 0.170) h1.00/0.61 g0/0 w a-143/-2 f-143 l-143/-2 as139/120 st6 thr1.00 501:0 s0 k0 d1 f0 t14 m124 player 15: dead s1 k1 d1 f0 t15 m124 player 16: (29.604 -76.405 0.290) h1.00/1.00 g0/0 w a68/2 f3 l62/2 as139/120 st4 thr1.00 501:0 s0 k0 d1 f0 t16 m124 player 17: (84.157 -162.913 0.098) h0.65/1.00 g0/0 w a-58/-2 f
chupathingyce: bots: bot 19 at (92.4 -172.2 0.2) yaw 132 fight, target 5 (seen), shield 0.00, kills 1 deaths 0
chupathingyce: bots: bot 20 at (28.1 -91.3 0.5) yaw 2 fight, target 2 (seen), shield 0.00, kills 0 deaths 0
chupathingyce: bots: bot 21 at (45.2 -74.2 -0.0) yaw -21 fight, target 23 (seen), shield 0.87, kills 0 deaths 0
chupathingyce: bots: bot 22 at (57.3 -74.3 0.4) yaw -180 fight, target 14 (seen), shield 0.23, kills 1 deaths 0
chupathingyce: bots: bot 15 inventory slot 0 now weapon 501
chupathingyce: network test: tick 1650 player 0: dead s4 k4 d3 f0 t0 m0 player 1: (45.104 -100.415 0.963) h0.27/0.00 g0/0 w a109/-6 f109 l109/-6 as139/120 st5 thr1.00 501:0 s1 k1 d1 f0 t1 m127 player 2: (42.199 -91.703 0.159) h0.68/1.00 g0/0 w a-1/1 f-1 l-1/1 as139/120 st7 thr1.00 501:0 s0 k0 d0 f0 t2 m127 player 3: (104.314 -146.969 0.423) h1.00/1.00 g0/0 w a-57/-2 f-57 l-57/-2 as139/120 st6 thr1.00 501:0 s0 k0 d1 f0 t3 m127 player 4: (107.850 -152.259 0.286) h0.74/1.00 g0/0 w a123/-2 f126 l123/-2 as140/120 st20 thr1.00 501:0 s0 k0 d0 f0 t4 m127 player 5: (87.640 -164.729 0.136) h1.00/0.18 g0/0 w a176/-3 f176 l176/-3 as139/120 st7 thr1.00 501:0 s0 k0 d0 f0 t5 m126 player 6: (27.603 -98.412 1.587) h1.00/1.00 g0/0 w a78/-10 f78 l78/-10 as139/120 st6 thr1.00 501:0 s1 k1 d0 f0 t6 m126 player 7: (44.307 -70.684 0.115) h1.00/1.00 g0/0 w a-71/-6 f-71 l-71/-6 as139/120 st6 thr1.00 501:0 s0 k0 d1 f0 t7 m126 player 8: (94.148 -146.123 0.052) h1.00/1.00 g0/0 w a-6/1 f-6 l-6/1 as139/120 st4 thr1.00 501:0 s1 k1 d1 f0 t8 m126 player 9: (39.322 -66.831 0.516) h1.00/1.00 g0/0 w a-40/-5 f-40 l-40/-5 as139/120 st6 thr1.00 501:0 s0 k0 d1 f0 t9 m125 player 10: (35.788 -84.643 0.061) h1.00/1.00 g0/0 w a-47/-2 f-49 l-47/-2 as140/120 st20 thr1.00 501:0 s0 k0 d1 f0 t10 m125 player 11: (103.107 -161.326 0.098) h1.00/1.00 g0/0 w a64/2 f64 l64/2 as139/120 st4 thr1.00 501:0 s0 k0 d1 f0 t11 m125 player 12: (49.673 -91.988 0.409) h0.33/0.27 g0/0 w a179/-3 f-136 l179/-3 as139/120 st6 thr1.00 501:0 s1 k1 d0 f0 t12 m125 player 13: (91.042 -175.978 0.539) h1.00/1.00 g0/0 w a84/6 f84 l84/6 as139/120 st5 thr1.00 501:0 s0 k0 d0 f0 t13 m124 player 14: (52.852 -74.621 0.097) h1.00/0.47 g0/0 w a-164/3 f-164 l-164/3 as139/120 st6 thr1.00 501:0 s0 k0 d1 f0 t14 m124 player 15: (85.284 -157.769 -0.017) h1.00/1.00 g0/0 w a-110/-1 f-32 l-90/-1 as140/120 st0 thr0.00 501:0 s1 k1 d1 f0 t15 m124 player 16: (30.189 -74.430 0.927) h1.00/1.00 g0/0 w a42/-2 f42 l42/-2 as139/120 st4 thr1.00 501:0 s0 k0 d1 f0 t16 m124 player 17: (83.186 -164.582 0.100) h0.65/1.00 g0/0 w a-4/-2 f-4
chupathingyce: bots: bot 23 at (48.4 -76.0 0.7) yaw 140 fight, target 21 (seen), shield 0.58, kills 1 deaths 0
chupathingyce: exiting after debug.exit_after
chupathingyce: frame stats: 25433 frames written to /tmp/jobsbench/lobby_p24_off/frames.csv
