chupathingyce: settings: /tmp/jobsbench/lobby_p24_parallel/saves/config.toml
chupathingyce: settings: added graphics.texture_cache_mb (new in this version) at its default
chupathingyce: save root: /tmp/jobsbench/lobby_p24_parallel/saves
chupathingyce: data root: /Users/noahlopez/Library/Application Support/ChupathingyCE (the game's log: debug.txt there)
chupathingyce: ChupathingyCE 0.7.1d-dev (dev, debug config, commit 80b829aa, built 2026-10-09) macOS arm64
chupathingyce: OpenCE network version 24 (joins 11-24); Delta 1, wire chupa-24a, legacy table: built in; protocol auto
chupathingyce: Following OpenCE network version 24 (built in)
chupathingyce: features: infection off, bots on
chupathingyce: anti-aliasing: off
chupathingyce: screen: 640x480 drawn at 1280x960
chupathingyce: OpenGL 4.1 Metal - 90.5 on Apple M2 Pro
chupathingyce: cannot map the visibility test results; tests read their queries
chupathingyce: shader cache: 105 shaders and 93 programs made ready in 260 ms (/tmp/jobsbench/lobby_p24_parallel/saves/shader_cache.bin)
chupathingyce: screen: 738x480 drawn at 2560x1662
chupathingyce: high-res hud: 69 of 104 bitmaps in this map (35 not in it)
chupathingyce: Delta: legacy table 5 from Delta List: announcing 25, joining 11 to 25; following OpenCE build-169
chupathingyce: network test: host:bloodgulch:slayer
chupathingyce: high-res text: ui\small_ui drawn with Overpass-750.ttf
chupathingyce: jobs: parallel, 2 workers (8 performance cores), 130 KiB of graph arenas
chupathingyce: network test: hosting bloodgulch
chupathingyce: Delta Peer: hosting with Delta on port 5160
chupathingyce: Delta Peer: every machine of the game shares capabilities 0x13
chupathingyce: high-res text: ui\large_ui drawn with Overpass-900.ttf
chupathingyce: network test: game 1, slayer
chupathingyce: network test: starting the game
chupathingyce: high-res hud: 70 of 104 bitmaps in this map (34 not in it)
chupathingyce: shadow maps: 128x128
chupathingyce: network test: player 0 is named Player
chupathingyce: network test: tick 30 player 0: (97.652 -169.620 0.258) h1.00/1.00 g0/0 w a-158/34 f176 l-158/34 as140/120 st0 thr0.00 501:0 s0 k0 d0 f0 t0 m0 | items 35 (+41 -0 !0 x0) | playing to 15 | sent 5 received 3 corrected 0 | hits 0 dealt 0 rejected 0 replayed 0 | local 0 camera (97.7 -169.6 0.9) respawn 0
chupathingyce: bots: Bot 1 joined (spartan)
chupathingyce: bots: bot 1 inventory slot 0 now weapon 501
chupathingyce: bots: navigation graph of 70 nodes and 438 links
chupathingyce: network test: player 1 is named Bot 1
chupathingyce: network test: tick 60 player 0: (97.652 -169.620 0.258) h1.00/1.00 g0/0 w a157/-22 f176 l157/-22 as140/120 st0 thr0.00 501:0 s0 k0 d0 f0 t0 m0 player 1: (51.580 -74.963 0.138) h1.00/1.00 g0/0 w a103/0 f103 l103/0 as139/120 st4 thr1.00 501:0 s0 k0 d0 f0 t1 m127 | items 35 (+43 -0 !0 x0) | playing to 15 | sent 10 received 5 corrected 0 | hits 0 dealt 0 rejected 0 replayed 0 | local 0 camera (97.7 -169.6 0.9) respawn 0
chupathingyce: bots: Bot 2 joined (spartan)
chupathingyce: bots: bot 2 inventory slot 0 now weapon 501
chupathingyce: bots: bot 2 seeking vehicle -495910910
chupathingyce: forge: Forge: bloodgulch (H for help)
chupathingyce: network test: player 2 is named Bot 2
chupathingyce: network test: tick 90 player 0: (97.652 -169.620 0.258) h1.00/1.00 g0/0 w a129/-17 f176 l129/-17 as140/120 st0 thr0.00 501:0 s0 k0 d0 f0 t0 m0 player 1: (51.083 -72.769 0.153) h1.00/1.00 g0/0 w a103/0 f103 l103/0 as139/120 st4 thr1.00 501:0 s0 k0 d0 f0 t1 m127 player 2: (105.156 -156.220 0.184) h1.00/1.00 g0/0 w a107/0 f107 l107/0 as139/120 st4 thr1.00 501:0 s0 k0 d0 f0 t2 m127 | items 35 (+45 -0 !0 x0) | playing to 15 | sent 14 received 7 corrected 0 | hits 0 dealt 0 rejected 0 replayed 0 | local 0 camera (97.7 -168.6 2.1) respawn 0
chupathingyce: bots: Bot 3 joined (spartan)
chupathingyce: bots: bot 3 inventory slot 0 now weapon 501
chupathingyce: bots: bot 3 seeking vehicle -496041984
chupathingyce: network test: player 3 is named Bot 3
chupathingyce: network test: tick 120 player 0: (97.652 -169.620 0.258) h1.00/1.00 g0/0 w a129/-17 f176 l129/-17 as140/120 st0 thr0.00 501:0 s0 k0 d0 f0 t0 m0 player 1: (50.587 -70.576 0.222) h1.00/1.00 g0/0 w a103/0 f103 l103/0 as139/120 st4 thr1.00 501:0 s0 k0 d0 f0 t1 m127 player 2: (104.511 -154.066 0.100) h1.00/1.00 g0/0 w a107/0 f107 l107/0 as139/120 st4 thr1.00 501:0 s0 k0 d0 f0 t2 m127 player 3: (29.606 -77.538 0.166) h1.00/1.00 g0/0 w a-90/0 f-90 l-90/0 as139/120 st4 thr1.00 501:0 s0 k0 d0 f0 t3 m127 | items 35 (+47 -0 !0 x0) | playing to 15 | sent 19 received 9 corrected 0 | hits 0 dealt 0 rejected 0 replayed 0 | local 0 camera (98.1 -164.8 4.8) respawn 0
chupathingyce: bots: Bot 4 joined (spartan)
chupathingyce: bots: bot 4 inventory slot 0 now weapon 501
chupathingyce: network test: player 4 is named Bot 4
chupathingyce: network test: tick 150 player 0: (97.652 -169.620 0.258) h1.00/1.00 g0/0 w a129/-17 f176 l129/-17 as140/120 st0 thr0.00 501:0 s0 k0 d0 f0 t0 m0 player 1: (50.191 -68.718 0.390) h1.00/1.00 g0/0 w a174/-1 f174 l174/-1 as139/120 st4 thr1.00 501:0 s0 k0 d0 f0 t1 m127 player 2: (103.866 -151.911 0.067) h1.00/1.00 g0/0 w a107/0 f107 l107/0 as139/120 st4 thr1.00 501:0 s0 k0 d0 f0 t2 m127 player 3: (29.603 -79.784 0.111) h1.00/1.00 g0/0 w a-90/0 f-90 l-90/0 as139/120 st4 thr1.00 501:0 s0 k0 d0 f0 t3 m127 player 4: (42.879 -68.574 0.412) h1.00/1.00 g0/0 w a-3/-1 f-3 l-3/-1 as139/120 st4 thr1.00 501:0 s0 k0 d0 f0 t4 m127 | items 35 (+49 -0 !0 x0) | playing to 15 | sent 23 received 11 corrected 0 | hits 0 dealt 0 rejected 0 replayed 0 | local 0 camera (95.5 -157.3 10.7) respawn 0
chupathingyce: bots: Bot 5 joined (spartan)
chupathingyce: bots: bot 5 inventory slot 0 now weapon 501
chupathingyce: network test: player 5 is named Bot 5
chupathingyce: network test: tick 180 player 0: (97.652 -169.620 0.258) h1.00/1.00 g0/0 w a129/-17 f176 l129/-17 as140/120 st0 thr0.00 501:0 s0 k0 d0 f0 t0 m0 player 1: (48.068 -68.614 0.406) h1.00/1.00 g0/0 w a171/-0 f171 l171/-0 as139/120 st6 thr1.00 501:0 s0 k0 d0 f0 t1 m127 player 2: (103.220 -149.756 0.031) h1.00/1.00 g0/0 w a107/0 f107 l107/0 as139/120 st4 thr1.00 501:0 s0 k0 d0 f0 t2 m127 player 3: (29.597 -82.032 0.171) h1.00/1.00 g0/0 w a-90/0 f-90 l-90/0 as139/120 st4 thr1.00 501:0 s0 k0 d0 f0 t3 m127 player 4: (43.639 -67.691 0.701) h1.00/1.00 g0/0 w a-8/-4 f-8 l-8/-4 as140/120 st20 thr1.00 501:0 s0 k0 d0 f0 t4 m127 player 5: (52.253 -81.518 0.119) h1.00/1.00 g0/0 w a106/1 f106 l106/1 as139/120 st4 thr1.00 501:0 s0 k0 d0 f0 t5 m126 | items 35 (+51 -0 !0 x0) | playing to 15 | sent 28 received 13 corrected 0 | hits 0 dealt 0 rejected 0 replayed 0 | local 0 camera (85.3 -145.8 9.9) respawn 0
chupathingyce: bots: Bot 6 joined (spartan)
chupathingyce: bots: bot 6 inventory slot 0 now weapon 501
chupathingyce: network test: player 6 is named Bot 6
chupathingyce: network test: tick 210 player 0: (97.652 -169.620 0.258) h1.00/1.00 g0/0 w a129/-17 f176 l129/-17 as140/120 st0 thr0.00 501:0 s0 k0 d0 f0 t0 m0 player 1: (46.955 -70.163 0.180) h1.00/1.00 g0/0 w a124/7 f124 l124/7 as139/120 st6 thr1.00 501:0 s0 k0 d0 f0 t1 m127 player 2: (102.577 -147.612 0.228) h1.00/1.00 g0/0 w a107/0 f107 l107/0 as139/120 st4 thr1.00 501:0 s0 k0 d0 f0 t2 m127 player 3: (29.451 -84.206 0.649) h1.00/1.00 g0/0 w a-37/-3 f-41 l-37/-3 as140/120 st20 thr1.00 501:0 s0 k0 d0 f0 t3 m127 player 4: (44.459 -65.923 0.804) h1.00/1.00 g0/0 w a-56/-9 f-8 l-56/-9 as139/120 st6 thr1.00 501:0 s0 k0 d0 f0 t4 m127 player 5: (52.550 -79.375 0.161) h1.00/1.00 g0/0 w a120/-1 f120 l120/-1 as139/120 st4 thr1.00 501:0 s0 k0 d0 f0 t5 m126 player 6: (37.408 -90.179 0.029) h1.00/1.00 g0/0 w a35/1 f35 l35/1 as139/120 st4 thr1.00 501:0 s0 k0 d0 f0 t6 m126 | items 35 (+53 -0 !0 x0) | playing to 15 | sent 32 received 15 corrected 0 | hits 0 dealt 0 rejected 0 replayed 0 | local 0 camera (78.8 -138.0 11.5) respawn 0
chupathingyce: bots: Bot 7 joined (spartan)
chupathingyce: bots: bot 7 inventory slot 0 now weapon 501
chupathingyce: network test: player 7 is named Bot 7
chupathingyce: network test: tick 240 player 0: (97.652 -169.620 0.258) h1.00/1.00 g0/0 w a129/-17 f176 l129/-17 as140/120 st0 thr0.00 501:0 s0 k0 d0 f0 t0 m0 player 1: (46.799 -70.467 0.138) h1.00/1.00 g0/0 w a95/7 f95 l95/7 as139/120 st7 thr1.00 501:0 s0 k0 d0 f0 t1 m127 player 2: (102.174 -146.266 0.367) h1.00/1.00 g0/0 w a107/0 f107 l107/0 as139/120 st4 thr0.35 501:0 s0 k0 d0 f0 t2 m127 player 3: (29.285 -86.077 0.162) h1.00/1.00 g0/0 w a-20/2 f-41 l-20/2 as140/120 st21 thr1.00 501:0 s0 k0 d0 f0 t3 m127 player 4: (46.368 -65.453 0.994) h1.00/1.00 g0/0 w a-85/-11 f-85 l-85/-11 as139/120 st6 thr1.00 501:0 s0 k0 d0 f0 t4 m127 player 5: (50.862 -78.400 0.752) h1.00/1.00 g0/0 w a118/-5 f123 l118/-5 as140/120 st20 thr1.00 501:0 s0 k0 d0 f0 t5 m126 player 6: (39.527 -89.831 0.588) h1.00/1.00 g0/0 w a45/0 f36 l45/0 as140/120 st20 thr1.00 501:0 s0 k0 d0 f0 t6 m126 player 7: (85.036 -161.979 0.109) h1.00/1.00 g0/0 w a-32/-0 f-32 l-32/-0 as139/120 st4 thr1.00 501:0 s0 k0 d0 f0 t7 m126 | items 35 (+55 -0 !0 x0) | playing to 15 | sent 37 received 17 corrected 0 | hits 0 dealt 0 rejected 0 replayed 0 | local 0 camera (78.8 -138.0 11.5) respawn 0
chupathingyce: bots: Bot 8 joined (spartan)
chupathingyce: bots: bot 8 inventory slot 0 now weapon 501
chupathingyce: forge: avatar returned at 78.8238 -138.0036 10.9079
chupathingyce: network test: player 8 is named Bot 8
chupathingyce: network test: tick 270 player 0: (78.823 -138.004 10.889) h1.00/1.00 g0/0 w a-155/-39 f-155 l-155/-39 as140/120 st0 thr0.00 501:0 s0 k0 d0 f0 t0 m0 player 1: (48.776 -70.198 0.144) h1.00/1.00 g0/0 w a106/8 f106 l106/8 as139/120 st7 thr1.00 501:0 s0 k0 d0 f0 t1 m127 player 2: (101.865 -145.660 0.417) h1.00/1.00 g0/0 w a122/24 f110 l122/24 as139/120 st6 thr1.00 501:0 s0 k0 d0 f0 t2 m127 player 3: (30.061 -87.119 0.093) h1.00/1.00 g0/0 w a-99/0 f-99 l-99/0 as139/120 st4 thr1.00 501:0 s0 k0 d0 f0 t3 m127 player 4: (47.008 -65.453 1.041) h1.00/0.86 g0/0 w a-74/-11 f-74 l-74/-11 as139/120 st7 thr1.00 501:0 s0 k0 d0 f0 t4 m127 player 5: (48.953 -78.474 0.120) h1.00/1.00 g0/0 w a94/-2 f94 l94/-2 as139/120 st6 thr1.00 501:0 s0 k0 d0 f0 t5 m126 player 6: (40.545 -88.327 0.112) h1.00/1.00 g0/0 w a49/-0 f49 l49/-0 as139/120 st4 thr1.00 501:0 s0 k0 d0 f0 t6 m126 player 7: (86.117 -163.863 0.123) h1.00/1.00 g0/0 w a-26/0 f-26 l-26/0 as139/120 st4 thr1.00 501:0 s0 k0 d0 f0 t7 m126 player 8: (42.962 -67.856 0.500) h1.00/1.00 g0/0 w a-7/4 f-86 l-27/4 as139/120 st7 thr1.00 501:0 s0 k0 d0 f0 t8 m126 | items 35 (+57 -0 !0 x0) | playing to 15 | sent 44 received 19 corrected 0 | hits 0 dealt 0 rejected 0 replayed 0 | local 0 camera (78.8 -138.0 11.5) respawn 0
chupathingyce: bots: Bot 9 joined (spartan)
chupathingyce: bots: bot 9 inventory slot 0 now weapon 501
chupathingyce: network test: player 9 is named Bot 9
chupathingyce: network test: tick 300 player 0: (78.823 -138.004 8.891) h1.00/1.00 g0/0 w a-85/-45 f-155 l-85/-45 as140/120 st20 thr0.00 501:0 s0 k0 d0 f0 t0 m0 player 1: (50.206 -69.034 0.346) h1.00/1.00 g0/0 w a147/5 f147 l147/5 as139/120 st6 thr1.00 501:0 s0 k0 d0 f0 t1 m127 player 2: (99.874 -146.023 0.248) h1.00/1.00 g0/0 w a-176/1 f171 l-176/1 as139/120 st7 thr1.00 501:0 s0 k0 d0 f0 t2 m127 player 3: (29.803 -88.755 0.095) h1.00/1.00 g0/0 w a-99/0 f-99 l-99/0 as139/120 st4 thr0.35 501:0 s0 k0 d0 f0 t3 m127 player 4: (45.844 -66.212 0.839) h1.00/0.74 g0/0 w a-32/-8 f-32 l-32/-8 as139/120 st6 thr1.00 501:0 s0 k0 d0 f0 t4 m127 player 5: (49.481 -78.591 0.126) h1.00/1.00 g0/0 w a86/0 f86 l86/0 as139/120 st6 thr1.00 501:0 s0 k0 d0 f0 t5 m126 player 6: (40.965 -86.199 0.131) h1.00/1.00 g0/0 w a41/-0 f41 l41/-0 as139/120 st4 thr1.00 501:0 s0 k0 d0 f0 t6 m126 player 7: (88.114 -164.881 0.132) h1.00/1.00 g0/0 w a-26/-0 f-26 l-26/-0 as139/120 st4 thr1.00 501:0 s0 k0 d0 f0 t7 m126 player 8: (43.146 -68.781 0.372) h1.00/1.00 g0/0 w a43/5 f43 l43/5 as139/120 st7 thr1.00 501:0 s0 k0 d0 f0 t8 m126 player 9: (92.500 -149.387 0.520) h1.00/1.00 g0/0 w a24/-3 f-60 l10/-3 as139/120 st6 thr1.00 501:0 s0 k0 d0 f0 t9 m125 | items 35 (+59 -0 !0 x0) | playing to 15 | sent 52 received 21 corrected 0 | hits 0 dealt 0 rejected 0 replayed 0 | local 0 camera (78.8 -138.0 9.5) respawn 0
chupathingyce: bots: Bot 10 joined (spartan)
chupathingyce: bots: bot 1 at (50.2 -69.0 0.3) yaw 147 fight, target 4 (seen), shield 1.00, kills 0 deaths 0
chupathingyce: bots: bot 2 at (99.6 -145.8 0.2) yaw -155 fight, target 9 (seen), shield 1.00, kills 0 deaths 0
chupathingyce: forge: Forge: bloodgulch (H for help)
chupathingyce: bots: bot 3 at (29.7 -89.1 0.1) yaw -99 scavenge, target 6, shield 1.00, kills 0 deaths 0
chupathingyce: bots: bot 3 entered vehicle -496041984 seat 0
chupathingyce: bots: bot 4 at (45.8 -66.1 0.9) yaw -46 fight, target 1 (seen), shield 0.62, kills 0 deaths 0
chupathingyce: bots: bot 5 at (48.2 -78.5 0.1) yaw 82 fight, target 1 (seen), shield 1.00, kills 0 deaths 0
chupathingyce: network test: player 10 is named Bot 10
chupathingyce: network test: tick 330 player 0: (78.823 -138.004 3.684) h1.00/1.00 g0/0 w a-85/-45 f-155 l-85/-45 as140/120 st20 thr0.00 501:0 s0 k0 d0 f0 t0 m0 player 1: (49.093 -70.239 0.133) h1.00/1.00 g0/0 w a134/6 f134 l134/6 as139/120 st6 thr1.00 501:0 s0 k0 d0 f0 t1 m127 player 2: (98.924 -144.403 0.579) h1.00/1.00 g0/0 w a-156/1 f-156 l-156/1 as140/120 st20 thr1.00 501:0 s0 k0 d0 f0 t2 m127 player 3: (29.259 -90.641 0.623) h1.00/1.00 riding g0/0 w a20/0 f0 l20/0 as139/120 st26 thr0.50 501:0 s0 k0 d0 f0 t3 m127 player 4: (45.407 -66.506 0.772) h1.00/0.62 g0/0 w a-46/-8 f-46 l-46/-8 as139/120 st7 thr1.00 501:0 s0 k0 d0 f0 t4 m127 player 5: (48.021 -78.455 0.129) h1.00/1.00 g0/0 w a82/-0 f82 l82/-0 as139/120 st6 thr1.00 501:0 s0 k0 d0 f0 t5 m126 player 6: (42.503 -85.884 0.090) h1.00/1.00 g0/0 w a52/-2 f52 l52/-2 as139/120 st7 thr1.00 501:0 s0 k0 d0 f0 t6 m126 player 7: (90.130 -165.878 0.099) h1.00/1.00 g0/0 w a-27/0 f-27 l-27/0 as139/120 st4 thr1.00 501:0 s0 k0 d0 f0 t7 m126 player 8: (43.123 -69.172 0.331) h1.00/1.00 g0/0 w a49/5 f49 l49/5 as139/120 st7 thr1.00 501:0 s0 k0 d0 f0 t8 m126 player 9: (91.721 -147.696 0.750) h1.00/1.00 g0/0 w a25/-2 f25 l25/-2 as139/120 st6 thr1.00 501:0 s0 k0 d0 f0 t9 m125 player 10: dead s0 k0 d0 f0 t10 m125 | items 35 (+59 -0 !0 x0) | playing to 15 | sent 58 received 22 corrected 0 | hits 0 dealt 0 rejected 0 replayed 0 | local 0 camera (79.3 -138.6 7.5) respawn 0
chupathingyce: bots: Bot 11 joined (spartan)
chupathingyce: bots: bot 10 inventory slot 0 now weapon 501
chupathingyce: bots: bot 10 seeking vehicle -495910910
chupathingyce: bots: bot 11 inventory slot 0 now weapon 501
chupathingyce: bots: bot 6 at (42.6 -86.0 0.1) yaw 57 fight, target 5 (seen), shield 1.00, kills 0 deaths 0
chupathingyce: bots: bot 7 at (90.9 -166.3 0.1) yaw -28 none, target -1, shield 1.00, kills 0 deaths 0
chupathingyce: bots: bot 8 at (43.1 -69.5 0.3) yaw 55 fight, target 4, shield 1.00, kills 0 deaths 0
chupathingyce: bots: bot 9 at (91.1 -146.2 1.3) yaw 23 fight, target 2 (seen), shield 1.00, kills 0 deaths 0
chupathingyce: network test: player 11 is named Bot 11
chupathingyce: network test: tick 360 player 0: dead s0 k0 d1 f0 t0 m0 player 1: (48.253 -71.045 0.027) h1.00/1.00 g0/0 w a129/14 f129 l129/14 as139/120 st7 thr1.00 501:0 s0 k0 d0 f0 t1 m127 player 2: (98.217 -142.881 0.380) h1.00/1.00 g0/0 w a-156/5 f-156 l-156/5 as140/120 st20 thr1.00 501:0 s0 k0 d0 f0 t2 m127 player 3: (30.057 -90.808 0.622) h1.00/1.00 riding g0/0 w a70/-1 f0 l70/-1 as139/120 st26 thr0.50 501:0 s0 k0 d0 f0 t3 m127 player 4: (44.875 -67.040 1.349) h1.00/0.34 g0/0 w a-51/-17 f-44 l-51/-17 as140/120 st20 thr1.00 501:0 s0 k0 d0 f0 t4 m127 player 5: (48.057 -78.412 0.129) h1.00/1.00 g0/0 w a88/-2 f88 l88/-2 as139/120 st7 thr1.00 501:0 s0 k0 d0 f0 t5 m126 player 6: (41.620 -85.278 0.132) h1.00/1.00 g0/0 w a49/-1 f49 l49/-1 as139/120 st7 thr1.00 501:0 s0 k0 d0 f0 t6 m126 player 7: (91.795 -166.720 0.088) h1.00/1.00 g0/0 w a-27/0 f-27 l-27/0 as139/120 st4 thr1.00 501:0 s0 k0 d0 f0 t7 m126 player 8: (43.076 -69.339 0.315) h1.00/1.00 g0/0 w a51/18 f51 l51/18 as139/120 st5 thr1.00 501:0 s0 k0 d0 f0 t8 m126 player 9: (90.982 -146.079 1.192) h1.00/1.00 g0/0 w a23/-6 f25 l23/-6 as140/120 st20 thr1.00 501:0 s0 k0 d0 f0 t9 m125 player 10: (105.343 -160.425 0.080) h1.00/1.00 g0/0 w a111/1 f111 l111/1 as139/120 st4 thr1.00 501:0 s0 k0 d0 f0 t10 m125 player 11: (37.283 -69.717 0.139) h1.00/1.00 g0/0 w a2/1 f2 l2/1 as139/120 st7 thr1.00 501:0 s0 k0 d0 f0 t11 m125 | items 35 (+63 -0 !0 x0) | playing to 15 | sent 72 received 26 corrected 0 | hits 0 dealt 0 rejected 0 replayed 0 | local 0 camera (86.0 -141.2 4.9) respawn 279
chupathingyce: bots: Bot 12 joined (spartan)
chupathingyce: bots: bot 10 at (105.4 -160.2 0.1) yaw 113 fight, target 2 (seen), shield 1.00, kills 0 deaths 0
chupathingyce: bots: bot 12 inventory slot 0 now weapon 501
chupathingyce: bots: bot 11 at (37.3 -70.2 0.1) yaw 4 fight, target 8 (seen), shield 1.00, kills 0 deaths 0
chupathingyce: bots: bot 12 at (99.2 -149.9 0.1) yaw -55 fight, target 10 (seen), shield 1.00, kills 0 deaths 0
chupathingyce: network test: player 12 is named Bot 12
chupathingyce: network test: tick 390 player 0: dead s0 k0 d1 f0 t0 m0 player 1: (49.410 -69.455 0.608) h1.00/1.00 g0/0 w a160/-1 f157 l160/-1 as140/120 st20 thr1.00 501:0 s0 k0 d0 f0 t1 m127 player 2: (97.779 -142.258 0.250) h1.00/1.00 g0/0 w a-145/4 f-145 l-145/4 as139/120 st7 thr1.00 501:0 s0 k0 d0 f0 t2 m127 player 3: (32.578 -90.286 0.585) h1.00/1.00 riding g0/0 w a24/3 f0 l24/3 as28/120 st0 thr0.50 501:0 s0 k0 d0 f0 t3 m127 player 4: (44.410 -67.539 0.563) h1.00/0.21 g0/0 w a-20/-1 f-20 l-20/-1 as139/120 st6 thr1.00 501:0 s0 k0 d0 f0 t4 m127 player 5: (47.501 -78.299 0.134) h1.00/1.00 g0/0 w a78/2 f78 l78/2 as139/120 st6 thr1.00 501:0 s0 k0 d0 f0 t5 m126 player 6: (42.703 -86.253 0.723) h1.00/1.00 g0/0 w a56/-5 f45 l56/-5 as140/120 st20 thr1.00 501:0 s0 k0 d0 f0 t6 m126 player 7: (93.796 -167.749 0.111) h1.00/1.00 g0/0 w a-27/0 f-27 l-27/0 as139/120 st4 thr1.00 501:0 s0 k0 d0 f0 t7 m126 player 8: (43.154 -70.776 0.153) h1.00/1.00 g0/0 w a11/2 f11 l11/2 as139/120 st7 thr1.00 501:0 s0 k0 d0 f0 t8 m126 player 9: (91.402 -146.812 0.805) h1.00/1.00 g0/0 w a34/-5 f34 l34/-5 as139/120 st7 thr1.00 501:0 s0 k0 d0 f0 t9 m125 player 10: (105.622 -158.272 0.179) h1.00/1.00 g0/0 w a115/0 f115 l115/0 as139/120 st4 thr1.00 501:0 s0 k0 d0 f0 t10 m125 player 11: (37.403 -69.160 0.185) h1.00/1.00 g0/0 w a-14/-1 f-14 l-14/-1 as139/120 st6 thr1.00 501:0 s0 k0 d0 f0 t11 m125 player 12: (100.048 -150.249 0.006) h1.00/1.00 g0/0 w a-54/-0 f-54 l-54/-0 as139/120 st6 thr1.00 501:0 s0 k0 d0 f0 t12 m125 | items 35 (+65 -0 !0 x0) | playing to 15 | sent 79 received 28 corrected 0 | hits 0 dealt 0 rejected 0 replayed 0 | local 0 camera (89.1 -142.0 4.0) respawn 249
chupathingyce: bots: Bot 13 joined (spartan)
chupathingyce: bots: bot 13 inventory slot 0 now weapon 501
chupathingyce: network test: player 13 is named Bot 13
chupathingyce: network test: tick 420 player 0: dead s0 k0 d1 f0 t0 m0 player 1: (50.031 -67.950 0.492) h1.00/1.00 g0/0 w a156/3 f156 l156/3 as139/120 st7 thr1.00 501:0 s0 k0 d0 f0 t1 m127 player 2: (96.649 -140.987 0.838) h1.00/0.88 g0/0 w a-120/-3 f-136 l-120/-3 as140/120 st20 thr1.00 501:0 s0 k0 d0 f0 t2 m127 player 3: (36.714 -88.237 0.444) h1.00/1.00 riding g0/0 w a12/1 f0 l12/1 as28/120 st0 thr0.00 501:0 s0 k0 d0 f0 t3 m127 player 4: (45.154 -65.730 0.872) h1.00/0.21 g0/0 w a-24/-6 f-24 l-24/-6 as139/120 st6 thr1.00 501:0 s0 k0 d0 f0 t4 m127 player 5: (46.931 -77.621 0.134) h1.00/1.00 g0/0 w a73/2 f73 l73/2 as139/120 st4 thr1.00 501:0 s0 k0 d0 f0 t5 m126 player 6: (43.865 -86.810 0.028) h1.00/1.00 g0/0 w a73/-0 f73 l73/-0 as139/120 st6 thr1.00 501:0 s0 k0 d0 f0 t6 m126 player 7: (95.325 -166.553 0.111) h1.00/1.00 g0/0 w a41/-1 f41 l41/-1 as139/120 st4 thr1.00 501:0 s0 k0 d0 f0 t7 m126 player 8: (42.898 -70.268 0.225) h1.00/1.00 g0/0 w a18/1 f18 l18/1 as139/120 st6 thr1.00 501:0 s0 k0 d0 f0 t8 m126 player 9: (92.860 -148.132 0.538) h1.00/1.00 g0/0 w a59/1 f59 l59/1 as139/120 st7 thr1.00 501:0 s0 k0 d0 f0 t9 m125 player 10: (104.414 -157.652 0.235) h1.00/1.00 g0/0 w a115/1 f115 l115/1 as139/120 st6 thr1.00 501:0 s0 k0 d0 f0 t10 m125 player 11: (38.276 -67.374 0.739) h1.00/1.00 g0/0 w a-30/-6 f-29 l-30/-6 as140/120 st20 thr1.00 501:0 s0 k0 d0 f0 t11 m125 player 12: (100.973 -149.697 0.560) h1.00/1.00 g0/0 w a-66/-2 f-62 l-66/-2 as140/120 st20 thr1.00 501:0 s0 k0 d0 f0 t12 m125 player 13: (29.130 -82.210 0.214) h1.00/1.00 g0/0 w a-19/-1 f-19 l-19/-1 as139/120 st4 thr1.00 501:0 s0 k0 d0 f0 t13 m124 | items 35 (+67 -0 !0 x0) | playing to 15 | sent 87 received 30 corrected 0 | hits 0 dealt 0 rejected 0 replayed 0 | local 0 camera (89.1 -142.0 4.0) respawn 219
chupathingyce: bots: Bot 14 joined (spartan)
chupathingyce: bots: bot 14 inventory slot 0 now weapon 501
chupathingyce: network test: player 14 is named Bot 14
chupathingyce: network test: tick 450 player 0: dead s0 k0 d1 f0 t0 m0 player 1: (50.685 -66.232 0.810) h1.00/0.87 g0/0 w a170/-1 f170 l170/-1 as139/120 st6 thr1.00 501:0 s0 k0 d0 f0 t1 m127 player 2: (96.635 -140.514 -0.001) h1.00/0.88 g0/0 w a-103/-1 f-103 l-103/-1 as139/120 st6 thr1.00 501:0 s0 k0 d0 f0 t2 m127 player 3: (37.071 -87.893 0.676) h1.00/1.00 riding g0/0 w a25/4 f0 l25/4 as28/120 st0 thr0.00 501:0 s0 k0 d0 f0 t3 m127 player 4: (45.306 -65.679 0.888) h1.00/0.21 g0/0 w a-9/-3 f-9 l-9/-3 as139/120 st7 thr1.00 501:0 s0 k0 d0 f0 t4 m127 player 5: (48.509 -76.138 0.098) h1.00/1.00 g0/0 w a77/3 f77 l77/3 as139/120 st4 thr1.00 501:0 s0 k0 d0 f0 t5 m126 player 6: (43.238 -85.039 0.688) h1.00/1.00 g0/0 w a60/-5 f64 l60/-5 as140/120 st20 thr1.00 501:0 s0 k0 d0 f0 t6 m126 player 7: (97.020 -165.074 0.129) h1.00/1.00 g0/0 w a40/-0 f40 l40/-0 as139/120 st4 thr1.00 501:0 s0 k0 d0 f0 t7 m126 player 8: (43.125 -69.400 0.306) h1.00/0.86 g0/0 w a-53/-3 f-53 l-53/-3 as139/120 st6 thr1.00 501:0 s0 k0 d0 f0 t8 m126 player 9: (94.687 -148.770 0.047) h1.00/1.00 g0/0 w a77/-2 f77 l77/-2 as139/120 st7 thr1.00 501:0 s0 k0 d0 f0 t9 m125 player 10: (105.389 -157.150 0.213) h1.00/1.00 g0/0 w a121/-3 f121 l121/-3 as139/120 st7 thr1.00 501:0 s0 k0 d0 f0 t10 m125 player 11: (39.458 -65.774 0.634) h1.00/1.00 g0/0 w a-43/-5 f-43 l-43/-5 as139/120 st6 thr1.00 501:0 s0 k0 d0 f0 t11 m125 player 12: (100.781 -149.735 0.004) h1.00/0.87 g0/0 w a-59/0 f-59 l-59/0 as139/120 st6 thr1.00 501:0 s0 k0 d0 f0 t12 m125 player 13: (30.683 -83.728 0.104) h1.00/1.00 g0/0 w a-7/3 f-7 l-7/3 as139/120 st4 thr1.00 501:0 s0 k0 d0 f0 t13 m124 player 14: (51.463 -82.490 0.100) h1.00/1.00 g0/0 w a116/-2 f116 l116/-2 as139/120 st6 thr1.00 501:0 s0 k0 d0 f0 t14 m124 | items 35 (+69 -0 !0 x0) | playing to 15 | sent 97 received 32 corrected 0 | hits 0 dealt 0 rejected 0 replayed 0 | local 0 camera (93.7 -146.3 3.0) respawn 189
chupathingyce: bots: Bot 15 joined (spartan)
chupathingyce: bots: bot 15 inventory slot 0 now weapon 501
chupathingyce: network test: player 15 is named Bot 15
chupathingyce: network test: tick 480 player 0: dead s0 k0 d1 f0 t0 m0 player 1: (50.488 -67.468 0.591) h1.00/0.49 g0/0 w a158/2 f158 l158/2 as139/120 st6 thr1.00 501:0 s0 k0 d0 f0 t1 m127 player 2: (96.453 -140.591 0.010) h1.00/0.88 g0/0 w a-91/-1 f-91 l-91/-1 as139/120 st7 thr1.00 501:0 s0 k0 d0 f0 t2 m127 player 3: (37.156 -87.562 0.546) h1.00/1.00 riding g0/0 w a34/0 f0 l34/0 as28/120 st0 thr0.00 501:0 s0 k0 d0 f0 t3 m127 player 4: (45.523 -65.026 1.002) h1.00/0.21 g0/0 w a-23/-6 f-23 l-23/-6 as139/120 st6 thr1.00 501:0 s0 k0 d0 f0 t4 m127 player 5: (50.362 -75.917 0.206) h1.00/1.00 g0/0 w a87/2 f87 l87/2 as139/120 st7 thr1.00 501:0 s0 k0 d0 f0 t5 m126 player 6: (43.635 -83.303 0.124) h1.00/1.00 g0/0 w a49/-1 f49 l49/-1 as139/120 st6 thr1.00 501:0 s0 k0 d0 f0 t6 m126 player 7: (98.641 -164.071 0.766) h1.00/1.00 g0/0 w a45/-2 f43 l45/-2 as140/120 st20 thr1.00 501:0 s0 k0 d0 f0 t7 m126 player 8: (43.148 -69.524 0.291) h1.00/0.72 g0/0 w a-63/-0 f-63 l-63/-0 as139/120 st4 thr1.00 501:0 s0 k0 d0 f0 t8 m126 player 9: (96.654 -149.100 0.061) h1.00/1.00 g0/0 w a89/-2 f89 l89/-2 as139/120 st7 thr1.00 501:0 s0 k0 d0 f0 t9 m125 player 10: (106.873 -155.847 0.573) h1.00/1.00 g0/0 w a144/-4 f140 l144/-4 as140/120 st20 thr1.00 501:0 s0 k0 d0 f0 t10 m125 player 11: (40.061 -65.185 0.751) h1.00/0.87 g0/0 w a-55/-7 f-55 l-55/-7 as139/120 st7 thr1.00 501:0 s0 k0 d0 f0 t11 m125 player 12: (99.634 -150.846 -0.006) h1.00/0.87 g0/0 w a-37/2 f-37 l-37/2 as139/120 st7 thr1.00 501:0 s0 k0 d0 f0 t12 m125 player 13: (32.467 -84.888 -0.021) h1.00/1.00 g0/0 w a-28/-3 f-28 l-28/-3 as139/120 st4 thr1.00 501:0 s0 k0 d0 f0 t13 m124 player 14: (49.520 -82.849 0.453) h1.00/1.00 g0/0 w a86/-3 f89 l86/-3 as140/120 st20 thr1.00 501:0 s0 k0 d0 f0 t14 m124 player 15: (104.240 -161.969 0.054) h1.00/1.00 g0/0 w a68/2 f68 l68/2 as139/120 st6 thr1.00 501:0 s0 k0 d0 f0 t15 m124 | items 35 (+71 -0 !0 x0) | playing to 15 | sent 116 received 34 corrected 0 | hits 0 dealt 0 rejected 0 replayed 0 | local 0 camera (107.6 -155.9 8.9) respawn 159
chupathingyce: bots: Bot 16 joined (spartan)
chupathingyce: bots: bot 16 inventory slot 0 now weapon 501
chupathingyce: network test: player 16 is named Bot 16
chupathingyce: network test: tick 510 player 0: dead s0 k0 d1 f0 t0 m0 player 1: (49.133 -68.859 0.339) h1.00/0.49 g0/0 w a116/9 f116 l116/9 as139/120 st6 thr1.00 501:0 s0 k0 d0 f0 t1 m127 player 2: (96.722 -140.474 0.020) h1.00/0.88 g0/0 w a-82/-1 f-82 l-82/-1 as139/120 st6 thr1.00 501:0 s0 k0 d0 f0 t2 m127 player 3: (37.071 -87.305 0.388) h1.00/1.00 riding g0/0 w a56/0 f0 l56/0 as28/120 st0 thr0.00 501:0 s0 k0 d0 f0 t3 m127 player 4: (46.873 -63.641 1.318) h1.00/0.21 g0/0 w a-65/-11 f-65 l-65/-11 as139/120 st6 thr1.00 501:0 s0 k0 d0 f0 t4 m127 player 5: (50.341 -76.034 0.207) h1.00/1.00 g0/0 w a98/-1 f98 l98/-1 as139/120 st6 thr1.00 501:0 s0 k0 d0 f0 t5 m126 player 6: (44.619 -82.330 0.124) h1.00/1.00 g0/0 w a1/-0 f1 l1/-0 as139/120 st6 thr1.00 501:0 s0 k0 d0 f0 t6 m126 player 7: (99.784 -163.454 0.103) h1.00/1.00 g0/0 w a38/-3 f38 l38/-3 as139/120 st7 thr1.00 501:0 s0 k0 d0 f0 t7 m126 player 8: (42.953 -71.581 0.077) h1.00/0.72 g0/0 w a-66/-0 f-66 l-66/-0 as139/120 st4 thr1.00 501:0 s0 k0 d0 f0 t8 m126 player 9: (98.015 -148.592 0.090) h1.00/1.00 g0/0 w a-63/-5 f-63 l-63/-5 as139/120 st6 thr1.00 501:0 s0 k0 d0 f0 t9 m125 player 10: (107.754 -154.862 0.266) h1.00/1.00 g0/0 w a161/-4 f140 l161/-4 as140/120 st20 thr1.00 501:0 s0 k0 d0 f0 t10 m125 player 11: (38.619 -66.313 0.569) h1.00/0.87 g0/0 w a-50/-5 f-50 l-50/-5 as139/120 st6 thr1.00 501:0 s0 k0 d0 f0 t11 m125 player 12: (99.300 -151.887 -0.042) h1.00/0.87 g0/0 w a115/-1 f115 l115/-1 as139/120 st6 thr1.00 501:0 s0 k0 d0 f0 t12 m125 player 13: (34.459 -85.931 -0.080) h1.00/1.00 g0/0 w a-28/-3 f-28 l-28/-3 as139/120 st4 thr1.00 501:0 s0 k0 d0 f0 t13 m124 player 14: (47.747 -82.373 0.147) h1.00/1.00 g0/0 w a69/-3 f89 l69/-3 as140/120 st20 thr1.00 501:0 s0 k0 d0 f0 t14 m124 player 15: (102.658 -161.042 0.111) h1.00/1.00 g0/0 w a53/1 f53 l53/1 as139/120 st7 thr1.00 501:0 s0 k0 d0 f0 t15 m124 player 16: (28.870 -81.865 0.222) h1.00/1.00 g0/0 w a-36/-4 f-36 l-36/-4 as139/120 st7 thr1.00 501:0 s0 k0 d0 f0 t16 m124 | items 35 (+73 -0 !0 x0) | playing to 15 | sent 120 received 36 
chupathingyce: bots: Bot 17 joined (spartan)
chupathingyce: bots: bot 17 inventory slot 0 now weapon 501
chupathingyce: network test: player 17 is named Bot 17
chupathingyce: network test: tick 540 player 0: dead s0 k0 d1 f0 t0 m0 player 1: (47.229 -69.163 0.959) h1.00/0.49 g0/0 w a82/7 f95 l82/7 as140/120 st20 thr1.00 501:0 s0 k0 d0 f0 t1 m127 player 2: (97.462 -140.411 0.191) h1.00/0.88 g0/0 w a-76/-2 f-76 l-76/-2 as139/120 st7 thr1.00 501:0 s0 k0 d0 f0 t2 m127 player 3: (37.247 -87.241 0.396) h1.00/0.98 riding g0/0 w a93/12 f0 l73/14 as28/120 st0 thr0.50 501:0 s0 k0 d0 f0 t3 m127 player 4: (48.328 -62.994 1.806) h1.00/0.21 g0/0 w a-98/-10 f-72 l-98/-10 as140/120 st20 thr1.00 501:0 s0 k0 d0 f0 t4 m127 player 5: (51.096 -75.680 0.167) h1.00/1.00 g0/0 w a118/5 f118 l118/5 as139/120 st7 thr1.00 501:0 s0 k0 d0 f0 t5 m126 player 6: (44.867 -83.131 0.086) h1.00/0.87 g0/0 w a23/-3 f23 l23/-3 as139/120 st7 thr1.00 501:0 s0 k0 d0 f0 t6 m126 player 7: (101.245 -164.797 0.016) h1.00/1.00 g0/0 w a63/-1 f63 l63/-1 as139/120 st7 thr1.00 501:0 s0 k0 d0 f0 t7 m126 player 8: (42.793 -73.742 0.520) h1.00/0.72 g0/0 w a-16/-4 f-66 l-16/-4 as140/120 st20 thr1.00 501:0 s0 k0 d0 f0 t8 m126 player 9: (99.423 -148.351 0.114) h1.00/0.86 g0/0 w a-80/-6 f-83 l-80/-6 as139/120 st7 thr1.00 501:0 s0 k0 d0 f0 t9 m125 player 10: (107.525 -155.752 0.139) h1.00/0.87 g0/0 w a153/-3 f153 l153/-3 as139/120 st7 thr1.00 501:0 s0 k0 d0 f0 t10 m125 player 11: (38.535 -66.423 0.904) h1.00/0.87 g0/0 w a-60/-3 f-51 l-60/-3 as140/120 st20 thr1.00 501:0 s0 k0 d0 f0 t11 m125 player 12: (100.289 -151.879 -0.077) h1.00/0.87 g0/0 w a100/1 f100 l100/1 as139/120 st7 thr1.00 501:0 s0 k0 d0 f0 t12 m125 player 13: (36.341 -86.494 0.537) h1.00/1.00 g0/0 w a23/-3 f18 l23/-3 as140/120 st20 thr1.00 501:0 s0 k0 d0 f0 t13 m124 player 14: (47.865 -81.522 0.076) h1.00/0.87 g0/0 w a-157/-2 f-157 l-157/-2 as139/120 st7 thr1.00 501:0 s0 k0 d0 f0 t14 m124 player 15: (102.740 -161.111 0.108) h1.00/1.00 g0/0 w a47/-2 f47 l47/-2 as139/120 st6 thr1.00 501:0 s0 k0 d0 f0 t15 m124 player 16: (28.123 -83.062 0.865) h1.00/1.00 g0/0 w a-23/-2 f-25 l-23/-2 as140/120 st20 thr1.00 501:0 s0 k0 d0 f0 t16 m124 player 17: (92.574 -149.808 0.449) h1.00/1.00 g0/0 w a
chupathingyce: bots: Bot 18 joined (spartan)
chupathingyce: bots: bot 18 inventory slot 0 now weapon 501
chupathingyce: network test: player 18 is named Bot 18
chupathingyce: network test: tick 570 player 0: dead s0 k0 d1 f0 t0 m0 player 1: (46.531 -69.361 0.416) h1.00/0.49 g0/0 w a83/8 f83 l83/8 as139/120 st7 thr1.00 501:0 s0 k0 d0 f0 t1 m127 player 2: (97.049 -140.535 0.404) h1.00/0.88 g0/0 w a-82/-2 f-80 l-82/-2 as140/120 st20 thr1.00 501:0 s0 k0 d0 f0 t2 m127 player 3: (37.230 -87.315 0.395) h1.00/0.98 riding g0/0 w a69/4 f0 l69/4 as28/120 st0 thr0.00 501:0 s0 k0 d0 f0 t3 m127 player 4: (47.253 -62.542 1.500) h1.00/0.41 g0/0 w a-98/-10 f-98 l-98/-10 as139/120 st7 thr1.00 501:0 s0 k0 d0 f0 t4 m127 player 5: (52.599 -74.385 0.103) h1.00/1.00 g0/0 w a141/0 f141 l141/0 as139/120 st7 thr1.00 501:0 s0 k0 d0 f0 t5 m126 player 6: (46.475 -84.137 0.027) h1.00/0.87 g0/0 w a89/9 f89 l89/9 as139/120 st7 thr1.00 501:0 s0 k0 d0 f0 t6 m126 player 7: (101.446 -165.052 0.001) h1.00/1.00 g0/0 w a90/1 f90 l90/1 as139/120 st6 thr1.00 501:0 s0 k0 d0 f0 t7 m126 player 8: (43.079 -73.941 0.092) h1.00/0.72 g0/0 w a-1/-1 f-1 l-1/-1 as139/120 st6 thr1.00 501:0 s0 k0 d0 f0 t8 m126 player 9: (97.998 -149.418 0.102) h1.00/0.73 g0/0 w a-26/-5 f-37 l-26/-5 as140/120 st20 thr1.00 501:0 s0 k0 d0 f0 t9 m125 player 10: (108.419 -154.018 0.073) h1.00/0.87 g0/0 w a154/-2 f154 l154/-2 as139/120 st7 thr1.00 501:0 s0 k0 d0 f0 t10 m125 player 11: (37.593 -67.035 0.349) h1.00/0.87 g0/0 w a-52/-3 f-52 l-52/-3 as139/120 st7 thr1.00 501:0 s0 k0 d0 f0 t11 m125 player 12: (101.591 -150.987 -0.054) h1.00/0.87 g0/0 w a156/1 f156 l156/1 as139/120 st6 thr1.00 501:0 s0 k0 d0 f0 t12 m125 player 13: (37.671 -85.832 0.077) h1.00/1.00 g0/0 w a-117/-6 f-72 l-117/-6 as139/120 st5 thr1.00 501:0 s0 k0 d0 f0 t13 m124 player 14: (46.386 -80.253 0.733) h1.00/0.87 g0/0 w a-91/-13 f-126 l-91/-13 as140/120 st20 thr1.00 501:0 s0 k0 d0 f0 t14 m124 player 15: (101.366 -159.663 0.159) h1.00/1.00 g0/0 w a40/-2 f40 l40/-2 as139/120 st6 thr1.00 501:0 s0 k0 d0 f0 t15 m124 player 16: (28.118 -83.213 0.284) h1.00/1.00 g0/0 w a-16/-2 f-16 l-16/-2 as139/120 st4 thr1.00 501:0 s0 k0 d0 f0 t16 m124 player 17: (93.184 -151.665 0.074) h1.00/1.00 g0/0 w a24/-0 f
chupathingyce: bots: Bot 19 joined (spartan)
chupathingyce: bots: bot 19 inventory slot 0 now weapon 501
chupathingyce: network test: player 19 is named Bot 19
chupathingyce: network test: tick 600 player 0: dead s0 k0 d1 f0 t0 m0 player 1: (48.419 -69.299 0.751) h1.00/0.49 g0/0 w a114/3 f87 l114/3 as140/120 st20 thr1.00 501:0 s0 k0 d0 f0 t1 m127 player 2: (98.760 -140.746 0.534) h1.00/1.00 g0/0 w a-96/-3 f-96 l-96/-3 as139/120 st4 thr1.00 501:0 s0 k0 d0 f0 t2 m127 player 3: (37.227 -87.322 0.397) h1.00/0.72 riding g0/0 w a70/4 f0 l70/4 as28/120 st0 thr0.00 501:0 s0 k0 d0 f0 t3 m127 player 4: (45.310 -62.835 1.322) h1.00/0.66 g0/0 w a-66/-5 f-66 l-66/-5 as139/120 st7 thr1.00 501:0 s0 k0 d0 f0 t4 m127 player 5: (52.247 -74.641 0.103) h1.00/1.00 g0/0 w a127/5 f127 l127/5 as139/120 st6 thr1.00 501:0 s0 k0 d0 f0 t5 m126 player 6: (48.326 -83.456 0.521) h1.00/0.87 g0/0 w a122/-6 f121 l122/-6 as140/120 st20 thr1.00 501:0 s0 k0 d0 f0 t6 m126 player 7: (99.925 -164.478 0.051) h1.00/1.00 g0/0 w a78/0 f78 l78/0 as139/120 st6 thr1.00 501:0 s0 k0 d0 f0 t7 m126 player 8: (43.316 -71.965 0.016) h1.00/0.72 g0/0 w a-14/-1 f-14 l-14/-1 as139/120 st6 thr1.00 501:0 s0 k0 d0 f0 t8 m126 player 9: (97.562 -150.493 0.075) h1.00/0.73 g0/0 w a-31/-4 f-31 l-31/-4 as139/120 st6 thr1.00 501:0 s0 k0 d0 f0 t9 m125 player 10: (108.797 -152.076 0.036) h1.00/0.87 g0/0 w a-177/-2 f-177 l-177/-2 as139/120 st7 thr1.00 501:0 s0 k0 d0 f0 t10 m125 player 11: (36.301 -68.532 0.202) h1.00/0.87 g0/0 w a-27/-2 f-27 l-27/-2 as139/120 st7 thr1.00 501:0 s0 k0 d0 f0 t11 m125 player 12: (100.829 -152.744 -0.074) h1.00/0.87 g0/0 w a150/-1 f150 l150/-1 as139/120 st6 thr1.00 501:0 s0 k0 d0 f0 t12 m125 player 13: (38.317 -84.397 0.119) h1.00/1.00 g0/0 w a-117/-3 f-117 l-117/-3 as139/120 st7 thr1.00 501:0 s0 k0 d0 f0 t13 m124 player 14: (46.111 -79.741 0.124) h1.00/0.87 g0/0 w a-58/3 f-58 l-58/3 as139/120 st6 thr1.00 501:0 s0 k0 d0 f0 t14 m124 player 15: (101.261 -158.815 0.155) h1.00/0.88 g0/0 w a42/-2 f42 l42/-2 as139/120 st4 thr1.00 501:0 s0 k0 d0 f0 t15 m124 player 16: (28.498 -84.933 0.232) h1.00/1.00 g0/0 w a2/-1 f2 l2/-1 as139/120 st7 thr1.00 501:0 s0 k0 d0 f0 t16 m124 player 17: (93.764 -152.824 0.097) h1.00/1.00 g0/0 w a32/-3 
chupathingyce: bots: Bot 20 joined (spartan)
chupathingyce: bots: bot 1 at (48.4 -69.3 0.8) yaw 116 fight, target 4 (seen), shield 0.49, kills 0 deaths 0
chupathingyce: bots: bot 2 at (99.1 -141.0 0.6) yaw -98 fight, target 9 (seen), shield 1.00, kills 0 deaths 0
chupathingyce: bots: bot 3 at (37.1 -87.2 0.4) yaw 84 vehicle, target 13 (seen), shield 0.60, kills 0 deaths 0
chupathingyce: bots: bot 4 at (44.1 -63.6 1.1) yaw -52 fight, target 1 (seen), shield 0.83, kills 0 deaths 0
chupathingyce: bots: bot 5 at (50.6 -75.5 0.6) yaw 111 fight, target 1 (seen), shield 1.00, kills 0 deaths 0
chupathingyce: bots: bot 20 inventory slot 0 now weapon 501
chupathingyce: network test: player 20 is named Bot 20
chupathingyce: network test: tick 630 player 0: dead s0 k0 d1 f0 t0 m0 player 1: (48.212 -69.928 0.194) h1.00/0.49 g0/0 w a127/5 f127 l127/5 as139/120 st6 thr1.00 501:0 s0 k0 d0 f0 t1 m127 player 2: (99.406 -141.010 0.681) h1.00/1.00 g0/0 w a-98/-4 f-98 l-98/-4 as139/120 st7 thr1.00 501:0 s0 k0 d0 f0 t2 m127 player 3: (37.227 -87.322 0.397) h1.00/0.45 riding g0/0 w a93/2 f0 l74/4 as28/120 st0 thr0.00 501:0 s0 k0 d0 f0 t3 m127 player 4: (43.673 -63.947 1.061) h1.00/0.91 g0/0 w a-54/-9 f-54 l-54/-9 as139/120 st7 thr1.00 501:0 s0 k0 d0 f0 t4 m127 player 5: (50.453 -75.506 0.697) h1.00/1.00 g0/0 w a111/-5 f111 l111/-5 as140/120 st20 thr1.00 501:0 s0 k0 d0 f0 t5 m126 player 6: (49.573 -82.697 0.063) h1.00/0.87 g0/0 w a116/7 f121 l116/7 as139/120 st6 thr1.00 501:0 s0 k0 d0 f0 t6 m126 player 7: (100.583 -163.029 0.101) h1.00/1.00 g0/0 w a54/-0 f54 l54/-0 as139/120 st4 thr1.00 501:0 s0 k0 d0 f0 t7 m126 player 8: (44.213 -70.196 0.696) h1.00/0.72 g0/0 w a-40/-2 f-25 l-40/-2 as140/120 st20 thr1.00 501:0 s0 k0 d0 f0 t8 m126 player 9: (98.379 -149.699 0.106) h1.00/0.45 g0/0 w a-77/-2 f-71 l-77/-2 as140/120 st20 thr1.00 501:0 s0 k0 d0 f0 t9 m125 player 10: (108.796 -151.691 0.051) h1.00/0.73 g0/0 w a-167/0 f-167 l-167/0 as139/120 st10 thr1.00 501:0 s0 k0 d0 f0 t10 m125 player 11: (35.849 -70.455 0.728) h1.00/0.87 g0/0 w a-1/-1 f-10 l-1/-1 as140/120 st20 thr1.00 501:0 s0 k0 d0 f0 t11 m125 player 12: (99.197 -153.795 0.280) h1.00/1.00 g0/0 w a103/-2 f105 l103/-2 as140/120 st20 thr1.00 501:0 s0 k0 d0 f0 t12 m125 player 13: (36.482 -84.099 0.070) h1.00/1.00 g0/0 w a-81/-3 f-81 l-81/-3 as139/120 st7 thr1.00 501:0 s0 k0 d0 f0 t13 m124 player 14: (47.863 -78.778 0.637) h1.00/0.87 g0/0 w a-66/-11 f-58 l-66/-11 as140/120 st20 thr1.00 501:0 s0 k0 d0 f0 t14 m124 player 15: (100.872 -157.899 0.143) h1.00/0.88 g0/0 w a109/-1 f109 l109/-1 as139/120 st6 thr1.00 501:0 s0 k0 d0 f0 t15 m124 player 16: (28.868 -86.891 0.847) h1.00/1.00 g0/0 w a20/-6 f12 l20/-6 as140/120 st20 thr1.00 501:0 s0 k0 d0 f0 t16 m124 player 17: (93.321 -152.044 0.078) h1.00/1.00 g0/
chupathingyce: bots: Bot 21 joined (spartan)
chupathingyce: bots: bot 6 at (49.5 -82.7 0.1) yaw 108 fight, target 14 (seen), shield 0.87, kills 0 deaths 0
chupathingyce: bots: bot 7 at (101.4 -162.8 0.1) yaw 97 fight, target 15 (seen), shield 1.00, kills 0 deaths 0
chupathingyce: bots: bot 8 at (44.9 -69.3 0.3) yaw -3 fight, target 1 (seen), shield 0.80, kills 0 deaths 0
chupathingyce: bots: bot 9 at (97.1 -149.8 0.1) yaw -84 fight, target 12 (seen), shield 0.31, kills 0 deaths 0
chupathingyce: network test: player 21 is named Bot 21
chupathingyce: network test: tick 660 player 0: (29.611 -76.367 0.302) h1.00/1.00 g0/0 w a-48/-9 f-20 l-48/-9 as139/120 st4 thr1.00 501:0 s0 k0 d1 f0 t0 m0 player 1: (47.968 -68.763 0.384) h1.00/0.54 g0/0 w a175/-2 f175 l175/-2 as139/120 st7 thr1.00 501:0 s0 k0 d0 f0 t1 m127 player 2: (97.475 -140.851 0.189) h1.00/1.00 g0/0 w a-94/-3 f-94 l-94/-3 as139/120 st7 thr1.00 501:0 s0 k0 d0 f0 t2 m127 player 3: (37.227 -87.322 0.397) h1.00/0.45 riding g0/0 w a95/15 f0 l75/18 as28/120 st0 thr0.00 501:0 s0 k0 d0 f0 t3 m127 player 4: (43.458 -64.079 1.650) h1.00/1.00 g0/0 w a-46/-12 f-49 l-46/-12 as140/120 st20 thr1.00 501:0 s0 k0 d0 f0 t4 m127 player 5: (48.666 -76.035 0.117) h1.00/1.00 g0/0 w a-159/6 f111 l-179/6 as139/120 st6 thr1.00 501:0 s0 k0 d0 f0 t5 m126 player 6: (49.530 -82.841 0.558) h1.00/0.75 g0/0 w a99/-1 f97 l99/-1 as140/120 st20 thr1.00 501:0 s0 k0 d0 f0 t6 m126 player 7: (102.468 -162.686 0.060) h1.00/1.00 g0/0 w a97/3 f97 l97/3 as139/120 st6 thr1.00 501:0 s0 k0 d0 f0 t7 m126 player 8: (44.931 -68.533 0.453) h1.00/0.90 g0/0 w a-3/-4 f-3 l-3/-4 as139/120 st6 thr1.00 501:0 s0 k0 d0 f0 t8 m126 player 9: (97.020 -149.829 0.065) h1.00/0.31 g0/0 w a-84/-0 f-84 l-84/-0 as139/120 st6 thr1.00 501:0 s0 k0 d0 f0 t9 m125 player 10: (107.522 -152.713 0.075) h1.00/0.73 g0/0 w a-175/-0 f-175 l-175/-0 as139/120 st4 thr1.00 501:0 s0 k0 d0 f0 t10 m125 player 11: (36.175 -72.017 0.072) h1.00/1.00 g0/0 w a46/7 f24 l46/7 as139/120 st4 thr1.00 501:0 s0 k0 d0 f0 t11 m125 player 12: (97.255 -154.029 0.097) h1.00/1.00 g0/0 w a96/-4 f105 l96/-4 as140/120 st21 thr1.00 501:0 s0 k0 d0 f0 t12 m125 player 13: (34.764 -84.892 0.638) h1.00/1.00 g0/0 w a-33/-3 f-37 l-33/-3 as140/120 st20 thr1.00 501:0 s0 k0 d0 f0 t13 m124 player 14: (48.785 -79.306 0.619) h1.00/0.87 g0/0 w a91/-9 f178 l108/-9 as140/120 st20 thr1.00 501:0 s0 k0 d0 f0 t14 m124 player 15: (101.688 -157.212 0.567) h1.00/0.88 g0/0 w a141/-4 f138 l141/-4 as140/120 st20 thr1.00 501:0 s0 k0 d0 f0 t15 m124 player 16: (29.791 -88.658 0.095) h1.00/1.00 g0/0 w a34/4 f34 l34/4 as139/120 st7 thr1.00 5
chupathingyce: bots: Bot 22 joined (spartan)
chupathingyce: bots: bot 21 inventory slot 0 now weapon 501
chupathingyce: bots: bot 10 at (107.3 -152.6 0.1) yaw -172 fight, target 12 (seen), shield 0.73, kills 0 deaths 0
chupathingyce: bots: bot 22 inventory slot 0 now weapon 501
chupathingyce: bots: bot 11 at (36.3 -71.4 0.1) yaw 45 fight, target 4 (seen), shield 1.00, kills 0 deaths 0
chupathingyce: bots: bot 12 at (97.5 -154.0 0.1) yaw 83 fight, target 9 (seen), shield 0.74, kills 0 deaths 0
chupathingyce: bots: bot 13 at (34.0 -85.8 -0.1) yaw 12 fight, target 6 (seen), shield 0.86, kills 0 deaths 0
chupathingyce: network test: player 22 is named Bot 22
chupathingyce: network test: tick 690 player 0: (31.240 -77.569 0.161) h1.00/1.00 g0/0 w a-22/-4 f-22 l-22/-4 as139/120 st4 thr1.00 501:0 s0 k0 d1 f0 t0 m0 player 1: (47.864 -66.827 0.752) h1.00/0.79 g0/0 w a-153/-6 f-153 l-153/-6 as139/120 st7 thr1.00 501:0 s0 k0 d0 f0 t1 m127 player 2: (95.531 -141.071 0.273) h1.00/1.00 g0/0 w a-75/-1 f-75 l-75/-1 as139/120 st7 thr1.00 501:0 s0 k0 d0 f0 t2 m127 player 3: (37.227 -87.322 0.397) h1.00/0.45 riding g0/0 w a94/6 f0 l74/8 as28/120 st0 thr0.00 501:0 s0 k0 d0 f0 t3 m127 player 4: (44.496 -63.087 1.230) h1.00/1.00 g0/0 w a-48/-7 f-48 l-48/-7 as139/120 st6 thr1.00 501:0 s0 k0 d0 f0 t4 m127 player 5: (48.993 -76.053 0.639) h1.00/1.00 g0/0 w a-95/-7 f-95 l-95/-7 as140/120 st20 thr1.00 501:0 s0 k0 d0 f0 t5 m126 player 6: (50.966 -82.590 0.085) h1.00/0.75 g0/0 w a136/-0 f97 l136/-0 as139/120 st5 thr1.00 501:0 s0 k0 d0 f0 t6 m126 player 7: (101.873 -162.717 0.602) h1.00/0.88 g0/0 w a86/-3 f97 l86/-3 as140/120 st20 thr1.00 501:0 s0 k0 d0 f0 t7 m126 player 8: (45.162 -68.409 0.484) h1.00/0.86 g0/0 w a26/2 f26 l26/2 as139/120 st7 thr1.00 501:0 s0 k0 d0 f0 t8 m126 player 9: (97.841 -149.818 0.086) h1.00/0.17 g0/0 w a-99/-2 f-99 l-99/-2 as139/120 st11 thr1.00 501:0 s0 k0 d0 f0 t9 m125 player 10: (106.521 -151.153 0.249) h1.00/0.73 g0/0 w a-164/-2 f-164 l-164/-2 as139/120 st7 thr1.00 501:0 s0 k0 d0 f0 t10 m125 player 11: (37.151 -70.516 0.076) h1.00/1.00 g0/0 w a44/5 f44 l44/5 as139/120 st4 thr1.00 501:0 s0 k0 d0 f0 t11 m125 player 12: (97.141 -153.975 0.106) h1.00/0.50 g0/0 w a80/-2 f80 l80/-2 as139/120 st10 thr1.00 501:0 s0 k0 d0 f0 t12 m125 player 13: (34.082 -85.884 -0.068) h1.00/0.86 g0/0 w a12/-0 f-3 l12/-0 as139/120 st4 thr1.00 501:0 s0 k0 d0 f0 t13 m124 player 14: (48.820 -80.561 0.099) h1.00/0.61 g0/0 w a88/4 f178 l108/4 as140/120 st21 thr1.00 501:0 s0 k0 d0 f0 t14 m124 player 15: (102.603 -155.578 0.261) h1.00/0.88 g0/0 w a163/-5 f138 l163/-5 as140/120 st20 thr1.00 501:0 s0 k0 d0 f0 t15 m124 player 16: (30.945 -89.896 0.175) h1.00/1.00 g0/0 w a52/-4 f52 l52/-4 as139/120 st6 thr1.00 501
chupathingyce: bots: Bot 23 joined (spartan)
chupathingyce: bots: bot 14 at (48.9 -80.6 0.1) yaw 88 fight, target 5 (seen), shield 0.61, kills 0 deaths 0
chupathingyce: bots: bot 23 inventory slot 0 now weapon 501
chupathingyce: bots: bot 15 at (102.7 -155.3 -0.0) yaw 165 fight, target 12 (seen), shield 0.88, kills 0 deaths 0
chupathingyce: bots: bot 16 at (30.3 -89.3 0.1) yaw 41 fight, target 13 (seen), shield 1.00, kills 0 deaths 0
chupathingyce: bots: bot 17 at (93.0 -153.7 0.1) yaw -1 fight, target 12 (seen), shield 1.00, kills 0 deaths 0
chupathingyce: bots: bot 18 at (83.4 -153.2 0.4) yaw -112 fight, target 21 (seen), shield 0.87, kills 0 deaths 0
chupathingyce: network test: player 23 is named Bot 23
chupathingyce: network test: tick 720 player 0: (33.326 -78.412 0.741) h1.00/1.00 g0/0 w a-22/-4 f-22 l-22/-4 as140/120 st20 thr1.00 501:0 s0 k0 d1 f0 t0 m0 player 1: (46.711 -65.914 0.943) h0.95/0.00 g0/0 w a-93/-12 f-93 l-93/-12 as139/120 st6 thr1.00 501:0 s0 k0 d0 f0 t1 m127 player 2: (93.994 -141.482 0.394) h1.00/1.00 g0/0 w a-65/-4 f-74 l-65/-4 as140/120 st20 thr1.00 501:0 s0 k0 d0 f0 t2 m127 player 3: (37.227 -87.322 0.397) h1.00/0.45 riding g0/0 w a94/3 f0 l74/6 as28/120 st0 thr0.00 501:0 s0 k0 d0 f0 t3 m127 player 4: (46.183 -62.106 1.994) h1.00/0.00 g0/0 w a-83/-17 f-48 l-83/-17 as140/120 st20 thr1.00 501:0 s0 k0 d0 f0 t4 m127 player 5: (47.604 -76.054 0.119) h1.00/1.00 g0/0 w a-86/3 f-95 l-86/3 as140/120 st20 thr1.00 501:0 s0 k0 d0 f0 t5 m126 player 6: (50.319 -83.866 0.212) h1.00/0.75 g0/0 w a127/6 f127 l127/6 as139/120 st6 thr1.00 501:0 s0 k0 d0 f0 t6 m126 player 7: (100.324 -162.427 0.128) h1.00/0.88 g0/0 w a72/-2 f72 l72/-2 as139/120 st7 thr1.00 501:0 s0 k0 d0 f0 t7 m126 player 8: (46.438 -69.307 0.359) h1.00/0.72 g0/0 w a88/7 f88 l88/7 as139/120 st6 thr1.00 501:0 s0 k0 d0 f0 t8 m126 player 9: (97.996 -149.982 0.087) h0.79/0.00 g0/0 w a-119/-2 f-119 l-119/-2 as139/120 st6 thr1.00 501:0 s0 k0 d0 f0 t9 m125 player 10: (105.664 -149.479 0.477) h1.00/0.73 g0/0 w a-156/-3 f-163 l-156/-3 as140/120 st20 thr1.00 501:0 s0 k0 d0 f0 t10 m125 player 11: (39.058 -69.770 0.598) h1.00/1.00 g0/0 w a48/6 f45 l48/6 as140/120 st20 thr1.00 501:0 s0 k0 d0 f0 t11 m125 player 12: (95.712 -153.595 0.118) h1.00/0.10 g0/0 w a62/-3 f66 l62/-3 as139/120 st6 thr1.00 501:0 s0 k0 d0 f0 t12 m125 player 13: (35.689 -84.612 -0.011) h1.00/0.74 g0/0 w a3/0 f3 l3/0 as139/120 st8 thr1.00 501:0 s0 k0 d0 f0 t13 m124 player 14: (47.944 -80.769 0.704) h1.00/0.35 g0/0 w a95/-6 f96 l95/-6 as140/120 st20 thr1.00 501:0 s0 k0 d0 f0 t14 m124 player 15: (102.556 -156.015 0.022) h1.00/0.74 g0/0 w a161/-0 f161 l161/-0 as139/120 st7 thr1.00 501:0 s0 k0 d0 f0 t15 m124 player 16: (29.704 -88.519 0.097) h1.00/1.00 g0/0 w a32/-2 f32 l32/-2 as139/120 st6 thr1.00 501:0 
chupathingyce: bots: bot 19 at (46.6 -91.3 0.4) yaw 64 fight, target 6 (seen), shield 1.00, kills 0 deaths 0
chupathingyce: bots: bot 20 at (95.6 -165.1 0.1) yaw 24 fight, target 7, shield 1.00, kills 0 deaths 0
chupathingyce: bots: bot 21 at (80.7 -156.3 0.5) yaw 53 fight, target 18 (seen), shield 1.00, kills 0 deaths 0
chupathingyce: bots: bot 22 at (93.0 -147.6 0.5) yaw -31 fight, target 9 (seen), shield 1.00, kills 0 deaths 0
chupathingyce: network test: tick 750 player 0: (35.260 -78.954 0.330) h1.00/1.00 g0/0 w a0/11 f0 l0/11 as139/120 st4 thr1.00 501:0 s0 k0 d1 f0 t0 m0 player 1: (48.357 -66.809 1.318) h0.95/0.00 g0/0 w a-149/-14 f-140 l-149/-14 as140/120 st20 thr1.00 501:0 s0 k0 d0 f0 t1 m127 player 2: (94.387 -142.165 0.227) h1.00/1.00 g0/0 w a-64/-2 f-64 l-64/-2 as139/120 st4 thr1.00 501:0 s0 k0 d0 f0 t2 m127 player 3: (37.227 -87.322 0.397) h1.00/0.32 riding g0/0 w a94/3 f0 l74/5 as28/120 st0 thr0.00 501:0 s0 k0 d0 f0 t3 m127 player 4: (47.727 -61.651 1.929) h1.00/0.00 g0/0 w a-82/-7 f-82 l-82/-7 as140/120 st20 thr1.00 501:0 s0 k0 d0 f0 t4 m127 player 5: (45.617 -76.186 0.104) h1.00/1.00 g0/0 w a-85/-2 f-85 l-85/-2 as139/120 st7 thr1.00 501:0 s0 k0 d0 f0 t5 m126 player 6: (48.686 -85.020 0.440) h1.00/0.75 g0/0 w a123/-7 f126 l123/-7 as140/120 st20 thr1.00 501:0 s0 k0 d0 f0 t6 m126 player 7: (101.947 -162.831 0.073) h1.00/0.88 g0/0 w a82/-1 f82 l82/-1 as139/120 st7 thr1.00 501:0 s0 k0 d0 f0 t7 m126 player 8: (45.119 -68.587 0.457) h1.00/0.72 g0/0 w a30/10 f30 l30/10 as139/120 st7 thr1.00 501:0 s0 k0 d0 f0 t8 m126 player 9: (99.085 -151.574 -0.021) h0.79/0.00 g0/0 w a-171/-1 f-171 l-171/-1 as139/120 st6 thr1.00 501:0 s0 k0 d0 f0 t9 m125 player 10: (103.797 -148.862 0.175) h1.00/0.73 g0/0 w a-161/-1 f-161 l-161/-1 as139/120 st6 thr1.00 501:0 s0 k0 d0 f0 t10 m125 player 11: (39.874 -67.948 0.470) h1.00/1.00 g0/0 w a41/7 f41 l41/7 as139/120 st4 thr1.00 501:0 s0 k0 d0 f0 t11 m125 player 12: (94.632 -152.007 0.083) h1.00/0.10 g0/0 w a9/-3 f9 l9/-3 as139/120 st6 thr1.00 501:0 s0 k0 d0 f0 t12 m125 player 13: (36.817 -83.916 0.102) h1.00/0.74 g0/0 w a-83/-3 f-83 l-83/-3 as139/120 st6 thr1.00 501:0 s0 k0 d0 f0 t13 m124 player 14: (45.951 -80.918 0.113) h1.00/0.35 g0/0 w a93/-2 f93 l93/-2 as139/120 st6 thr1.00 501:0 s0 k0 d0 f0 t14 m124 player 15: (103.082 -154.209 0.008) h1.00/0.61 g0/0 w a166/-1 f166 l166/-1 as139/120 st7 thr1.00 501:0 s0 k0 d0 f0 t15 m124 player 16: (28.773 -86.757 0.186) h1.00/1.00 g0/0 w a21/-2 f21 l21/-2 as139/120 st6 thr1.00 501:
chupathingyce: bots: bot 23 at (86.5 -163.4 0.1) yaw 65 fight, target 17 (seen), shield 1.00, kills 0 deaths 0
chupathingyce: network test: tick 780 player 0: (36.838 -79.065 1.295) h1.00/1.00 g0/0 w a-43/-11 f-43 l-43/-11 as139/120 st4 thr1.00 501:0 s0 k0 d1 f0 t0 m0 player 1: (49.318 -68.539 0.798) h0.81/0.00 g0/0 w a-155/-13 f-140 l-155/-13 as140/120 st20 thr1.00 501:0 s0 k0 d0 f0 t1 m127 player 2: (96.138 -142.954 0.038) h1.00/1.00 g0/0 w a-120/11 f-120 l-120/11 as139/120 st7 thr1.00 501:0 s0 k0 d0 f0 t2 m127 player 3: (37.227 -87.322 0.397) h1.00/0.02 riding g0/0 w a66/15 f0 l66/15 as28/120 st0 thr0.00 501:0 s0 k0 d0 f0 t3 m127 player 4: (49.398 -61.504 1.836) h1.00/0.00 g0/0 w a-90/-9 f-82 l-90/-9 as140/120 st20 thr1.00 501:0 s0 k0 d0 f0 t4 m127 player 5: (45.022 -76.273 0.134) h1.00/1.00 g0/0 w a-66/-2 f-66 l-66/-2 as139/120 st7 thr1.00 501:0 s0 k0 d0 f0 t5 m126 player 6: (48.920 -84.916 0.047) h1.00/0.75 g0/0 w a121/-0 f121 l121/-0 as139/120 st7 thr1.00 501:0 s0 k0 d0 f0 t6 m126 player 7: (101.475 -162.737 0.089) h1.00/0.75 g0/0 w a79/-1 f79 l79/-1 as139/120 st4 thr1.00 501:0 s0 k0 d0 f0 t7 m126 player 8: (45.897 -70.207 0.220) h1.00/0.72 g0/0 w a27/10 f27 l27/10 as139/120 st7 thr1.00 501:0 s0 k0 d0 f0 t8 m126 player 9: (100.482 -151.389 -0.061) h0.38/0.00 g0/0 w a168/-1 f168 l168/-1 as139/120 st5 thr1.00 501:0 s0 k0 d0 f0 t9 m125 player 10: (104.760 -149.603 0.174) h1.00/0.73 g0/0 w a-106/-4 f-106 l-106/-4 as139/120 st6 thr1.00 501:0 s0 k0 d0 f0 t10 m125 player 11: (40.294 -66.043 1.217) h1.00/1.00 g0/0 w a28/4 f33 l28/4 as140/120 st20 thr1.00 501:0 s0 k0 d0 f0 t11 m125 player 12: (94.829 -150.027 0.066) h1.00/0.10 g0/0 w a-14/-3 f-14 l-14/-3 as139/120 st6 thr1.00 501:0 s0 k0 d0 f0 t12 m125 player 13: (38.701 -84.394 0.686) h1.00/0.74 g0/0 w a-118/-14 f-87 l-118/-14 as140/120 st20 thr1.00 501:0 s0 k0 d0 f0 t13 m124 player 14: (45.777 -80.260 0.126) h1.00/0.35 g0/0 w a73/3 f73 l73/3 as139/120 st4 thr1.00 501:0 s0 k0 d0 f0 t14 m124 player 15: (103.603 -152.811 0.047) h1.00/0.21 g0/0 w a156/-4 f155 l156/-4 as139/120 st11 thr1.00 501:0 s0 k0 d0 f0 t15 m124 player 16: (28.469 -84.843 0.236) h1.00/1.00 g0/0 w a4/2 f4 l4/2 as139/120 
chupathingyce: network test: tick 810 player 0: (38.475 -79.802 1.703) h1.00/1.00 g0/0 w a-33/-12 f-25 l-33/-12 as139/120 st4 thr1.00 501:0 s0 k0 d1 f0 t0 m0 player 1: (49.488 -68.561 0.384) h0.66/0.00 g0/0 w a-133/4 f-133 l-133/4 as139/120 st5 thr1.00 501:0 s0 k0 d0 f0 t1 m127 player 2: (94.928 -142.356 0.172) h1.00/1.00 g0/0 w a-100/-6 f-100 l-100/-6 as139/120 st7 thr1.00 501:0 s0 k0 d0 f0 t2 m127 player 3: (37.227 -87.322 0.397) h1.00/0.00 riding g0/0 w a53/0 f0 l53/0 as28/120 st0 thr0.00 501:0 s0 k0 d0 f0 t3 m127 player 4: (48.150 -61.598 1.700) h0.87/0.00 g0/0 w a-81/-13 f-81 l-81/-13 as139/120 st7 thr1.00 501:0 s0 k0 d0 f0 t4 m127 player 5: (44.874 -75.668 0.093) h1.00/0.87 g0/0 w a-76/12 f-76 l-76/12 as139/120 st5 thr1.00 501:0 s0 k0 d0 f0 t5 m126 player 6: (50.285 -83.989 0.621) h1.00/0.75 g0/0 w a129/-0 f124 l129/-0 as140/120 st20 thr1.00 501:0 s0 k0 d0 f0 t6 m126 player 7: (101.946 -161.386 0.105) h1.00/0.75 g0/0 w a75/-1 f75 l75/-1 as139/120 st7 thr1.00 501:0 s0 k0 d0 f0 t7 m126 player 8: (46.608 -71.649 0.717) h1.00/0.72 g0/0 w a48/-7 f31 l48/-7 as140/120 st20 thr1.00 501:0 s0 k0 d0 f0 t8 m126 player 9: (100.739 -151.357 -0.069) h0.25/0.00 g0/0 w a-12/1 f-17 l-12/1 as139/120 st5 thr1.00 501:0 s0 k0 d0 f0 t9 m125 player 10: (106.509 -150.237 0.692) h1.00/0.74 g0/0 w a-140/-17 f-115 l-140/-17 as140/120 st20 thr1.00 501:0 s0 k0 d0 f0 t10 m125 player 11: (40.386 -64.202 0.879) h1.00/1.00 g0/0 w a18/5 f18 l18/5 as139/120 st6 thr1.00 501:0 s0 k0 d0 f0 t11 m125 player 12: (95.235 -148.673 0.052) h0.84/0.00 g0/0 w a-26/-3 f-26 l-26/-3 as139/120 st7 thr1.00 501:0 s0 k0 d0 f0 t12 m125 player 13: (39.321 -84.427 0.133) h1.00/0.74 g0/0 w a-131/-3 f-131 l-131/-3 as139/120 st7 thr1.00 501:0 s0 k0 d0 f0 t13 m124 player 14: (45.613 -78.342 0.724) h1.00/0.21 g0/0 w a105/-16 f70 l105/-16 as140/120 st20 thr1.00 501:0 s0 k0 d0 f0 t14 m124 player 15: (104.244 -152.029 0.092) h0.67/0.00 g0/0 w a170/-5 f171 l170/-5 as139/120 st9 thr1.00 501:0 s0 k0 d0 f0 t15 m124 player 16: (29.790 -83.466 0.168) h1.00/1.00 g0/0 w a-6/-1 f-6 l-6/-1 as139
chupathingyce: network test: tick 840 player 0: (40.413 -80.936 1.703) h1.00/1.00 g4/0 w a-25/-12 f-25 l-25/-12 as139/120 st4 thr1.00 501:0 s0 k0 d1 f0 t0 m0 player 1: (51.395 -67.983 0.546) h0.66/0.00 g0/0 w a-139/-6 f-139 l-139/-6 as139/120 st5 thr1.00 501:0 s0 k0 d0 f0 t1 m127 player 2: (93.067 -142.661 0.495) h1.00/1.00 g0/0 w a-53/-10 f-53 l-53/-10 as139/120 st7 thr1.00 501:0 s0 k0 d0 f0 t2 m127 player 3: (37.227 -87.322 0.397) h0.87/0.00 riding g0/0 w a58/4 f0 l58/4 as28/120 st0 thr0.00 501:0 s0 k0 d0 f0 t3 m127 player 4: (47.126 -61.104 1.704) h0.74/0.00 g0/0 w a-58/-10 f-58 l-58/-10 as139/120 st5 thr1.00 501:0 s0 k0 d0 f0 t4 m127 player 5: (44.244 -74.716 0.069) h1.00/0.61 g0/0 w a-51/3 f-51 l-51/3 as139/120 st7 thr1.00 501:0 s0 k0 d0 f0 t5 m126 player 6: (49.878 -84.258 0.070) h1.00/0.80 g0/0 w a116/1 f116 l116/1 as139/120 st6 thr1.00 501:0 s0 k0 d0 f0 t6 m126 player 7: (103.761 -161.203 0.093) h1.00/0.75 g0/0 w a79/-0 f79 l79/-0 as139/120 st7 thr1.00 501:0 s0 k0 d0 f0 t7 m126 player 8: (46.544 -71.992 -0.049) h1.00/0.72 g0/0 w a42/3 f42 l42/3 as139/120 st6 thr1.00 501:0 s0 k0 d0 f0 t8 m126 player 9: (99.138 -150.332 0.034) h0.25/0.00 g0/0 w a-12/-1 f-12 l-12/-1 as139/120 st5 thr1.00 501:0 s0 k0 d0 f0 t9 m125 player 10: (108.063 -149.647 0.067) h1.00/0.99 g0/0 w a-143/-2 f-143 l-143/-2 as139/120 st7 thr1.00 501:0 s0 k0 d0 f0 t10 m125 player 11: (39.957 -62.265 1.090) h1.00/1.00 g0/0 w a9/4 f9 l9/4 as139/120 st6 thr1.00 501:0 s0 k0 d0 f0 t11 m125 player 12: (94.178 -148.097 0.032) h0.70/0.00 g0/0 w a-25/-1 f-25 l-25/-1 as139/120 st5 thr1.00 501:0 s0 k0 d0 f0 t12 m125 player 13: (39.027 -84.427 0.133) h1.00/0.74 g0/0 w a-126/-4 f-126 l-126/-4 as139/120 st7 thr1.00 501:0 s0 k0 d0 f0 t13 m124 player 14: (46.562 -77.213 0.479) h1.00/0.21 g0/0 w a129/-8 f124 l129/-8 as140/120 st20 thr1.00 501:0 s0 k0 d0 f0 t14 m124 player 15: (105.575 -151.682 0.159) h0.55/0.00 g0/0 w a47/-5 f126 l67/-5 as139/120 st5 thr1.00 501:0 s0 k0 d0 f0 t15 m124 player 16: (30.187 -81.510 0.824) h1.00/1.00 g0/0 w a-18/-5 f-10 l-18/-5 as140/120 st20 th
chupathingyce: network test: tick 870 player 0: (42.458 -81.875 1.703) h1.00/1.00 g4/0 w a-23/-16 f-23 l-23/-16 as160/120 st4 thr1.00 501:0 494:12 s0 k0 d1 f0 t0 m0 player 1: (53.379 -67.790 0.666) h0.66/0.00 g0/0 w a-149/-2 f-149 l-149/-2 as139/120 st5 thr1.00 501:0 s0 k0 d0 f0 t1 m127 player 2: (92.019 -144.314 0.732) h1.00/1.00 g0/0 w a-24/-10 f-24 l-24/-10 as139/120 st7 thr1.00 501:0 s0 k0 d0 f0 t2 m127 player 3: (37.227 -87.322 0.397) h0.56/0.00 riding g0/0 w a59/4 f0 l59/4 as28/120 st0 thr0.00 501:0 s0 k0 d0 f0 t3 m127 player 4: (45.853 -59.920 1.794) h0.74/0.00 g0/0 w a-47/-8 f-47 l-47/-8 as139/120 st5 thr1.00 501:0 s0 k0 d0 f0 t4 m127 player 5: (43.954 -75.496 1.138) h1.00/0.61 g0/0 w a-12/-12 f-29 l-12/-12 as140/120 st20 thr1.00 501:0 s0 k0 d0 f0 t5 m126 player 6: (49.794 -84.370 0.069) h1.00/0.77 g0/0 w a105/2 f105 l105/2 as139/120 st6 thr1.00 501:0 s0 k0 d0 f0 t6 m126 player 7: (105.743 -161.359 0.024) h1.00/0.75 g0/0 w a91/-1 f91 l91/-1 as139/120 st7 thr1.00 501:0 s0 k0 d0 f0 t7 m126 player 8: (46.368 -71.880 0.590) h1.00/0.72 g0/0 w a30/-1 f35 l30/-1 as140/120 st20 thr1.00 501:0 s0 k0 d0 f0 t8 m126 player 9: (97.337 -150.597 0.069) h0.13/0.00 g0/0 w a-19/-0 f-19 l-19/-0 as139/120 st5 thr1.00 501:0 s0 k0 d0 f0 t9 m125 player 10: (106.762 -148.557 0.142) h1.00/1.00 g0/0 w a-109/-1 f-109 l-109/-1 as139/120 st7 thr1.00 501:0 s0 k0 d0 f0 t10 m125 player 11: (39.711 -60.292 1.303) h1.00/1.00 g0/0 w a3/2 f3 l3/2 as139/120 st6 thr1.00 501:0 s0 k0 d0 f0 t11 m125 player 12: (92.628 -147.369 0.609) h0.70/0.00 g0/0 w a-33/-7 f-33 l-33/-7 as139/120 st5 thr1.00 501:0 s0 k0 d0 f0 t12 m125 player 13: (39.149 -84.514 0.200) h1.00/0.63 g0/0 w a-128/-3 f-128 l-128/-3 as139/120 st6 thr1.00 501:0 s0 k0 d0 f0 t13 m124 player 14: (47.862 -76.395 0.279) h1.00/0.21 g0/0 w a167/9 f124 l167/9 as140/120 st20 thr1.00 501:0 s0 k0 d0 f0 t14 m124 player 15: (105.292 -153.321 0.153) h0.27/0.00 g0/0 w a73/-3 f73 l73/-3 as139/120 st5 thr1.00 501:0 s0 k0 d0 f0 t15 m124 player 16: (30.840 -80.215 0.007) h1.00/1.00 g0/0 w a-36/-0 f-36 l-36/-0 as139/12
chupathingyce: network test: tick 900 player 0: (43.442 -80.819 1.703) h1.00/1.00 g4/0 w a-32/-16 f-32 l-32/-16 as160/120 st7 thr1.00 501:0 494:12 s0 k0 d1 f0 t0 m0 player 1: (54.553 -66.485 0.878) h0.53/0.00 g0/0 w a-151/-5 f-151 l-151/-5 as139/120 st5 thr1.00 501:0 s0 k0 d0 f0 t1 m127 player 2: (91.396 -145.289 1.415) h1.00/0.87 g0/0 w a-70/-19 f-81 l-70/-19 as140/120 st20 thr1.00 501:0 s0 k0 d0 f0 t2 m127 player 3: (37.227 -87.322 0.397) h0.41/0.00 riding g0/0 w a29/12 f0 l29/12 as28/120 st0 thr0.00 501:0 s0 k0 d0 f0 t3 m127 player 4: (45.182 -58.103 1.934) h0.74/0.00 g0/0 w a-42/-6 f-42 l-42/-6 as139/120 st5 thr1.00 501:0 s0 k0 d0 f0 t4 m127 player 5: (44.425 -75.384 0.105) h1.00/0.46 g0/0 w a-34/-2 f-29 l-34/-2 as140/120 st21 thr1.00 501:0 s0 k0 d0 f0 t5 m126 player 6: (49.116 -85.866 0.066) h0.90/0.00 g0/0 w a-179/2 f-179 l-179/2 as139/120 st6 thr1.00 501:0 s0 k0 d0 f0 t6 m126 player 7: (104.792 -161.540 0.336) h1.00/0.75 g0/0 w a99/-2 f99 l99/-2 as140/120 st20 thr1.00 501:0 s0 k0 d0 f0 t7 m126 player 8: (45.869 -71.061 0.065) h1.00/0.72 g0/0 w a28/3 f28 l28/3 as139/120 st6 thr1.00 501:0 s0 k0 d0 f0 t8 m126 player 9: (95.356 -150.869 0.071) h0.13/0.00 g0/0 w a-25/-1 f-25 l-25/-1 as139/120 st5 thr1.00 501:0 s0 k0 d0 f0 t9 m125 player 10: (107.732 -149.058 0.084) h1.00/1.00 g0/0 w a-125/-2 f-125 l-125/-2 as139/120 st6 thr1.00 501:0 s0 k0 d0 f0 t10 m125 player 11: (39.915 -60.695 1.750) h1.00/1.00 g0/0 w a24/1 f19 l24/1 as140/120 st20 thr1.00 501:0 s0 k0 d0 f0 t11 m125 player 12: (92.469 -147.925 0.633) h0.42/0.00 g0/0 w a110/13 f110 l110/13 as139/120 st5 thr1.00 501:0 s0 k0 d0 f0 t12 m125 player 13: (40.265 -85.659 0.535) h1.00/0.63 g0/0 w a149/-5 f-131 l159/-5 as140/120 st20 thr1.00 501:0 s0 k0 d0 f0 t13 m124 player 14: (47.551 -77.714 0.134) h1.00/0.21 g0/0 w a147/-1 f147 l147/-1 as139/120 st6 thr1.00 501:0 s0 k0 d0 f0 t14 m124 player 15: (103.742 -154.562 0.051) h0.27/0.00 g0/0 w a57/-2 f57 l57/-2 as139/120 st5 thr1.00 501:0 s0 k0 d0 f0 t15 m124 player 16: (32.291 -80.518 0.012) h1.00/1.00 g0/0 w a-38/-0 f-38 l-38/-0 as
chupathingyce: bots: bot 1 at (54.6 -66.5 0.9) yaw -152 retreat, target 8 (seen), shield 0.00, kills 0 deaths 0
chupathingyce: bots: bot 2 at (91.3 -145.3 1.3) yaw -61 fight, target 12 (seen), shield 0.87, kills 0 deaths 0
chupathingyce: bots: bot 3 at (37.1 -87.2 0.4) yaw 8 vehicle, target 6 (seen), shield 0.00, kills 0 deaths 0
chupathingyce: bots: bot 4 at (43.9 -57.8 1.9) yaw -35 retreat, target 1 (seen), shield 0.00, kills 0 deaths 0
chupathingyce: bots: bot 5 at (46.0 -74.5 -0.1) yaw -89 fight, target 14 (seen), shield 0.46, kills 0 deaths 0
chupathingyce: network test: tick 930 player 0: (43.806 -80.632 1.703) h1.00/1.00 g4/0 w a-40/-16 f-40 l-40/-16 as160/120 st6 thr1.00 501:0 494:11 s0 k0 d1 f0 t0 m0 player 1: (56.453 -66.560 1.041) h0.53/0.00 g0/0 w a-165/-4 f-165 l-165/-4 as139/120 st5 thr1.00 501:0 s0 k0 d0 f0 t1 m127 player 2: (91.612 -144.974 0.785) h1.00/0.87 g0/0 w a-56/-12 f-56 l-56/-12 as139/120 st6 thr1.00 501:0 s0 k0 d0 f0 t2 m127 player 3: (37.269 -87.316 0.397) h0.41/0.00 riding g0/0 w a6/5 f0 l6/5 as28/120 st0 thr0.00 501:0 s0 k0 d0 f0 t3 m127 player 4: (43.434 -57.489 1.929) h0.74/0.00 g0/0 w a-59/-6 f-46 l-59/-6 as139/120 st6 thr1.00 501:0 s0 k0 d0 f0 t4 m127 player 5: (46.116 -74.498 -0.071) h1.00/0.46 g0/0 w a-89/0 f-89 l-89/0 as139/120 st6 thr1.00 501:0 s0 k0 d0 f0 t5 m126 player 6: (48.966 -84.778 0.047) h0.90/0.00 g0/0 w a-166/-0 f-166 l-166/-0 as139/120 st7 thr1.00 501:0 s0 k0 d0 f0 t6 m126 player 7: (103.249 -161.769 0.244) h1.00/0.75 g0/0 w a89/-4 f99 l89/-4 as140/120 st20 thr1.00 501:0 s0 k0 d0 f0 t7 m126 player 8: (46.549 -69.346 0.346) h1.00/0.97 g0/0 w a16/3 f16 l16/3 as139/120 st4 thr1.00 501:0 s0 k0 d0 f0 t8 m126 player 9: (94.088 -150.897 0.071) h0.13/0.00 g0/0 w a46/-2 f46 l46/-2 as139/120 st7 thr1.00 501:0 s0 k0 d0 f0 t9 m125 player 10: (109.245 -150.361 0.603) h1.00/1.00 g0/0 w a-135/-5 f-134 l-135/-5 as140/120 st20 thr1.00 501:0 s0 k0 d0 f0 t10 m125 player 11: (40.928 -62.280 1.336) h1.00/1.00 g0/0 w a60/2 f19 l60/2 as140/120 st20 thr1.00 501:0 s0 k0 d0 f0 t11 m125 player 12: (94.056 -148.836 0.041) h0.27/0.00 g0/0 w a-162/-3 f160 l-162/-3 as139/120 st7 thr1.00 501:0 s0 k0 d0 f0 t12 m125 player 13: (39.583 -87.097 0.190) h1.00/0.63 g0/0 w a130/-2 f130 l130/-2 as139/120 st6 thr1.00 501:0 s0 k0 d0 f0 t13 m124 player 14: (45.851 -78.605 0.134) h1.00/0.21 g0/0 w a89/-6 f89 l89/-6 as139/120 st6 thr1.00 501:0 s0 k0 d0 f0 t14 m124 player 15: (103.250 -156.242 0.078) h0.00/0.00 g0/0 w a46/3 f46 l46/3 as139/120 st5 thr1.00 501:0 s0 k0 d0 f0 t15 m124 player 16: (34.342 -80.537 0.105) h1.00/1.00 g0/0 w a-48/-0 f-48 l-48/-0 as139/120 st6 
chupathingyce: bots: bot 6 at (48.9 -84.5 0.0) yaw -163 fight, target 13 (seen), shield 0.00, kills 0 deaths 0
chupathingyce: bots: bot 7 at (103.4 -161.8 0.1) yaw 92 fight, target 15 (seen), shield 0.77, kills 0 deaths 0
chupathingyce: bots: bot 8 at (47.5 -68.4 0.5) yaw 14 fight, target 1 (seen), shield 1.00, kills 0 deaths 0
chupathingyce: network test: tick 960 player 0: (43.773 -79.848 1.703) h1.00/1.00 g4/0 w a-40/-16 f-40 l-40/-16 as160/120 st4 thr1.00 501:0 494:9 s0 k0 d1 f0 t0 m0 player 1: (57.757 -65.824 1.259) h0.53/0.00 g0/0 w a-166/-5 f-166 l-166/-5 as139/120 st6 thr1.00 501:0 s0 k0 d0 f0 t1 m127 player 2: (93.168 -143.851 0.445) h1.00/0.87 g0/0 w a-33/-2 f-33 l-33/-2 as139/120 st6 thr1.00 501:0 s0 k0 d0 f0 t2 m127 player 3: (37.274 -87.316 0.398) h0.39/0.00 riding g0/0 w a21/13 f0 l21/13 as28/120 st0 thr0.00 501:0 s0 k0 d0 f0 t3 m127 player 4: (44.901 -56.407 2.066) h0.74/0.00 g0/0 w a-130/-9 f-130 l-130/-9 as139/120 st5 thr1.00 501:0 s0 k0 d0 f0 t4 m127 player 5: (46.425 -74.482 -0.064) h1.00/0.32 g0/0 w a-101/1 f-101 l-101/1 as139/120 st7 thr1.00 501:0 s0 k0 d0 f0 t5 m126 player 6: (47.879 -83.571 0.683) h0.90/0.00 g0/0 w a-160/-3 f-164 l-160/-3 as140/120 st20 thr1.00 501:0 s0 k0 d0 f0 t6 m126 player 7: (103.584 -161.144 0.100) h1.00/0.78 g0/0 w a53/-0 f53 l53/-0 as139/120 st8 thr1.00 501:0 s1 k1 d0 f0 t7 m126 player 8: (48.046 -67.811 0.555) h1.00/1.00 g0/0 w a13/4 f13 l13/4 as139/120 st6 thr1.00 501:0 s0 k0 d0 f0 t8 m126 player 9: dead s0 k0 d1 f0 t9 m125 player 10: (110.396 -151.916 0.095) h1.00/1.00 g0/0 w a-127/-0 f-127 l-127/-0 as139/120 st4 thr1.00 501:0 s0 k0 d0 f0 t10 m125 player 11: (40.048 -61.992 1.133) h1.00/1.00 g0/0 w a48/6 f48 l48/6 as139/120 st7 thr1.00 501:0 s0 k0 d0 f0 t11 m125 player 12: dead s1 k1 d1 f0 t12 m125 player 13: (38.281 -86.962 0.167) h1.00/0.63 g0/0 w a116/5 f116 l116/5 as139/120 st7 thr1.00 501:0 s0 k0 d0 f0 t13 m124 player 14: (45.773 -78.411 0.134) h1.00/0.06 g0/0 w a80/-5 f80 l80/-5 as139/120 st6 thr1.00 501:0 s0 k0 d0 f0 t14 m124 player 15: dead s0 k0 d1 f0 t15 m124 player 16: (34.964 -80.690 0.788) h1.00/0.86 g0/0 w a-71/-8 f-72 l-71/-8 as140/120 st20 thr1.00 501:0 s0 k0 d0 f0 t16 m124 player 17: (90.694 -152.802 0.402) h1.00/1.00 g0/0 w a45/-0 f45 l45/-0 as139/120 st7 thr1.00 501:0 s1 k1 d0 f0 t17 m123 player 18: (81.645 -151.687 0.001) h1.00/0.58 g0/0 w a-127/-1 f-127 l-127/-1 as139/120 st6 thr
chupathingyce: bots: bot 10 at (110.3 -152.1 0.1) yaw -127 fight, target 7 (seen), shield 1.00, kills 0 deaths 0
chupathingyce: bots: bot 11 at (40.4 -62.3 1.1) yaw 55 fight, target 4 (seen), shield 1.00, kills 0 deaths 0
chupathingyce: bots: bot 13 at (39.3 -86.2 0.2) yaw 129 fight, target 16, shield 0.50, kills 0 deaths 0
chupathingyce: network test: tick 990 player 0: (44.585 -80.609 1.703) h1.00/1.00 g4/0 w a-46/-21 f-46 l-46/-21 as160/120 st5 thr1.00 501:0 494:8 s1 k1 d1 f0 t0 m0 player 1: (58.013 -67.724 1.108) h0.53/0.00 g0/0 w a-172/-5 f-172 l-172/-5 as139/120 st6 thr1.00 501:0 s0 k0 d0 f0 t1 m127 player 2: (94.569 -142.474 0.208) h1.00/0.87 g0/0 w a-58/-4 f-58 l-58/-4 as139/120 st6 thr1.00 501:0 s0 k0 d0 f0 t2 m127 player 3: (37.274 -87.316 0.398) h0.34/0.00 riding g0/0 w a94/3 f0 l75/6 as28/120 st0 thr0.00 501:0 s0 k0 d0 f0 t3 m127 player 4: (45.674 -55.409 2.294) h0.74/0.00 g0/0 w a-119/-9 f-119 l-119/-9 as139/120 st6 thr1.00 501:0 s0 k0 d0 f0 t4 m127 player 5: (47.609 -74.765 -0.002) h1.00/0.17 g0/0 w a-107/-0 f-107 l-107/-0 as139/120 st6 thr1.00 501:0 s0 k0 d0 f0 t5 m126 player 6: dead s0 k0 d1 f0 t6 m126 player 7: (105.258 -161.121 0.047) h1.00/0.78 g0/0 w a61/-1 f61 l61/-1 as139/120 st7 thr1.00 501:0 s1 k1 d0 f0 t7 m126 player 8: (48.320 -68.844 0.354) h1.00/1.00 g0/0 w a7/3 f7 l7/3 as139/120 st7 thr1.00 501:0 s0 k0 d0 f0 t8 m126 player 9: dead s0 k0 d1 f0 t9 m125 player 10: (109.684 -152.664 0.069) h1.00/1.00 g0/0 w a-116/-0 f-116 l-116/-0 as139/120 st6 thr1.00 501:0 s0 k0 d0 f0 t10 m125 player 11: (41.556 -62.981 1.110) h1.00/1.00 g0/0 w a61/7 f61 l61/7 as139/120 st7 thr1.00 501:0 s0 k0 d0 f0 t11 m125 player 12: dead s1 k1 d1 f0 t12 m125 player 13: (39.030 -85.855 0.199) h1.00/0.50 g0/0 w a132/-2 f132 l132/-2 as139/120 st6 thr1.00 501:0 s0 k0 d0 f0 t13 m124 player 14: (46.496 -78.475 0.134) h0.95/0.00 g0/0 w a74/-5 f74 l74/-5 as139/120 st7 thr1.00 501:0 s0 k0 d0 f0 t14 m124 player 15: dead s0 k0 d1 f0 t15 m124 player 16: (34.972 -81.195 0.124) h1.00/0.86 g0/0 w a-71/-1 f-71 l-71/-1 as139/120 st6 thr1.00 501:0 s0 k0 d0 f0 t16 m124 player 17: (91.984 -153.844 0.097) h1.00/1.00 g0/0 w a57/-1 f57 l57/-1 as139/120 st7 thr1.00 501:0 s1 k1 d0 f0 t17 m123 player 18: (82.974 -152.495 -0.037) h1.00/0.58 g0/0 w a-122/5 f-122 l-122/5 as139/120 st6 thr1.00 501:0 s0 k0 d0 f0 t18 m123 player 19: (44.413 -91.179 0.149) h1.00/1.00 g0/0 w a136/-1 
chupathingyce: bots: bot 14 at (46.6 -78.5 0.1) yaw 74 fight, target 5 (seen), shield 0.00, kills 0 deaths 0
chupathingyce: bots: bot 16 at (35.0 -81.3 0.1) yaw -69 fight, target 3 (seen), shield 0.86, kills 0 deaths 0
chupathingyce: bots: bot 17 at (91.6 -153.5 0.1) yaw 52 fight, target 22 (seen), shield 1.00, kills 1 deaths 0
chupathingyce: bots: bot 18 at (84.6 -153.6 0.6) yaw -139 fight, target 21 (seen), shield 0.58, kills 0 deaths 0
chupathingyce: network test: tick 1020 player 0: (42.778 -81.096 1.703) h1.00/1.00 g4/0 w a158/-3 f-177 l158/-3 as160/120 st4 thr1.00 501:0 494:8 s1 k1 d1 f0 t0 m0 player 1: (58.236 -69.668 0.896) h0.53/0.00 g0/0 w a-175/-5 f-175 l-175/-5 as139/120 st7 thr1.00 501:0 s0 k0 d0 f0 t1 m127 player 2: (96.275 -141.431 0.682) h1.00/0.87 g0/0 w a-58/-10 f-58 l-58/-10 as140/120 st20 thr1.00 501:0 s0 k0 d0 f0 t2 m127 player 3: (37.274 -87.316 0.398) h0.29/0.00 riding g0/0 w a55/4 f0 l55/4 as28/120 st0 thr0.00 501:0 s0 k0 d0 f0 t3 m127 player 4: (47.433 -56.360 2.259) h0.74/0.15 g0/0 w a-118/-9 f-118 l-118/-9 as139/120 st6 thr1.00 501:0 s0 k0 d0 f0 t4 m127 player 5: (49.424 -75.298 0.683) h1.00/0.17 g0/0 w a-105/-11 f-107 l-105/-11 as140/120 st20 thr1.00 501:0 s0 k0 d0 f0 t5 m126 player 6: dead s0 k0 d1 f0 t6 m126 player 7: (106.994 -162.027 0.018) h1.00/0.78 g0/0 w a62/0 f62 l62/0 as139/120 st7 thr1.00 501:0 s1 k1 d0 f0 t7 m126 player 8: (48.498 -70.337 0.128) h1.00/1.00 g0/0 w a4/4 f4 l4/4 as139/120 st6 thr1.00 501:0 s0 k0 d0 f0 t8 m126 player 9: dead s0 k0 d1 f0 t9 m125 player 10: (111.455 -153.592 0.291) h1.00/1.00 g0/0 w a-119/-2 f-119 l-119/-2 as139/120 st6 thr1.00 501:0 s0 k0 d0 f0 t10 m125 player 11: (43.314 -63.931 1.047) h1.00/1.00 g0/0 w a62/7 f62 l62/7 as139/120 st7 thr1.00 501:0 s0 k0 d0 f0 t11 m125 player 12: dead s1 k1 d1 f0 t12 m125 player 13: (39.108 -84.679 0.133) h1.00/0.37 g0/0 w a-129/-4 f-129 l-129/-4 as139/120 st6 thr1.00 501:0 s0 k0 d0 f0 t13 m124 player 14: (48.415 -79.038 0.114) h0.95/0.00 g0/0 w a76/7 f76 l76/7 as139/120 st7 thr1.00 501:0 s0 k0 d0 f0 t14 m124 player 15: dead s0 k0 d1 f0 t15 m124 player 16: (35.035 -81.364 0.124) h1.00/0.86 g0/0 w a-54/2 f-54 l-54/2 as139/120 st4 thr1.00 501:0 s0 k0 d0 f0 t16 m124 player 17: (91.693 -152.920 0.159) h1.00/1.00 g0/0 w a50/-1 f50 l50/-1 as139/120 st4 thr1.00 501:0 s1 k1 d0 f0 t17 m123 player 18: (84.605 -153.638 0.600) h1.00/0.58 g0/0 w a-138/-8 f-124 l-138/-8 as140/120 st20 thr1.00 501:0 s0 k0 d0 f0 t18 m123 player 19: (42.846 -92.408 0.744) h1.00/1.00 g0/0 w a117
chupathingyce: bots: bot 19 at (42.5 -92.6 0.6) yaw 111 fight, target 13 (seen), shield 1.00, kills 0 deaths 0
chupathingyce: bots: bot 20 at (108.8 -169.2 0.1) yaw 98 fight, target 7 (seen), shield 1.00, kills 0 deaths 0
chupathingyce: bots: bot 9 inventory slot 0 now weapon 501
chupathingyce: bots: bot 12 inventory slot 0 now weapon 501
chupathingyce: bots: bot 15 inventory slot 0 now weapon 501
chupathingyce: bots: bot 21 at (79.4 -156.2 0.5) yaw 12 fight, target 18 (seen), shield 1.00, kills 0 deaths 0
chupathingyce: bots: bot 22 at (100.0 -144.3 0.8) yaw 139 fight, target 2 (seen), shield 0.00, kills 0 deaths 0
chupathingyce: network test: tick 1050 player 0: (41.394 -80.190 1.703) h1.00/1.00 g4/0 w a21/-9 f57 l21/-9 as160/120 st4 thr1.00 501:0 494:8 s1 k1 d1 f0 t0 m0 player 1: (58.122 -68.212 1.567) h0.53/0.00 g0/0 w a-168/-10 f-176 l-168/-10 as140/120 st20 thr1.00 501:0 s0 k0 d0 f0 t1 m127 player 2: (96.396 -141.491 0.023) h1.00/0.87 g0/0 w a-38/9 f-38 l-38/9 as139/120 st7 thr1.00 501:0 s0 k0 d0 f0 t2 m127 player 3: (37.274 -87.316 0.398) h0.11/0.00 riding g0/0 w a95/11 f0 l75/13 as28/120 st0 thr0.00 501:0 s0 k0 d0 f0 t3 m127 player 4: (48.231 -56.812 2.232) h0.74/0.22 g0/0 w a-113/-9 f-113 l-113/-9 as139/120 st7 thr1.00 501:0 s0 k0 d0 f0 t4 m127 player 5: (49.442 -75.458 0.244) h1.00/0.03 g0/0 w a-87/6 f-87 l-87/6 as139/120 st7 thr1.00 501:0 s0 k0 d0 f0 t5 m126 player 6: dead s0 k0 d1 f0 t6 m126 player 7: (108.727 -162.940 0.047) h1.00/0.78 g0/0 w a63/2 f63 l63/2 as139/120 st7 thr1.00 501:0 s1 k1 d0 f0 t7 m126 player 8: (48.566 -70.409 0.116) h1.00/1.00 g0/0 w a12/7 f12 l12/7 as139/120 st7 thr1.00 501:0 s0 k0 d0 f0 t8 m126 player 9: (106.065 -158.469 0.160) h1.00/1.00 g0/0 w a30/1 f30 l30/1 as139/120 st7 thr1.00 501:0 s0 k0 d1 f0 t9 m125 player 10: (113.059 -154.446 0.432) h1.00/1.00 g0/0 w a-117/-3 f-117 l-117/-3 as140/120 st21 thr1.00 501:0 s0 k0 d0 f0 t10 m125 player 11: (45.090 -64.848 0.999) h1.00/1.00 g0/0 w a67/7 f67 l67/7 as139/120 st7 thr1.00 501:0 s0 k0 d0 f0 t11 m125 player 12: (29.256 -80.889 0.156) h1.00/1.00 g0/0 w a-6/5 f-6 l-6/5 as139/120 st6 thr1.00 501:0 s1 k1 d1 f0 t12 m125 player 13: (38.872 -84.587 0.140) h1.00/0.37 g0/0 w a-125/-4 f-125 l-125/-4 as139/120 st7 thr1.00 501:0 s0 k0 d0 f0 t13 m124 player 14: (49.844 -79.372 0.752) h0.95/0.00 g0/0 w a94/-10 f80 l94/-10 as140/120 st20 thr1.00 501:0 s0 k0 d0 f0 t14 m124 player 15: (98.920 -149.845 0.370) h1.00/1.00 g0/0 w a69/4 f-21 l49/4 as140/120 st20 thr1.00 501:0 s0 k0 d1 f0 t15 m124 player 16: (35.347 -81.721 0.792) h1.00/0.86 g0/0 w a-63/-4 f-71 l-63/-4 as140/120 st20 thr1.00 501:0 s0 k0 d0 f0 t16 m124 player 17: (92.930 -151.645 0.128) h1.00/1.00 g0/0 w a45/3
chupathingyce: bots: bot 23 at (87.0 -159.6 0.1) yaw 107 fight, target 18 (seen), shield 1.00, kills 0 deaths 0
chupathingyce: bots: bot 6 inventory slot 0 now weapon 501
chupathingyce: network test: tick 1080 player 0: (43.009 -79.176 1.603) h1.00/1.00 g4/0 w a2/-31 f3 l2/-31 as161/120 st20 thr1.00 501:0 494:8 s1 k1 d1 f0 t0 m0 player 1: (57.327 -66.392 1.156) h0.53/0.17 g0/0 w a-146/-8 f-146 l-146/-8 as139/120 st7 thr1.00 501:0 s0 k0 d0 f0 t1 m127 player 2: (95.887 -142.678 0.084) h1.00/1.00 g0/0 w a-6/5 f-6 l-6/5 as139/120 st6 thr1.00 501:0 s0 k0 d0 f0 t2 m127 player 3: dead s0 k0 d1 f0 t3 m127 player 4: (46.393 -56.484 2.127) h0.74/0.22 g0/0 w a-85/-8 f-85 l-85/-8 as139/120 st6 thr1.00 501:0 s0 k0 d0 f0 t4 m127 player 5: (47.981 -75.474 0.579) h1.00/0.03 g0/0 w a-64/-8 f-82 l-64/-8 as140/120 st20 thr1.00 501:0 s0 k0 d0 f0 t5 m126 player 6: (92.511 -169.261 0.122) h1.00/1.00 g0/0 w a114/-1 f112 l114/-1 as139/120 st4 thr1.00 501:0 s0 k0 d1 f0 t6 m126 player 7: (108.257 -163.498 0.066) h1.00/0.52 g0/0 w a106/-3 f106 l106/-3 as139/120 st6 thr1.00 501:0 s1 k1 d0 f0 t7 m126 player 8: (49.086 -71.822 0.030) h1.00/1.00 g0/0 w a32/6 f32 l32/6 as139/120 st6 thr1.00 501:0 s0 k0 d0 f0 t8 m126 player 9: (107.477 -160.124 0.022) h1.00/1.00 g0/0 w a53/-1 f53 l53/-1 as139/120 st7 thr1.00 501:0 s0 k0 d1 f0 t9 m125 player 10: (111.625 -153.950 0.104) h1.00/1.00 g0/0 w a-108/-1 f-108 l-108/-1 as139/120 st4 thr1.00 501:0 s0 k0 d0 f0 t10 m125 player 11: (47.044 -65.169 1.090) h1.00/1.00 g0/0 w a94/6 f94 l94/6 as139/120 st7 thr1.00 501:0 s0 k0 d0 f0 t11 m125 player 12: (29.516 -79.729 0.119) h1.00/1.00 g0/0 w a-21/-2 f-21 l-21/-2 as139/120 st7 thr1.00 501:0 s1 k1 d1 f0 t12 m125 player 13: (37.222 -84.636 0.057) h1.00/0.37 g0/0 w a-76/-2 f-76 l-76/-2 as139/120 st4 thr1.00 501:0 s1 k1 d0 f0 t13 m124 player 14: (49.958 -79.660 0.123) h0.83/0.00 g0/0 w a115/5 f102 l115/5 as139/120 st6 thr1.00 501:0 s0 k0 d0 f0 t14 m124 player 15: (100.680 -150.263 0.277) h1.00/1.00 g0/0 w a69/1 f-21 l49/1 as140/120 st20 thr1.00 501:0 s0 k0 d1 f0 t15 m124 player 16: (35.242 -81.921 0.124) h1.00/0.86 g0/0 w a-54/-3 f-54 l-54/-3 as139/120 st6 thr1.00 501:0 s0 k0 d0 f0 t16 m124 player 17: (94.947 -150.999 0.072) h1.00/1.00 g0/0 w a53/3 
chupathingyce: network test: tick 1110 player 0: (44.966 -79.135 0.354) h1.00/1.00 g4/0 w a-15/-8 f-15 l-15/-8 as160/120 st4 thr1.00 501:0 494:8 s1 k1 d1 f0 t0 m0 player 1: (56.216 -64.730 1.334) h0.53/0.42 g0/0 w a-146/-8 f-146 l-146/-8 as139/120 st7 thr1.00 501:0 s0 k0 d0 f0 t1 m127 player 2: (95.959 -142.184 0.071) h1.00/1.00 g0/0 w a-20/5 f-20 l-20/5 as139/120 st7 thr1.00 501:0 s0 k0 d0 f0 t2 m127 player 3: dead s0 k0 d1 f0 t3 m127 player 4: (48.037 -56.285 2.840) h0.74/0.22 g0/0 w a-84/-12 f-84 l-84/-12 as140/120 st20 thr1.00 501:0 s0 k0 d0 f0 t4 m127 player 5: (47.438 -75.583 0.011) h1.00/0.03 g0/0 w a-78/-1 f-78 l-78/-1 as139/120 st6 thr1.00 501:0 s0 k0 d0 f0 t5 m126 player 6: (91.302 -168.273 0.564) h1.00/1.00 g0/0 w a123/-3 f115 l123/-3 as140/120 st20 thr1.00 501:0 s0 k0 d1 f0 t6 m126 player 7: (106.521 -162.912 0.027) h1.00/0.52 g0/0 w a38/-2 f38 l38/-2 as139/120 st6 thr1.00 501:0 s1 k1 d0 f0 t7 m126 player 8: (48.007 -70.211 0.156) h1.00/1.00 g0/0 w a35/5 f35 l35/5 as139/120 st6 thr1.00 501:0 s0 k0 d0 f0 t8 m126 player 9: (109.496 -160.891 0.023) h1.00/1.00 g0/0 w a87/-1 f87 l87/-1 as139/120 st6 thr1.00 501:0 s0 k0 d1 f0 t9 m125 player 10: (109.814 -153.914 0.091) h1.00/1.00 g0/0 w a-110/-1 f-110 l-110/-1 as139/120 st7 thr1.00 501:0 s0 k0 d0 f0 t10 m125 player 11: (49.031 -64.947 1.121) h1.00/1.00 g0/0 w a96/10 f96 l96/10 as139/120 st7 thr1.00 501:0 s0 k0 d0 f0 t11 m125 player 12: (29.119 -81.837 0.645) h1.00/1.00 g0/0 w a1/-6 f-2 l1/-6 as140/120 st20 thr1.00 501:0 s1 k1 d1 f0 t12 m125 player 13: (37.987 -85.191 0.144) h1.00/0.23 g0/0 w a129/-2 f129 l129/-2 as139/120 st7 thr1.00 501:0 s1 k1 d0 f0 t13 m124 player 14: (48.128 -80.359 0.093) h0.83/0.00 g0/0 w a101/-3 f101 l101/-3 as139/120 st6 thr1.00 501:0 s0 k0 d0 f0 t14 m124 player 15: (102.756 -150.085 -0.000) h1.00/1.00 g0/0 w a102/5 f102 l102/5 as139/120 st6 thr1.00 501:0 s0 k0 d1 f0 t15 m124 player 16: (35.136 -81.637 0.124) h1.00/0.44 g0/0 w a-53/-2 f-53 l-53/-2 as139/120 st10 thr1.00 501:0 s0 k0 d0 f0 t16 m124 player 17: (96.533 -151.922 0.089) h1.00/1.00 g0/0
chupathingyce: network test: tick 1140 player 0: (45.252 -79.050 0.181) h1.00/0.87 g4/0 w a-36/-5 f-36 l-36/-5 as160/120 st5 thr1.00 501:0 494:6 s2 k2 d1 f0 t0 m0 player 1: (55.113 -63.095 1.479) h0.53/0.67 g0/0 w a-145/-6 f-146 l-145/-6 as140/120 st21 thr1.00 501:0 s0 k0 d0 f0 t1 m127 player 2: (95.472 -144.117 0.010) h1.00/1.00 g0/0 w a-6/4 f-6 l-6/4 as139/120 st7 thr1.00 501:0 s0 k0 d0 f0 t2 m127 player 3: dead s0 k0 d1 f0 t3 m127 player 4: (50.018 -56.144 2.536) h0.74/0.22 g0/0 w a-94/-10 f-94 l-94/-10 as139/120 st6 thr1.00 501:0 s0 k0 d0 f0 t4 m127 player 5: (47.344 -75.450 0.006) h1.00/0.03 g0/0 w a-120/0 f-120 l-120/0 as139/120 st6 thr1.00 501:0 s0 k0 d0 f0 t5 m126 player 6: (91.859 -166.961 0.087) h1.00/1.00 g0/0 w a128/-0 f128 l128/-0 as139/120 st7 thr1.00 501:0 s0 k0 d1 f0 t6 m126 player 7: (105.715 -161.385 0.024) h1.00/0.37 g0/0 w a10/-3 f10 l10/-3 as139/120 st5 thr1.00 501:0 s1 k1 d0 f0 t7 m126 player 8: (46.935 -68.592 0.779) h1.00/1.00 g0/0 w a59/4 f59 l59/4 as140/120 st20 thr1.00 501:0 s0 k0 d0 f0 t8 m126 player 9: (108.468 -160.984 0.028) h1.00/0.74 g0/0 w a-171/-3 f127 l-171/-3 as139/120 st5 thr1.00 501:0 s0 k0 d1 f0 t9 m125 player 10: (107.914 -153.299 0.079) h1.00/1.00 g0/0 w a-104/-2 f-104 l-104/-2 as139/120 st7 thr1.00 501:0 s0 k0 d0 f0 t10 m125 player 11: (49.262 -64.848 1.135) h1.00/1.00 g0/0 w a88/8 f88 l88/8 as139/120 st6 thr1.00 501:0 s0 k0 d0 f0 t11 m125 player 12: (29.577 -83.935 0.175) h1.00/1.00 g0/0 w a21/-2 f-2 l21/-2 as140/120 st21 thr1.00 501:0 s1 k1 d1 f0 t12 m125 player 13: (39.067 -84.517 0.674) h1.00/0.23 g0/0 w a177/-3 f130 l177/-3 as140/120 st20 thr1.00 501:0 s1 k1 d0 f0 t13 m124 player 14: dead s0 k0 d1 f0 t14 m124 player 15: (101.031 -150.251 -0.029) h1.00/1.00 g0/0 w a86/5 f86 l86/5 as139/120 st6 thr1.00 501:0 s0 k0 d1 f0 t15 m124 player 16: (35.116 -81.583 0.124) h1.00/0.04 g0/0 w a-80/-1 f-80 l-80/-1 as139/120 st10 thr1.00 501:0 s0 k0 d0 f0 t16 m124 player 17: (95.321 -150.959 0.071) h1.00/1.00 g0/0 w a47/2 f47 l47/2 as139/120 st6 thr1.00 501:0 s1 k1 d0 f0 t17 m123 player 18: (85.2
chupathingyce: bots: bot 3 inventory slot 0 now weapon 501
chupathingyce: network test: tick 1170 player 0: (43.963 -79.331 0.961) h1.00/0.87 g4/0 w a8/-23 f8 l8/-23 as160/120 st5 thr1.00 501:0 494:6 s2 k2 d1 f0 t0 m0 player 1: (55.673 -64.357 1.247) h0.53/0.92 g0/0 w a-159/-4 f-159 l-159/-4 as139/120 st6 thr1.00 501:0 s0 k0 d0 f0 t1 m127 player 2: (95.949 -144.615 0.015) h1.00/1.00 g0/0 w a-43/-0 f-43 l-43/-0 as139/120 st6 thr1.00 501:0 s1 k1 d0 f0 t2 m127 player 3: (51.899 -77.155 0.109) h1.00/1.00 g0/0 w a179/-2 f179 l179/-2 as139/120 st6 thr1.00 501:0 s0 k0 d1 f0 t3 m127 player 4: (51.238 -55.691 2.743) h0.74/0.22 g0/0 w a-112/-10 f-112 l-112/-10 as139/120 st5 thr1.00 501:0 s0 k0 d0 f0 t4 m127 player 5: (46.437 -77.011 0.134) h1.00/0.03 g0/0 w a-121/-2 f-121 l-121/-2 as139/120 st4 thr1.00 501:0 s0 k0 d0 f0 t5 m126 player 6: (93.488 -165.623 0.733) h1.00/1.00 g0/0 w a135/-5 f130 l135/-5 as140/120 st20 thr1.00 501:0 s0 k0 d1 f0 t6 m126 player 7: (104.924 -162.263 0.022) h1.00/0.09 g0/0 w a4/-3 f4 l4/-3 as139/120 st7 thr1.00 501:0 s1 k1 d0 f0 t7 m126 player 8: (46.471 -67.559 0.678) h1.00/1.00 g0/0 w a72/7 f72 l72/7 as139/120 st7 thr1.00 501:0 s0 k0 d0 f0 t8 m126 player 9: (108.350 -162.008 0.008) h1.00/0.62 g0/0 w a-176/-2 f-176 l-176/-2 as139/120 st6 thr1.00 501:0 s0 k0 d1 f0 t9 m125 player 10: (107.301 -153.135 0.092) h1.00/1.00 g0/0 w a-105/-2 f-105 l-105/-2 as139/120 st6 thr1.00 501:0 s0 k0 d0 f0 t10 m125 player 11: (47.350 -64.317 1.252) h1.00/1.00 g0/0 w a66/8 f66 l66/8 as139/120 st6 thr1.00 501:0 s0 k0 d0 f0 t11 m125 player 12: (30.772 -85.708 0.067) h1.00/1.00 g0/0 w a49/-1 f49 l49/-1 as139/120 st7 thr1.00 501:0 s1 k1 d1 f0 t12 m125 player 13: (39.272 -85.891 0.184) h1.00/0.23 g0/0 w a178/-2 f178 l178/-2 as139/120 st6 thr1.00 501:0 s1 k1 d0 f0 t13 m124 player 14: dead s0 k0 d1 f0 t14 m124 player 15: (101.210 -149.348 0.006) h1.00/1.00 g0/0 w a138/-1 f138 l138/-1 as139/120 st7 thr1.00 501:0 s0 k0 d1 f0 t15 m124 player 16: (33.881 -81.894 0.039) h0.95/0.00 g0/0 w a-72/-1 f-72 l-72/-1 as139/120 st7 thr1.00 501:0 s0 k0 d0 f0 t16 m124 player 17: (94.748 -149.263 0.494) h1.00/1.00
chupathingyce: network test: tick 1200 player 0: (44.901 -79.173 0.394) h1.00/0.87 g4/0 w a-3/1 f-3 l-3/1 as160/120 st4 thr1.00 501:0 494:6 s2 k2 d1 f0 t0 m0 player 1: (55.278 -63.491 1.408) h0.53/1.00 g0/0 w a-152/-7 f-152 l-152/-7 as139/120 st7 thr1.00 501:0 s0 k0 d0 f0 t1 m127 player 2: (96.168 -144.513 0.257) h1.00/1.00 g0/0 w a-28/2 f-28 l-28/2 as140/120 st20 thr1.00 501:0 s1 k1 d0 f0 t2 m127 player 3: (51.827 -79.353 0.627) h1.00/1.00 g0/0 w a175/-5 f178 l175/-5 as140/120 st20 thr1.00 501:0 s0 k0 d1 f0 t3 m127 player 4: (52.823 -55.001 3.030) h0.74/0.22 g0/0 w a-128/-11 f-128 l-128/-11 as139/120 st5 thr1.00 501:0 s0 k0 d0 f0 t4 m127 player 5: (45.931 -78.667 0.134) h1.00/0.03 g0/0 w a-150/10 f-150 l-150/10 as139/120 st5 thr1.00 501:0 s0 k0 d0 f0 t5 m126 player 6: (93.971 -164.927 0.128) h1.00/1.00 g0/0 w a150/-1 f150 l150/-1 as139/120 st4 thr1.00 501:0 s0 k0 d1 f0 t6 m126 player 7: (105.500 -161.791 0.018) h1.00/0.09 g0/0 w a-39/-1 f-39 l-39/-1 as139/120 st6 thr1.00 501:0 s1 k1 d0 f0 t7 m126 player 8: (48.343 -67.304 0.633) h1.00/1.00 g0/0 w a109/7 f109 l109/7 as139/120 st7 thr1.00 501:0 s0 k0 d0 f0 t8 m126 player 9: (107.963 -164.110 0.091) h1.00/0.62 g0/0 w a141/-3 f141 l141/-3 as139/120 st6 thr1.00 501:0 s0 k0 d1 f0 t9 m125 player 10: (106.355 -152.962 0.631) h1.00/1.00 g0/0 w a-98/-5 f-102 l-98/-5 as140/120 st20 thr1.00 501:0 s0 k0 d0 f0 t10 m125 player 11: (46.526 -62.870 1.399) h1.00/0.85 g0/0 w a53/8 f53 l53/8 as139/120 st4 thr1.00 501:0 s0 k0 d0 f0 t11 m125 player 12: (32.602 -86.630 -0.013) h1.00/0.87 g0/0 w a70/-0 f70 l70/-0 as139/120 st7 thr1.00 501:0 s1 k1 d1 f0 t12 m125 player 13: (39.429 -87.228 0.480) h1.00/0.23 g0/0 w a-142/6 f-139 l-142/6 as140/120 st20 thr1.00 501:0 s1 k1 d0 f0 t13 m124 player 14: dead s0 k0 d1 f0 t14 m124 player 15: (102.568 -147.637 0.605) h1.00/1.00 g0/0 w a151/-4 f146 l151/-4 as140/120 st20 thr1.00 501:0 s0 k0 d1 f0 t15 m124 player 16: (34.363 -81.589 0.076) h0.81/0.00 g0/0 w a-66/5 f-66 l-66/5 as139/120 st6 thr1.00 501:0 s0 k0 d0 f0 t16 m124 player 17: (94.745 -148.126 0.081) h1.00
chupathingyce: bots: bot 1 at (55.3 -63.5 1.4) yaw -151 fight, target 8 (seen), shield 1.00, kills 0 deaths 0
chupathingyce: bots: bot 2 at (96.0 -144.9 0.5) yaw -19 fight, target 15 (seen), shield 1.00, kills 1 deaths 0
chupathingyce: bots: bot 3 at (51.6 -80.4 0.8) yaw 160 fight, target 5 (seen), shield 1.00, kills 0 deaths 1
chupathingyce: bots: bot 4 at (53.5 -55.5 2.9) yaw -139 retreat, target 11 (seen), shield 0.22, kills 0 deaths 0
chupathingyce: network test: tick 1230 player 0: (46.082 -78.553 0.134) h1.00/0.12 g4/0 w a31/-13 f31 l31/-13 as161/120 st0 thr0.00 501:0 494:5 s3 k3 d1 f0 t0 m0 player 1: (54.099 -61.907 1.847) h0.53/1.00 g0/0 w a-134/-10 f-134 l-134/-10 as139/120 st7 thr1.00 501:0 s0 k0 d0 f0 t1 m127 player 2: (95.513 -145.985 0.272) h1.00/1.00 g0/0 w a-93/-9 f-28 l-93/-9 as140/120 st20 thr1.00 501:0 s1 k1 d0 f0 t2 m127 player 3: (51.448 -81.271 0.118) h1.00/1.00 g0/0 w a154/-3 f178 l154/-3 as140/120 st21 thr1.00 501:0 s0 k0 d1 f0 t3 m127 player 4: (53.601 -55.535 2.920) h0.74/0.26 g0/0 w a-141/-6 f-141 l-141/-6 as139/120 st5 thr1.00 501:0 s0 k0 d0 f0 t4 m127 player 5: dead s0 k0 d1 f0 t5 m126 player 6: (92.203 -164.309 0.739) h1.00/1.00 g0/0 w a145/-0 f148 l145/-0 as140/120 st20 thr1.00 501:0 s0 k0 d1 f0 t6 m126 player 7: (105.403 -161.731 0.023) h1.00/0.09 g0/0 w a-47/-2 f-47 l-47/-2 as139/120 st7 thr1.00 501:0 s1 k1 d0 f0 t7 m126 player 8: (49.671 -66.588 0.745) h1.00/1.00 g0/0 w a128/9 f128 l128/9 as139/120 st6 thr1.00 501:0 s0 k0 d0 f0 t8 m126 player 9: (108.112 -164.171 0.093) h1.00/0.62 g0/0 w a133/-4 f133 l133/-4 as139/120 st7 thr1.00 501:0 s0 k0 d1 f0 t9 m125 player 10: (104.797 -152.785 0.124) h1.00/1.00 g0/0 w a-88/-1 f-88 l-88/-1 as139/120 st7 thr1.00 501:0 s0 k0 d0 f0 t10 m125 player 11: (45.825 -61.805 1.972) h1.00/0.72 g0/0 w a39/4 f40 l39/4 as140/120 st20 thr1.00 501:0 s0 k0 d0 f0 t11 m125 player 12: (34.694 -87.128 -0.030) h1.00/0.87 g0/0 w a86/1 f86 l86/1 as139/120 st7 thr1.00 501:0 s1 k1 d1 f0 t12 m125 player 13: (40.657 -86.681 0.387) h1.00/0.23 g0/0 w a-160/-8 f-139 l-160/-8 as140/120 st20 thr1.00 501:0 s1 k1 d0 f0 t13 m124 player 14: dead s0 k0 d1 f0 t14 m124 player 15: (103.146 -145.574 0.508) h1.00/1.00 g0/0 w a-177/-2 f-177 l-177/-2 as139/120 st7 thr1.00 501:0 s0 k0 d1 f0 t15 m124 player 16: (34.905 -81.054 0.123) h0.67/0.00 g0/0 w a-94/-3 f-94 l-94/-3 as139/120 st5 thr1.00 501:0 s0 k0 d0 f0 t16 m124 player 17: (95.275 -148.979 0.057) h1.00/0.86 g0/0 w a84/4 f84 l84/4 as139/120 st5 thr1.00 501:0 s1 k1 d0 f0 t17 m123 
chupathingyce: bots: bot 14 inventory slot 0 now weapon 501
chupathingyce: bots: bot 6 at (91.8 -164.3 0.6) yaw 143 fight, target 21 (seen), shield 1.00, kills 0 deaths 1
chupathingyce: bots: bot 7 at (105.0 -162.4 0.0) yaw -18 fight, target 9 (seen), shield 0.09, kills 1 deaths 0
chupathingyce: bots: bot 8 at (48.8 -67.2 0.6) yaw 118 fight, target 11 (seen), shield 0.86, kills 0 deaths 0
chupathingyce: bots: bot 9 at (108.4 -164.0 0.1) yaw 153 fight, target 7 (seen), shield 0.48, kills 0 deaths 1
chupathingyce: network test: tick 1260 player 0: (45.265 -79.340 0.174) h1.00/0.12 g4/0 w a-174/-15 f-174 l-174/-15 as160/120 st4 thr1.00 501:0 494:5 s3 k3 d1 f0 t0 m0 player 1: (52.517 -60.688 1.968) h0.53/1.00 g0/0 w a-124/-11 f-133 l-124/-11 as140/120 st20 thr1.00 501:0 s0 k0 d0 f0 t1 m127 player 2: (96.624 -146.819 0.229) h1.00/1.00 g0/0 w a-140/-3 f-140 l-140/-3 as139/120 st7 thr1.00 501:0 s1 k1 d0 f0 t2 m127 player 3: (51.288 -81.894 0.768) h1.00/1.00 g0/0 w a158/-7 f153 l158/-7 as140/120 st20 thr1.00 501:0 s0 k0 d1 f0 t3 m127 player 4: (53.909 -55.746 2.874) h0.74/0.17 g0/0 w a-145/-8 f-145 l-145/-8 as139/120 st5 thr1.00 501:0 s0 k0 d0 f0 t4 m127 player 5: dead s0 k0 d1 f0 t5 m126 player 6: (90.593 -164.993 0.107) h1.00/1.00 g0/0 w a162/3 f162 l162/3 as139/120 st6 thr1.00 501:0 s0 k0 d1 f0 t6 m126 player 7: (105.139 -162.049 0.022) h0.97/0.00 g0/0 w a-31/-2 f-31 l-31/-2 as139/120 st6 thr1.00 501:0 s1 k1 d0 f0 t7 m126 player 8: (48.093 -67.539 0.602) h1.00/0.86 g0/0 w a113/8 f113 l113/8 as139/120 st6 thr1.00 501:0 s0 k0 d0 f0 t8 m126 player 9: (108.272 -164.281 0.099) h1.00/0.48 g0/0 w a149/-4 f149 l149/-4 as139/120 st6 thr1.00 501:0 s0 k0 d1 f0 t9 m125 player 10: (103.383 -152.914 0.097) h1.00/1.00 g0/0 w a-80/-1 f-80 l-80/-1 as139/120 st6 thr1.00 501:0 s0 k0 d0 f0 t10 m125 player 11: (45.617 -61.601 1.529) h1.00/0.43 g0/0 w a37/6 f40 l37/6 as140/120 st21 thr1.00 501:0 s0 k0 d0 f0 t11 m125 player 12: (36.348 -86.656 -0.056) h1.00/0.87 g0/0 w a110/-1 f110 l110/-1 as139/120 st7 thr1.00 501:0 s1 k1 d1 f0 t12 m125 player 13: (41.362 -87.621 0.136) h1.00/0.10 g0/0 w a-173/-4 f-173 l-173/-4 as139/120 st6 thr1.00 501:0 s1 k1 d0 f0 t13 m124 player 14: (51.233 -75.052 0.156) h1.00/1.00 g0/0 w a-147/-1 f-147 l-147/-1 as139/120 st6 thr1.00 501:0 s0 k0 d1 f0 t14 m124 player 15: (104.065 -144.896 0.643) h1.00/1.00 g0/0 w a-94/-5 f-94 l-94/-5 as139/120 st6 thr1.00 501:0 s0 k0 d1 f0 t15 m124 player 16: (33.679 -79.492 0.086) h0.67/0.00 g0/0 w a-72/-2 f-72 l-72/-2 as139/120 st5 thr1.00 501:0 s0 k0 d0 f0 t16 m124 player 17: (93.911 -148
chupathingyce: bots: bot 10 at (103.5 -152.9 0.3) yaw -79 fight, target 7 (seen), shield 1.00, kills 0 deaths 0
chupathingyce: bots: bot 11 at (45.8 -61.1 1.6) yaw 32 fight, target 4 (seen), shield 0.43, kills 0 deaths 0
chupathingyce: bots: bot 22 inventory slot 0 now weapon 501
chupathingyce: bots: bot 22 seeking vehicle -496041984
chupathingyce: bots: bot 12 at (37.4 -86.1 0.5) yaw -97 fight, target 19 (seen), shield 0.87, kills 1 deaths 1
chupathingyce: bots: bot 13 at (41.3 -89.2 0.7) yaw 135 fight, target 12 (seen), shield 0.10, kills 1 deaths 0
chupathingyce: network test: tick 1290 player 0: (43.892 -79.084 1.004) h1.00/0.00 g4/0 w a168/6 f168 l168/6 as160/120 st4 thr1.00 501:0 494:5 s3 k3 d1 f0 t0 m0 player 1: (50.804 -59.671 2.514) h0.53/1.00 g0/0 w a-119/-12 f-120 l-119/-12 as140/120 st20 thr1.00 501:0 s0 k0 d0 f0 t1 m127 player 2: (97.688 -147.773 0.351) h1.00/1.00 g0/0 w a174/-4 f-143 l174/-4 as140/120 st20 thr1.00 501:0 s1 k1 d0 f0 t2 m127 player 3: (50.220 -82.695 0.070) h1.00/1.00 g0/0 w a77/-1 f77 l77/-1 as139/120 st6 thr1.00 501:0 s0 k0 d1 f0 t3 m127 player 4: (54.597 -56.218 2.772) h0.74/0.05 g0/0 w a-137/-4 f-137 l-137/-4 as139/120 st9 thr1.00 501:0 s0 k0 d0 f0 t4 m127 player 5: dead s0 k0 d1 f0 t5 m126 player 6: (89.929 -166.884 0.728) h1.00/1.00 g0/0 w a156/-4 f161 l156/-4 as140/120 st20 thr1.00 501:0 s0 k0 d1 f0 t6 m126 player 7: (105.053 -161.851 0.031) h0.84/0.00 g0/0 w a-68/-2 f-68 l-68/-2 as139/120 st7 thr1.00 501:0 s1 k1 d0 f0 t7 m126 player 8: (46.152 -67.984 0.607) h1.00/0.86 g0/0 w a93/7 f93 l93/7 as139/120 st6 thr1.00 501:0 s0 k0 d0 f0 t8 m126 player 9: (106.504 -165.534 0.082) h1.00/0.48 g0/0 w a112/-2 f112 l112/-2 as139/120 st6 thr1.00 501:0 s0 k0 d1 f0 t9 m125 player 10: (104.282 -152.731 0.432) h1.00/1.00 g0/0 w a-85/-3 f-80 l-85/-3 as140/120 st20 thr1.00 501:0 s0 k0 d0 f0 t10 m125 player 11: (45.830 -60.822 1.662) h1.00/0.30 g0/0 w a25/6 f25 l25/6 as139/120 st7 thr1.00 501:0 s0 k0 d0 f0 t11 m125 player 12: (38.084 -85.697 0.604) h1.00/0.87 g0/0 w a38/1 f128 l58/1 as140/120 st20 thr1.00 501:0 s1 k1 d1 f0 t12 m125 player 13: (41.147 -89.538 0.783) h1.00/0.10 g0/0 w a130/-3 f172 l130/-3 as140/120 st20 thr1.00 501:0 s1 k1 d0 f0 t13 m124 player 14: (52.018 -76.593 0.083) h1.00/1.00 g0/0 w a-138/-1 f-150 l-138/-1 as139/120 st6 thr1.00 501:0 s0 k0 d1 f0 t14 m124 player 15: (105.563 -145.089 0.580) h1.00/1.00 g0/0 w a-100/-2 f-100 l-100/-2 as139/120 st7 thr1.00 501:0 s0 k0 d1 f0 t15 m124 player 16: (32.033 -78.416 0.092) h0.67/0.00 g0/0 w a-52/3 f-52 l-52/3 as139/120 st5 thr1.00 501:0 s0 k0 d0 f0 t16 m124 player 17: (93.516 -146.982 0.287) h1.00
chupathingyce: bots: bot 14 at (52.0 -76.7 0.1) yaw -106 fight, target 3 (seen), shield 1.00, kills 0 deaths 1
chupathingyce: bots: bot 15 at (105.0 -145.0 0.7) yaw -96 fight, target 10 (seen), shield 1.00, kills 0 deaths 1
chupathingyce: bots: bot 16 at (32.3 -78.3 0.1) yaw 174 retreat, target 22 (seen), shield 0.00, kills 0 deaths 0
chupathingyce: bots: bot 17 at (93.9 -145.9 0.1) yaw -41 fight, target 2 (seen), shield 0.86, kills 1 deaths 0
chupathingyce: bots: bot 5 inventory slot 0 now weapon 501
chupathingyce: bots: bot 18 at (94.0 -151.6 0.1) yaw -161 fight, target 21 (seen), shield 0.00, kills 0 deaths 0
chupathingyce: network test: tick 1320 player 0: (42.693 -78.676 1.716) h1.00/0.00 g4/0 w a116/-19 f116 l116/-19 as160/120 st4 thr1.00 501:0 494:5 s3 k3 d1 f0 t0 m0 player 1: (49.414 -58.794 2.044) h0.53/1.00 g0/0 w a-127/-8 f-127 l-127/-8 as139/120 st6 thr1.00 501:0 s0 k0 d0 f0 t1 m127 player 2: (97.001 -149.262 0.061) h1.00/1.00 g0/0 w a135/-2 f135 l135/-2 as139/120 st6 thr1.00 501:0 s1 k1 d0 f0 t2 m127 player 3: (48.427 -82.052 0.068) h1.00/1.00 g0/0 w a46/4 f46 l46/4 as139/120 st6 thr1.00 501:0 s0 k0 d1 f0 t3 m127 player 4: (54.396 -56.131 2.791) h0.70/0.00 g0/0 w a-153/-9 f-153 l-153/-9 as139/120 st6 thr1.00 501:0 s0 k0 d0 f0 t4 m127 player 5: (84.945 -161.695 0.107) h1.00/1.00 g0/0 w a108/7 f29 l88/7 as139/120 st6 thr1.00 501:0 s0 k0 d1 f0 t5 m126 player 6: (88.946 -168.188 0.086) h1.00/1.00 g0/0 w a146/3 f146 l146/3 as139/120 st6 thr1.00 501:0 s0 k0 d1 f0 t6 m126 player 7: (103.748 -161.950 0.070) h0.69/0.00 g0/0 w a-57/3 f-57 l-57/3 as139/120 st5 thr1.00 501:0 s1 k1 d0 f0 t7 m126 player 8: (46.210 -68.071 1.192) h1.00/0.86 g0/0 w a82/2 f84 l82/2 as140/120 st20 thr1.00 501:0 s0 k0 d0 f0 t8 m126 player 9: (106.208 -165.613 0.500) h1.00/0.35 g0/0 w a121/-7 f116 l121/-7 as140/120 st20 thr1.00 501:0 s0 k0 d1 f0 t9 m125 player 10: (103.028 -152.751 0.010) h1.00/1.00 g0/0 w a-86/-1 f-86 l-86/-1 as139/120 st7 thr1.00 501:0 s0 k0 d0 f0 t10 m125 player 11: (46.938 -62.433 1.491) h1.00/0.30 g0/0 w a55/5 f55 l55/5 as139/120 st7 thr1.00 501:0 s0 k0 d0 f0 t11 m125 player 12: (39.855 -85.015 0.572) h1.00/0.87 g0/0 w a-86/-6 f-85 l-86/-6 as140/120 st20 thr1.00 501:0 s1 k1 d1 f0 t12 m125 player 13: (39.962 -90.780 0.085) h1.00/0.10 g0/0 w a93/3 f104 l93/3 as139/120 st6 thr1.00 501:0 s1 k1 d0 f0 t13 m124 player 14: (52.557 -78.061 0.525) h1.00/1.00 g0/0 w a-134/-7 f-107 l-134/-7 as140/120 st20 thr1.00 501:0 s0 k0 d1 f0 t14 m124 player 15: (104.339 -144.976 0.652) h1.00/1.00 g0/0 w a-98/-6 f-98 l-98/-6 as139/120 st6 thr1.00 501:0 s0 k0 d1 f0 t15 m124 player 16: (33.079 -78.877 0.061) h0.67/0.00 g0/0 w a172/-0 f172 l172/-0 as139/120 st5 t
chupathingyce: bots: bot 19 at (37.0 -87.9 -0.0) yaw 131 fight, target 22, shield 0.74, kills 0 deaths 0
chupathingyce: bots: bot 20 at (103.4 -170.4 0.2) yaw 57 fight, target 9 (seen), shield 1.00, kills 0 deaths 0
chupathingyce: bots: bot 21 at (85.0 -156.0 -0.1) yaw 34 fight, target 18 (seen), shield 0.88, kills 0 deaths 0
chupathingyce: bots: bot 22 at (29.3 -76.1 0.8) yaw -27 fight, target 16 (seen), shield 1.00, kills 0 deaths 1
chupathingyce: network test: tick 1350 player 0: (43.106 -76.858 1.703) h1.00/0.00 g4/0 w a-9/-21 f18 l-9/-21 as160/120 st4 thr1.00 501:0 494:5 s3 k3 d1 f0 t0 m0 player 1: (50.693 -60.072 1.935) h0.53/1.00 g0/0 w a-154/-6 f-154 l-154/-6 as139/120 st6 thr1.00 501:0 s0 k0 d0 f0 t1 m127 player 2: (97.113 -148.804 0.059) h1.00/1.00 g0/0 w a161/5 f161 l161/5 as139/120 st7 thr1.00 501:0 s1 k1 d0 f0 t2 m127 player 3: (47.201 -80.264 0.104) h1.00/1.00 g0/0 w a24/-1 f24 l24/-1 as139/120 st6 thr1.00 501:0 s0 k0 d1 f0 t3 m127 player 4: (55.200 -57.766 2.444) h0.70/0.00 g0/0 w a-154/-8 f-154 l-154/-8 as139/120 st6 thr1.00 501:0 s0 k0 d0 f0 t4 m127 player 5: (85.097 -163.664 0.110) h1.00/1.00 g0/0 w a174/-3 f174 l174/-3 as139/120 st6 thr1.00 501:0 s0 k0 d1 f0 t5 m126 player 6: (87.543 -169.875 0.099) h1.00/1.00 g0/0 w a134/-1 f134 l134/-1 as139/120 st6 thr1.00 501:0 s0 k0 d1 f0 t6 m126 player 7: (101.938 -161.381 0.106) h0.69/0.00 g0/0 w a-28/0 f-28 l-28/0 as139/120 st5 thr1.00 501:0 s1 k1 d0 f0 t7 m126 player 8: (48.035 -68.124 0.498) h1.00/0.86 g0/0 w a101/8 f101 l101/8 as139/120 st7 thr1.00 501:0 s0 k0 d0 f0 t8 m126 player 9: (107.785 -164.280 0.092) h1.00/0.35 g0/0 w a152/-2 f116 l152/-2 as140/120 st21 thr1.00 501:0 s0 k0 d1 f0 t9 m125 player 10: (103.722 -152.853 0.055) h1.00/1.00 g0/0 w a-100/-0 f-100 l-100/-0 as139/120 st6 thr1.00 501:0 s0 k0 d0 f0 t10 m125 player 11: (46.488 -61.730 1.567) h1.00/0.30 g0/0 w a26/3 f26 l26/3 as139/120 st6 thr1.00 501:0 s0 k0 d0 f0 t11 m125 player 12: (41.952 -85.299 0.159) h1.00/0.87 g0/0 w a-125/1 f-85 l-125/1 as140/120 st20 thr1.00 501:0 s1 k1 d1 f0 t12 m125 player 13: (38.119 -90.250 0.584) h1.00/0.10 g0/0 w a118/-14 f64 l118/-14 as140/120 st20 thr1.00 501:0 s1 k1 d0 f0 t13 m124 player 14: (52.385 -78.200 0.153) h1.00/1.00 g0/0 w a-154/-2 f-154 l-154/-2 as139/120 st6 thr1.00 501:0 s0 k0 d1 f0 t14 m124 player 15: (106.067 -145.498 0.493) h1.00/1.00 g0/0 w a-110/-5 f-110 l-110/-5 as139/120 st7 thr1.00 501:0 s0 k0 d1 f0 t15 m124 player 16: (34.715 -78.843 0.130) h0.67/0.00 g0/0 w a151/6 f151 l151/6 a
chupathingyce: bots: bot 23 at (81.3 -163.4 0.1) yaw -10 fight, target 5 (seen), shield 0.73, kills 0 deaths 0
chupathingyce: network test: tick 1380 player 0: (43.302 -76.967 1.703) h1.00/0.00 g4/0 w a-20/-11 f-20 l-20/-11 as160/120 st7 thr1.00 501:0 494:5 s3 k3 d1 f0 t0 m0 player 1: (50.594 -59.157 2.036) h0.53/0.87 g0/0 w a-168/-5 f-168 l-168/-5 as139/120 st7 thr1.00 501:0 s0 k0 d0 f0 t1 m127 player 2: (96.941 -146.908 0.045) h1.00/1.00 g0/0 w a-152/3 f-152 l-152/3 as139/120 st7 thr1.00 501:0 s1 k1 d0 f0 t2 m127 player 3: (47.010 -78.108 0.772) h1.00/1.00 g0/0 w a-20/-7 f-0 l-20/-7 as140/120 st20 thr1.00 501:0 s0 k0 d1 f0 t3 m127 player 4: (54.933 -57.134 2.578) h0.70/0.00 g0/0 w a-156/-8 f-156 l-156/-8 as139/120 st7 thr1.00 501:0 s0 k0 d0 f0 t4 m127 player 5: (84.926 -164.959 0.720) h1.00/0.87 g0/0 w a-179/-11 f172 l-179/-11 as140/120 st20 thr1.00 501:0 s0 k0 d1 f0 t5 m126 player 6: (87.924 -169.352 0.084) h1.00/1.00 g0/0 w a146/-1 f146 l146/-1 as139/120 st6 thr1.00 501:0 s0 k0 d1 f0 t6 m126 player 7: (101.065 -159.698 0.145) h0.69/0.00 g0/0 w a-42/-2 f-42 l-42/-2 as139/120 st5 thr1.00 501:0 s1 k1 d0 f0 t7 m126 player 8: (49.898 -67.420 0.571) h1.00/0.86 g0/0 w a116/7 f116 l116/7 as139/120 st7 thr1.00 501:0 s0 k0 d0 f0 t8 m126 player 9: (107.190 -165.258 0.095) h1.00/0.24 g0/0 w a140/-1 f140 l140/-1 as139/120 st7 thr1.00 501:0 s0 k0 d1 f0 t9 m125 player 10: (105.557 -153.604 0.664) h1.00/1.00 g0/0 w a-124/-5 f-120 l-124/-5 as140/120 st20 thr1.00 501:0 s0 k0 d0 f0 t10 m125 player 11: (46.086 -59.987 1.796) h1.00/0.04 g0/0 w a10/2 f10 l10/2 as139/120 st6 thr1.00 501:0 s0 k0 d0 f0 t11 m125 player 12: (41.262 -84.661 0.133) h1.00/1.00 g0/0 w a-131/0 f-131 l-131/0 as139/120 st4 thr1.00 501:0 s1 k1 d1 f0 t12 m125 player 13: (36.897 -89.813 0.061) h0.85/0.00 g0/0 w a90/-7 f115 l90/-7 as140/120 st21 thr1.00 501:0 s1 k1 d0 f0 t13 m124 player 14: (52.445 -80.344 0.151) h1.00/1.00 g0/0 w a161/4 f161 l161/4 as139/120 st6 thr1.00 501:0 s0 k0 d1 f0 t14 m124 player 15: (104.049 -145.339 0.592) h1.00/1.00 g0/0 w a-80/-1 f-80 l-80/-1 as139/120 st7 thr1.00 501:0 s0 k0 d1 f0 t15 m124 player 16: (35.644 -78.952 0.565) h0.44/0.00 g0/0 w a139/3 f139 l13
chupathingyce: network test: tick 1410 player 0: (43.707 -76.187 1.703) h1.00/0.00 g4/0 w a-3/-25 f-3 l-3/-25 as160/120 st4 thr1.00 501:0 494:4 s3 k3 d1 f0 t0 m0 player 1: (50.148 -57.223 2.522) h0.53/0.87 g0/0 w a-155/-10 f-168 l-155/-10 as140/120 st20 thr1.00 501:0 s0 k0 d0 f0 t1 m127 player 2: (95.514 -145.601 0.024) h1.00/1.00 g0/0 w a-123/2 f-123 l-123/2 as139/120 st7 thr1.00 501:0 s1 k1 d0 f0 t2 m127 player 3: (47.535 -76.380 0.058) h0.65/0.00 g0/0 w a-56/-2 f-60 l-56/-2 as139/120 st5 thr1.00 501:0 s0 k0 d1 f0 t3 m127 player 4: (53.855 -55.709 2.882) h0.70/0.00 g0/0 w a-158/-5 f-158 l-158/-5 as139/120 st7 thr1.00 501:0 s0 k0 d0 f0 t4 m127 player 5: (84.800 -164.333 0.107) h1.00/0.87 g0/0 w a-176/-1 f-176 l-176/-1 as139/120 st7 thr1.00 501:0 s0 k0 d1 f0 t5 m126 player 6: (87.057 -170.598 0.129) h1.00/1.00 g0/0 w a135/-0 f135 l135/-0 as139/120 st6 thr1.00 501:0 s0 k0 d1 f0 t6 m126 player 7: (100.075 -159.338 0.538) h0.56/0.00 g0/0 w a-32/-3 f-32 l-32/-3 as139/120 st5 thr1.00 501:0 s1 k1 d0 f0 t7 m126 player 8: (51.585 -66.381 0.825) h1.00/0.86 g0/0 w a128/5 f128 l128/5 as139/120 st7 thr1.00 501:0 s0 k0 d0 f0 t8 m126 player 9: (108.064 -164.168 0.093) h1.00/0.24 g0/0 w a147/1 f147 l147/1 as139/120 st7 thr1.00 501:0 s0 k0 d1 f0 t9 m125 player 10: (106.885 -154.934 0.148) h1.00/1.00 g0/0 w a-96/-1 f-109 l-96/-1 as139/120 st7 thr1.00 501:0 s0 k0 d0 f0 t10 m125 player 11: (46.026 -59.362 1.857) h0.94/0.00 g0/0 w a24/7 f24 l24/7 as139/120 st7 thr1.00 501:0 s0 k0 d0 f0 t11 m125 player 12: (39.726 -86.502 0.188) h1.00/1.00 g0/0 w a-131/-1 f-131 l-131/-1 as139/120 st4 thr1.00 501:0 s1 k1 d1 f0 t12 m125 player 13: (35.796 -91.065 0.174) h0.69/0.00 g0/0 w a68/-5 f68 l68/-5 as139/120 st5 thr1.00 501:0 s1 k1 d0 f0 t13 m124 player 14: (51.044 -81.987 0.096) h1.00/1.00 g0/0 w a122/-2 f122 l122/-2 as139/120 st6 thr1.00 501:0 s0 k0 d1 f0 t14 m124 player 15: (103.887 -145.544 0.559) h1.00/1.00 g0/0 w a-73/-4 f-73 l-73/-4 as139/120 st6 thr1.00 501:0 s0 k0 d1 f0 t15 m124 player 16: (35.236 -78.906 0.315) h0.44/0.00 g0/0 w a131/7 f131 l131/7 a
chupathingyce: bots: bot 7 seeking weapon -444202832
chupathingyce: network test: tick 1440 player 0: (43.832 -77.104 1.703) h1.00/0.00 g4/0 w a27/-30 f27 l27/-30 as160/120 st4 thr1.00 501:0 494:4 s3 k3 d1 f0 t0 m0 player 1: (50.305 -57.205 2.741) h0.53/0.73 g0/0 w a-145/-12 f-141 l-145/-12 as140/120 st20 thr1.00 501:0 s0 k0 d0 f0 t1 m127 player 2: (93.973 -144.619 0.154) h1.00/1.00 g0/0 w a-122/5 f-122 l-122/5 as139/120 st6 thr1.00 501:0 s1 k1 d0 f0 t2 m127 player 3: (46.191 -74.901 -0.055) h0.65/0.00 g0/0 w a-64/0 f-64 l-64/0 as139/120 st5 thr1.00 501:0 s0 k0 d1 f0 t3 m127 player 4: (52.438 -54.888 3.095) h0.60/0.00 g0/0 w a-134/-10 f-134 l-134/-10 as140/120 st20 thr1.00 501:0 s0 k0 d0 f0 t4 m127 player 5: (84.252 -165.460 0.101) h1.00/0.87 g0/0 w a137/-2 f137 l137/-2 as139/120 st6 thr1.00 501:0 s0 k0 d1 f0 t5 m126 player 6: (85.253 -171.832 0.801) h1.00/1.00 g0/0 w a113/-5 f125 l113/-5 as140/120 st20 thr1.00 501:0 s0 k0 d1 f0 t6 m126 player 7: (98.693 -159.413 1.384) h0.56/0.00 g0/0 w a-23/-8 f-23 l-23/-8 as139/120 st5 thr1.00 501:0 s1 k1 d0 f0 t7 m126 player 8: (52.450 -65.612 0.994) h1.00/1.00 g0/0 w a137/5 f137 l137/5 as139/120 st6 thr1.00 501:0 s0 k0 d0 f0 t8 m126 player 9: (108.460 -163.920 0.088) h0.98/0.00 g0/0 w a-158/3 f-158 l-158/3 as139/120 st11 thr1.00 501:0 s0 k0 d1 f0 t9 m125 player 10: (105.548 -155.358 0.325) h1.00/1.00 g0/0 w a-70/-1 f-70 l-70/-1 as139/120 st6 thr1.00 501:0 s0 k0 d0 f0 t10 m125 player 11: (46.302 -59.769 1.827) h0.81/0.00 g0/0 w a34/8 f34 l34/8 as139/120 st6 thr1.00 501:0 s0 k0 d0 f0 t11 m125 player 12: (39.968 -87.839 0.099) h1.00/1.00 g0/0 w a-176/-4 f-176 l-176/-4 as139/120 st6 thr1.00 501:0 s1 k1 d1 f0 t12 m125 player 13: (35.631 -92.677 0.213) h0.56/0.00 g0/0 w a82/-5 f82 l82/-5 as139/120 st5 thr1.00 501:0 s1 k1 d0 f0 t13 m124 player 14: (50.088 -82.492 0.073) h1.00/1.00 g0/0 w a116/-3 f116 l116/-3 as139/120 st7 thr1.00 501:0 s0 k0 d1 f0 t14 m124 player 15: (105.553 -145.501 0.545) h1.00/1.00 g0/0 w a-90/-3 f-90 l-90/-3 as139/120 st7 thr1.00 501:0 s0 k0 d1 f0 t15 m124 player 16: (34.058 -79.645 0.102) h0.44/0.00 g0/0 w a129/0 f129 l129/0
chupathingyce: network test: tick 1470 player 0: (45.242 -75.571 1.104) h0.98/0.00 g4/0 w a49/-35 f48 l49/-35 as161/120 st20 thr1.00 501:0 494:3 s3 k3 d1 f0 t0 m0 player 1: (49.966 -56.596 2.444) h0.53/0.29 g0/0 w a-162/-3 f-141 l-162/-3 as140/120 st21 thr1.00 501:0 s0 k0 d0 f0 t1 m127 player 2: (95.012 -145.744 0.023) h1.00/0.87 g0/0 w a-142/7 f-142 l-142/7 as139/120 st6 thr1.00 501:0 s1 k1 d0 f0 t2 m127 player 3: (47.357 -73.876 -0.039) h0.65/0.00 g0/0 w a-140/23 f-140 l-140/23 as139/120 st5 thr1.00 501:0 s0 k0 d1 f0 t3 m127 player 4: (52.010 -54.737 3.013) h0.60/0.00 g0/0 w a-136/-11 f-136 l-136/-11 as139/120 st5 thr1.00 501:0 s0 k0 d0 f0 t4 m127 player 5: (82.311 -166.390 0.745) h1.00/0.75 g0/0 w a107/-7 f111 l107/-7 as140/120 st20 thr1.00 501:0 s0 k0 d1 f0 t5 m126 player 6: (83.224 -172.112 0.145) h1.00/1.00 g0/0 w a103/1 f103 l103/1 as139/120 st6 thr1.00 501:0 s0 k0 d1 f0 t6 m126 player 7: (97.298 -159.550 1.703) h0.56/0.00 g0/0 w a27/-7 f27 l27/-7 as139/120 st7 thr1.00 501:0 s1 k1 d0 f0 t7 m126 player 8: (52.273 -65.660 0.979) h1.00/1.00 g0/0 w a131/8 f131 l131/8 as139/120 st4 thr1.00 501:0 s0 k0 d0 f0 t8 m126 player 9: (108.350 -162.540 0.028) h0.30/0.00 g0/0 w a-162/-1 f-162 l-162/-1 as139/120 st5 thr1.00 501:0 s0 k0 d1 f0 t9 m125 player 10: (106.015 -155.184 0.554) h1.00/1.00 g0/0 w a-74/-6 f-70 l-74/-6 as140/120 st20 thr1.00 501:0 s0 k0 d0 f0 t10 m125 player 11: (45.452 -57.966 2.310) h0.81/0.00 g0/0 w a17/1 f31 l17/1 as140/120 st20 thr1.00 501:0 s0 k0 d0 f0 t11 m125 player 12: (40.746 -89.664 0.119) h1.00/1.00 g0/0 w a-138/-1 f-138 l-138/-1 as139/120 st6 thr1.00 501:0 s1 k1 d1 f0 t12 m125 player 13: (35.200 -94.462 0.115) h0.56/0.00 g0/0 w a100/0 f100 l100/0 as139/120 st5 thr1.00 501:0 s1 k1 d0 f0 t13 m124 player 14: (51.958 -81.368 0.609) h1.00/1.00 g0/0 w a122/-5 f122 l122/-5 as140/120 st20 thr1.00 501:0 s0 k0 d1 f0 t14 m124 player 15: (106.405 -145.654 0.445) h1.00/1.00 g0/0 w a-93/0 f-93 l-93/0 as139/120 st6 thr1.00 501:0 s0 k0 d1 f0 t15 m124 player 16: (34.669 -78.807 0.132) h0.31/0.00 g0/0 w a143/1 f143 l143/
chupathingyce: network test: tick 1500 player 0: (46.901 -74.490 -0.053) h0.85/0.00 g4/0 w a19/-0 f19 l19/-0 as160/120 st4 thr1.00 501:0 494:2 s3 k3 d1 f0 t0 m0 player 1: (49.804 -58.069 2.511) h0.53/0.29 g0/0 w a160/-5 f161 l160/-5 as140/120 st20 thr1.00 501:0 s0 k0 d0 f0 t1 m127 player 2: (95.536 -146.416 0.465) h1.00/0.87 g0/0 w a-129/-0 f-136 l-129/-0 as140/120 st20 thr1.00 501:0 s1 k1 d0 f0 t2 m127 player 3: (49.528 -73.990 0.111) h0.65/0.00 g0/0 w a-167/-7 f-167 l-167/-7 as139/120 st5 thr1.00 501:0 s0 k0 d1 f0 t3 m127 player 4: (52.873 -55.036 3.027) h0.60/0.00 g0/0 w a-136/-11 f-136 l-136/-11 as139/120 st5 thr1.00 501:0 s0 k0 d0 f0 t4 m127 player 5: (81.563 -166.564 0.142) h1.00/0.60 g0/0 w a120/1 f120 l120/1 as139/120 st7 thr1.00 501:0 s0 k0 d1 f0 t5 m126 player 6: (82.727 -172.167 0.158) h1.00/1.00 g0/0 w a109/0 f109 l109/0 as139/120 st7 thr1.00 501:0 s0 k0 d1 f0 t6 m126 player 7: (96.769 -159.505 1.684) h0.56/0.00 g0/0 w a172/-4 f-109 l-168/-4 as139/120 st6 thr1.00 501:0 s1 k1 d0 f0 t7 m126 player 8: (51.908 -63.568 1.391) h1.00/1.00 g0/0 w a131/3 f131 l131/3 as139/120 st7 thr1.00 501:0 s0 k0 d0 f0 t8 m126 player 9: (110.200 -161.818 0.063) h0.30/0.00 g0/0 w a-173/2 f-173 l-173/2 as139/120 st5 thr1.00 501:0 s0 k0 d1 f0 t9 m125 player 10: (105.056 -155.746 0.168) h1.00/1.00 g0/0 w a-53/-2 f-53 l-53/-2 as139/120 st7 thr1.00 501:0 s0 k0 d0 f0 t10 m125 player 11: (45.437 -56.024 2.133) h0.81/0.00 g0/0 w a-21/2 f-21 l-21/2 as139/120 st6 thr1.00 501:0 s0 k0 d0 f0 t11 m125 player 12: (42.050 -91.384 0.155) h1.00/1.00 g0/0 w a-146/0 f-146 l-146/0 as139/120 st6 thr1.00 501:0 s1 k1 d1 f0 t12 m125 player 13: (35.329 -96.141 0.307) h0.56/0.00 g0/0 w a109/-1 f109 l109/-1 as139/120 st5 thr1.00 501:0 s1 k1 d0 f0 t13 m124 player 14: (53.188 -80.600 0.152) h1.00/1.00 g0/0 w a121/-1 f122 l121/-1 as139/120 st6 thr1.00 501:0 s0 k0 d1 f0 t14 m124 player 15: (108.397 -146.028 0.165) h1.00/1.00 g0/0 w a-110/-1 f-110 l-110/-1 as139/120 st4 thr1.00 501:0 s0 k0 d1 f0 t15 m124 player 16: (34.843 -78.905 0.134) h0.03/0.00 g0/0 w a120/0 f122 l12
chupathingyce: bots: bot 1 at (49.8 -58.1 2.5) yaw 156 fight, target 11 (seen), shield 0.29, kills 0 deaths 0
chupathingyce: bots: bot 2 at (95.4 -146.3 0.7) yaw -120 fight, target 17 (seen), shield 0.87, kills 1 deaths 0
chupathingyce: bots: bot 3 at (50.5 -74.4 0.2) yaw 178 retreat, target 0 (seen), shield 0.00, kills 0 deaths 1
chupathingyce: bots: bot 4 at (52.9 -55.0 3.0) yaw -130 retreat, target 1 (seen), shield 0.00, kills 0 deaths 0
chupathingyce: bots: bot 5 at (81.6 -166.9 0.1) yaw 147 fight, target 23 (seen), shield 0.60, kills 0 deaths 1
chupathingyce: network test: tick 1530 player 0: (48.778 -74.285 0.067) h0.59/0.00 g4/0 w a-16/-1 f-16 l-16/-1 as160/120 st4 thr1.00 501:0 494:2 s3 k3 d1 f0 t0 m0 player 1: (48.982 -59.657 2.419) h0.53/0.29 g0/0 w a117/-1 f161 l117/-1 as140/120 st20 thr1.00 501:0 s0 k0 d0 f0 t1 m127 player 2: (94.457 -145.655 0.052) h1.00/0.87 g0/0 w a-115/1 f-136 l-115/1 as140/120 st20 thr1.00 501:0 s1 k1 d0 f0 t2 m127 player 3: (51.412 -75.038 0.147) h0.65/0.00 g0/0 w a165/-5 f165 l165/-5 as139/120 st5 thr1.00 501:0 s0 k0 d1 f0 t3 m127 player 4: (52.699 -54.929 3.033) h0.60/0.00 g0/0 w a-128/-6 f-128 l-128/-6 as139/120 st5 thr1.00 501:0 s0 k0 d0 f0 t4 m127 player 5: (81.525 -167.049 0.141) h1.00/0.60 g0/0 w a147/-2 f147 l147/-2 as139/120 st6 thr1.00 501:0 s0 k0 d1 f0 t5 m126 player 6: (84.572 -171.002 0.119) h1.00/1.00 g0/0 w a135/-0 f135 l135/-0 as139/120 st7 thr1.00 501:0 s0 k0 d1 f0 t6 m126 player 7: (95.604 -160.276 -0.287) h0.56/0.00 g0/0 w a-94/0 f-143 l-94/0 as140/120 st21 thr1.00 501:0 3ed:0 s1 k1 d0 f0 t7 m126 player 8: (52.338 -61.798 1.833) h1.00/1.00 g0/0 w a146/7 f131 l146/7 as140/120 st20 thr1.00 501:0 s0 k0 d0 f0 t8 m126 player 9: (112.029 -162.669 0.582) h0.30/0.00 g0/0 w a177/-3 f177 l177/-3 as139/120 st5 thr1.00 501:0 s0 k0 d1 f0 t9 m125 player 10: (103.731 -157.232 0.180) h1.00/1.00 g0/0 w a-36/2 f-36 l-36/2 as139/120 st7 thr1.00 501:0 s0 k0 d0 f0 t10 m125 player 11: (46.644 -54.743 2.542) h0.81/0.00 g0/0 w a-64/-1 f-64 l-64/-1 as139/120 st7 thr1.00 501:0 s0 k0 d0 f0 t11 m125 player 12: (43.255 -93.175 0.782) h1.00/1.00 g0/0 w a-172/-0 f-146 l-172/-0 as140/120 st20 thr1.00 501:0 s1 k1 d1 f0 t12 m125 player 13: (36.828 -97.400 0.298) h0.56/0.00 g0/0 w a109/2 f109 l109/2 as139/120 st5 thr1.00 501:0 s1 k1 d0 f0 t13 m124 player 14: (54.921 -79.503 0.192) h1.00/1.00 g0/0 w a126/-2 f126 l126/-2 as139/120 st7 thr1.00 501:0 s0 k0 d1 f0 t14 m124 player 15: (107.986 -147.907 0.081) h1.00/1.00 g0/0 w a-114/-1 f-114 l-114/-1 as139/120 st4 thr1.00 501:0 s0 k0 d1 f0 t15 m124 player 16: (34.570 -79.099 0.124) h0.03/0.00 g0/0 w a117/-1 f1
chupathingyce: bots: bot 7 inventory slot 1 now weapon 3ed
chupathingyce: bots: bot 6 at (84.8 -170.7 0.1) yaw 139 fight, target 23 (seen), shield 1.00, kills 0 deaths 1
chupathingyce: bots: bot 7 at (95.5 -160.8 -0.3) yaw -90 scavenge, target 21, shield 0.00, kills 1 deaths 0
chupathingyce: bots: bot 8 at (52.8 -60.7 1.9) yaw 175 fight, target 1 (seen), shield 1.00, kills 0 deaths 0
chupathingyce: bots: bot 9 at (112.8 -161.9 1.0) yaw 176 retreat, target 20 (seen), shield 0.00, kills 0 deaths 1
chupathingyce: network test: tick 1560 player 0: (50.722 -74.703 0.180) h0.46/0.00 g4/0 w a4/-7 f4 l4/-7 as160/120 st4 thr1.00 501:0 494:1 s3 k3 d1 f0 t0 m0 player 1: (47.490 -60.622 1.786) h0.53/0.29 g0/0 w a115/4 f115 l115/4 as139/120 st6 thr1.00 501:0 s0 k0 d0 f0 t1 m127 player 2: (95.630 -146.249 0.032) h1.00/0.87 g0/0 w a-117/-0 f-117 l-117/-0 as139/120 st6 thr1.00 501:0 s1 k1 d0 f0 t2 m127 player 3: (53.273 -74.308 0.144) h0.51/0.00 g0/0 w a-173/-2 f-173 l-173/-2 as140/120 st0 thr0.00 501:0 s0 k0 d1 f0 t3 m127 player 4: (52.599 -54.909 3.027) h0.60/0.00 g0/0 w a-132/-10 f-132 l-132/-10 as139/120 st5 thr1.00 501:0 s0 k0 d0 f0 t4 m127 player 5: (80.907 -168.022 0.686) h1.00/0.60 g0/0 w a123/-9 f147 l123/-9 as140/120 st20 thr1.00 501:0 s0 k0 d1 f0 t5 m126 player 6: (85.736 -169.501 0.086) h1.00/1.00 g0/0 w a145/-1 f145 l145/-1 as139/120 st6 thr1.00 501:0 s0 k0 d1 f0 t6 m126 player 7: (95.509 -160.806 -0.287) h0.56/0.00 g0/0 w a-90/0 f-90 l-90/0 as160/120 st4 thr0.35 501:0 3ed:0 s1 k1 d0 f0 t7 m126 player 8: (52.748 -59.930 2.003) h1.00/1.00 g0/0 w a-175/-3 f-175 l-175/-3 as139/120 st7 thr1.00 501:0 s0 k0 d0 f0 t8 m126 player 9: (112.792 -161.812 0.956) h0.30/0.00 g0/0 w a177/-2 f177 l177/-2 as139/120 st5 thr1.00 501:0 s0 k0 d1 f0 t9 m125 player 10: (104.747 -158.293 0.571) h1.00/1.00 g0/0 w a-120/2 f-119 l-120/2 as140/120 st20 thr1.00 501:0 s0 k0 d0 f0 t10 m125 player 11: (45.089 -55.461 2.237) h0.81/0.00 g0/0 w a-66/-6 f-66 l-66/-6 as139/120 st7 thr1.00 501:0 s0 k0 d0 f0 t11 m125 player 12: (43.175 -94.272 0.423) h1.00/1.00 g0/0 w a144/-3 f144 l144/-3 as139/120 st4 thr1.00 501:0 s1 k1 d1 f0 t12 m125 player 13: (37.682 -96.949 -0.013) h0.56/0.00 g0/0 w a110/-1 f110 l110/-1 as139/120 st7 thr1.00 501:0 s1 k1 d0 f0 t13 m124 player 14: (56.586 -78.066 0.635) h1.00/1.00 g0/0 w a133/-8 f128 l133/-8 as140/120 st20 thr1.00 501:0 s0 k0 d1 f0 t14 m124 player 15: (109.083 -149.588 0.025) h1.00/1.00 g0/0 w a-117/2 f-117 l-117/2 as139/120 st6 thr1.00 501:0 s0 k0 d1 f0 t15 m124 player 16: (33.090 -80.066 0.061) h0.03/0.00 g0/0 w a103/-0 
chupathingyce: bots: bot 10 at (104.9 -158.4 0.7) yaw -123 fight, target 20 (seen), shield 1.00, kills 0 deaths 0
chupathingyce: bots: bot 11 at (44.5 -55.7 2.1) yaw -66 fight, target 1 (seen), shield 0.00, kills 0 deaths 0
chupathingyce: bots: bot 12 at (41.9 -94.2 0.0) yaw 145 fight, target 19 (seen), shield 1.00, kills 1 deaths 1
chupathingyce: bots: bot 13 at (38.8 -96.5 -0.2) yaw 125 fight, target 19 (seen), shield 0.00, kills 1 deaths 0
chupathingyce: network test: tick 1590 player 0: (52.669 -74.277 0.683) h0.23/0.00 g4/0 w a12/-11 f12 l12/-11 as161/120 st20 thr1.00 501:0 494:1 s3 k3 d1 f0 t0 m0 player 1: (45.690 -61.464 1.555) h0.53/0.29 g0/0 w a116/3 f116 l116/3 as139/120 st6 thr1.00 501:0 s0 k0 d0 f0 t1 m127 player 2: (97.354 -147.180 0.055) h1.00/0.87 g0/0 w a-120/-2 f-120 l-120/-2 as139/120 st6 thr1.00 501:0 s1 k1 d0 f0 t2 m127 player 3: (55.426 -74.000 0.302) h0.51/0.00 g0/0 w a-174/4 f-174 l-174/4 as139/120 st5 thr1.00 501:0 s0 k0 d1 f0 t3 m127 player 4: (52.200 -54.812 3.013) h0.60/0.00 g0/0 w a-91/-14 f-91 l-91/-14 as139/120 st5 thr1.00 501:0 s0 k0 d0 f0 t4 m127 player 5: (81.231 -168.114 0.149) h1.00/0.45 g0/0 w a101/-1 f101 l101/-1 as139/120 st6 thr1.00 501:0 s0 k0 d1 f0 t5 m126 player 6: (84.255 -170.812 0.577) h1.00/1.00 g0/0 w a138/-7 f122 l138/-7 as140/120 st20 thr1.00 501:0 s0 k0 d1 f0 t6 m126 player 7: (95.509 -160.806 -0.287) h0.56/0.15 g0/0 w a-90/0 f-90 l-90/0 as160/120 st4 thr0.35 501:0 3ed:0 s1 k1 d0 f0 t7 m126 player 8: (52.157 -58.065 2.356) h1.00/1.00 g0/0 w a-152/-7 f-152 l-152/-7 as139/120 st7 thr1.00 501:0 s0 k0 d0 f0 t8 m126 player 9: (112.704 -162.292 0.965) h0.30/0.00 g0/0 w a169/-6 f169 l169/-6 as139/120 st5 thr1.00 501:0 s0 k0 d1 f0 t9 m125 player 10: (106.214 -159.619 0.371) h1.00/1.00 g0/0 w a-164/-8 f-119 l-164/-8 as140/120 st20 thr1.00 501:0 s0 k0 d0 f0 t10 m125 player 11: (43.293 -56.307 2.030) h0.81/0.00 g0/0 w a-66/-6 f-66 l-66/-6 as139/120 st7 thr1.00 501:0 s0 k0 d0 f0 t11 m125 player 12: (40.925 -94.159 -0.129) h1.00/1.00 g0/0 w a146/4 f146 l146/4 as139/120 st6 thr1.00 501:0 s1 k1 d1 f0 t12 m125 player 13: (38.963 -96.605 -0.245) h0.56/0.00 g0/0 w a127/5 f127 l127/5 as139/120 st4 thr1.00 501:0 s1 k1 d0 f0 t13 m124 player 14: (56.004 -78.176 0.463) h1.00/1.00 g0/0 w a103/-3 f103 l103/-3 as139/120 st6 thr1.00 501:0 s0 k0 d1 f0 t14 m124 player 15: (110.687 -150.839 0.176) h1.00/1.00 g0/0 w a-117/1 f-117 l-117/1 as139/120 st6 thr1.00 501:0 s0 k0 d1 f0 t15 m124 player 16: dead s0 k0 d1 f0 t16 m124 player 17: (94.804 -151.
chupathingyce: bots: bot 14 at (55.9 -78.2 0.5) yaw 96 fight, target 3 (seen), shield 1.00, kills 0 deaths 1
chupathingyce: bots: bot 15 at (111.1 -151.2 0.2) yaw -117 fight, target 10 (seen), shield 1.00, kills 0 deaths 1
chupathingyce: bots: bot 17 at (94.3 -151.4 0.7) yaw 39 fight, target 2 (seen), shield 0.75, kills 1 deaths 0
chupathingyce: bots: bot 18 at (86.5 -157.7 0.0) yaw 40 retreat, target 17 (seen), shield 0.00, kills 0 deaths 0
chupathingyce: network test: tick 1620 player 0: (54.697 -74.040 0.249) h0.11/0.00 g4/0 w a1/-8 f1 l1/-8 as160/120 st4 thr1.00 501:0 494:1 s3 k3 d1 f0 t0 m0 player 1: (45.877 -62.428 1.421) h0.53/0.16 g0/0 w a131/3 f131 l131/3 as139/120 st5 thr1.00 501:0 s0 k0 d0 f0 t1 m127 player 2: (98.774 -148.488 0.125) h1.00/0.87 g0/0 w a-149/6 f-149 l-149/6 as139/120 st6 thr1.00 501:0 s1 k1 d0 f0 t2 m127 player 3: (57.616 -73.863 0.462) h0.51/0.00 g0/0 w a-176/-8 f-176 l-176/-8 as139/120 st5 thr1.00 501:0 s0 k0 d1 f0 t3 m127 player 4: (51.507 -54.538 3.014) h0.45/0.00 g0/0 w a-88/-1 f-88 l-88/-1 as139/120 st5 thr1.00 501:0 s0 k0 d0 f0 t4 m127 player 5: (79.228 -167.581 0.212) h1.00/0.45 g0/0 w a52/2 f52 l52/2 as139/120 st6 thr1.00 501:0 s0 k0 d1 f0 t5 m126 player 6: (82.595 -172.242 0.164) h1.00/1.00 g0/0 w a127/-1 f122 l127/-1 as140/120 st21 thr1.00 501:0 s0 k0 d1 f0 t6 m126 player 7: (95.509 -160.806 -0.287) h0.56/0.40 g0/0 w a-90/0 f-90 l-90/0 as160/120 st4 thr0.35 501:0 3ed:0 s1 k1 d0 f0 t7 m126 player 8: (51.536 -57.685 3.077) h1.00/0.86 g0/0 w a91/-4 f99 l91/-4 as140/120 st20 thr1.00 501:0 s0 k0 d0 f0 t8 m126 player 9: (112.235 -162.816 0.735) h0.30/0.00 g0/0 w a165/-4 f165 l165/-4 as139/120 st4 thr1.00 501:0 s0 k0 d1 f0 t9 m125 player 10: (106.248 -160.868 0.031) h1.00/0.87 g0/0 w a166/-1 f166 l166/-1 as139/120 st7 thr1.00 501:0 s0 k0 d0 f0 t10 m125 player 11: (41.574 -57.286 1.787) h0.81/0.14 g0/0 w a-51/-5 f-51 l-51/-5 as139/120 st7 thr1.00 501:0 s0 k0 d0 f0 t11 m125 player 12: (39.974 -93.911 -0.112) h1.00/0.87 g0/0 w a-91/5 f-91 l-91/5 as139/120 st7 thr1.00 501:0 s1 k1 d1 f0 t12 m125 player 13: (39.995 -97.609 0.285) h0.56/0.12 g0/0 w a87/-9 f58 l87/-9 as140/120 st20 thr1.00 501:0 s1 k1 d0 f0 t13 m124 player 14: (53.872 -78.243 0.584) h1.00/1.00 g0/0 w a52/-4 f101 l52/-4 as140/120 st20 thr1.00 501:0 s0 k0 d1 f0 t14 m124 player 15: (111.448 -152.722 0.141) h1.00/1.00 g0/0 w a-122/-1 f-122 l-122/-1 as139/120 st6 thr1.00 501:0 s0 k0 d1 f0 t15 m124 player 16: dead s0 k0 d1 f0 t16 m124 player 17: (93.961 -151.085 0.688) h1.00/0.82 
chupathingyce: bots: bot 19 at (32.0 -89.2 0.1) yaw -34 fight, target 12 (seen), shield 0.00, kills 0 deaths 0
chupathingyce: bots: bot 20 at (102.6 -161.0 0.1) yaw 15 fight, target 10 (seen), shield 1.00, kills 0 deaths 0
chupathingyce: bots: bot 21 at (83.9 -152.6 -0.0) yaw -78 fight, target 18 (seen), shield 1.00, kills 0 deaths 0
chupathingyce: bots: bot 22 at (31.7 -79.4 0.0) yaw -84 fight, target 19 (seen), shield 0.93, kills 1 deaths 1
chupathingyce: network test: tick 1650 player 0: dead s3 k3 d2 f0 t0 m0 player 1: (46.811 -63.897 1.278) h0.53/0.16 g0/0 w a142/0 f142 l142/0 as139/120 st5 thr1.00 501:0 s0 k0 d0 f0 t1 m127 player 2: (99.315 -150.356 0.027) h1.00/1.00 g0/0 w a-171/-1 f-171 l-171/-1 as139/120 st6 thr1.00 501:0 s1 k1 d0 f0 t2 m127 player 3: (58.136 -73.189 0.549) h0.51/0.00 g0/0 w a-143/-5 f-143 l-143/-5 as139/120 st6 thr1.00 501:0 s1 k1 d1 f0 t3 m127 player 4: (51.035 -54.490 2.984) h0.17/0.00 g0/0 w a-96/-15 f-96 l-96/-15 as139/120 st7 thr1.00 501:0 s0 k0 d0 f0 t4 m127 player 5: (78.082 -165.846 0.207) h1.00/0.33 g0/0 w a25/-3 f25 l25/-3 as139/120 st6 thr1.00 501:0 s0 k0 d1 f0 t5 m126 player 6: (81.693 -172.841 0.209) h1.00/1.00 g0/0 w a117/-1 f117 l117/-1 as139/120 st7 thr1.00 501:0 s0 k0 d1 f0 t6 m126 player 7: (95.509 -160.806 -0.287) h0.56/0.65 g0/0 w a-90/0 f-90 l-90/0 as160/120 st4 thr0.35 501:0 3ed:0 s1 k1 d0 f0 t7 m126 player 8: (50.918 -57.961 2.270) h1.00/0.86 g0/0 w a85/9 f85 l85/9 as139/120 st7 thr1.00 501:0 s0 k0 d0 f0 t8 m126 player 9: (112.118 -160.709 0.494) h0.30/0.08 g0/0 w a-174/1 f-174 l-174/1 as139/120 st7 thr1.00 501:0 s0 k0 d1 f0 t9 m125 player 10: (106.181 -158.987 0.549) h1.00/0.87 g0/0 w a-138/-0 f177 l-138/-0 as140/120 st20 thr1.00 501:0 s0 k0 d0 f0 t10 m125 player 11: (40.158 -58.667 1.507) h0.81/0.39 g0/0 w a-39/-3 f-39 l-39/-3 as139/120 st7 thr1.00 501:0 s0 k0 d0 f0 t11 m125 player 12: (38.396 -94.663 -0.101) h1.00/0.87 g0/0 w a-67/-3 f-67 l-67/-3 as139/120 st4 thr1.00 501:0 s1 k1 d1 f0 t12 m125 player 13: (39.899 -97.589 -0.218) h0.56/0.37 g0/0 w a79/1 f104 l79/1 as139/120 st7 thr1.00 501:0 s1 k1 d0 f0 t13 m124 player 14: (52.576 -77.142 0.105) h1.00/1.00 g0/0 w a35/2 f35 l35/2 as139/120 st7 thr1.00 501:0 s0 k0 d1 f0 t14 m124 player 15: (113.033 -154.184 0.429) h1.00/1.00 g0/0 w a-144/-0 f-144 l-144/-0 as139/120 st6 thr1.00 501:0 s0 k0 d1 f0 t15 m124 player 16: dead s0 k0 d1 f0 t16 m124 player 17: (93.519 -151.210 0.071) h1.00/0.85 g0/0 w a10/-2 f10 l10/-2 as139/120 st7 thr1.00 501:0 s1 k1 d0 f0 t17 m123 player 1
chupathingyce: bots: bot 23 at (82.8 -163.4 0.1) yaw -156 fight, target 5 (seen), shield 1.00, kills 0 deaths 0
chupathingyce: bots: bot 3 seeking weapon -490930098
chupathingyce: exiting after debug.exit_after
chupathingyce: frame stats: 29024 frames written to /tmp/jobsbench/lobby_p24_parallel/frames.csv
