chupathingyce: settings: /tmp/jobsbench/lobby_p32_off/saves/config.toml
chupathingyce: settings: added graphics.texture_cache_mb (new in this version) at its default
chupathingyce: save root: /tmp/jobsbench/lobby_p32_off/saves
chupathingyce: data root: /Users/noahlopez/Library/Application Support/ChupathingyCE (the game's log: debug.txt there)
chupathingyce: ChupathingyCE 0.7.1d-dev (dev, debug config, commit 80b829aa, built 2026-10-09) macOS arm64
chupathingyce: OpenCE network version 24 (joins 11-24); Delta 1, wire chupa-24a, legacy table: built in; protocol auto
chupathingyce: Following OpenCE network version 24 (built in)
chupathingyce: features: infection off, bots on
chupathingyce: anti-aliasing: off
chupathingyce: screen: 640x480 drawn at 1280x960
chupathingyce: OpenGL 4.1 Metal - 90.5 on Apple M2 Pro
chupathingyce: cannot map the visibility test results; tests read their queries
chupathingyce: shader cache: 105 shaders and 93 programs made ready in 267 ms (/tmp/jobsbench/lobby_p32_off/saves/shader_cache.bin)
chupathingyce: screen: 738x480 drawn at 2560x1662
chupathingyce: high-res hud: 69 of 104 bitmaps in this map (35 not in it)
chupathingyce: network test: host:bloodgulch:slayer
chupathingyce: high-res text: ui\small_ui drawn with Overpass-750.ttf
chupathingyce: Delta: legacy table 5 from Delta List: announcing 25, joining 11 to 25; following OpenCE build-169
chupathingyce: jobs: off (legacy paths), 0 workers (8 performance cores), 130 KiB of graph arenas
chupathingyce: network test: hosting bloodgulch
chupathingyce: Delta Peer: hosting with Delta on port 5160
chupathingyce: Delta Peer: every machine of the game shares capabilities 0x13
chupathingyce: high-res text: ui\large_ui drawn with Overpass-900.ttf
chupathingyce: network test: game 1, slayer
chupathingyce: network test: starting the game
chupathingyce: high-res hud: 70 of 104 bitmaps in this map (34 not in it)
chupathingyce: shadow maps: 128x128
chupathingyce: network test: player 0 is named Player
chupathingyce: network test: tick 30 player 0: (42.911 -67.765 0.518) h1.00/1.00 g0/0 w a0/19 f48 l0/19 as140/120 st0 thr0.00 501:0 s0 k0 d0 f0 t0 m0 | items 35 (+41 -0 !0 x0) | playing to 15 | sent 5 received 3 corrected 0 | hits 0 dealt 0 rejected 0 replayed 0 | local 0 camera (42.9 -67.8 1.1) respawn 0
chupathingyce: bots: Bot 1 joined (spartan)
chupathingyce: bots: bot 1 inventory slot 0 now weapon 501
chupathingyce: bots: bot 1 seeking vehicle -496041984
chupathingyce: network test: player 1 is named Bot 1
chupathingyce: network test: tick 60 player 0: (42.911 -67.765 0.518) h1.00/1.00 g0/0 w a16/-14 f48 l16/-14 as140/120 st0 thr0.00 501:0 s0 k0 d0 f0 t0 m0 player 1: (39.583 -90.267 0.078) h1.00/1.00 g0/0 w a180/0 f180 l180/0 as139/120 st4 thr1.00 501:0 s0 k0 d0 f0 t1 m127 | items 35 (+43 -0 !0 x0) | playing to 15 | sent 10 received 5 corrected 0 | hits 0 dealt 0 rejected 0 replayed 0 | local 0 camera (42.9 -67.8 1.1) respawn 0
chupathingyce: bots: Bot 2 joined (spartan)
chupathingyce: bots: bot 2 inventory slot 0 now weapon 501
chupathingyce: bots: bot 2 seeking vehicle -495910910
chupathingyce: network test: player 2 is named Bot 2
chupathingyce: network test: tick 90 player 0: (42.911 -67.765 0.518) h1.00/1.00 g0/0 w a16/-14 f48 l16/-14 as140/120 st0 thr0.00 501:0 s0 k0 d0 f0 t0 m0 player 1: (37.336 -90.251 0.036) h1.00/1.00 g0/0 w a180/0 f180 l180/0 as139/120 st4 thr1.00 501:0 s0 k0 d0 f0 t1 m127 player 2: (93.740 -148.813 0.118) h1.00/1.00 g0/0 w a25/0 f25 l25/0 as139/120 st4 thr1.00 501:0 s0 k0 d0 f0 t2 m127 | items 35 (+45 -0 !0 x0) | playing to 15 | sent 14 received 7 corrected 0 | hits 0 dealt 0 rejected 0 replayed 0 | local 0 camera (42.9 -67.8 1.1) respawn 0
chupathingyce: bots: Bot 3 joined (spartan)
chupathingyce: bots: bot 3 inventory slot 0 now weapon 501
chupathingyce: network test: player 3 is named Bot 3
chupathingyce: network test: tick 120 player 0: (42.911 -67.765 0.518) h1.00/1.00 g0/0 w a16/-14 f48 l16/-14 as140/120 st0 thr0.00 501:0 s0 k0 d0 f0 t0 m0 player 1: (36.175 -89.217 0.264) h1.00/1.00 g0/0 w a127/-1 f127 l127/-1 as139/120 st7 thr1.00 501:0 s0 k0 d0 f0 t1 m127 player 2: (95.764 -147.859 0.045) h1.00/1.00 g0/0 w a25/0 f25 l25/0 as139/120 st4 thr1.00 501:0 s0 k0 d0 f0 t2 m127 player 3: (30.323 -81.642 0.100) h1.00/1.00 g0/0 w a-52/-0 f-52 l-52/-0 as139/120 st6 thr1.00 501:0 s0 k0 d0 f0 t3 m127 | items 35 (+47 -0 !0 x0) | playing to 15 | sent 19 received 9 corrected 0 | hits 0 dealt 0 rejected 0 replayed 0 | local 0 camera (42.9 -67.8 1.1) respawn 0
chupathingyce: bots: Bot 4 joined (spartan)
chupathingyce: bots: bot 4 inventory slot 0 now weapon 501
chupathingyce: bots: navigation graph of 70 nodes and 438 links
chupathingyce: network test: player 4 is named Bot 4
chupathingyce: network test: tick 150 player 0: (42.911 -67.765 0.518) h1.00/1.00 g0/0 w a16/-14 f48 l16/-14 as140/120 st0 thr0.00 501:0 s0 k0 d0 f0 t0 m0 player 1: (36.974 -87.661 0.385) h1.00/1.00 g0/0 w a134/-4 f126 l134/-4 as140/120 st20 thr1.00 501:0 s0 k0 d0 f0 t1 m127 player 2: (97.798 -146.900 0.074) h1.00/1.00 g0/0 w a25/0 f25 l25/0 as139/120 st4 thr1.00 501:0 s0 k0 d0 f0 t2 m127 player 3: (30.988 -81.304 0.035) h1.00/1.00 g0/0 w a-49/3 f-49 l-49/3 as139/120 st6 thr1.00 501:0 s0 k0 d0 f0 t3 m127 player 4: (96.842 -170.007 0.270) h1.00/1.00 g0/0 w a-155/0 f153 l-155/0 as139/120 st4 thr1.00 501:0 s0 k0 d0 f0 t4 m127 | items 35 (+49 -0 !0 x0) | playing to 15 | sent 23 received 11 corrected 0 | hits 0 dealt 0 rejected 0 replayed 0 | local 0 camera (42.9 -67.8 1.1) respawn 0
chupathingyce: bots: Bot 5 joined (spartan)
chupathingyce: bots: bot 5 inventory slot 0 now weapon 501
chupathingyce: network test: player 5 is named Bot 5
chupathingyce: network test: tick 180 player 0: (42.911 -67.765 0.518) h1.00/1.00 g0/0 w a16/-14 f48 l16/-14 as140/120 st0 thr0.00 501:0 s0 k0 d0 f0 t0 m0 player 1: (36.271 -88.096 -0.015) h1.00/1.00 g0/0 w a130/-0 f130 l130/-0 as139/120 st6 thr1.00 501:0 s0 k0 d0 f0 t1 m127 player 2: (99.817 -145.949 0.245) h1.00/1.00 g0/0 w a25/0 f25 l25/0 as139/120 st4 thr1.00 501:0 s0 k0 d0 f0 t2 m127 player 3: (30.986 -81.345 0.037) h1.00/0.00 g0/0 w a-51/-2 f-51 l-51/-2 as139/120 st7 thr1.00 501:0 s0 k0 d0 f0 t3 m127 player 4: (94.762 -170.458 0.226) h1.00/1.00 g0/0 w a138/-1 f138 l138/-1 as139/120 st4 thr1.00 501:0 s0 k0 d0 f0 t4 m127 player 5: (85.622 -161.838 0.116) h1.00/1.00 g0/0 w a-42/0 f-42 l-42/0 as139/120 st4 thr1.00 501:0 s0 k0 d0 f0 t5 m126 | items 35 (+51 -0 !0 x0) | playing to 15 | sent 28 received 13 corrected 0 | hits 0 dealt 0 rejected 0 replayed 0 | local 0 camera (42.9 -67.8 1.1) respawn 0
chupathingyce: bots: Bot 6 joined (spartan)
chupathingyce: bots: bot 6 inventory slot 0 now weapon 501
chupathingyce: bots: bot 6 seeking vehicle -495910910
chupathingyce: network test: player 6 is named Bot 6
chupathingyce: network test: tick 210 player 0: (42.911 -67.765 0.518) h1.00/1.00 g0/0 w a16/-14 f48 l16/-14 as140/120 st0 thr0.00 501:0 s0 k0 d0 f0 t0 m0 player 1: (34.742 -89.273 0.138) h1.00/1.00 g0/0 w a128/-1 f128 l128/-1 as139/120 st7 thr1.00 501:0 s0 k0 d0 f0 t1 m127 player 2: (100.812 -145.480 0.405) h1.00/1.00 g0/0 w a25/0 f25 l25/0 as139/120 st4 thr0.35 501:0 s0 k0 d0 f0 t2 m127 player 3: (29.651 -82.383 0.179) h1.00/0.00 g0/0 w a-53/-2 f-53 l-53/-2 as139/120 st6 thr1.00 501:0 s0 k0 d0 f0 t3 m127 player 4: (94.016 -169.289 0.159) h1.00/1.00 g0/0 w a134/-1 f134 l134/-1 as140/120 st20 thr1.00 501:0 s0 k0 d0 f0 t4 m127 player 5: (87.523 -162.095 0.140) h1.00/1.00 g0/0 w a-48/-0 f-48 l-48/-0 as139/120 st7 thr1.00 501:0 s0 k0 d0 f0 t5 m126 player 6: (105.162 -161.722 0.031) h1.00/1.00 g0/0 w a105/1 f105 l105/1 as139/120 st4 thr1.00 501:0 s0 k0 d0 f0 t6 m126 | items 35 (+53 -0 !0 x0) | playing to 15 | sent 32 received 15 corrected 0 | hits 0 dealt 0 rejected 0 replayed 0 | local 0 camera (42.9 -67.8 1.1) respawn 0
chupathingyce: bots: Bot 7 joined (spartan)
chupathingyce: bots: bot 2 entered vehicle -495910910 seat 0
chupathingyce: bots: bot 7 inventory slot 0 now weapon 501
chupathingyce: network test: player 7 is named Bot 7
chupathingyce: network test: tick 240 player 0: (42.911 -67.765 0.518) h1.00/1.00 g0/0 w a16/-14 f48 l16/-14 as140/120 st0 thr0.00 501:0 s0 k0 d0 f0 t0 m0 player 1: (35.012 -89.074 0.111) h1.00/1.00 g0/0 w a127/3 f127 l127/3 as139/120 st6 thr1.00 501:0 s0 k0 d0 f0 t1 m127 player 2: (102.194 -144.686 0.941) h1.00/1.00 riding g0/0 w a-76/-1 f-0 l-76/-1 as139/120 st26 thr0.50 501:0 s0 k0 d0 f0 t2 m127 player 3: (29.980 -82.133 0.622) h1.00/0.00 g0/0 w a-54/-4 f-54 l-54/-4 as140/120 st20 thr1.00 501:0 s0 k0 d0 f0 t3 m127 player 4: (95.248 -168.021 0.814) h1.00/1.00 g0/0 w a150/-0 f138 l150/-0 as140/120 st20 thr1.00 501:0 s0 k0 d0 f0 t4 m127 player 5: (86.672 -163.103 0.731) h1.00/1.00 g0/0 w a-30/-1 f-46 l-30/-1 as140/120 st20 thr1.00 501:0 s0 k0 d0 f0 t5 m126 player 6: (105.523 -159.721 0.113) h1.00/1.00 g0/0 w a105/2 f105 l105/2 as139/120 st4 thr1.00 501:0 s0 k0 d0 f0 t6 m126 player 7: (92.780 -149.426 0.413) h1.00/1.00 g0/0 w a25/1 f7 l25/1 as139/120 st4 thr1.00 501:0 s0 k0 d0 f0 t7 m126 | items 35 (+55 -0 !0 x0) | playing to 15 | sent 37 received 17 corrected 0 | hits 0 dealt 0 rejected 0 replayed 0 | local 0 camera (42.9 -67.8 1.1) respawn 0
chupathingyce: bots: Bot 8 joined (spartan)
chupathingyce: bots: bot 8 inventory slot 0 now weapon 501
chupathingyce: network test: player 8 is named Bot 8
chupathingyce: network test: tick 270 player 0: (42.911 -67.765 0.518) h1.00/1.00 g0/0 w a16/-14 f48 l16/-14 as140/120 st0 thr0.00 501:0 s0 k0 d0 f0 t0 m0 player 1: (33.305 -90.108 0.224) h1.00/1.00 g0/0 w a119/-2 f119 l119/-2 as139/120 st6 thr1.00 501:0 s0 k0 d0 f0 t1 m127 player 2: (101.176 -144.030 0.980) h1.00/0.85 riding g0/0 w a-114/-4 f-0 l-126/-4 as28/120 st0 thr0.00 501:0 s0 k0 d0 f0 t2 m127 player 3: (29.083 -82.623 0.229) h1.00/0.00 g0/0 w a-61/-1 f-61 l-61/-1 as139/120 st7 thr1.00 501:0 s0 k0 d0 f0 t3 m127 player 4: (95.761 -166.757 0.122) h1.00/1.00 g0/0 w a168/-1 f168 l168/-1 as139/120 st6 thr1.00 501:0 s0 k0 d0 f0 t4 m127 player 5: (86.121 -164.677 0.124) h1.00/1.00 g0/0 w a-13/-1 f-13 l-13/-1 as139/120 st6 thr1.00 501:0 s0 k0 d0 f0 t5 m126 player 6: (103.582 -158.995 0.220) h1.00/1.00 g0/0 w a139/-1 f139 l139/-1 as139/120 st4 thr1.00 501:0 s0 k0 d0 f0 t6 m126 player 7: (94.017 -150.736 0.070) h1.00/1.00 g0/0 w a12/-1 f12 l12/-1 as139/120 st7 thr1.00 501:0 s0 k0 d0 f0 t7 m126 player 8: (98.754 -149.701 0.075) h1.00/1.00 g0/0 w a2/3 f-77 l-18/3 as139/120 st7 thr1.00 501:0 s0 k0 d0 f0 t8 m126 | items 35 (+57 -0 !0 x0) | playing to 15 | sent 47 received 19 corrected 0 | hits 0 dealt 0 rejected 0 replayed 0 | local 0 camera (42.9 -67.8 1.1) respawn 0
chupathingyce: bots: Bot 9 joined (spartan)
chupathingyce: bots: bot 9 inventory slot 0 now weapon 501
chupathingyce: bots: bot 9 seeking vehicle -496041984
chupathingyce: network test: player 9 is named Bot 9
chupathingyce: network test: tick 300 player 0: (42.911 -67.765 0.518) h1.00/1.00 g0/0 w a16/-14 f48 l16/-14 as140/120 st0 thr0.00 501:0 s0 k0 d0 f0 t0 m0 player 1: (31.566 -91.093 0.292) h1.00/1.00 g0/0 w a120/-1 f120 l120/-1 as139/120 st6 thr1.00 501:0 s0 k0 d0 f0 t1 m127 player 2: (99.938 -143.633 0.877) h1.00/0.83 riding g0/0 w a-86/-4 f-0 l-86/-4 as28/120 st0 thr0.00 501:0 s0 k0 d0 f0 t2 m127 player 3: (27.346 -83.609 0.330) h1.00/0.00 g0/0 w a-60/-2 f-60 l-60/-2 as139/120 st7 thr1.00 501:0 s0 k0 d0 f0 t3 m127 player 4: (95.030 -168.582 0.164) h1.00/1.00 g0/0 w a147/-1 f147 l147/-1 as139/120 st6 thr1.00 501:0 s0 k0 d0 f0 t4 m127 player 5: (86.715 -163.165 0.130) h1.00/1.00 g0/0 w a-33/0 f-33 l-33/0 as139/120 st7 thr1.00 501:0 s0 k0 d0 f0 t5 m126 player 6: (101.536 -159.032 0.169) h1.00/1.00 g0/0 w a99/-2 f99 l99/-2 as139/120 st6 thr1.00 501:0 s0 k0 d0 f0 t6 m126 player 7: (94.602 -152.646 0.614) h1.00/1.00 g0/0 w a21/-7 f13 l21/-7 as140/120 st20 thr1.00 501:0 s0 k0 d0 f0 t7 m126 player 8: (100.588 -150.047 -0.004) h1.00/0.87 g0/0 w a93/4 f93 l93/4 as139/120 st7 thr1.00 501:0 s0 k0 d0 f0 t8 m126 player 9: (41.100 -90.282 0.141) h1.00/1.00 g0/0 w a24/0 f86 l29/0 as139/120 st5 thr1.00 501:0 s0 k0 d0 f0 t9 m125 | items 35 (+59 -0 !0 x0) | playing to 15 | sent 56 received 21 corrected 0 | hits 0 dealt 0 rejected 0 replayed 0 | local 0 camera (42.9 -67.8 1.1) respawn 0
chupathingyce: bots: Bot 10 joined (spartan)
chupathingyce: bots: bot 1 at (31.6 -91.1 0.3) yaw 120 fight, target 3 (seen), shield 1.00, kills 0 deaths 0
chupathingyce: bots: bot 2 at (99.9 -143.7 0.9) yaw -79 vehicle, target 8 (seen), shield 0.80, kills 0 deaths 0
chupathingyce: bots: bot 3 at (26.5 -84.1 0.4) yaw -60 fight, target 1 (seen), shield 0.00, kills 0 deaths 0
chupathingyce: bots: bot 4 at (94.2 -169.7 0.2) yaw 145 fight, target 5 (seen), shield 1.00, kills 0 deaths 0
chupathingyce: bots: bot 5 at (86.2 -164.4 0.1) yaw -36 fight, target 4 (seen), shield 1.00, kills 0 deaths 0
chupathingyce: network test: player 10 is named Bot 10
chupathingyce: network test: tick 330 player 0: (42.911 -67.765 0.518) h1.00/1.00 g0/0 w a15/-14 f48 l15/-14 as140/120 st0 thr0.00 501:0 s0 k0 d0 f0 t0 m0 player 1: (29.866 -91.919 0.419) h1.00/1.00 g0/0 w a116/-0 f116 l116/-0 as139/120 st4 thr1.00 501:0 s0 k0 d0 f0 t1 m127 player 2: (99.647 -143.598 0.834) h1.00/0.78 riding g0/0 w a-67/-3 f-0 l-81/-6 as28/120 st0 thr0.00 501:0 s0 k0 d0 f0 t2 m127 player 3: (25.844 -84.649 0.589) h1.00/0.00 g0/0 w a-58/-2 f-58 l-58/-2 as139/120 st4 thr1.00 501:0 s0 k0 d0 f0 t3 m127 player 4: (93.876 -170.215 0.188) h1.00/1.00 g0/0 w a145/-1 f145 l145/-1 as139/120 st6 thr1.00 501:0 s0 k0 d0 f0 t4 m127 player 5: (86.085 -164.514 0.123) h1.00/1.00 g0/0 w a-36/-1 f-36 l-36/-1 as139/120 st7 thr1.00 501:0 s0 k0 d0 f0 t5 m126 player 6: (102.544 -159.116 0.213) h1.00/1.00 g0/0 w a91/-2 f91 l91/-2 as139/120 st7 thr1.00 501:0 s0 k0 d0 f0 t6 m126 player 7: (94.617 -152.736 0.097) h1.00/1.00 g0/0 w a24/-1 f24 l24/-1 as139/120 st6 thr1.00 501:0 s0 k0 d0 f0 t7 m126 player 8: (102.422 -149.583 -0.016) h1.00/0.73 g0/0 w a112/4 f112 l112/4 as139/120 st7 thr1.00 501:0 s0 k0 d0 f0 t8 m126 player 9: (39.820 -89.383 0.092) h1.00/1.00 g0/0 w a-166/1 f-166 l-166/1 as139/120 st4 thr1.00 501:0 s0 k0 d0 f0 t9 m125 player 10: dead s0 k0 d0 f0 t10 m125 | items 35 (+59 -0 !0 x0) | playing to 15 | sent 68 received 22 corrected 0 | hits 0 dealt 0 rejected 0 replayed 0 | local 0 camera (42.9 -67.8 1.1) respawn 0
chupathingyce: bots: Bot 11 joined (spartan)
chupathingyce: bots: bot 10 inventory slot 0 now weapon 501
chupathingyce: bots: bot 11 inventory slot 0 now weapon 501
chupathingyce: bots: bot 6 at (102.8 -159.1 0.2) yaw 90 fight, target 8 (seen), shield 1.00, kills 0 deaths 0
chupathingyce: bots: bot 7 at (94.3 -152.0 0.1) yaw 16 fight, target 8 (seen), shield 1.00, kills 0 deaths 0
chupathingyce: bots: bot 8 at (102.1 -149.7 -0.0) yaw 110 fight, target 2 (seen), shield 0.73, kills 0 deaths 0
chupathingyce: bots: bot 9 at (38.7 -88.2 0.1) yaw 167 fight, target 3 (seen), shield 1.00, kills 0 deaths 0
chupathingyce: network test: player 11 is named Bot 11
chupathingyce: network test: tick 360 player 0: (42.911 -67.765 0.518) h1.00/1.00 g0/0 w a-121/-7 f-94 l-121/-7 as140/120 st3 thr0.00 501:0 s0 k0 d0 f0 t0 m0 player 1: (30.895 -90.645 0.710) h1.00/1.00 g0/0 w a128/-4 f128 l128/-4 as140/120 st20 thr1.00 501:0 s0 k0 d0 f0 t1 m127 player 2: (99.647 -143.598 0.834) h1.00/0.75 riding g0/0 w a-74/-4 f-0 l-81/-5 as28/120 st0 thr0.00 501:0 s0 k0 d0 f0 t2 m127 player 3: (27.097 -85.645 0.342) h1.00/0.16 g0/0 w a-52/1 f-52 l-52/1 as139/120 st6 thr1.00 501:0 s0 k0 d0 f0 t3 m127 player 4: (92.571 -171.721 0.838) h1.00/1.00 g0/0 w a131/-5 f138 l131/-5 as140/120 st20 thr1.00 501:0 s0 k0 d0 f0 t4 m127 player 5: (86.618 -164.056 0.130) h1.00/1.00 g0/0 w a-51/4 f-51 l-51/4 as139/120 st6 thr1.00 501:0 s0 k0 d0 f0 t5 m126 player 6: (101.553 -159.123 0.170) h1.00/1.00 g0/0 w a90/-2 f90 l90/-2 as139/120 st7 thr1.00 501:0 s0 k0 d0 f0 t6 m126 player 7: (94.084 -150.815 0.070) h1.00/1.00 g0/0 w a9/-2 f9 l9/-2 as139/120 st6 thr1.00 501:0 s0 k0 d0 f0 t7 m126 player 8: (101.399 -149.971 -0.029) h1.00/0.73 g0/0 w a104/3 f104 l104/3 as139/120 st6 thr1.00 501:0 s0 k0 d0 f0 t8 m126 player 9: (38.465 -88.009 0.132) h1.00/1.00 g0/0 w a167/1 f167 l167/1 as139/120 st4 thr1.00 501:0 s0 k0 d0 f0 t9 m125 player 10: (30.719 -75.272 0.485) h1.00/1.00 g0/0 w a31/-1 f31 l31/-1 as139/120 st4 thr1.00 501:0 s0 k0 d0 f0 t10 m125 player 11: (50.571 -76.872 0.119) h1.00/1.00 g0/0 w a-137/0 f-137 l-137/0 as139/120 st4 thr1.00 501:0 s0 k0 d0 f0 t11 m125 | items 35 (+63 -0 !0 x0) | playing to 15 | sent 77 received 25 corrected 0 | hits 0 dealt 0 rejected 0 replayed 0 | local 0 camera (42.9 -67.8 1.1) respawn 0
chupathingyce: bots: Bot 12 joined (spartan)
chupathingyce: bots: bot 10 at (30.9 -75.3 0.5) yaw 32 fight, target 0 (seen), shield 1.00, kills 0 deaths 0
chupathingyce: bots: bot 12 inventory slot 0 now weapon 501
chupathingyce: bots: bot 11 at (49.9 -77.0 0.1) yaw 143 fight, target 12 (seen), shield 1.00, kills 0 deaths 0
chupathingyce: bots: bot 12 at (37.4 -67.6 0.3) yaw -1 fight, target 0 (seen), shield 1.00, kills 0 deaths 0
chupathingyce: network test: player 12 is named Bot 12
chupathingyce: network test: tick 390 player 0: (43.267 -67.786 0.500) h1.00/0.86 g0/0 w a-21/-18 f-21 l-21/-18 as139/120 st4 thr1.00 501:0 s0 k0 d0 f0 t0 m0 player 1: (32.483 -89.428 0.297) h1.00/1.00 g0/0 w a128/-3 f128 l128/-3 as140/120 st20 thr1.00 501:0 s0 k0 d0 f0 t1 m127 player 2: (99.647 -143.598 0.834) h0.89/0.00 riding g0/0 w a-89/-3 f-0 l-89/-3 as28/120 st0 thr0.00 501:0 s0 k0 d0 f0 t2 m127 player 3: (28.634 -84.480 0.230) h1.00/0.41 g0/0 w a-52/1 f-52 l-52/1 as139/120 st7 thr1.00 501:0 s0 k0 d0 f0 t3 m127 player 4: (91.557 -172.552 0.225) h1.00/1.00 g0/0 w a110/0 f110 l110/0 as139/120 st6 thr1.00 501:0 s0 k0 d0 f0 t4 m127 player 5: (88.374 -163.120 0.614) h1.00/1.00 g0/0 w a-70/-2 f-68 l-70/-2 as140/120 st20 thr1.00 501:0 s0 k0 d0 f0 t5 m126 player 6: (103.164 -158.778 0.244) h1.00/1.00 g0/0 w a111/-2 f111 l111/-2 as139/120 st7 thr1.00 501:0 s0 k0 d0 f0 t6 m126 player 7: (94.165 -148.827 0.657) h1.00/1.00 g0/0 w a-12/-9 f3 l-12/-9 as140/120 st20 thr1.00 501:0 s0 k0 d0 f0 t7 m126 player 8: (99.420 -150.188 0.031) h1.00/0.73 g0/0 w a88/4 f88 l88/4 as139/120 st6 thr1.00 501:0 s0 k0 d0 f0 t8 m126 player 9: (36.851 -86.914 0.574) h1.00/1.00 g0/0 w a164/-4 f167 l164/-4 as140/120 st20 thr1.00 501:0 s0 k0 d0 f0 t9 m125 player 10: (32.880 -75.185 0.294) h1.00/1.00 g0/0 w a35/0 f35 l35/0 as139/120 st4 thr1.00 501:0 s0 k0 d0 f0 t10 m125 player 11: (49.333 -75.726 0.177) h1.00/1.00 g0/0 w a142/-0 f142 l142/-0 as139/120 st4 thr1.00 501:0 s0 k0 d0 f0 t11 m125 player 12: (37.508 -66.699 0.384) h1.00/1.00 g0/0 w a-9/-0 f-9 l-9/-0 as139/120 st6 thr1.00 501:0 s0 k0 d0 f0 t12 m125 | items 35 (+65 -0 !0 x0) | playing to 15 | sent 82 received 27 corrected 0 | hits 0 dealt 0 rejected 0 replayed 0 | local 0 camera (43.3 -67.8 1.1) respawn 0
chupathingyce: bots: Bot 13 joined (spartan)
chupathingyce: bots: bot 13 inventory slot 0 now weapon 501
chupathingyce: network test: player 13 is named Bot 13
chupathingyce: network test: tick 420 player 0: (44.658 -68.235 0.478) h1.00/0.86 g0/0 w a-145/-4 f-145 l-145/-4 as139/120 st6 thr1.00 501:0 s0 k0 d0 f0 t0 m0 player 1: (32.722 -89.287 0.142) h1.00/0.86 g0/0 w a142/-1 f142 l142/-1 as139/120 st7 thr1.00 501:0 s0 k0 d0 f0 t1 m127 player 2: (99.647 -143.598 0.834) h0.87/0.00 riding g0/0 w a-107/-3 f-0 l-107/-3 as28/120 st0 thr0.00 501:0 s0 k0 d0 f0 t2 m127 player 3: (27.584 -85.641 0.283) h1.00/0.66 g0/0 w a-39/-3 f-39 l-39/-3 as139/120 st7 thr1.00 501:0 s0 k0 d0 f0 t3 m127 player 4: (89.694 -172.849 0.849) h1.00/1.00 g0/0 w a87/-3 f97 l87/-3 as140/120 st20 thr1.00 501:0 s0 k0 d0 f0 t4 m127 player 5: (90.337 -162.818 0.147) h1.00/1.00 g0/0 w a-93/3 f-68 l-93/3 as140/120 st21 thr1.00 501:0 s0 k0 d0 f0 t5 m126 player 6: (104.220 -157.395 0.220) h1.00/1.00 g0/0 w a130/-1 f130 l130/-1 as139/120 st4 thr1.00 501:0 s0 k0 d0 f0 t6 m126 player 7: (95.058 -147.079 0.534) h1.00/1.00 g0/0 w a-44/-7 f-37 l-44/-7 as140/120 st20 thr1.00 501:0 s0 k0 d0 f0 t7 m126 player 8: (97.557 -149.829 0.073) h1.00/0.59 g0/0 w a71/4 f71 l71/4 as139/120 st6 thr1.00 501:0 s0 k0 d0 f0 t8 m126 player 9: (36.543 -87.539 -0.048) h1.00/1.00 g0/0 w a-155/1 f-155 l-155/1 as139/120 st6 thr1.00 501:0 s0 k0 d0 f0 t9 m125 player 10: (34.318 -74.162 0.160) h1.00/1.00 g0/0 w a68/5 f68 l68/5 as139/120 st6 thr1.00 501:0 s0 k0 d0 f0 t10 m125 player 11: (48.201 -74.162 0.018) h1.00/1.00 g0/0 w a140/3 f140 l140/3 as139/120 st4 thr1.00 501:0 s0 k0 d0 f0 t11 m125 player 12: (37.754 -65.626 1.072) h1.00/1.00 g0/0 w a-21/-5 f-21 l-21/-5 as140/120 st20 thr1.00 501:0 s0 k0 d0 f0 t12 m125 player 13: (85.321 -158.008 -0.006) h1.00/1.00 g0/0 w a-47/1 f-47 l-47/1 as139/120 st7 thr1.00 501:0 s0 k0 d0 f0 t13 m124 | items 35 (+67 -0 !0 x0) | playing to 15 | sent 98 received 29 corrected 0 | hits 0 dealt 0 rejected 0 replayed 0 | local 0 camera (44.7 -68.2 1.1) respawn 0
chupathingyce: bots: Bot 14 joined (spartan)
chupathingyce: bots: bot 14 inventory slot 0 now weapon 501
chupathingyce: network test: player 14 is named Bot 14
chupathingyce: network test: tick 450 player 0: (44.904 -68.538 0.451) h1.00/0.60 g0/0 w a-172/-12 f167 l-172/-12 as139/120 st11 thr1.00 501:0 s0 k0 d0 f0 t0 m0 player 1: (33.416 -87.451 -0.017) h1.00/0.86 g0/0 w a170/2 f170 l170/2 as139/120 st7 thr1.00 501:0 s0 k0 d0 f0 t1 m127 player 2: (99.647 -143.598 0.834) h0.87/0.00 riding g0/0 w a-119/-2 f-0 l-119/-2 as28/120 st0 thr0.00 501:0 s0 k0 d0 f0 t2 m127 player 3: (27.170 -86.147 0.351) h1.00/0.91 g0/0 w a-12/-5 f-12 l-12/-5 as139/120 st6 thr1.00 501:0 s0 k0 d0 f0 t3 m127 player 4: (88.748 -172.855 0.245) h1.00/1.00 g0/0 w a71/-2 f71 l71/-2 as139/120 st7 thr1.00 501:0 s0 k0 d0 f0 t4 m127 player 5: (91.882 -163.675 0.141) h1.00/1.00 g0/0 w a-107/-0 f-107 l-107/-0 as139/120 st6 thr1.00 501:0 s0 k0 d0 f0 t5 m126 player 6: (104.242 -155.502 0.104) h1.00/1.00 g0/0 w a146/-2 f146 l146/-2 as139/120 st7 thr1.00 501:0 s0 k0 d0 f0 t6 m126 player 7: (95.738 -145.974 0.029) h1.00/1.00 g0/0 w a-85/-3 f-37 l-85/-3 as140/120 st21 thr1.00 501:0 s0 k0 d0 f0 t7 m126 player 8: (96.151 -150.034 0.066) h1.00/0.59 g0/0 w a96/-1 f96 l96/-1 as139/120 st7 thr1.00 501:0 s0 k0 d0 f0 t8 m126 player 9: (36.839 -88.802 0.001) h1.00/1.00 g0/0 w a160/-3 f160 l160/-3 as139/120 st7 thr1.00 501:0 s0 k0 d0 f0 t9 m125 player 10: (33.078 -73.095 0.680) h1.00/1.00 g0/0 w a58/-3 f67 l58/-3 as140/120 st20 thr1.00 501:0 s0 k0 d0 f0 t10 m125 player 11: (46.323 -74.689 -0.067) h1.00/1.00 g0/0 w a105/4 f105 l105/4 as139/120 st7 thr1.00 501:0 s0 k0 d0 f0 t11 m125 player 12: (37.700 -65.917 0.483) h1.00/1.00 g0/0 w a-45/-3 f-32 l-45/-3 as139/120 st4 thr1.00 501:0 s0 k0 d0 f0 t12 m125 player 13: (86.535 -157.826 0.045) h1.00/1.00 g0/0 w a39/-1 f39 l39/-1 as139/120 st4 thr1.00 501:0 s0 k0 d0 f0 t13 m124 player 14: (52.638 -81.709 0.129) h1.00/1.00 g0/0 w a130/-2 f130 l130/-2 as139/120 st7 thr1.00 501:0 s0 k0 d0 f0 t14 m124 | items 35 (+69 -0 !0 x0) | playing to 15 | sent 107 received 31 corrected 0 | hits 0 dealt 0 rejected 0 replayed 0 | local 0 camera (44.9 -68.5 1.1) respawn 0
chupathingyce: bots: Bot 15 joined (spartan)
chupathingyce: bots: bot 15 inventory slot 0 now weapon 501
chupathingyce: network test: player 15 is named Bot 15
chupathingyce: network test: tick 480 player 0: (43.956 -67.907 0.483) h1.00/0.60 g0/0 w a-44/-13 f-49 l-44/-13 as139/120 st7 thr1.00 501:0 s0 k0 d0 f0 t0 m0 player 1: (33.776 -85.487 -0.060) h1.00/0.86 g0/0 w a176/1 f176 l176/1 as139/120 st7 thr1.00 501:0 s0 k0 d0 f0 t1 m127 player 2: (99.647 -143.598 0.834) h0.87/0.00 riding g0/0 w a-106/-3 f-0 l-106/-3 as28/120 st0 thr0.00 501:0 s0 k0 d0 f0 t2 m127 player 3: (27.380 -85.272 0.302) h1.00/1.00 g0/0 w a-4/-5 f-4 l-4/-5 as139/120 st7 thr1.00 501:0 s0 k0 d0 f0 t3 m127 player 4: (90.367 -173.360 0.238) h1.00/1.00 g0/0 w a81/-2 f81 l81/-2 as139/120 st6 thr1.00 501:0 s0 k0 d0 f0 t4 m127 player 5: (91.898 -164.226 0.123) h1.00/0.87 g0/0 w a-100/-1 f-100 l-100/-1 as139/120 st7 thr1.00 501:0 s0 k0 d0 f0 t5 m126 player 6: (105.207 -153.859 0.147) h1.00/1.00 g0/0 w a148/-2 f148 l148/-2 as139/120 st6 thr1.00 501:0 s0 k0 d0 f0 t6 m126 player 7: (96.859 -145.503 0.029) h1.00/1.00 g0/0 w a-74/-2 f-74 l-74/-2 as139/120 st6 thr1.00 501:0 s0 k0 d0 f0 t7 m126 player 8: (98.037 -149.549 0.094) h1.00/0.59 g0/0 w a105/-3 f105 l105/-3 as139/120 st7 thr1.00 501:0 s0 k0 d0 f0 t8 m126 player 9: (37.187 -87.836 0.023) h1.00/0.00 g0/0 w a148/-4 f148 l148/-4 as139/120 st6 thr1.00 501:0 s0 k0 d0 f0 t9 m125 player 10: (31.687 -71.746 0.926) h1.00/1.00 g0/0 w a39/-3 f39 l39/-3 as139/120 st6 thr1.00 501:0 s0 k0 d0 f0 t10 m125 player 11: (47.677 -74.142 -0.015) h1.00/1.00 g0/0 w a120/3 f120 l120/3 as139/120 st7 thr1.00 501:0 s0 k0 d0 f0 t11 m125 player 12: (39.408 -65.895 0.617) h1.00/1.00 g0/0 w a-23/-3 f-23 l-23/-3 as139/120 st6 thr1.00 501:0 s0 k0 d0 f0 t12 m125 player 13: (87.832 -156.438 0.602) h1.00/1.00 g0/0 w a35/-2 f38 l35/-2 as140/120 st20 thr1.00 501:0 s0 k0 d0 f0 t13 m124 player 14: (54.055 -80.298 0.503) h1.00/1.00 g0/0 w a135/-3 f135 l135/-3 as140/120 st20 thr1.00 501:0 s0 k0 d0 f0 t14 m124 player 15: (97.408 -169.528 0.724) h1.00/1.00 g0/0 w a136/-6 f136 l136/-6 as140/120 st20 thr1.00 501:0 s0 k0 d0 f0 t15 m124 | items 35 (+71 -0 !0 x0) | playing to 15 | sent 116 received 33 corrected 0 | hits 
chupathingyce: bots: Bot 16 joined (spartan)
chupathingyce: bots: bot 16 inventory slot 0 now weapon 501
chupathingyce: network test: player 16 is named Bot 16
chupathingyce: network test: tick 510 player 0: (44.935 -67.362 0.619) h1.00/0.60 g0/0 w a-7/-12 f-7 l-7/-12 as139/120 st4 thr1.00 501:0 s0 k0 d0 f0 t0 m0 player 1: (33.286 -83.582 -0.051) h1.00/0.86 g0/0 w a-149/1 f-149 l-149/1 as139/120 st7 thr1.00 501:0 s0 k0 d0 f0 t1 m127 player 2: (99.647 -143.598 0.834) h0.87/0.00 riding g0/0 w a-127/-8 f-0 l-127/-8 as28/120 st0 thr0.00 501:0 s0 k0 d0 f0 t2 m127 player 3: (27.871 -87.177 0.240) h1.00/1.00 g0/0 w a31/-5 f31 l31/-5 as139/120 st7 thr1.00 501:0 s0 k0 d0 f0 t3 m127 player 4: (89.869 -173.299 0.248) h1.00/1.00 g0/0 w a80/-2 f80 l80/-2 as139/120 st7 thr1.00 501:0 s0 k0 d0 f0 t4 m127 player 5: (91.499 -164.178 0.119) h1.00/0.74 g0/0 w a-99/0 f-99 l-99/0 as139/120 st6 thr1.00 501:0 s0 k0 d0 f0 t5 m126 player 6: (104.151 -155.004 0.401) h1.00/1.00 g0/0 w a128/-3 f129 l128/-3 as140/120 st20 thr1.00 501:0 s0 k0 d0 f0 t6 m126 player 7: (98.766 -144.942 0.149) h1.00/1.00 g0/0 w a-72/-2 f-72 l-72/-2 as139/120 st6 thr1.00 501:0 s0 k0 d0 f0 t7 m126 player 8: (99.953 -148.977 0.068) h1.00/0.59 g0/0 w a106/-1 f106 l106/-1 as139/120 st7 thr1.00 501:0 s0 k0 d0 f0 t8 m126 player 9: (35.637 -89.043 0.078) h1.00/0.00 g0/0 w a114/-3 f114 l114/-3 as139/120 st6 thr1.00 501:0 s0 k0 d0 f0 t9 m125 player 10: (31.795 -69.919 1.613) h1.00/1.00 g0/0 w a33/-4 f34 l33/-4 as140/120 st20 thr1.00 501:0 s0 k0 d0 f0 t10 m125 player 11: (47.913 -72.943 0.105) h1.00/1.00 g0/0 w a119/5 f119 l119/5 as139/120 st6 thr1.00 501:0 s0 k0 d0 f0 t11 m125 player 12: (40.466 -64.223 0.885) h1.00/1.00 g0/0 w a-35/-4 f-35 l-35/-4 as139/120 st6 thr1.00 501:0 s0 k0 d0 f0 t12 m125 player 13: (88.856 -154.520 0.053) h1.00/1.00 g0/0 w a28/-1 f38 l28/-1 as140/120 st21 thr1.00 501:0 s0 k0 d0 f0 t13 m124 player 14: (55.370 -78.793 0.304) h1.00/1.00 g0/0 w a141/-3 f135 l141/-3 as140/120 st20 thr1.00 501:0 s0 k0 d0 f0 t14 m124 player 15: (96.462 -170.141 0.264) h1.00/1.00 g0/0 w a131/-3 f136 l131/-3 as140/120 st21 thr1.00 501:0 s0 k0 d0 f0 t15 m124 player 16: (105.296 -162.141 0.014) h1.00/1.00 g0/0 w a97/0 f97 l97/0 as139/120 st7 thr1
chupathingyce: bots: Bot 17 joined (spartan)
chupathingyce: bots: bot 17 inventory slot 0 now weapon 501
chupathingyce: network test: player 17 is named Bot 17
chupathingyce: network test: tick 540 player 0: (46.475 -66.043 1.149) h1.00/0.60 g0/0 w a-53/-13 f37 l-33/-13 as140/120 st20 thr1.00 501:0 s0 k0 d0 f0 t0 m0 player 1: (31.790 -82.305 0.009) h1.00/0.86 g0/0 w a-115/0 f-115 l-115/0 as139/120 st7 thr1.00 501:0 s0 k0 d0 f0 t1 m127 player 2: (99.647 -143.598 0.834) h0.87/0.00 riding g0/0 w a-82/11 f-0 l-84/11 as28/120 st0 thr0.00 501:0 s0 k0 d0 f0 t2 m127 player 3: (29.336 -88.442 0.122) h1.00/1.00 g0/0 w a66/-3 f66 l66/-3 as139/120 st6 thr1.00 501:0 s0 k0 d0 f0 t3 m127 player 4: (91.839 -173.644 0.867) h1.00/1.00 g0/0 w a79/-5 f80 l79/-5 as140/120 st20 thr1.00 501:0 s0 k0 d0 f0 t4 m127 player 5: (93.402 -164.686 0.129) h1.00/0.74 g0/0 w a-99/5 f-99 l-99/5 as139/120 st6 thr1.00 501:0 s0 k0 d0 f0 t5 m126 player 6: (102.412 -155.988 0.309) h1.00/1.00 g0/0 w a118/-4 f129 l118/-4 as140/120 st20 thr1.00 501:0 s0 k0 d0 f0 t6 m126 player 7: (99.772 -145.579 0.815) h1.00/1.00 g0/0 w a89/-10 f65 l89/-10 as140/120 st20 thr1.00 501:0 s0 k0 d0 f0 t7 m126 player 8: (98.732 -148.865 0.114) h1.00/0.46 g0/0 w a74/6 f74 l74/6 as139/120 st6 thr1.00 501:0 s0 k0 d0 f0 t8 m126 player 9: (33.746 -89.676 0.190) h1.00/0.00 g0/0 w a106/-3 f106 l106/-3 as139/120 st6 thr1.00 501:0 s0 k0 d0 f0 t9 m125 player 10: (32.703 -68.138 0.450) h1.00/1.00 g0/0 w a25/0 f34 l25/0 as140/120 st20 thr1.00 501:0 s0 k0 d0 f0 t10 m125 player 11: (48.562 -72.571 0.333) h1.00/1.00 g0/0 w a109/5 f119 l109/5 as140/120 st20 thr1.00 501:0 s0 k0 d0 f0 t11 m125 player 12: (40.250 -65.018 0.785) h1.00/0.87 g0/0 w a-11/2 f-11 l-11/2 as139/120 st7 thr1.00 501:0 s0 k0 d0 f0 t12 m125 player 13: (90.041 -152.814 0.398) h1.00/1.00 g0/0 w a25/-3 f25 l25/-3 as139/120 st7 thr1.00 501:0 s0 k0 d0 f0 t13 m124 player 14: (54.790 -79.389 0.192) h1.00/1.00 g0/0 w a133/1 f133 l133/1 as139/120 st6 thr1.00 501:0 s0 k0 d0 f0 t14 m124 player 15: (97.573 -169.226 0.868) h1.00/1.00 g0/0 w a132/-8 f130 l132/-8 as140/120 st20 thr1.00 501:0 s0 k0 d0 f0 t15 m124 player 16: (105.823 -162.134 -0.003) h1.00/1.00 g0/0 w a119/3 f119 l119/3 as139/120 st6 thr1.00 501
chupathingyce: bots: Bot 18 joined (spartan)
chupathingyce: bots: bot 18 inventory slot 0 now weapon 501
chupathingyce: network test: player 18 is named Bot 18
chupathingyce: network test: tick 570 player 0: (48.269 -65.533 1.430) h1.00/0.60 g0/0 w a-109/-20 f-110 l-109/-20 as140/120 st20 thr1.00 501:0 s0 k0 d0 f0 t0 m0 player 1: (29.890 -81.696 0.135) h1.00/0.86 g0/0 w a-108/-0 f-108 l-108/-0 as139/120 st7 thr1.00 501:0 s0 k0 d0 f0 t1 m127 player 2: (99.647 -143.598 0.834) h0.87/0.00 riding g0/0 w a-89/2 f-0 l-89/2 as28/120 st0 thr0.00 501:0 s0 k0 d0 f0 t2 m127 player 3: (27.938 -88.031 0.268) h1.00/1.00 g0/0 w a74/-2 f74 l74/-2 as139/120 st6 thr1.00 501:0 s0 k0 d0 f0 t3 m127 player 4: (93.665 -173.948 0.721) h1.00/1.00 g0/0 w a79/0 f79 l79/0 as140/120 st20 thr1.00 501:0 s0 k0 d0 f0 t4 m127 player 5: (95.332 -165.124 0.608) h1.00/0.74 g0/0 w a-101/-2 f-101 l-101/-2 as140/120 st20 thr1.00 501:0 s0 k0 d0 f0 t5 m126 player 6: (100.607 -156.832 0.144) h1.00/1.00 g0/0 w a114/-2 f114 l114/-2 as139/120 st6 thr1.00 501:0 s0 k0 d0 f0 t6 m126 player 7: (99.795 -147.515 0.295) h1.00/1.00 g0/0 w a89/0 f65 l89/0 as140/120 st20 thr1.00 501:0 s0 k0 d0 f0 t7 m126 player 8: (97.113 -149.051 0.060) h1.00/0.46 g0/0 w a32/5 f32 l32/5 as139/120 st6 thr1.00 501:0 s0 k0 d0 f0 t8 m126 player 9: (31.805 -90.158 0.210) h1.00/0.00 g0/0 w a103/-2 f103 l103/-2 as139/120 st6 thr1.00 501:0 s0 k0 d0 f0 t9 m125 player 10: (33.339 -69.214 0.441) h1.00/1.00 g0/0 w a19/1 f19 l19/1 as139/120 st7 thr1.00 501:0 s0 k0 d0 f0 t10 m125 player 11: (47.144 -72.635 -0.038) h1.00/1.00 g0/0 w a84/10 f84 l84/10 as139/120 st6 thr1.00 501:0 s0 k0 d0 f0 t11 m125 player 12: (40.200 -66.621 0.623) h1.00/0.87 g0/0 w a7/5 f7 l7/5 as139/120 st6 thr1.00 501:0 s0 k0 d0 f0 t12 m125 player 13: (91.122 -154.181 1.009) h1.00/1.00 g0/0 w a40/-8 f30 l40/-8 as140/120 st20 thr1.00 501:0 s0 k0 d0 f0 t13 m124 player 14: (53.352 -80.567 0.832) h1.00/1.00 g0/0 w a129/-5 f128 l129/-5 as140/120 st20 thr1.00 501:0 s0 k0 d0 f0 t14 m124 player 15: (98.511 -168.476 0.126) h1.00/1.00 g0/0 w a133/5 f133 l133/5 as139/120 st7 thr1.00 501:0 s0 k0 d0 f0 t15 m124 player 16: (104.364 -162.325 0.602) h1.00/1.00 g0/0 w a123/-5 f121 l123/-5 as140/120 st20 thr1.00 501:0
chupathingyce: bots: Bot 19 joined (spartan)
chupathingyce: bots: bot 19 inventory slot 0 now weapon 501
chupathingyce: network test: player 19 is named Bot 19
chupathingyce: network test: tick 600 player 0: (50.124 -65.042 1.078) h1.00/0.60 g0/0 w a-158/-15 f-110 l-158/-15 as140/120 st21 thr1.00 501:0 s0 k0 d0 f0 t0 m0 player 1: (27.974 -81.122 0.657) h1.00/0.96 g0/0 w a-107/-2 f-108 l-107/-2 as140/120 st20 thr1.00 501:0 s0 k0 d0 f0 t1 m127 player 2: (99.647 -143.598 0.834) h0.68/0.00 riding g0/0 w a-72/6 f-0 l-83/4 as28/120 st0 thr0.00 501:0 s0 k0 d0 f0 t2 m127 player 3: (26.067 -87.462 0.685) h1.00/1.00 g0/0 w a72/-1 f72 l72/-1 as139/120 st6 thr1.00 501:0 s0 k0 d0 f0 t3 m127 player 4: (94.334 -174.057 0.735) h1.00/1.00 g0/0 w a78/-5 f79 l78/-5 as140/120 st20 thr1.00 501:0 s0 k0 d0 f0 t4 m127 player 5: (96.532 -164.855 0.133) h1.00/0.74 g0/0 w a-50/-3 f-50 l-50/-3 as139/120 st6 thr1.00 501:0 s0 k0 d0 f0 t5 m126 player 6: (100.538 -157.005 0.143) h1.00/0.86 g0/0 w a116/-1 f116 l116/-1 as139/120 st10 thr1.00 501:0 s0 k0 d0 f0 t6 m126 player 7: (101.108 -148.002 0.761) h1.00/0.86 g0/0 w a106/-5 f94 l106/-5 as140/120 st20 thr1.00 501:0 s0 k0 d0 f0 t7 m126 player 8: (96.973 -149.457 0.063) h1.00/0.20 g0/0 w a17/8 f17 l17/8 as139/120 st7 thr1.00 501:0 s0 k0 d0 f0 t8 m126 player 9: (30.068 -90.542 0.839) h1.00/0.00 g0/0 w a103/-1 f103 l103/-1 as140/120 st20 thr1.00 501:0 s0 k0 d0 f0 t9 m125 player 10: (33.140 -69.103 0.467) h1.00/1.00 g0/0 w a31/1 f31 l31/1 as139/120 st7 thr1.00 501:0 s0 k0 d0 f0 t10 m125 player 11: (45.296 -71.924 -0.055) h1.00/1.00 g0/0 w a57/8 f57 l57/8 as139/120 st6 thr1.00 501:0 s0 k0 d0 f0 t11 m125 player 12: (40.088 -64.719 0.799) h1.00/0.87 g0/0 w a-3/2 f-3 l-3/2 as139/120 st6 thr1.00 501:0 s0 k0 d0 f0 t12 m125 player 13: (92.249 -155.126 0.129) h1.00/1.00 g0/0 w a50/-2 f52 l50/-2 as140/120 st21 thr1.00 501:0 s0 k0 d0 f0 t13 m124 player 14: (52.497 -80.441 0.149) h1.00/1.00 g0/0 w a129/-2 f129 l129/-2 as139/120 st4 thr1.00 501:0 s0 k0 d0 f0 t14 m124 player 15: (98.921 -167.995 0.067) h1.00/1.00 g0/0 w a129/-2 f129 l129/-2 as139/120 st6 thr1.00 501:0 s0 k0 d0 f0 t15 m124 player 16: (103.078 -162.536 0.057) h1.00/1.00 g0/0 w a113/-1 f113 l113/-1 as139/120 st7 thr1.0
chupathingyce: bots: Bot 20 joined (spartan)
chupathingyce: bots: bot 1 at (28.0 -81.1 0.7) yaw -107 fight, target 3 (seen), shield 0.96, kills 0 deaths 0
chupathingyce: bots: bot 2 at (99.8 -143.7 0.9) yaw -70 vehicle, target 7 (seen), shield 0.00, kills 0 deaths 0
chupathingyce: bots: bot 3 at (25.2 -87.2 0.9) yaw 72 fight, target 1 (seen), shield 1.00, kills 0 deaths 0
chupathingyce: bots: bot 4 at (93.3 -173.7 0.4) yaw 71 fight, target 5 (seen), shield 1.00, kills 0 deaths 0
chupathingyce: bots: bot 5 at (95.9 -165.2 0.4) yaw -52 fight, target 15 (seen), shield 0.47, kills 0 deaths 0
chupathingyce: bots: bot 20 inventory slot 0 now weapon 501
chupathingyce: network test: player 20 is named Bot 20
chupathingyce: network test: tick 630 player 0: (51.943 -65.855 1.638) h1.00/0.61 g0/0 w a-156/-13 f-158 l-156/-13 as140/120 st20 thr1.00 501:0 s0 k0 d0 f0 t0 m0 player 1: (28.180 -81.337 0.257) h1.00/1.00 g0/0 w a-124/4 f-124 l-124/4 as139/120 st6 thr1.00 501:0 s0 k0 d0 f0 t1 m127 player 2: (99.647 -143.598 0.834) h0.41/0.00 riding g0/0 w a-61/-3 f-0 l-81/-7 as28/120 st0 thr0.00 501:0 s0 k0 d0 f0 t2 m127 player 3: (24.242 -86.746 1.089) h1.00/1.00 g0/0 w a55/-9 f55 l55/-9 as139/120 st6 thr1.00 501:0 s0 k0 d0 f0 t3 m127 player 4: (92.784 -173.553 0.329) h1.00/1.00 g0/0 w a70/-1 f70 l70/-1 as139/120 st6 thr1.00 501:0 s0 k0 d0 f0 t4 m127 player 5: (95.805 -165.239 0.477) h1.00/0.47 g0/0 w a-52/-5 f-55 l-52/-5 as140/120 st20 thr1.00 501:0 s0 k0 d0 f0 t5 m126 player 6: (100.617 -157.129 0.145) h1.00/0.86 g0/0 w a113/-2 f113 l113/-2 as139/120 st7 thr1.00 501:0 s0 k0 d0 f0 t6 m126 player 7: (102.330 -147.842 0.185) h1.00/0.73 g0/0 w a121/3 f120 l121/3 as139/120 st11 thr1.00 501:0 s0 k0 d0 f0 t7 m126 player 8: (96.766 -148.517 0.057) h1.00/0.07 g0/0 w a9/-1 f9 l9/-1 as139/120 st6 thr1.00 501:0 s0 k0 d0 f0 t8 m126 player 9: (30.295 -90.049 0.181) h1.00/0.00 g0/0 w a103/-1 f103 l103/-1 as139/120 st7 thr1.00 501:0 s0 k0 d0 f0 t9 m125 player 10: (34.126 -70.428 0.349) h1.00/1.00 g0/0 w a38/3 f38 l38/3 as139/120 st7 thr1.00 501:0 s0 k0 d0 f0 t10 m125 player 11: (45.697 -72.387 -0.071) h1.00/0.87 g0/0 w a46/10 f46 l46/10 as139/120 st7 thr1.00 501:0 s0 k0 d0 f0 t11 m125 player 12: (41.742 -64.137 0.971) h1.00/0.87 g0/0 w a-10/3 f-10 l-10/3 as139/120 st4 thr1.00 501:0 s0 k0 d0 f0 t12 m125 player 13: (92.397 -154.980 0.129) h1.00/1.00 g0/0 w a55/-2 f55 l55/-2 as139/120 st7 thr1.00 501:0 s0 k0 d0 f0 t13 m124 player 14: (51.995 -78.436 0.721) h1.00/1.00 g0/0 w a136/-6 f132 l136/-6 as140/120 st20 thr1.00 501:0 s0 k0 d0 f0 t14 m124 player 15: (98.503 -168.269 0.114) h1.00/1.00 g0/0 w a127/2 f127 l127/2 as139/120 st7 thr1.00 501:0 s0 k0 d0 f0 t15 m124 player 16: (104.588 -161.600 0.646) h1.00/1.00 g0/0 w a130/-6 f126 l130/-6 as140/120 st20 thr1.00
chupathingyce: bots: Bot 21 joined (spartan)
chupathingyce: bots: bot 6 at (100.9 -157.0 0.2) yaw 114 fight, target 8 (seen), shield 0.00, kills 0 deaths 0
chupathingyce: bots: bot 7 at (103.0 -147.4 0.7) yaw 130 fight, target 2 (seen), shield 0.73, kills 0 deaths 0
chupathingyce: bots: bot 8 at (96.7 -147.3 0.0) yaw 1 fight, target 7 (seen), shield 0.07, kills 0 deaths 0
chupathingyce: bots: bot 9 at (32.0 -89.6 0.2) yaw 110 fight, target 1 (seen), shield 0.04, kills 0 deaths 0
chupathingyce: network test: player 21 is named Bot 21
chupathingyce: network test: tick 660 player 0: (53.825 -66.606 1.331) h1.00/0.86 g0/0 w a-57/-5 f-90 l-57/-5 as140/120 st20 thr1.00 501:0 s0 k0 d0 f0 t0 m0 player 1: (28.807 -81.806 0.224) h1.00/0.74 g0/0 w a-150/10 f-150 l-150/10 as139/120 st7 thr1.00 501:0 s0 k0 d0 f0 t1 m127 player 2: (99.647 -143.598 0.834) h0.38/0.00 riding g0/0 w a-62/-0 f-0 l-81/-5 as28/120 st0 thr0.00 501:0 s0 k0 d0 f0 t2 m127 player 3: (22.918 -85.449 1.424) h1.00/1.00 g0/0 w a30/-11 f52 l30/-11 as140/120 st20 thr1.00 501:0 s0 k0 d0 f0 t3 m127 player 4: (91.392 -172.984 0.790) h1.00/1.00 g0/0 w a64/-4 f65 l64/-4 as140/120 st20 thr1.00 501:0 s0 k0 d0 f0 t4 m127 player 5: (94.504 -166.676 0.277) h1.00/0.35 g0/0 w a-32/-5 f-55 l-32/-5 as140/120 st20 thr1.00 501:0 s0 k0 d0 f0 t5 m126 player 6: (101.457 -155.609 -0.015) h0.95/0.00 g0/0 w a119/0 f119 l119/0 as139/120 st4 thr1.00 501:0 s0 k0 d0 f0 t6 m126 player 7: (103.783 -146.538 0.746) h1.00/0.73 g0/0 w a142/-4 f126 l142/-4 as140/120 st20 thr1.00 501:0 s0 k0 d0 f0 t7 m126 player 8: (96.657 -146.521 0.040) h1.00/0.07 g0/0 w a0/6 f0 l0/6 as139/120 st6 thr1.00 501:0 s0 k0 d0 f0 t8 m126 player 9: (32.205 -89.463 0.151) h1.00/0.08 g0/0 w a112/-1 f112 l112/-1 as139/120 st7 thr1.00 501:0 s0 k0 d0 f0 t9 m125 player 10: (35.902 -70.827 0.022) h1.00/1.00 g0/0 w a40/4 f40 l40/4 as139/120 st4 thr1.00 501:0 s0 k0 d0 f0 t10 m125 player 11: (46.926 -73.580 -0.048) h1.00/0.43 g0/0 w a44/7 f44 l44/7 as139/120 st7 thr1.00 501:0 s0 k0 d0 f0 t11 m125 player 12: (43.626 -64.216 1.025) h1.00/0.87 g0/0 w a-12/0 f-12 l-12/0 as139/120 st4 thr1.00 501:0 s0 k0 d0 f0 t12 m125 player 13: (91.478 -154.233 0.097) h1.00/1.00 g0/0 w a57/-2 f57 l57/-2 as139/120 st6 thr1.00 501:0 s0 k0 d0 f0 t13 m124 player 14: (50.967 -78.279 0.149) h1.00/0.88 g0/0 w a132/-4 f132 l132/-4 as139/120 st6 thr1.00 501:0 s0 k0 d0 f0 t14 m124 player 15: (98.143 -169.044 0.187) h1.00/1.00 g0/0 w a149/2 f149 l149/2 as139/120 st6 thr1.00 501:0 s0 k0 d0 f0 t15 m124 player 16: (105.763 -160.734 0.052) h1.00/1.00 g0/0 w a129/-1 f129 l129/-1 as139/120 st7 thr1.00 501
chupathingyce: bots: Bot 22 joined (spartan)
chupathingyce: bots: bot 21 inventory slot 0 now weapon 501
chupathingyce: bots: bot 10 at (36.1 -70.7 0.0) yaw 40 fight, target 12 (seen), shield 1.00, kills 0 deaths 0
chupathingyce: bots: bot 22 inventory slot 0 now weapon 501
chupathingyce: bots: bot 11 at (47.4 -74.0 0.4) yaw 45 fight, target 0 (seen), shield 0.29, kills 0 deaths 0
chupathingyce: bots: bot 12 at (44.5 -65.0 1.0) yaw -11 fight, target 0 (seen), shield 0.87, kills 0 deaths 0
chupathingyce: bots: bot 13 at (90.1 -153.6 0.3) yaw 72 fight, target 21 (seen), shield 1.00, kills 0 deaths 0
chupathingyce: network test: player 22 is named Bot 22
chupathingyce: network test: tick 690 player 0: (55.706 -67.313 0.885) h1.00/0.00 g0/0 w a-119/-16 f-103 l-119/-16 as140/120 st21 thr1.00 501:0 s0 k0 d0 f0 t0 m0 player 1: (28.129 -80.178 0.247) h1.00/0.61 g0/0 w a177/2 f177 l177/2 as139/120 st7 thr1.00 501:0 s0 k0 d0 f0 t1 m127 player 2: (99.647 -143.598 0.834) h0.36/0.00 riding g0/0 w a-62/0 f-0 l-81/-4 as28/120 st0 thr0.00 501:0 s0 k0 d0 f0 t2 m127 player 3: (23.141 -85.755 1.299) h1.00/1.00 g0/0 w a47/-8 f47 l47/-8 as139/120 st6 thr1.00 501:0 s0 k0 d0 f0 t3 m127 player 4: (91.216 -172.933 0.233) h1.00/1.00 g0/0 w a61/-2 f65 l61/-2 as139/120 st6 thr1.00 501:0 s0 k0 d0 f0 t4 m127 player 5: (95.127 -166.042 0.228) h1.00/0.21 g0/0 w a-43/-1 f-43 l-43/-1 as139/120 st6 thr1.00 501:0 s0 k0 d0 f0 t5 m126 player 6: (101.360 -153.559 0.459) h0.95/0.00 g0/0 w a118/-4 f119 l118/-4 as140/120 st20 thr1.00 501:0 s0 k0 d0 f0 t6 m126 player 7: (103.921 -144.853 1.175) h1.00/0.73 g0/0 w a-141/-9 f-145 l-141/-9 as140/120 st20 thr1.00 501:0 s0 k0 d0 f0 t7 m126 player 8: (96.699 -144.521 0.017) h1.00/0.07 g0/0 w a-2/8 f-2 l-2/8 as139/120 st6 thr1.00 501:0 s0 k0 d0 f0 t8 m126 player 9: (33.922 -88.458 0.082) h1.00/0.33 g0/0 w a124/1 f124 l124/1 as139/120 st4 thr1.00 501:0 s0 k0 d0 f0 t9 m125 player 10: (36.100 -69.182 0.305) h1.00/1.00 g0/0 w a22/3 f22 l22/3 as139/120 st6 thr1.00 501:0 s0 k0 d0 f0 t10 m125 player 11: (48.380 -74.675 0.432) h1.00/0.29 g0/0 w a46/2 f45 l46/2 as140/120 st20 thr1.00 501:0 s0 k0 d0 f0 t11 m125 player 12: (45.238 -65.583 0.898) h1.00/0.87 g0/0 w a-10/0 f-10 l-10/0 as139/120 st4 thr1.00 501:0 s0 k0 d0 f0 t12 m125 player 13: (89.701 -153.450 0.300) h1.00/1.00 g0/0 w a71/3 f71 l71/3 as139/120 st6 thr1.00 501:0 s0 k0 d0 f0 t13 m124 player 14: (49.415 -79.170 0.120) h1.00/0.74 g0/0 w a105/3 f105 l105/3 as139/120 st6 thr1.00 501:0 s0 k0 d0 f0 t14 m124 player 15: (98.275 -169.107 0.186) h1.00/1.00 g0/0 w a137/-4 f137 l137/-4 as139/120 st7 thr1.00 501:0 s0 k0 d0 f0 t15 m124 player 16: (107.250 -159.397 0.070) h1.00/1.00 g0/0 w a135/2 f135 l135/2 as139/120 st7 thr1.00 501:0 s
chupathingyce: bots: Bot 23 joined (spartan)
chupathingyce: bots: bot 14 at (49.4 -79.2 0.1) yaw 101 fight, target 11 (seen), shield 0.74, kills 0 deaths 0
chupathingyce: bots: bot 23 inventory slot 0 now weapon 501
chupathingyce: bots: bot 15 at (98.6 -168.7 0.3) yaw 137 fight, target 5 (seen), shield 1.00, kills 0 deaths 0
chupathingyce: bots: bot 16 at (107.9 -158.7 0.1) yaw 140 fight, target 6 (seen), shield 1.00, kills 0 deaths 0
chupathingyce: bots: bot 17 at (25.1 -78.6 0.5) yaw -32 fight, target 1 (seen), shield 1.00, kills 0 deaths 0
chupathingyce: bots: bot 18 at (44.7 -85.4 0.4) yaw 66 fight, target 14 (seen), shield 1.00, kills 0 deaths 0
chupathingyce: network test: player 23 is named Bot 23
chupathingyce: network test: tick 720 player 0: (55.644 -69.386 1.479) h1.00/0.00 g0/0 w a173/-2 f-135 l173/-2 as140/120 st20 thr1.00 501:0 s0 k0 d0 f0 t0 m0 player 1: (27.675 -80.865 0.693) h1.00/0.48 g0/0 w a135/-5 f142 l135/-5 as140/120 st20 thr1.00 501:0 s0 k0 d0 f0 t1 m127 player 2: (99.622 -143.612 0.826) h0.36/0.00 riding g0/0 w a-163/4 f-0 l-163/4 as28/120 st0 thr0.50 501:0 s0 k0 d0 f0 t2 m127 player 3: (21.867 -84.345 2.023) h1.00/1.00 g0/0 w a32/-12 f32 l32/-12 as139/120 st6 thr1.00 501:0 s0 k0 d0 f0 t3 m127 player 4: (91.025 -172.866 0.712) h1.00/1.00 g0/0 w a56/-1 f54 l56/-1 as140/120 st20 thr1.00 501:0 s0 k0 d0 f0 t4 m127 player 5: (96.167 -164.971 0.456) h1.00/0.08 g0/0 w a-40/2 f-43 l-40/2 as140/120 st20 thr1.00 501:0 s0 k0 d0 f0 t5 m126 player 6: (100.151 -153.317 0.459) h0.95/0.00 g0/0 w a113/-6 f117 l113/-6 as140/120 st20 thr1.00 501:0 s0 k0 d0 f0 t6 m126 player 7: (102.585 -143.475 0.788) h1.00/0.73 g0/0 w a-124/-7 f-124 l-124/-7 as139/120 st7 thr1.00 501:0 s0 k0 d0 f0 t7 m126 player 8: (97.641 -143.213 0.119) h1.00/0.07 g0/0 w a-80/-2 f-80 l-80/-2 as139/120 st7 thr1.00 501:0 s0 k0 d0 f0 t8 m126 player 9: (34.882 -86.867 -0.051) h1.00/0.57 g0/0 w a137/2 f137 l137/2 as139/120 st7 thr1.00 501:0 s0 k0 d0 f0 t9 m125 player 10: (37.052 -67.744 0.426) h1.00/1.00 g0/0 w a17/2 f21 l17/2 as140/120 st20 thr1.00 501:0 s0 k0 d0 f0 t10 m125 player 11: (48.200 -73.946 0.014) h1.00/0.29 g0/0 w a33/9 f33 l33/9 as139/120 st6 thr1.00 501:0 s0 k0 d0 f0 t11 m125 player 12: (46.699 -65.019 1.089) h1.00/1.00 g0/0 w a-25/1 f-25 l-25/1 as139/120 st6 thr1.00 501:0 s0 k0 d0 f0 t12 m125 player 13: (89.753 -153.364 0.314) h1.00/0.00 g0/0 w a81/4 f81 l81/4 as139/120 st7 thr1.00 501:0 s0 k0 d0 f0 t13 m124 player 14: (47.430 -79.133 0.697) h1.00/0.74 g0/0 w a82/-9 f84 l82/-9 as140/120 st20 thr1.00 501:0 s0 k0 d0 f0 t14 m124 player 15: (99.561 -167.742 0.760) h1.00/1.00 g0/0 w a139/-4 f137 l139/-4 as140/120 st20 thr1.00 501:0 s0 k0 d0 f0 t15 m124 player 16: (108.513 -157.855 0.073) h1.00/1.00 g0/0 w a150/1 f150 l150/1 as139/120 st7 thr1.00
chupathingyce: bots: Bot 24 joined (spartan)
chupathingyce: bots: bot 19 at (90.2 -161.3 0.1) yaw 95 fight, target 13, shield 1.00, kills 0 deaths 0
chupathingyce: bots: bot 24 inventory slot 0 now weapon 501
chupathingyce: bots: bot 20 at (37.4 -89.3 0.0) yaw 28 fight, target 23, shield 1.00, kills 0 deaths 0
chupathingyce: bots: bot 21 at (90.0 -145.3 1.6) yaw 15 fight, target 8 (seen), shield 1.00, kills 0 deaths 0
chupathingyce: bots: bot 22 at (97.0 -149.8 0.1) yaw 84 fight, target 8 (seen), shield 0.00, kills 0 deaths 0
chupathingyce: network test: player 24 is named Bot 24
chupathingyce: network test: tick 750 player 0: (55.253 -71.378 0.487) h1.00/0.00 g0/0 w a-140/-13 f-140 l-140/-13 as139/120 st4 thr1.00 501:0 s0 k0 d0 f0 t0 m0 player 1: (26.182 -82.020 0.433) h1.00/0.48 g0/0 w a79/-3 f131 l79/-3 as139/120 st6 thr1.00 501:0 s0 k0 d0 f0 t1 m127 player 2: (99.432 -143.710 0.780) h0.36/0.00 riding g0/0 w a163/15 f-0 l163/15 as28/120 st0 thr0.00 501:0 s0 k0 d0 f0 t2 m127 player 3: (21.181 -82.485 2.144) h1.00/1.00 g0/0 w a7/-21 f31 l7/-21 as140/120 st20 thr1.00 501:0 s0 k0 d0 f0 t3 m127 player 4: (92.692 -173.782 0.345) h1.00/1.00 g0/0 w a67/-2 f66 l67/-2 as139/120 st7 thr1.00 501:0 s0 k0 d0 f0 t4 m127 player 5: (95.788 -166.003 0.108) h0.98/0.00 g0/0 w a-13/-4 f-13 l-13/-4 as139/120 st7 thr1.00 501:0 s0 k0 d0 f0 t5 m126 player 6: (98.289 -154.010 0.046) h0.95/0.00 g0/0 w a108/-2 f108 l108/-2 as139/120 st7 thr1.00 501:0 s0 k0 d0 f0 t6 m126 player 7: (101.360 -142.117 1.214) h1.00/0.73 g0/0 w a-167/-7 f-168 l-167/-7 as140/120 st20 thr1.00 501:0 s0 k0 d0 f0 t7 m126 player 8: (97.668 -143.111 0.713) h1.00/0.07 g0/0 w a-98/-8 f-86 l-98/-8 as140/120 st20 thr1.00 501:0 s0 k0 d0 f0 t8 m126 player 9: (35.792 -85.148 -0.049) h1.00/0.82 g0/0 w a160/2 f160 l160/2 as139/120 st4 thr1.00 501:0 s0 k0 d0 f0 t9 m125 player 10: (38.351 -68.433 0.284) h1.00/1.00 g0/0 w a-2/-1 f-2 l-2/-1 as139/120 st7 thr1.00 501:0 s0 k0 d0 f0 t10 m125 player 11: (47.565 -72.467 -0.028) h1.00/0.29 g0/0 w a9/3 f9 l9/3 as139/120 st7 thr1.00 501:0 s0 k0 d0 f0 t11 m125 player 12: (47.930 -64.440 1.255) h1.00/0.00 g0/0 w a-42/-6 f-42 l-42/-6 as139/120 st4 thr1.00 501:0 s0 k0 d0 f0 t12 m125 player 13: (89.320 -153.394 0.307) h1.00/0.00 g0/0 w a87/8 f87 l87/8 as139/120 st6 thr1.00 501:0 s0 k0 d0 f0 t13 m124 player 14: (45.968 -78.919 0.134) h1.00/0.74 g0/0 w a78/-2 f78 l78/-2 as139/120 st6 thr1.00 501:0 s0 k0 d0 f0 t14 m124 player 15: (100.232 -166.790 0.008) h1.00/1.00 g0/0 w a167/0 f167 l167/0 as139/120 st7 thr1.00 501:0 s0 k0 d0 f0 t15 m124 player 16: (108.124 -156.151 0.123) h1.00/1.00 g0/0 w a166/-1 f166 l166/-1 as139/120 st4 thr1.00 
chupathingyce: bots: Bot 25 joined (spartan)
chupathingyce: bots: bot 23 at (53.3 -79.2 0.2) yaw 177 fight, target 14 (seen), shield 1.00, kills 0 deaths 0
chupathingyce: bots: bot 24 at (43.3 -68.4 0.4) yaw 33 fight, target 12 (seen), shield 0.87, kills 0 deaths 0
chupathingyce: bots: bot 25 inventory slot 0 now weapon 501
chupathingyce: bots: bot 25 at (85.1 -157.7 -0.0) yaw 54 fight, target 13 (seen), shield 1.00, kills 0 deaths 0
chupathingyce: network test: player 25 is named Bot 25
chupathingyce: network test: tick 780 player 0: (55.663 -73.414 0.990) h1.00/0.00 g0/0 w a-170/-7 f-88 l-158/-7 as140/120 st20 thr1.00 501:0 s0 k0 d0 f0 t0 m0 player 1: (24.674 -81.037 0.727) h1.00/0.33 g0/0 w a42/-8 f42 l42/-8 as139/120 st6 thr1.00 501:0 s0 k0 d0 f0 t1 m127 player 2: (99.432 -143.710 0.780) h0.36/0.00 riding g0/0 w a164/-4 f-0 l164/-4 as28/120 st0 thr0.00 501:0 s0 k0 d0 f0 t2 m127 player 3: (21.607 -83.411 1.936) h1.00/1.00 g0/0 w a33/-21 f33 l33/-21 as139/120 st7 thr1.00 501:0 s0 k0 d0 f0 t3 m127 player 4: (92.287 -173.632 0.320) h1.00/1.00 g0/0 w a67/-2 f67 l67/-2 as139/120 st6 thr1.00 501:0 s0 k0 d0 f0 t4 m127 player 5: (95.291 -166.505 0.109) h0.59/0.00 g0/0 w a-3/-3 f-3 l-3/-3 as139/120 st5 thr1.00 501:0 s0 k0 d0 f0 t5 m126 player 6: (99.367 -153.209 0.347) h0.95/0.00 g0/0 w a136/3 f135 l136/3 as140/120 st20 thr1.00 501:0 s0 k0 d0 f0 t6 m126 player 7: (100.872 -140.570 1.015) h1.00/0.73 g0/0 w a-138/-16 f-168 l-138/-16 as140/120 st20 thr1.00 501:0 s0 k0 d0 f0 t7 m126 player 8: (98.079 -143.374 0.189) h0.97/0.00 g0/0 w a-115/3 f-115 l-115/3 as139/120 st6 thr1.00 501:0 s0 k0 d0 f0 t8 m126 player 9: (33.896 -85.147 -0.067) h1.00/1.00 g0/0 w a157/4 f157 l157/4 as139/120 st4 thr1.00 501:0 s0 k0 d0 f0 t9 m125 player 10: (38.678 -70.396 0.875) h1.00/1.00 g0/0 w a18/-4 f7 l18/-4 as140/120 st20 thr1.00 501:0 s0 k0 d0 f0 t10 m125 player 11: (47.789 -74.369 -0.004) h1.00/0.29 g0/0 w a8/7 f8 l8/7 as139/120 st7 thr1.00 501:0 s0 k0 d0 f0 t11 m125 player 12: (48.475 -66.489 0.806) h1.00/0.00 g0/0 w a-43/0 f-43 l-43/0 as139/120 st4 thr1.00 501:0 s0 k0 d0 f0 t12 m125 player 13: (87.350 -153.114 0.111) h1.00/0.00 g0/0 w a78/5 f78 l78/5 as139/120 st6 thr1.00 501:0 s0 k0 d0 f0 t13 m124 player 14: (45.204 -79.284 0.211) h1.00/0.48 g0/0 w a9/3 f9 l9/3 as139/120 st7 thr1.00 501:0 s0 k0 d0 f0 t14 m124 player 15: (100.313 -166.826 0.009) h1.00/1.00 g0/0 w a178/-1 f178 l178/-1 as139/120 st6 thr1.00 501:0 s0 k0 d0 f0 t15 m124 player 16: (107.249 -157.330 0.737) h1.00/1.00 g0/0 w a154/-4 f162 l154/-4 as140/120 st20 thr1.00 501:0 s0
chupathingyce: bots: Bot 26 joined (spartan)
chupathingyce: bots: bot 26 inventory slot 0 now weapon 501
chupathingyce: bots: bot 20 seeking vehicle -496041984
chupathingyce: network test: player 26 is named Bot 26
chupathingyce: network test: tick 810 player 0: (55.018 -75.235 0.184) h1.00/0.00 g0/0 w a-151/-8 f-151 l-151/-8 as139/120 st4 thr1.00 501:0 s0 k0 d0 f0 t0 m0 player 1: (23.311 -79.596 0.990) h1.00/0.33 g0/0 w a42/-2 f42 l42/-2 as139/120 st6 thr1.00 501:0 s0 k0 d0 f0 t1 m127 player 2: (99.432 -143.710 0.780) h0.31/0.00 riding g0/0 w a171/-5 f-0 l171/-5 as28/120 st0 thr0.00 501:0 s0 k0 d0 f0 t2 m127 player 3: (21.135 -83.350 2.098) h1.00/1.00 g0/0 w a61/-16 f61 l61/-16 as139/120 st6 thr1.00 501:0 s0 k0 d0 f0 t3 m127 player 4: (92.626 -173.851 0.349) h1.00/1.00 g0/0 w a41/-2 f41 l41/-2 as139/120 st4 thr1.00 501:0 s0 k0 d0 f0 t4 m127 player 5: (93.805 -166.087 0.085) h0.34/0.00 g0/0 w a-10/-3 f-10 l-10/-3 as139/120 st5 thr1.00 501:0 s0 k0 d0 f0 t5 m126 player 6: (100.386 -151.504 0.040) h0.95/0.00 g0/0 w a160/-3 f135 l160/-3 as140/120 st20 thr1.00 501:0 s0 k0 d0 f0 t6 m126 player 7: (101.877 -141.629 1.340) h1.00/0.76 g0/0 w a-153/-16 f-151 l-153/-16 as140/120 st20 thr1.00 501:0 s0 k0 d0 f0 t7 m126 player 8: (97.726 -143.389 0.116) h0.97/0.00 g0/0 w a-118/-3 f-118 l-118/-3 as139/120 st7 thr1.00 501:0 s0 k0 d0 f0 t8 m126 player 9: (32.416 -84.912 -0.019) h1.00/1.00 g0/0 w a137/1 f137 l137/1 as139/120 st7 thr1.00 501:0 s0 k0 d0 f0 t9 m125 player 10: (39.145 -71.465 0.135) h1.00/1.00 g0/0 w a24/4 f24 l24/4 as139/120 st6 thr1.00 501:0 s0 k0 d0 f0 t10 m125 player 11: (47.896 -74.862 0.025) h1.00/0.29 g0/0 w a-2/-0 f-2 l-2/-0 as139/120 st6 thr1.00 501:0 s0 k0 d0 f0 t11 m125 player 12: (48.171 -68.270 0.465) h1.00/0.00 g0/0 w a-45/-3 f-45 l-45/-3 as139/120 st7 thr1.00 501:0 s0 k0 d0 f0 t12 m125 player 13: (86.608 -151.349 0.192) h0.86/0.00 g0/0 w a72/5 f72 l72/5 as139/120 st4 thr1.00 501:0 s0 k0 d0 f0 t13 m124 player 14: (45.647 -79.562 0.780) h1.00/0.48 g0/0 w a21/-6 f14 l21/-6 as140/120 st20 thr1.00 501:0 s0 k0 d0 f0 t14 m124 player 15: (100.337 -167.200 0.018) h1.00/1.00 g0/0 w a171/-0 f171 l171/-0 as139/120 st7 thr1.00 501:0 s0 k0 d0 f0 t15 m124 player 16: (106.117 -158.808 0.146) h1.00/1.00 g0/0 w a129/-1 f151 l129/-1 as139/120 st7
chupathingyce: bots: Bot 27 joined (spartan)
chupathingyce: bots: bot 27 inventory slot 0 now weapon 501
chupathingyce: network test: player 27 is named Bot 27
chupathingyce: network test: tick 840 player 0: (54.082 -77.083 0.789) h1.00/0.00 g0/0 w a-171/-13 f-149 l-171/-13 as140/120 st20 thr1.00 501:0 s0 k0 d0 f0 t0 m0 player 1: (23.439 -79.582 0.942) h1.00/0.06 g0/0 w a58/-8 f58 l58/-8 as139/120 st10 thr1.00 501:0 s0 k0 d0 f0 t1 m127 player 2: (99.432 -143.710 0.780) h0.29/0.00 riding g0/0 w a-172/-5 f-0 l-172/-5 as28/120 st0 thr0.00 501:0 s0 k0 d0 f0 t2 m127 player 3: (19.624 -82.165 2.744) h1.00/1.00 g0/0 w a36/-22 f36 l36/-22 as139/120 st6 thr1.00 501:0 s0 k0 d0 f0 t3 m127 player 4: (94.650 -173.473 0.507) h1.00/1.00 g0/0 w a51/-4 f51 l51/-4 as139/120 st7 thr1.00 501:0 s0 k0 d0 f0 t4 m127 player 5: (92.160 -164.952 0.103) h0.34/0.00 g0/0 w a-4/-2 f-4 l-4/-2 as139/120 st5 thr1.00 501:0 s0 k0 d0 f0 t5 m126 player 6: (100.659 -149.543 0.017) h0.95/0.23 g0/0 w a-175/-1 f-175 l-175/-1 as139/120 st7 thr1.00 501:0 s0 k0 d0 f0 t6 m126 player 7: (102.329 -143.544 1.247) h1.00/1.00 g0/0 w a174/-14 f-151 l174/-14 as140/120 st20 thr1.00 501:0 s0 k0 d0 f0 t7 m126 player 8: (96.535 -142.971 -0.001) h0.97/0.00 g0/0 w a-100/-0 f-100 l-100/-0 as139/120 st6 thr1.00 501:0 s0 k0 d0 f0 t8 m126 player 9: (32.537 -84.645 -0.025) h1.00/0.85 g0/0 w a134/0 f134 l134/0 as139/120 st6 thr1.00 501:0 s0 k0 d0 f0 t9 m125 player 10: (39.085 -69.540 0.263) h1.00/1.00 g0/0 w a-26/-4 f-26 l-26/-4 as139/120 st6 thr1.00 501:0 s0 k0 d0 f0 t10 m125 player 11: (48.486 -72.978 0.649) h1.00/0.29 g0/0 w a-34/-0 f-21 l-34/-0 as140/120 st20 thr1.00 501:0 s0 k0 d0 f0 t11 m125 player 12: (48.789 -68.626 0.379) h1.00/0.00 g0/0 w a-93/2 f-93 l-93/2 as139/120 st6 thr1.00 501:0 s0 k0 d0 f0 t12 m125 player 13: (86.576 -151.417 0.180) h0.46/0.00 g0/0 w a72/7 f72 l72/7 as139/120 st5 thr1.00 501:0 s0 k0 d0 f0 t13 m124 player 14: (46.294 -80.854 0.304) h1.00/0.34 g0/0 w a27/5 f27 l27/5 as139/120 st7 thr1.00 501:0 s0 k0 d0 f0 t14 m124 player 15: (100.518 -165.695 -0.008) h1.00/1.00 g0/0 w a175/-1 f175 l175/-1 as139/120 st6 thr1.00 501:0 s0 k0 d0 f0 t15 m124 player 16: (106.907 -157.507 0.152) h1.00/1.00 g0/0 w a128/-2 f128 l128/-2 as13
chupathingyce: bots: Bot 28 joined (spartan)
chupathingyce: bots: bot 28 inventory slot 0 now weapon 501
chupathingyce: network test: player 28 is named Bot 28
chupathingyce: network test: tick 870 player 0: (53.189 -78.967 0.173) h1.00/0.12 g0/0 w a-127/-17 f-127 l-127/-17 as139/120 st4 thr1.00 501:0 s0 k0 d0 f0 t0 m0 player 1: (22.452 -78.116 1.065) h1.00/0.06 g0/0 w a14/-1 f14 l14/-1 as139/120 st6 thr1.00 501:0 s0 k0 d0 f0 t1 m127 player 2: (99.379 -143.743 0.766) h0.26/0.00 riding g0/0 w a-84/-2 f-0 l-84/-2 as28/120 st0 thr0.00 501:0 s0 k0 d0 f0 t2 m127 player 3: (18.580 -80.460 2.865) h1.00/1.00 g0/0 w a32/-24 f35 l32/-24 as140/120 st20 thr1.00 501:0 s0 k0 d0 f0 t3 m127 player 4: (95.382 -173.973 0.669) h1.00/1.00 g0/0 w a51/-2 f51 l51/-2 as139/120 st6 thr1.00 501:0 s0 k0 d0 f0 t4 m127 player 5: (90.642 -163.657 0.126) h0.34/0.00 g0/0 w a-18/1 f-18 l-18/1 as139/120 st5 thr1.00 501:0 s0 k0 d0 f0 t5 m126 player 6: (99.884 -147.722 0.127) h0.95/0.47 g0/0 w a-146/-1 f-146 l-146/-1 as139/120 st7 thr1.00 501:0 s0 k0 d0 f0 t6 m126 player 7: (103.344 -144.996 0.586) h1.00/1.00 g0/0 w a-140/-8 f-140 l-140/-8 as139/120 st6 thr1.00 501:0 s0 k0 d0 f0 t7 m126 player 8: (96.231 -142.851 0.249) h0.97/0.00 g0/0 w a-103/-1 f-103 l-103/-1 as140/120 st20 thr1.00 501:0 s0 k0 d0 f0 t8 m126 player 9: (32.154 -85.056 0.605) h1.00/0.57 g0/0 w a104/-9 f110 l104/-9 as140/120 st20 thr1.00 501:0 s0 k0 d0 f0 t9 m125 player 10: (40.546 -68.239 0.511) h1.00/1.00 g0/0 w a-58/-8 f-58 l-58/-8 as139/120 st6 thr1.00 501:0 s0 k0 d0 f0 t10 m125 player 11: (49.417 -71.869 0.051) h1.00/0.34 g0/0 w a-61/0 f-61 l-61/0 as139/120 st11 thr1.00 501:0 s0 k0 d0 f0 t11 m125 player 12: (50.750 -68.973 0.377) h1.00/0.00 g0/0 w a-112/-9 f-112 l-112/-9 as139/120 st6 thr1.00 501:0 s0 k0 d0 f0 t12 m125 player 13: (86.970 -153.274 0.027) h0.32/0.00 g0/0 w a75/6 f75 l75/6 as139/120 st5 thr1.00 501:0 s0 k0 d0 f0 t13 m124 player 14: (47.577 -82.337 0.425) h1.00/0.21 g0/0 w a61/-6 f28 l61/-6 as140/120 st20 thr1.00 501:0 s0 k0 d0 f0 t14 m124 player 15: (101.431 -166.938 0.507) h1.00/1.00 g0/0 w a-113/-4 f-113 l-113/-4 as140/120 st20 thr1.00 501:0 s0 k0 d0 f0 t15 m124 player 16: (105.158 -156.453 0.763) h1.00/1.00 g0/0 w a122/-5 f122 l122/
chupathingyce: bots: Bot 29 joined (spartan)
chupathingyce: bots: bot 29 inventory slot 0 now weapon 501
chupathingyce: network test: player 29 is named Bot 29
chupathingyce: network test: tick 900 player 0: (53.357 -81.084 0.714) h1.00/0.37 g0/0 w a-133/-11 f-123 l-133/-11 as140/120 st20 thr1.00 501:0 s0 k0 d0 f0 t0 m0 player 1: (22.381 -77.308 0.963) h0.96/0.00 g0/0 w a-6/-8 f-6 l-6/-8 as139/120 st7 thr1.00 501:0 s0 k0 d0 f0 t1 m127 player 2: (99.364 -143.752 0.763) h0.26/0.00 riding g0/0 w a-86/-2 f-0 l-86/-2 as28/120 st0 thr0.00 501:0 s0 k0 d0 f0 t2 m127 player 3: (17.666 -78.688 2.877) h1.00/1.00 g0/0 w a20/-23 f20 l20/-23 as139/120 st6 thr1.00 501:0 s0 k0 d0 f0 t3 m127 player 4: (94.123 -172.440 1.198) h1.00/0.89 g0/0 w a32/-8 f45 l32/-8 as140/120 st20 thr1.00 501:0 s0 k0 d0 f0 t4 m127 player 5: (90.377 -161.832 0.140) h0.34/0.00 g0/0 w a-69/6 f-69 l-69/6 as139/120 st5 thr1.00 501:0 s0 k0 d0 f0 t5 m126 player 6: (99.659 -147.369 0.151) h0.95/0.10 g0/0 w a-135/-1 f-135 l-135/-1 as139/120 st6 thr1.00 501:0 s0 k0 d0 f0 t6 m126 player 7: (103.299 -144.681 0.618) h1.00/1.00 g0/0 w a-147/-8 f-147 l-147/-8 as139/120 st7 thr1.00 501:0 s0 k0 d0 f0 t7 m126 player 8: (94.319 -142.611 0.264) h0.97/0.00 g0/0 w a-95/-3 f-103 l-95/-3 as140/120 st20 thr1.00 501:0 s0 k0 d0 f0 t8 m126 player 9: (32.152 -84.971 -0.010) h1.00/0.57 g0/0 w a84/-1 f84 l84/-1 as139/120 st6 thr1.00 501:0 s0 k0 d0 f0 t9 m125 player 10: (42.437 -67.696 0.549) h1.00/1.00 g0/0 w a-90/3 f-90 l-90/3 as139/120 st6 thr1.00 501:0 s0 k0 d0 f0 t10 m125 player 11: (47.853 -72.778 0.665) h1.00/0.20 g0/0 w a-56/1 f-60 l-56/1 as140/120 st20 thr1.00 501:0 s0 k0 d0 f0 t11 m125 player 12: (52.183 -70.318 0.983) h1.00/0.00 g0/0 w a-149/-4 f-141 l-149/-4 as140/120 st20 thr1.00 501:0 s0 k0 d0 f0 t12 m125 player 13: (85.601 -154.581 -0.057) h0.32/0.00 g0/0 w a8/1 f8 l8/1 as139/120 st5 thr1.00 501:0 s0 k0 d0 f0 t13 m124 player 14: (48.033 -82.039 0.064) h1.00/0.09 g0/0 w a-12/-1 f-12 l-12/-1 as139/120 st6 thr1.00 501:0 s0 k0 d0 f0 t14 m124 player 15: (102.846 -167.487 -0.003) h1.00/1.00 g0/0 w a-106/2 f-113 l-106/2 as140/120 st21 thr1.00 501:0 s0 k0 d0 f0 t15 m124 player 16: (103.260 -155.482 0.032) h1.00/1.00 g0/0 w a116/0 f122 l116/0 as140
chupathingyce: bots: Bot 30 joined (spartan)
chupathingyce: bots: bot 1 at (22.4 -77.3 1.0) yaw -3 fight, target 17 (seen), shield 0.00, kills 0 deaths 0
chupathingyce: bots: bot 2 at (99.5 -143.9 0.9) yaw -82 vehicle, target 6 (seen), shield 0.00, kills 0 deaths 0
chupathingyce: bots: bot 3 at (17.5 -77.8 2.8) yaw -6 fight, target 1 (seen), shield 1.00, kills 0 deaths 0
chupathingyce: bots: bot 4 at (93.6 -171.4 0.2) yaw 22 fight, target 15 (seen), shield 0.89, kills 0 deaths 0
chupathingyce: bots: bot 30 inventory slot 0 now weapon 501
chupathingyce: bots: bot 5 at (89.8 -161.1 0.1) yaw -68 fight, target 4 (seen), shield 0.00, kills 0 deaths 0
chupathingyce: network test: player 30 is named Bot 30
chupathingyce: network test: tick 930 player 0: (53.159 -83.187 0.590) h1.00/0.62 g0/0 w a-145/-17 f-144 l-145/-17 as140/120 st20 thr1.00 501:0 s0 k0 d0 f0 t0 m0 player 1: (22.815 -79.224 1.109) h0.96/0.00 g0/0 w a23/-10 f23 l23/-10 as139/120 st7 thr1.00 501:0 s0 k0 d0 f0 t1 m127 player 2: (99.364 -143.752 0.763) h0.24/0.00 riding g0/0 w a-74/-2 f-0 l-83/-5 as28/120 st0 thr0.00 501:0 s0 k0 d0 f0 t2 m127 player 3: (17.798 -76.776 2.522) h1.00/1.00 g0/0 w a-24/-16 f-24 l-24/-16 as139/120 st6 thr1.00 501:0 s0 k0 d0 f0 t3 m127 player 4: (93.948 -170.906 0.220) h1.00/0.89 g0/0 w a18/-1 f18 l18/-1 as139/120 st4 thr1.00 501:0 s0 k0 d0 f0 t4 m127 player 5: (89.810 -161.233 0.145) h0.34/0.00 g0/0 w a-68/-0 f-68 l-68/-0 as139/120 st4 thr1.00 501:0 s0 k0 d0 f0 t5 m126 player 6: (101.005 -148.842 0.037) h0.95/0.10 g0/0 w a-143/-0 f-143 l-143/-0 as139/120 st6 thr1.00 501:0 s0 k0 d0 f0 t6 m126 player 7: (101.694 -143.560 1.330) h1.00/1.00 g0/0 w a-100/-15 f-120 l-100/-15 as140/120 st20 thr1.00 501:0 s0 k0 d0 f0 t7 m126 player 8: (93.149 -144.291 0.423) h0.97/0.00 g0/0 w a-85/-3 f-85 l-85/-3 as139/120 st4 thr1.00 501:0 s0 k0 d0 f0 t8 m126 player 9: (30.549 -84.049 0.108) h1.00/0.43 g0/0 w a40/-1 f40 l40/-1 as139/120 st6 thr1.00 501:0 s0 k0 d0 f0 t9 m125 player 10: (44.051 -67.907 0.488) h1.00/1.00 g0/0 w a-139/-3 f-126 l-139/-3 as139/120 st6 thr1.00 501:0 s0 k0 d0 f0 t10 m125 player 11: (46.686 -73.624 -0.054) h1.00/0.20 g0/0 w a17/3 f-15 l17/3 as139/120 st6 thr1.00 501:0 s0 k0 d0 f0 t11 m125 player 12: (52.928 -71.952 0.316) h1.00/0.23 g0/0 w a-162/-4 f-141 l-162/-4 as139/120 st7 thr1.00 501:0 s0 k0 d0 f0 t12 m125 player 13: (83.970 -155.736 -0.107) h0.32/0.00 g0/0 w a7/0 f7 l7/0 as139/120 st5 thr1.00 501:0 s0 k0 d0 f0 t13 m124 player 14: (49.278 -80.571 0.105) h1.00/0.09 g0/0 w a-67/-2 f-67 l-67/-2 as139/120 st6 thr1.00 501:0 s0 k0 d0 f0 t14 m124 player 15: (103.789 -167.940 0.384) h1.00/1.00 g0/0 w a-129/-3 f-124 l-129/-3 as140/120 st20 thr1.00 501:0 s0 k0 d0 f0 t15 m124 player 16: (101.335 -155.936 0.023) h1.00/1.00 g0/0 w a94/-1 f94 l94
chupathingyce: bots: Bot 31 joined (spartan)
chupathingyce: bots: bot 6 at (101.2 -149.1 0.0) yaw -144 fight, target 22 (seen), shield 0.10, kills 0 deaths 0
chupathingyce: bots: bot 7 at (100.9 -143.4 1.1) yaw -86 fight, target 6 (seen), shield 1.00, kills 0 deaths 0
chupathingyce: bots: bot 8 at (92.0 -144.6 0.7) yaw -80 fight, target 22 (seen), shield 0.14, kills 0 deaths 0
chupathingyce: bots: bot 9 at (30.8 -84.7 0.1) yaw 24 fight, target 26 (seen), shield 0.30, kills 0 deaths 0
chupathingyce: network test: player 31 is named Bot 31
chupathingyce: network test: tick 960 player 0: (52.179 -85.001 0.177) h1.00/0.87 g0/0 w a167/-12 f-144 l167/-12 as140/120 st20 thr1.00 501:0 s0 k0 d0 f0 t0 m0 player 1: (23.533 -80.987 1.130) h0.84/0.00 g0/0 w a21/-11 f21 l21/-11 as139/120 st7 thr1.00 501:0 s0 k0 d0 f0 t1 m127 player 2: (99.364 -143.752 0.763) h0.24/0.00 riding g0/0 w a-64/2 f-0 l-84/-2 as28/120 st0 thr0.00 501:0 s0 k0 d0 f0 t2 m127 player 3: (17.759 -76.626 2.512) h1.00/1.00 g0/0 w a-40/-13 f-40 l-40/-13 as139/120 st7 thr1.00 501:0 s0 k0 d0 f0 t3 m127 player 4: (95.103 -169.339 0.193) h1.00/0.89 g0/0 w a2/-0 f2 l2/-0 as139/120 st6 thr1.00 501:0 s0 k0 d0 f0 t4 m127 player 5: (90.438 -161.778 0.138) h0.34/0.00 g0/0 w a-57/-1 f-57 l-57/-1 as139/120 st6 thr1.00 501:0 s0 k0 d0 f0 t5 m126 player 6: (102.031 -150.531 -0.045) h0.95/0.10 g0/0 w a-108/7 f-133 l-108/7 as139/120 st7 thr1.00 501:0 s0 k0 d0 f0 t6 m126 player 7: (100.798 -143.153 0.713) h1.00/1.00 g0/0 w a-79/-7 f-79 l-79/-7 as139/120 st6 thr1.00 501:0 s0 k0 d0 f0 t7 m126 player 8: (91.737 -144.667 0.771) h0.97/0.23 g0/0 w a-128/-4 f-103 l-128/-4 as139/120 st4 thr1.00 501:0 s0 k0 d0 f0 t8 m126 player 9: (30.914 -84.953 0.069) h1.00/0.30 g0/0 w a25/-2 f25 l25/-2 as139/120 st7 thr1.00 501:0 s0 k0 d0 f0 t9 m125 player 10: (44.523 -68.565 0.424) h1.00/1.00 g0/0 w a-178/-3 f-178 l-178/-3 as139/120 st4 thr1.00 501:0 s0 k0 d0 f0 t10 m125 player 11: (46.246 -71.738 -0.043) h1.00/0.20 g0/0 w a13/6 f13 l13/6 as139/120 st7 thr1.00 501:0 s0 k0 d0 f0 t11 m125 player 12: (52.581 -70.372 0.815) h1.00/0.48 g0/0 w a-168/-8 f-168 l-168/-8 as140/120 st20 thr1.00 501:0 s0 k0 d0 f0 t12 m125 player 13: (82.426 -156.466 -0.128) h0.32/0.00 g0/0 w a80/1 f80 l80/1 as139/120 st5 thr1.00 501:0 s1 k1 d0 f0 t13 m124 player 14: (51.127 -80.316 0.739) h1.00/0.09 g0/0 w a-111/-10 f-86 l-111/-10 as140/120 st20 thr1.00 501:0 s0 k0 d0 f0 t14 m124 player 15: (105.071 -169.132 0.137) h1.00/1.00 g0/0 w a-143/-1 f-124 l-143/-1 as140/120 st21 thr1.00 501:0 s0 k0 d0 f0 t15 m124 player 16: (100.910 -156.000 0.704) h1.00/0.74 g0/0 w a79/-8 f84 l79/-
chupathingyce: bots: bot 31 inventory slot 0 now weapon 501
chupathingyce: bots: bot 10 at (44.5 -68.5 0.4) yaw -177 fight, target 30, shield 1.00, kills 0 deaths 0
chupathingyce: bots: bot 11 at (46.3 -71.9 -0.1) yaw 19 fight, target 12 (seen), shield 0.20, kills 0 deaths 0
chupathingyce: bots: bot 12 at (52.4 -69.6 1.0) yaw -156 fight, target 11 (seen), shield 0.62, kills 0 deaths 0
chupathingyce: bots: bot 13 at (82.5 -157.3 0.1) yaw 66 fight, target 25 (seen), shield 0.00, kills 1 deaths 0
chupathingyce: network test: tick 990 player 0: (50.178 -84.734 0.776) h1.00/0.71 g0/0 w a168/-19 f164 l168/-19 as140/120 st20 thr1.00 501:0 s0 k0 d0 f0 t0 m0 player 1: (24.254 -82.846 1.005) h0.84/0.00 g0/0 w a23/-11 f23 l23/-11 as139/120 st7 thr1.00 501:0 s0 k0 d0 f0 t1 m127 player 2: (99.364 -143.752 0.763) h0.24/0.00 riding g0/0 w a-61/-14 f-0 l-80/-18 as28/120 st0 thr0.00 501:0 s0 k0 d0 f0 t2 m127 player 3: (17.888 -76.533 2.451) h1.00/1.00 g0/0 w a-43/-10 f-43 l-43/-10 as139/120 st6 thr1.00 501:0 s0 k0 d0 f0 t3 m127 player 4: (96.418 -168.075 0.188) h1.00/0.89 g0/0 w a-13/-1 f-13 l-13/-1 as139/120 st6 thr1.00 501:0 s0 k0 d0 f0 t4 m127 player 5: (90.425 -161.744 0.138) h0.34/0.16 g0/0 w a-50/-1 f-50 l-50/-1 as139/120 st4 thr1.00 501:0 s0 k0 d0 f0 t5 m126 player 6: (100.736 -150.626 0.595) h0.93/0.00 g0/0 w a-77/-7 f-92 l-77/-7 as140/120 st20 thr1.00 501:0 s0 k0 d0 f0 t6 m126 player 7: (102.775 -143.173 0.843) h1.00/1.00 g0/0 w a-104/-2 f-104 l-104/-2 as139/120 st6 thr1.00 501:0 s0 k0 d0 f0 t7 m126 player 8: (90.589 -144.980 0.986) h0.97/0.12 g0/0 w a-74/-7 f-74 l-74/-7 as139/120 st7 thr1.00 501:0 s0 k0 d0 f0 t8 m126 player 9: (32.201 -86.438 0.550) h1.00/0.30 g0/0 w a61/-6 f52 l61/-6 as140/120 st20 thr1.00 501:0 s0 k0 d0 f0 t9 m125 player 10: (44.166 -67.532 0.550) h1.00/1.00 g0/0 w a-159/1 f-159 l-159/1 as139/120 st7 thr1.00 501:0 s0 k0 d0 f0 t10 m125 player 11: (46.868 -73.086 -0.047) h1.00/0.20 g0/0 w a35/4 f35 l35/4 as139/120 st7 thr1.00 501:0 s0 k0 d0 f0 t11 m125 player 12: (52.357 -69.230 0.477) h1.00/0.73 g0/0 w a-147/-6 f-168 l-147/-6 as140/120 st21 thr1.00 501:0 s0 k0 d0 f0 t12 m125 player 13: (82.870 -157.485 0.352) h0.32/0.00 g0/0 w a66/3 f66 l66/3 as140/120 st20 thr1.00 501:0 s1 k1 d0 f0 t13 m124 player 14: (51.819 -80.141 0.144) h0.97/0.00 g0/0 w a-133/-3 f-133 l-133/-3 as139/120 st6 thr1.00 501:0 s0 k0 d0 f0 t14 m124 player 15: (106.173 -170.351 0.089) h1.00/0.87 g0/0 w a-139/1 f-139 l-139/1 as139/120 st6 thr1.00 501:0 s0 k0 d0 f0 t15 m124 player 16: (102.141 -156.042 0.008) h1.00/0.74 g0/0 w a101/4 f101 l10
chupathingyce: bots: bot 14 at (51.9 -80.2 0.1) yaw -136 fight, target 18 (seen), shield 0.00, kills 0 deaths 0
chupathingyce: bots: bot 15 at (106.5 -170.8 0.1) yaw -137 fight, target 27 (seen), shield 0.87, kills 0 deaths 0
chupathingyce: bots: bot 16 at (103.1 -155.7 0.0) yaw 124 fight, target 6 (seen), shield 0.74, kills 0 deaths 0
chupathingyce: bots: bot 17 at (28.7 -79.5 0.2) yaw -128 fight, target 1 (seen), shield 0.74, kills 0 deaths 0
chupathingyce: bots: bot 18 at (46.8 -83.8 0.0) yaw -21 retreat, target 0 (seen), shield 0.00, kills 0 deaths 0
chupathingyce: network test: tick 1020 player 0: (47.994 -84.271 0.008) h1.00/0.58 g0/0 w a164/-18 f164 l164/-18 as139/120 st4 thr1.00 501:0 s0 k0 d0 f0 t0 m0 player 1: (25.512 -84.300 0.644) h0.84/0.00 g0/0 w a58/-6 f58 l58/-6 as139/120 st7 thr1.00 501:0 s0 k0 d0 f0 t1 m127 player 2: (99.330 -143.773 0.754) h0.24/0.00 riding g0/0 w a-92/-3 f-0 l-92/-3 as28/120 st0 thr0.00 501:0 s0 k0 d0 f0 t2 m127 player 3: (19.496 -75.994 2.184) h1.00/1.00 g0/0 w a-53/-9 f-53 l-53/-9 as140/120 st20 thr1.00 501:0 s0 k0 d0 f0 t3 m127 player 4: (98.386 -167.465 0.072) h1.00/0.89 g0/0 w a-26/0 f-26 l-26/0 as139/120 st6 thr1.00 501:0 s0 k0 d0 f0 t4 m127 player 5: (91.043 -162.838 0.141) h0.34/0.41 g0/0 w a-43/-1 f-43 l-43/-1 as139/120 st4 thr1.00 501:0 s0 k0 d0 f0 t5 m126 player 6: (99.010 -151.432 -0.012) h0.93/0.00 g0/0 w a-40/-0 f-40 l-40/-0 as139/120 st7 thr1.00 501:0 s0 k0 d0 f0 t6 m126 player 7: (102.535 -143.049 0.857) h1.00/1.00 g0/0 w a-112/-6 f-112 l-112/-6 as139/120 st6 thr1.00 501:0 s0 k0 d0 f0 t7 m126 player 8: (88.857 -145.920 1.061) h0.97/0.12 g0/0 w a-48/-8 f-48 l-48/-8 as139/120 st7 thr1.00 501:0 s0 k0 d0 f0 t8 m126 player 9: (34.052 -87.167 -0.034) h1.00/0.30 g0/0 w a74/-1 f52 l74/-1 as140/120 st21 thr1.00 501:0 s0 k0 d0 f0 t9 m125 player 10: (44.386 -68.189 0.468) h1.00/1.00 g0/0 w a-166/-3 f-166 l-166/-3 as139/120 st6 thr1.00 501:0 s0 k0 d0 f0 t10 m125 player 11: (48.069 -74.682 0.202) h1.00/0.20 g0/0 w a39/2 f39 l39/2 as139/120 st7 thr1.00 501:0 s0 k0 d0 f0 t11 m125 player 12: (53.439 -70.634 0.443) h1.00/0.98 g0/0 w a-144/-5 f-144 l-144/-5 as139/120 st6 thr1.00 501:0 s0 k0 d0 f0 t12 m125 player 13: (84.212 -158.032 -0.059) h0.32/0.00 g0/0 w a74/-2 f66 l74/-2 as140/120 st21 thr1.00 501:0 s1 k1 d0 f0 t13 m124 player 14: (52.833 -81.520 0.741) h0.97/0.00 g0/0 w a-157/-7 f-151 l-157/-7 as140/120 st20 thr1.00 501:0 s0 k0 d0 f0 t14 m124 player 15: (107.346 -171.675 0.128) h1.00/0.87 g0/0 w a-139/0 f-139 l-139/0 as139/120 st7 thr1.00 501:0 s0 k0 d0 f0 t15 m124 player 16: (103.793 -154.987 0.063) h1.00/0.74 g0/0 w a140/-1 f140 l140/
chupathingyce: bots: bot 19 at (80.2 -160.6 0.7) yaw 33 fight, target 13 (seen), shield 1.00, kills 0 deaths 0
chupathingyce: bots: bot 20 at (37.2 -88.3 0.0) yaw 161 fight, target 9 (seen), shield 1.00, kills 0 deaths 0
chupathingyce: bots: bot 21 at (91.8 -137.6 0.8) yaw -40 fight, target 2 (seen), shield 0.73, kills 0 deaths 0
chupathingyce: bots: bot 22 inventory slot 0 now weapon 501
chupathingyce: bots: bot 22 at (105.0 -162.2 0.0) yaw 78 fight, target 29 (seen), shield 1.00, kills 0 deaths 1
chupathingyce: network test: tick 1050 player 0: (46.571 -82.810 0.060) h0.77/0.00 g0/0 w a72/14 f72 l72/14 as139/120 st4 thr1.00 501:0 s0 k0 d0 f0 t0 m0 player 1: (26.770 -84.887 0.380) h0.84/0.00 g0/0 w a63/-5 f63 l63/-5 as139/120 st6 thr1.00 501:0 s0 k0 d0 f0 t1 m127 player 2: (99.052 -143.982 0.675) h0.24/0.00 riding g0/0 w a-95/-2 f-0 l-95/-2 as28/120 st0 thr0.50 501:0 s0 k0 d0 f0 t2 m127 player 3: (21.471 -76.860 2.091) h1.00/1.00 g0/0 w a-57/-11 f-53 l-57/-11 as140/120 st20 thr1.00 501:0 s0 k0 d0 f0 t3 m127 player 4: (99.295 -165.822 0.683) h1.00/0.89 g0/0 w a-32/-4 f-30 l-32/-4 as140/120 st20 thr1.00 501:0 s0 k0 d0 f0 t4 m127 player 5: (92.313 -164.108 0.132) h0.34/0.66 g0/0 w a-42/-0 f-42 l-42/-0 as139/120 st4 thr1.00 501:0 s0 k0 d0 f0 t5 m126 player 6: (98.363 -152.984 -0.012) h0.93/0.00 g0/0 w a-2/6 f-2 l-2/6 as139/120 st6 thr1.00 501:0 s0 k0 d0 f0 t6 m126 player 7: (103.614 -144.444 0.665) h1.00/1.00 g0/0 w a-121/-4 f-121 l-121/-4 as139/120 st4 thr1.00 501:0 s0 k0 d0 f0 t7 m126 player 8: (87.482 -147.219 0.508) h0.97/0.12 g0/0 w a-43/-3 f-43 l-43/-3 as139/120 st6 thr1.00 501:0 s0 k0 d0 f0 t8 m126 player 9: (33.335 -86.645 -0.037) h1.00/0.15 g0/0 w a46/-1 f46 l46/-1 as139/120 st6 thr1.00 501:0 s0 k0 d0 f0 t9 m125 player 10: (44.487 -68.477 0.434) h1.00/1.00 g0/0 w a-169/-4 f-169 l-169/-4 as139/120 st4 thr1.00 501:0 s0 k0 d0 f0 t10 m125 player 11: (49.258 -76.249 0.323) h1.00/0.20 g0/0 w a37/-2 f39 l37/-2 as140/120 st20 thr1.00 501:0 s0 k0 d0 f0 t11 m125 player 12: (54.641 -72.231 0.384) h1.00/1.00 g0/0 w a-144/-0 f-144 l-144/-0 as139/120 st6 thr1.00 501:0 s0 k0 d0 f0 t12 m125 player 13: (85.664 -157.786 0.002) h0.32/0.23 g0/0 w a105/-2 f105 l105/-2 as139/120 st6 thr1.00 501:0 s1 k1 d0 f0 t13 m124 player 14: (53.246 -81.997 0.153) h0.83/0.00 g0/0 w a-174/-3 f-174 l-174/-3 as139/120 st6 thr1.00 501:0 s0 k0 d0 f0 t14 m124 player 15: (106.204 -170.281 0.089) h1.00/0.87 g0/0 w a-140/2 f-140 l-140/2 as139/120 st7 thr1.00 501:0 s0 k0 d0 f0 t15 m124 player 16: (104.610 -153.324 0.701) h1.00/0.74 g0/0 w a176/-8 f154 l176/-8 
chupathingyce: bots: bot 23 at (56.8 -77.5 0.3) yaw -127 fight, target 14 (seen), shield 1.00, kills 0 deaths 0
chupathingyce: bots: bot 24 at (44.0 -71.8 -0.0) yaw -41 fight, target 11 (seen), shield 0.36, kills 0 deaths 0
chupathingyce: bots: bot 25 at (82.8 -152.6 -0.0) yaw -65 fight, target 13 (seen), shield 1.00, kills 0 deaths 0
chupathingyce: bots: bot 26 at (37.5 -85.1 0.0) yaw -179 fight, target 9 (seen), shield 0.87, kills 0 deaths 0
chupathingyce: network test: tick 1080 player 0: (47.512 -80.792 0.707) h0.77/0.00 g0/0 w a75/-9 f54 l75/-9 as140/120 st20 thr1.00 501:0 s0 k0 d0 f0 t0 m0 player 1: (25.860 -85.640 0.638) h0.69/0.00 g0/0 w a44/-5 f44 l44/-5 as139/120 st5 thr1.00 501:0 s0 k0 d0 f0 t1 m127 player 2: (98.016 -145.070 0.437) h0.22/0.00 riding g0/0 w a-6/5 f-0 l-26/4 as28/120 st0 thr0.00 501:0 s0 k0 d0 f0 t2 m127 player 3: (22.092 -77.672 1.124) h1.00/1.00 g0/0 w a-63/-4 f-63 l-63/-4 as139/120 st7 thr1.00 501:0 s0 k0 d0 f0 t3 m127 player 4: (99.843 -164.872 0.036) h1.00/0.89 g0/0 w a-36/4 f-36 l-36/4 as139/120 st6 thr1.00 501:0 s0 k0 d0 f0 t4 m127 player 5: (94.132 -164.989 0.317) h0.34/0.91 g0/0 w a-43/-0 f-43 l-43/-0 as139/120 st4 thr1.00 501:0 s0 k0 d0 f0 t5 m126 player 6: (98.453 -151.385 0.589) h0.80/0.00 g0/0 w a-3/-5 f-4 l-3/-5 as140/120 st20 thr1.00 501:0 s0 k0 d0 f0 t6 m126 player 7: (104.907 -145.856 0.786) h1.00/1.00 g0/0 w a-139/-1 f-139 l-139/-1 as139/120 st6 thr1.00 501:0 s0 k0 d0 f0 t7 m126 player 8: (88.395 -146.043 0.867) h0.97/0.12 g0/0 w a-40/-5 f-40 l-40/-5 as139/120 st7 thr1.00 501:0 s0 k0 d0 f0 t8 m126 player 9: (32.668 -84.852 -0.028) h1.00/0.15 g0/0 w a-4/-2 f-4 l-4/-2 as139/120 st7 thr1.00 501:0 s0 k0 d0 f0 t9 m125 player 10: (44.458 -67.954 0.505) h1.00/1.00 g0/0 w a-84/-10 f-85 l-84/-10 as139/120 st6 thr1.00 501:0 s0 k0 d0 f0 t10 m125 player 11: (49.439 -76.692 0.172) h1.00/0.06 g0/0 w a25/-0 f25 l25/-0 as139/120 st7 thr1.00 501:0 s0 k0 d0 f0 t11 m125 player 12: (55.647 -73.950 0.320) h1.00/1.00 g0/0 w a-155/-3 f-155 l-155/-3 as139/120 st6 thr1.00 501:0 s0 k0 d0 f0 t12 m125 player 13: (84.558 -157.879 -0.048) h0.32/0.47 g0/0 w a116/-2 f116 l116/-2 as139/120 st6 thr1.00 501:0 s1 k1 d0 f0 t13 m124 player 14: (53.056 -83.580 0.141) h0.83/0.00 g0/0 w a155/4 f155 l155/4 as139/120 st7 thr1.00 501:0 s0 k0 d0 f0 t14 m124 player 15: (104.913 -168.753 0.532) h1.00/0.87 g0/0 w a-140/-5 f-140 l-140/-5 as140/120 st20 thr1.00 501:0 s0 k0 d0 f0 t15 m124 player 16: (104.940 -151.743 0.137) h1.00/0.74 g0/0 w a177/3 f177 l177/3 as139/120 s
chupathingyce: bots: bot 27 at (101.3 -171.6 0.3) yaw 39 fight, target 15 (seen), shield 0.74, kills 0 deaths 0
chupathingyce: bots: bot 28 at (50.2 -86.7 0.1) yaw 109 fight, target 0 (seen), shield 1.00, kills 1 deaths 0
chupathingyce: bots: bot 29 at (108.8 -159.4 -0.0) yaw 112 fight, target 16 (seen), shield 0.86, kills 0 deaths 0
chupathingyce: bots: bot 30 at (37.3 -68.7 0.2) yaw -18 fight, target 24 (seen), shield 0.88, kills 0 deaths 0
chupathingyce: network test: tick 1110 player 0: (48.864 -79.031 0.113) h0.63/0.00 g0/0 w a44/-7 f44 l44/-7 as139/120 st4 thr1.00 501:0 s0 k0 d0 f0 t0 m0 player 1: (24.131 -86.302 1.030) h0.56/0.00 g0/0 w a52/-7 f52 l52/-7 as139/120 st5 thr1.00 501:0 s0 k0 d0 f0 t1 m127 player 2: (97.421 -145.615 0.403) h0.22/0.00 riding g0/0 w a-12/7 f-0 l-12/7 as28/120 st0 thr0.50 501:0 s0 k0 d0 f0 t2 m127 player 3: (20.371 -78.512 2.061) h1.00/1.00 g0/0 w a-63/-9 f-63 l-63/-9 as140/120 st20 thr1.00 501:0 s0 k0 d0 f0 t3 m127 player 4: (101.263 -163.476 0.071) h1.00/1.00 g0/0 w a-55/-2 f-55 l-55/-2 as139/120 st6 thr1.00 501:0 s0 k0 d0 f0 t4 m127 player 5: (95.571 -165.898 0.439) h0.34/1.00 g0/0 w a-44/-4 f-43 l-44/-4 as140/120 st20 thr1.00 501:0 s0 k0 d0 f0 t5 m126 player 6: (98.508 -150.090 0.065) h0.80/0.00 g0/0 w a2/-0 f2 l2/-0 as139/120 st6 thr1.00 501:0 s0 k0 d0 f0 t6 m126 player 7: (106.034 -147.463 0.907) h1.00/1.00 g0/0 w a-111/-20 f-140 l-111/-20 as140/120 st20 thr1.00 501:0 s0 k0 d0 f0 t7 m126 player 8: (87.834 -146.670 0.614) h0.97/0.12 g0/0 w a-43/-4 f-43 l-43/-4 as139/120 st6 thr1.00 501:0 s0 k0 d0 f0 t8 m126 player 9: (32.389 -86.295 -0.008) h1.00/0.15 g0/0 w a-1/-1 f-1 l-1/-1 as139/120 st7 thr1.00 501:0 s0 k0 d0 f0 t9 m125 player 10: (44.809 -67.367 0.611) h1.00/1.00 g0/0 w a-169/-4 f-169 l-169/-4 as139/120 st7 thr1.00 501:0 s0 k0 d0 f0 t10 m125 player 11: (50.186 -77.071 0.123) h0.95/0.00 g0/0 w a-125/-5 f-125 l-125/-5 as139/120 st5 thr1.00 501:0 s0 k0 d0 f0 t11 m125 player 12: (55.590 -73.942 0.317) h1.00/1.00 g0/0 w a-150/-4 f-150 l-150/-4 as139/120 st7 thr1.00 501:0 s0 k0 d0 f0 t12 m125 player 13: (85.384 -156.849 -0.048) h0.32/0.72 g0/0 w a144/-2 f144 l144/-2 as139/120 st7 thr1.00 501:0 s1 k1 d0 f0 t13 m124 player 14: (53.684 -84.908 0.109) h0.69/0.00 g0/0 w a129/-1 f129 l129/-1 as139/120 st5 thr1.00 501:0 s0 k0 d0 f0 t14 m124 player 15: (104.720 -168.692 0.084) h1.00/0.44 g0/0 w a-157/1 f-157 l-157/1 as139/120 st6 thr1.00 501:0 s0 k0 d0 f0 t15 m124 player 16: (104.931 -149.813 0.165) h1.00/0.74 g0/0 w a110/15 f149 l110/15
chupathingyce: bots: bot 31 at (92.5 -151.2 0.3) yaw 11 fight, target 6 (seen), shield 0.75, kills 0 deaths 0
chupathingyce: bots: bot 18 inventory slot 0 now weapon 501
chupathingyce: network test: tick 1140 player 0: (50.082 -77.433 0.527) h0.50/0.00 g0/0 w a54/-19 f54 l54/-19 as140/120 st20 thr1.00 501:0 s0 k0 d0 f0 t0 m0 player 1: (22.440 -87.216 1.492) h0.56/0.00 g0/0 w a59/-8 f59 l59/-8 as139/120 st5 thr1.00 501:0 s0 k0 d0 f0 t1 m127 player 2: (97.315 -145.948 0.403) h0.22/0.00 riding g0/0 w a-57/17 f-0 l-57/17 as28/120 st0 thr0.00 501:0 s0 k0 d0 f0 t2 m127 player 3: (18.709 -79.325 2.604) h1.00/1.00 g0/0 w a-65/-8 f-65 l-65/-8 as139/120 st7 thr1.00 501:0 s0 k0 d0 f0 t3 m127 player 4: (103.081 -162.667 0.053) h1.00/1.00 g0/0 w a-73/-1 f-73 l-73/-1 as139/120 st6 thr1.00 501:0 s0 k0 d0 f0 t4 m127 player 5: (96.707 -165.153 0.725) h0.34/1.00 g0/0 w a-40/-9 f-39 l-40/-9 as140/120 st20 thr1.00 501:0 s0 k0 d0 f0 t5 m126 player 6: (98.766 -148.122 0.713) h0.80/0.00 g0/0 w a-18/-8 f-4 l-18/-8 as140/120 st20 thr1.00 501:0 s0 k0 d0 f0 t6 m126 player 7: (106.718 -147.588 0.243) h1.00/0.87 g0/0 w a-143/-5 f-143 l-143/-5 as139/120 st7 thr1.00 501:0 s0 k0 d0 f0 t7 m126 player 8: (89.397 -145.509 1.148) h0.97/0.12 g0/0 w a-60/-8 f-47 l-60/-8 as140/120 st20 thr1.00 501:0 s0 k0 d0 f0 t8 m126 player 9: (33.038 -87.965 0.026) h0.93/0.00 g0/0 w a42/-2 f40 l42/-2 as139/120 st11 thr1.00 501:0 s0 k0 d0 f0 t9 m125 player 10: (44.313 -65.516 1.350) h1.00/1.00 g0/0 w a-160/-7 f-163 l-160/-7 as140/120 st20 thr1.00 501:0 s0 k0 d0 f0 t10 m125 player 11: (51.478 -75.895 0.149) h0.67/0.00 g0/0 w a-132/2 f-132 l-132/2 as139/120 st5 thr1.00 501:0 s0 k0 d0 f0 t11 m125 player 12: (54.571 -72.409 0.981) h1.00/1.00 g0/0 w a-135/-12 f-145 l-135/-12 as140/120 st20 thr1.00 501:0 s0 k0 d0 f0 t12 m125 player 13: (86.398 -155.364 -0.027) h0.32/0.97 g0/0 w a157/-1 f157 l157/-1 as139/120 st6 thr1.00 501:0 s1 k1 d0 f0 t13 m124 player 14: (54.933 -86.218 0.071) h0.69/0.00 g0/0 w a119/2 f119 l119/2 as139/120 st5 thr1.00 501:0 s0 k0 d0 f0 t14 m124 player 15: (104.945 -169.718 0.152) h1.00/0.30 g0/0 w a165/-3 f166 l165/-3 as139/120 st7 thr1.00 501:0 s0 k0 d0 f0 t15 m124 player 16: (103.993 -149.753 0.095) h1.00/0.48 g0/0 w a38/-0 f38 l3
chupathingyce: network test: tick 1170 player 0: (51.765 -75.997 0.220) h0.38/0.00 g0/0 w a25/-19 f54 l25/-19 as140/120 st20 thr1.00 501:0 s0 k0 d0 f0 t0 m0 player 1: (22.493 -88.972 1.505) h0.30/0.00 g0/0 w a71/-3 f71 l71/-3 as139/120 st5 thr1.00 501:0 s0 k0 d0 f0 t1 m127 player 2: (97.320 -145.984 0.404) h0.22/0.00 riding g0/0 w a-62/6 f-0 l-62/6 as28/120 st0 thr0.00 501:0 s0 k0 d0 f0 t2 m127 player 3: (17.157 -80.229 3.306) h1.00/1.00 g0/0 w a-58/-11 f-58 l-58/-11 as139/120 st4 thr1.00 501:0 s0 k0 d0 f0 t3 m127 player 4: (105.043 -162.295 0.018) h1.00/1.00 g0/0 w a-85/-1 f-85 l-85/-1 as139/120 st6 thr1.00 501:0 s0 k0 d0 f0 t4 m127 player 5: (98.332 -164.383 0.126) h0.34/1.00 g0/0 w a-37/2 f-37 l-37/2 as139/120 st6 thr1.00 501:0 s0 k0 d0 f0 t5 m126 player 6: (98.619 -146.998 0.113) h0.72/0.00 g0/0 w a-17/-2 f-17 l-17/-2 as139/120 st5 thr1.00 501:0 s0 k0 d0 f0 t6 m126 player 7: (105.973 -146.701 0.402) h1.00/0.72 g0/0 w a-150/-6 f-150 l-150/-6 as139/120 st6 thr1.00 501:0 s0 k0 d0 f0 t7 m126 player 8: (88.897 -145.798 1.754) h0.97/0.34 g0/0 w a-55/-9 f-63 l-55/-9 as140/120 st20 thr1.00 501:0 s0 k0 d0 f0 t8 m126 player 9: (32.380 -87.778 0.002) h0.68/0.00 g0/0 w a54/-2 f54 l54/-2 as139/120 st5 thr1.00 501:0 s0 k0 d0 f0 t9 m125 player 10: (44.465 -65.515 0.865) h1.00/1.00 g0/0 w a-154/-5 f-154 l-154/-5 as139/120 st6 thr1.00 501:0 s0 k0 d0 f0 t10 m125 player 11: (53.433 -75.837 0.051) h0.67/0.00 g0/0 w a-172/5 f-172 l-172/5 as139/120 st5 thr1.00 501:0 s0 k0 d0 f0 t11 m125 player 12: (54.745 -72.002 0.697) h1.00/1.00 g0/0 w a-109/-9 f-109 l-109/-9 as140/120 st20 thr1.00 501:0 s0 k0 d0 f0 t12 m125 player 13: (85.820 -156.983 -0.023) h0.32/1.00 g0/0 w a159/-2 f159 l159/-2 as139/120 st6 thr1.00 501:0 s1 k1 d0 f0 t13 m124 player 14: (54.843 -88.118 0.129) h0.56/0.00 g0/0 w a101/-2 f101 l101/-2 as139/120 st5 thr1.00 501:0 s0 k0 d0 f0 t14 m124 player 15: (105.492 -168.054 0.101) h1.00/0.17 g0/0 w a162/2 f162 l162/2 as139/120 st6 thr1.00 501:0 s0 k0 d0 f0 t15 m124 player 16: (102.783 -148.166 0.173) h1.00/0.48 g0/0 w a27/2 f27 l27/2 as13
chupathingyce: network test: tick 1200 player 0: (53.839 -75.787 0.063) h0.38/0.00 g0/0 w a27/-2 f27 l27/-2 as139/120 st4 thr1.00 501:0 s0 k0 d0 f0 t0 m0 player 1: (22.016 -90.672 1.693) h0.30/0.00 g0/0 w a76/-6 f76 l76/-6 as139/120 st5 thr1.00 501:0 s0 k0 d0 f0 t1 m127 player 2: (97.322 -145.998 0.404) h0.19/0.00 riding g0/0 w a-31/4 f-0 l-31/4 as28/120 st0 thr0.00 501:0 s0 k0 d0 f0 t2 m127 player 3: (16.871 -82.164 3.546) h1.00/1.00 g0/0 w a-59/-12 f-59 l-59/-12 as139/120 st7 thr1.00 501:0 s0 k0 d0 f0 t3 m127 player 4: (103.823 -162.332 0.056) h1.00/1.00 g0/0 w a-128/-0 f-106 l-128/-0 as139/120 st7 thr1.00 501:0 s0 k0 d0 f0 t4 m127 player 5: (99.618 -162.927 0.754) h0.34/1.00 g0/0 w a-38/-13 f-36 l-38/-13 as140/120 st20 thr1.00 501:0 s0 k0 d0 f0 t5 m126 player 6: (96.860 -147.894 0.053) h0.72/0.00 g0/0 w a13/6 f13 l13/6 as139/120 st5 thr1.00 501:0 s0 k0 d0 f0 t6 m126 player 7: (105.961 -148.628 0.816) h1.00/0.72 g0/0 w a148/-0 f162 l148/-0 as140/120 st20 thr1.00 501:0 s0 k0 d0 f0 t7 m126 player 8: (88.311 -146.742 0.734) h0.97/0.59 g0/0 w a-46/-3 f-46 l-46/-3 as139/120 st4 thr1.00 501:0 s0 k0 d0 f0 t8 m126 player 9: (31.182 -89.026 0.099) h0.55/0.00 g0/0 w a35/-1 f35 l35/-1 as139/120 st5 thr1.00 501:0 s0 k0 d0 f0 t9 m125 player 10: (45.120 -67.384 0.626) h1.00/1.00 g0/0 w a-169/-0 f-169 l-169/-0 as139/120 st6 thr1.00 501:0 s0 k0 d0 f0 t10 m125 player 11: (54.682 -75.250 0.156) h0.26/0.00 g0/0 w a-153/-18 f-154 l-153/-18 as139/120 st9 thr1.00 501:0 s0 k0 d0 f0 t11 m125 player 12: (56.551 -72.835 0.605) h1.00/1.00 g0/0 w a-126/-13 f-109 l-126/-13 as140/120 st20 thr1.00 501:0 s0 k0 d0 f0 t12 m125 player 13: (85.448 -158.064 0.002) h0.32/1.00 g0/0 w a166/-2 f166 l166/-2 as139/120 st6 thr1.00 501:0 s1 k1 d0 f0 t13 m124 player 14: (55.904 -89.785 0.095) h0.56/0.00 g0/0 w a90/4 f90 l90/4 as139/120 st5 thr1.00 501:0 s0 k0 d0 f0 t14 m124 player 15: (104.412 -169.270 0.131) h1.00/0.17 g0/0 w a121/-1 f121 l121/-1 as139/120 st6 thr1.00 501:0 s0 k0 d0 f0 t15 m124 player 16: (102.748 -146.329 0.879) h1.00/0.35 g0/0 w a-33/-2 f-12 l-33/-2 
chupathingyce: bots: bot 1 at (22.0 -90.7 1.7) yaw 75 retreat, target 17 (seen), shield 0.00, kills 0 deaths 0
chupathingyce: bots: bot 2 at (97.4 -145.8 0.5) yaw -174 vehicle, target 8 (seen), shield 0.00, kills 0 deaths 0
chupathingyce: bots: bot 3 at (16.9 -82.3 3.5) yaw -62 fight, target 1 (seen), shield 1.00, kills 0 deaths 0
chupathingyce: bots: bot 4 at (104.0 -161.3 0.1) yaw -103 fight, target 27 (seen), shield 1.00, kills 0 deaths 0
chupathingyce: bots: bot 5 at (100.8 -161.8 0.1) yaw -42 fight, target 27 (seen), shield 1.00, kills 0 deaths 0
chupathingyce: network test: tick 1230 player 0: (55.460 -74.380 0.649) h0.24/0.00 g0/0 w a56/-20 f56 l56/-20 as140/120 st20 thr1.00 501:0 s1 k1 d0 f0 t0 m0 player 1: (20.576 -90.710 2.036) h0.30/0.00 g0/0 w a60/-7 f60 l60/-7 as139/120 st6 thr1.00 501:0 s0 k0 d0 f0 t1 m127 player 2: (97.325 -146.141 0.405) h0.17/0.00 riding g0/0 w a-132/3 f-0 l-132/3 as28/120 st0 thr0.00 501:0 s0 k0 d0 f0 t2 m127 player 3: (17.859 -81.966 3.199) h1.00/1.00 g0/0 w a-72/-9 f-72 l-72/-9 as139/120 st7 thr1.00 501:0 s0 k0 d0 f0 t3 m127 player 4: (104.497 -161.296 0.066) h1.00/1.00 g0/0 w a-102/-4 f-102 l-102/-4 as139/120 st6 thr1.00 501:0 s0 k0 d0 f0 t4 m127 player 5: (100.929 -161.746 0.119) h0.34/1.00 g0/0 w a-42/-4 f-42 l-42/-4 as139/120 st6 thr1.00 501:0 s0 k0 d0 f0 t5 m126 player 6: (95.148 -148.445 0.047) h0.72/0.00 g0/0 w a23/3 f23 l23/3 as139/120 st5 thr1.00 501:0 s0 k0 d0 f0 t6 m126 player 7: (104.828 -150.168 0.135) h1.00/0.72 g0/0 w a110/1 f162 l110/1 as140/120 st21 thr1.00 501:0 s0 k0 d0 f0 t7 m126 player 8: (89.552 -147.894 1.024) h0.97/0.84 g0/0 w a-50/-7 f-50 l-50/-7 as139/120 st7 thr1.00 501:0 s0 k0 d0 f0 t8 m126 player 9: (29.351 -89.190 0.113) h0.42/0.00 g0/0 w a27/-1 f27 l27/-1 as139/120 st5 thr1.00 501:0 s0 k0 d0 f0 t9 m125 player 10: (45.557 -69.134 0.607) h1.00/1.00 g0/0 w a-136/-0 f-136 l-136/-0 as139/120 st6 thr1.00 501:0 s0 k0 d0 f0 t10 m125 player 11: dead s0 k0 d1 f0 t11 m125 player 12: (57.019 -72.098 0.554) h1.00/1.00 g0/0 w a-125/-2 f-125 l-125/-2 as139/120 st5 thr1.00 501:0 s0 k0 d0 f0 t12 m125 player 13: (85.696 -158.296 0.672) h0.32/0.75 g0/0 w a170/-9 f174 l170/-9 as140/120 st20 thr1.00 501:0 s1 k1 d0 f0 t13 m124 player 14: (56.147 -91.547 0.079) h0.56/0.00 g0/0 w a86/-1 f86 l86/-1 as139/120 st5 thr1.00 501:0 s0 k0 d0 f0 t14 m124 player 15: (102.481 -169.553 0.106) h1.00/0.17 g0/0 w a78/-3 f78 l78/-3 as139/120 st6 thr1.00 501:0 s0 k0 d0 f0 t15 m124 player 16: (102.990 -145.156 0.545) h1.00/0.35 g0/0 w a-71/-4 f-71 l-71/-4 as139/120 st7 thr1.00 501:0 s0 k0 d0 f0 t16 m124 player 17: (25.415 -82.874 0.958) h1.00/0.90 
chupathingyce: bots: bot 6 at (94.8 -148.4 0.0) yaw 43 retreat, target 2 (seen), shield 0.00, kills 0 deaths 0
chupathingyce: bots: bot 7 at (104.1 -150.5 0.1) yaw 110 fight, target 16 (seen), shield 0.72, kills 0 deaths 0
chupathingyce: bots: bot 8 at (88.7 -148.8 0.8) yaw -40 fight, target 31 (seen), shield 1.00, kills 0 deaths 0
chupathingyce: bots: bot 9 at (28.8 -89.4 0.1) yaw 16 retreat, target 26 (seen), shield 0.00, kills 0 deaths 0
chupathingyce: bots: bot 13 seeking vehicle -495910910
chupathingyce: network test: tick 1260 player 0: dead s1 k1 d1 f0 t0 m0 player 1: (20.912 -90.973 1.932) h0.16/0.00 g0/0 w a58/-5 f58 l58/-5 as139/120 st7 thr1.00 501:0 s0 k0 d0 f0 t1 m127 player 2: dead s0 k0 d1 f0 t2 m127 player 3: (16.700 -82.369 3.662) h1.00/1.00 g0/0 w a-64/-10 f-64 l-64/-10 as139/120 st7 thr1.00 501:0 s0 k0 d0 f0 t3 m127 player 4: (105.303 -161.450 0.035) h1.00/1.00 g0/0 w a-141/-1 f-141 l-141/-1 as139/120 st7 thr1.00 501:0 s0 k0 d0 f0 t4 m127 player 5: (101.199 -161.237 0.118) h0.34/1.00 g0/0 w a-71/-5 f-71 l-71/-5 as139/120 st7 thr1.00 501:0 s0 k0 d0 f0 t5 m126 player 6: (93.806 -149.302 0.046) h0.72/0.00 g0/0 w a104/11 f85 l104/11 as139/120 st5 thr1.00 501:0 s1 k1 d0 f0 t6 m126 player 7: (102.960 -150.868 0.011) h1.00/0.72 g0/0 w a109/8 f109 l109/8 as139/120 st6 thr1.00 501:0 s0 k0 d0 f0 t7 m126 player 8: (88.217 -149.339 0.673) h0.97/1.00 g0/0 w a-36/-2 f-36 l-36/-2 as139/120 st7 thr1.00 501:0 s0 k0 d0 f0 t8 m126 player 9: (28.659 -89.442 0.170) h0.42/0.00 g0/0 w a16/-1 f16 l16/-1 as139/120 st5 thr1.00 501:0 s0 k0 d0 f0 t9 m125 player 10: (46.614 -70.700 0.729) h1.00/1.00 g0/0 w a-161/-8 f-137 l-161/-8 as140/120 st20 thr1.00 501:0 s0 k0 d0 f0 t10 m125 player 11: dead s0 k0 d1 f0 t11 m125 player 12: (57.943 -71.102 0.823) h1.00/0.87 g0/0 w a-90/1 f-90 l-90/1 as139/120 st7 thr1.00 501:0 s1 k1 d0 f0 t12 m125 player 13: (85.955 -158.337 0.039) h0.32/0.75 g0/0 w a99/4 f140 l99/4 as139/120 st6 thr1.00 501:0 s1 k1 d0 f0 t13 m124 player 14: (55.984 -91.018 0.106) h0.56/0.00 g0/0 w a79/-1 f79 l79/-1 as139/120 st6 thr1.00 501:0 s0 k0 d0 f0 t14 m124 player 15: (103.054 -169.495 0.114) h1.00/0.17 g0/0 w a96/-3 f96 l96/-3 as139/120 st7 thr1.00 501:0 s0 k0 d0 f0 t15 m124 player 16: (101.121 -145.852 0.955) h1.00/0.35 g0/0 w a-71/-11 f-71 l-71/-11 as140/120 st20 thr1.00 501:0 s0 k0 d0 f0 t16 m124 player 17: (25.508 -83.417 1.212) h1.00/1.00 g0/0 w a-123/3 f-126 l-123/3 as140/120 st20 thr1.00 501:0 s0 k0 d0 f0 t17 m123 player 18: (57.769 -81.560 0.105) h1.00/1.00 g0/0 w a90/11 f90 l90/11 as139/120 st6 thr1.00 501:0 
chupathingyce: bots: bot 10 at (46.7 -70.8 0.6) yaw -165 fight, target 24 (seen), shield 1.00, kills 0 deaths 0
chupathingyce: bots: bot 12 at (57.6 -71.1 1.3) yaw -82 fight, target 23 (seen), shield 0.87, kills 1 deaths 0
chupathingyce: bots: bot 13 at (85.6 -157.8 -0.0) yaw 98 fight, target 8 (seen), shield 0.75, kills 1 deaths 0
chupathingyce: network test: tick 1290 player 0: dead s1 k1 d1 f0 t0 m0 player 1: (20.462 -90.704 2.086) h0.16/0.00 g0/0 w a58/-10 f58 l58/-10 as139/120 st6 thr1.00 501:0 s0 k0 d0 f0 t1 m127 player 2: dead s0 k0 d1 f0 t2 m127 player 3: (16.649 -82.592 3.728) h1.00/1.00 g0/0 w a-62/-13 f-62 l-62/-13 as139/120 st6 thr1.00 501:0 s0 k0 d0 f0 t3 m127 player 4: (105.416 -161.375 0.034) h1.00/1.00 g0/0 w a-130/-3 f-130 l-130/-3 as139/120 st6 thr1.00 501:0 s0 k0 d0 f0 t4 m127 player 5: (100.404 -162.211 0.129) h0.34/1.00 g0/0 w a-32/-4 f-32 l-32/-4 as139/120 st7 thr1.00 501:0 s0 k0 d0 f0 t5 m126 player 6: (93.791 -150.866 0.069) h0.59/0.00 g0/0 w a86/4 f86 l86/4 as139/120 st5 thr1.00 501:0 s1 k1 d0 f0 t6 m126 player 7: (101.918 -151.237 -0.050) h1.00/0.44 g0/0 w a118/3 f113 l118/3 as139/120 st11 thr1.00 501:0 s0 k0 d0 f0 t7 m126 player 8: (87.764 -151.170 1.041) h0.97/1.00 g0/0 w a3/-10 f1 l3/-10 as140/120 st20 thr1.00 501:0 s0 k0 d0 f0 t8 m126 player 9: (27.229 -90.734 0.581) h0.42/0.00 g0/0 w a17/-2 f17 l17/-2 as139/120 st5 thr1.00 501:0 s0 k0 d0 f0 t9 m125 player 10: (47.181 -72.340 -0.036) h1.00/1.00 g0/0 w a-167/0 f-167 l-167/0 as139/120 st6 thr1.00 501:0 s0 k0 d0 f0 t10 m125 player 11: dead s0 k0 d1 f0 t11 m125 player 12: (57.149 -71.124 1.051) h1.00/0.87 g0/0 w a-84/-8 f-89 l-84/-8 as140/120 st20 thr1.00 501:0 s1 k1 d0 f0 t12 m125 player 13: (85.633 -157.608 -0.007) h0.32/0.75 g0/0 w a72/7 f104 l72/7 as139/120 st6 thr1.00 501:0 s1 k1 d0 f0 t13 m124 player 14: (55.365 -90.897 0.196) h0.44/0.00 g0/0 w a80/-1 f80 l80/-1 as139/120 st7 thr1.00 501:0 s0 k0 d0 f0 t14 m124 player 15: (104.851 -169.022 0.768) h1.00/0.17 g0/0 w a105/-9 f106 l105/-9 as140/120 st20 thr1.00 501:0 s0 k0 d0 f0 t15 m124 player 16: (99.266 -146.594 0.221) h1.00/0.35 g0/0 w a-61/-7 f-71 l-61/-7 as140/120 st20 thr1.00 501:0 s0 k0 d0 f0 t16 m124 player 17: (25.202 -83.297 0.652) h1.00/1.00 g0/0 w a-122/8 f-122 l-122/8 as139/120 st7 thr1.00 501:0 s0 k0 d0 f0 t17 m123 player 18: (57.106 -81.444 0.106) h1.00/0.88 g0/0 w a72/2 f72 l72/2 as139/120 st7 thr1.00 501:0 s0 
chupathingyce: bots: bot 14 at (55.4 -90.9 0.3) yaw 80 fight, target 18 (seen), shield 0.00, kills 0 deaths 0
chupathingyce: bots: bot 11 inventory slot 0 now weapon 501
chupathingyce: bots: bot 15 at (105.2 -168.9 0.6) yaw 104 fight, target 27 (seen), shield 0.17, kills 0 deaths 0
chupathingyce: bots: bot 16 at (98.5 -147.2 0.1) yaw -44 fight, target 7 (seen), shield 0.35, kills 0 deaths 0
chupathingyce: bots: bot 17 at (25.1 -83.3 0.7) yaw -131 fight, target 1 (seen), shield 1.00, kills 0 deaths 0
chupathingyce: bots: bot 18 at (58.8 -81.1 0.2) yaw 136 fight, target 23 (seen), shield 0.88, kills 0 deaths 1
chupathingyce: network test: tick 1320 player 0: dead s1 k1 d1 f0 t0 m0 player 1: (19.007 -89.632 2.804) h0.16/0.00 g0/0 w a43/-15 f43 l43/-15 as139/120 st6 thr1.00 501:0 s0 k0 d0 f0 t1 m127 player 2: dead s0 k0 d1 f0 t2 m127 player 3: (18.423 -82.051 3.537) h1.00/1.00 g0/0 w a-85/-6 f-82 l-85/-6 as140/120 st20 thr1.00 501:0 s0 k0 d0 f0 t3 m127 player 4: (106.803 -161.662 0.005) h1.00/1.00 g0/0 w a-146/-2 f-146 l-146/-2 as139/120 st6 thr1.00 501:0 s0 k0 d0 f0 t4 m127 player 5: (100.582 -161.874 0.128) h0.34/1.00 g0/0 w a-33/-5 f-33 l-33/-5 as139/120 st6 thr1.00 501:0 s0 k0 d0 f0 t5 m126 player 6: (93.169 -152.010 0.078) h0.33/0.00 g0/0 w a71/-2 f73 l71/-2 as139/120 st6 thr1.00 501:0 s1 k1 d0 f0 t6 m126 player 7: (102.855 -150.243 0.006) h1.00/0.29 g0/0 w a148/6 f148 l148/6 as139/120 st7 thr1.00 501:0 s0 k0 d0 f0 t7 m126 player 8: (87.844 -152.626 0.414) h0.97/1.00 g0/0 w a6/-8 f1 l6/-8 as140/120 st20 thr1.00 501:0 s0 k0 d0 f0 t8 m126 player 9: (26.195 -92.052 0.899) h0.42/0.00 g0/0 w a38/-5 f38 l38/-5 as139/120 st4 thr1.00 501:0 s0 k0 d0 f0 t9 m125 player 10: (47.367 -73.282 0.602) h1.00/1.00 g0/0 w a-175/-6 f-172 l-175/-6 as140/120 st20 thr1.00 501:0 s0 k0 d0 f0 t10 m125 player 11: (28.141 -75.445 0.497) h1.00/1.00 g0/0 w a-111/0 f-111 l-111/0 as139/120 st7 thr1.00 501:0 s0 k0 d1 f0 t11 m125 player 12: (57.157 -71.149 0.635) h1.00/0.87 g0/0 w a-99/-4 f-99 l-99/-4 as139/120 st7 thr1.00 501:0 s1 k1 d0 f0 t12 m125 player 13: (86.703 -156.869 0.598) h0.32/0.75 g0/0 w a-154/-16 f-175 l-154/-16 as140/120 st20 thr1.00 501:0 s1 k1 d0 f0 t13 m124 player 14: (56.556 -91.071 0.531) h0.44/0.00 g0/0 w a76/-3 f80 l76/-3 as140/120 st20 thr1.00 501:0 s0 k0 d0 f0 t14 m124 player 15: (105.197 -168.933 0.115) h1.00/0.17 g0/0 w a112/-2 f112 l112/-2 as139/120 st6 thr1.00 501:0 s0 k0 d0 f0 t15 m124 player 16: (98.009 -147.556 0.688) h1.00/0.35 g0/0 w a-31/-8 f-41 l-31/-8 as140/120 st20 thr1.00 501:0 s0 k0 d0 f0 t16 m124 player 17: (25.522 -83.646 0.606) h1.00/1.00 g0/0 w a-134/13 f-134 l-134/13 as139/120 st6 thr1.00 501:0 s0 k0 d0 f0 t17 m123 play
chupathingyce: bots: bot 19 at (80.6 -161.5 0.1) yaw 45 fight, target 25 (seen), shield 1.00, kills 0 deaths 0
chupathingyce: bots: bot 20 at (35.3 -85.7 -0.1) yaw -26 fight, target 26 (seen), shield 0.87, kills 0 deaths 0
chupathingyce: bots: bot 21 at (94.7 -143.4 0.1) yaw -104 fight, target 6 (seen), shield 0.00, kills 0 deaths 0
chupathingyce: bots: bot 2 inventory slot 0 now weapon 501
chupathingyce: bots: bot 22 at (111.4 -155.8 0.7) yaw 169 fight, target 29 (seen), shield 1.00, kills 0 deaths 1
chupathingyce: network test: tick 1350 player 0: (92.533 -169.496 0.515) h1.00/1.00 g0/0 w a56/0 f56 l56/0 as140/120 st20 thr0.00 501:0 s1 k1 d1 f0 t0 m0 player 1: dead s0 k0 d1 f0 t1 m127 player 2: (92.491 -149.368 0.525) h1.00/1.00 g0/0 w a-150/-2 f-72 l-130/-2 as139/120 st7 thr1.00 501:0 s0 k0 d1 f0 t2 m127 player 3: (19.515 -81.788 3.230) h1.00/1.00 g0/0 w a-25/-21 f-82 l-25/-21 as140/120 st20 thr1.00 501:0 s0 k0 d0 f0 t3 m127 player 4: (106.567 -161.150 0.007) h1.00/1.00 g0/0 w a-149/-2 f-149 l-149/-2 as139/120 st7 thr1.00 501:0 s0 k0 d0 f0 t4 m127 player 5: (102.018 -160.575 0.570) h0.34/1.00 g0/0 w a-86/-13 f-42 l-86/-13 as140/120 st20 thr1.00 501:0 s0 k0 d0 f0 t5 m126 player 6: dead s1 k1 d1 f0 t6 m126 player 7: (103.421 -148.626 0.170) h1.00/0.04 g0/0 w a169/-2 f169 l169/-2 as139/120 st6 thr1.00 501:0 s0 k0 d0 f0 t7 m126 player 8: (87.719 -151.435 0.511) h0.97/1.00 g0/0 w a-19/-4 f-19 l-19/-4 as139/120 st6 thr1.00 501:0 s0 k0 d0 f0 t8 m126 player 9: (27.431 -91.937 0.652) h0.42/0.00 g0/0 w a100/-3 f100 l100/-3 as139/120 st6 thr1.00 501:0 s0 k0 d0 f0 t9 m125 player 10: (46.662 -73.840 -0.055) h1.00/1.00 g0/0 w a152/0 f152 l152/0 as139/120 st4 thr1.00 501:0 s0 k0 d0 f0 t10 m125 player 11: (27.247 -75.183 0.409) h1.00/1.00 g0/0 w a-94/-0 f-94 l-94/-0 as139/120 st6 thr1.00 501:0 s0 k0 d1 f0 t11 m125 player 12: (55.219 -70.984 0.515) h1.00/0.87 g0/0 w a-83/-3 f-83 l-83/-3 as139/120 st7 thr1.00 501:0 s1 k1 d0 f0 t12 m125 player 13: (87.882 -157.230 0.087) h0.32/0.75 g0/0 w a-180/-6 f-180 l-180/-6 as139/120 st6 thr1.00 501:0 s1 k1 d0 f0 t13 m124 player 14: (58.124 -91.068 0.029) h0.44/0.00 g0/0 w a96/-1 f96 l96/-1 as139/120 st7 thr1.00 501:0 s0 k0 d0 f0 t14 m124 player 15: (103.310 -169.591 0.762) h1.00/0.36 g0/0 w a103/-9 f112 l103/-9 as140/120 st20 thr1.00 501:0 s0 k0 d0 f0 t15 m124 player 16: (97.595 -147.568 0.067) h1.00/0.35 g0/0 w a-9/-0 f-18 l-9/-0 as139/120 st6 thr1.00 501:0 s0 k0 d0 f0 t16 m124 player 17: (26.326 -85.093 0.497) h1.00/1.00 g0/0 w a-82/0 f-82 l-82/0 as139/120 st7 thr1.00 501:0 s1 k1 d0 f0 t17 m123 pla
chupathingyce: bots: bot 23 at (56.6 -78.3 0.3) yaw 102 fight, target 12 (seen), shield 0.72, kills 0 deaths 0
chupathingyce: bots: bot 24 at (39.8 -73.9 0.1) yaw 123 fight, target 30 (seen), shield 0.00, kills 0 deaths 0
chupathingyce: bots: bot 26 at (43.8 -89.6 0.1) yaw 148 retreat, target 20 (seen), shield 0.00, kills 0 deaths 0
chupathingyce: network test: tick 1380 player 0: (93.542 -168.513 0.367) h1.00/1.00 g0/0 w a31/-4 f31 l31/-4 as140/120 st20 thr1.00 501:0 s1 k1 d1 f0 t0 m0 player 1: dead s0 k0 d1 f0 t1 m127 player 2: (91.538 -147.523 0.779) h1.00/1.00 g0/0 w a-147/-4 f-147 l-147/-4 as139/120 st7 thr1.00 501:0 s0 k0 d1 f0 t2 m127 player 3: (20.586 -80.642 2.137) h1.00/1.00 g0/0 w a-44/-14 f-44 l-44/-14 as139/120 st6 thr1.00 501:0 s0 k0 d0 f0 t3 m127 player 4: (105.687 -159.701 0.109) h1.00/1.00 g0/0 w a-157/-5 f-157 l-157/-5 as139/120 st5 thr1.00 501:0 s0 k0 d0 f0 t4 m127 player 5: (103.777 -160.720 0.109) h0.34/0.86 g0/0 w a-120/-4 f-120 l-120/-4 as139/120 st6 thr1.00 501:0 s0 k0 d0 f0 t5 m126 player 6: dead s1 k1 d1 f0 t6 m126 player 7: (103.144 -149.533 0.049) h1.00/0.04 g0/0 w a147/-1 f147 l147/-1 as139/120 st7 thr1.00 501:0 s0 k0 d0 f0 t7 m126 player 8: (88.010 -149.651 0.615) h0.97/1.00 g0/0 w a31/0 f31 l31/0 as139/120 st6 thr1.00 501:0 s0 k0 d0 f0 t8 m126 player 9: (25.609 -92.207 1.047) h0.42/0.00 g0/0 w a93/-3 f93 l93/-3 as139/120 st7 thr1.00 501:0 s0 k0 d0 f0 t9 m125 player 10: (44.628 -73.690 -0.019) h1.00/1.00 g0/0 w a153/-0 f153 l153/-0 as139/120 st4 thr1.00 501:0 s0 k0 d0 f0 t10 m125 player 11: (29.036 -76.124 0.429) h1.00/1.00 g0/0 w a-112/1 f-112 l-112/1 as139/120 st6 thr1.00 501:0 s0 k0 d1 f0 t11 m125 player 12: (53.434 -71.721 0.362) h1.00/0.87 g0/0 w a-53/-1 f-53 l-53/-1 as139/120 st7 thr1.00 501:0 s1 k1 d0 f0 t12 m125 player 13: (86.759 -158.135 0.069) h0.32/0.75 g0/0 w a81/2 f81 l81/2 as139/120 st6 thr1.00 501:0 s2 k2 d0 f0 t13 m124 player 14: (58.220 -91.026 0.035) h0.44/0.00 g0/0 w a97/-1 f97 l97/-1 as139/120 st6 thr1.00 501:0 s0 k0 d0 f0 t14 m124 player 15: (101.317 -169.676 0.104) h1.00/0.61 g0/0 w a89/-3 f89 l89/-3 as139/120 st6 thr1.00 501:0 s0 k0 d0 f0 t15 m124 player 16: (98.506 -146.369 0.104) h1.00/0.55 g0/0 w a-34/-2 f-34 l-34/-2 as139/120 st6 thr1.00 501:0 s0 k0 d0 f0 t16 m124 player 17: (25.525 -85.261 0.693) h1.00/0.87 g0/0 w a-87/1 f-87 l-87/1 as139/120 st6 thr1.00 501:0 s1 k1 d0 f0 t17 m123 player 18: (57.4
chupathingyce: bots: bot 27 at (101.4 -164.2 0.0) yaw 53 retreat, target 5 (seen), shield 0.00, kills 0 deaths 0
chupathingyce: bots: bot 28 at (51.9 -84.2 0.1) yaw -49 fight, target 14 (seen), shield 1.00, kills 1 deaths 0
chupathingyce: bots: bot 29 at (107.5 -152.8 0.8) yaw 133 fight, target 7 (seen), shield 0.00, kills 0 deaths 0
chupathingyce: bots: bot 30 at (36.4 -68.0 0.3) yaw -26 fight, target 10 (seen), shield 1.00, kills 0 deaths 0
chupathingyce: network test: tick 1410 player 0: (95.624 -167.268 0.381) h1.00/1.00 g0/0 w a30/-4 f31 l30/-4 as140/120 st20 thr1.00 501:0 s1 k1 d1 f0 t0 m0 player 1: dead s0 k0 d1 f0 t1 m127 player 2: (89.975 -146.091 1.053) h1.00/1.00 g0/0 w a-114/-6 f-114 l-114/-6 as139/120 st6 thr1.00 501:0 s0 k0 d1 f0 t2 m127 player 3: (20.927 -80.315 1.962) h1.00/1.00 g0/0 w a-39/-13 f-39 l-39/-13 as139/120 st7 thr1.00 501:0 s0 k0 d0 f0 t3 m127 player 4: (107.122 -158.446 0.652) h1.00/1.00 g0/0 w a-141/-12 f-145 l-141/-12 as140/120 st20 thr1.00 501:0 s0 k0 d0 f0 t4 m127 player 5: (103.961 -160.866 0.097) h0.34/0.86 g0/0 w a-125/-3 f-125 l-125/-3 as139/120 st7 thr1.00 501:0 s0 k0 d0 f0 t5 m126 player 6: dead s1 k1 d1 f0 t6 m126 player 7: (103.954 -147.755 0.308) h1.00/0.04 g0/0 w a171/-4 f171 l171/-4 as139/120 st7 thr1.00 501:0 s0 k0 d0 f0 t7 m126 player 8: (88.290 -149.976 0.694) h0.97/0.87 g0/0 w a67/2 f67 l67/2 as139/120 st10 thr1.00 501:0 s0 k0 d0 f0 t8 m126 player 9: (26.833 -92.280 1.661) h0.42/0.12 g0/0 w a88/-12 f86 l88/-12 as140/120 st20 thr1.00 501:0 s0 k0 d0 f0 t9 m125 player 10: (45.060 -72.050 -0.070) h1.00/1.00 g0/0 w a153/1 f153 l153/1 as139/120 st6 thr1.00 501:0 s0 k0 d0 f0 t10 m125 player 11: (29.342 -76.297 0.340) h1.00/1.00 g0/0 w a-106/-1 f-106 l-106/-1 as139/120 st7 thr1.00 501:0 s0 k0 d1 f0 t11 m125 player 12: (51.963 -73.009 0.871) h1.00/0.87 g0/0 w a-44/-3 f-48 l-44/-3 as140/120 st20 thr1.00 501:0 s1 k1 d0 f0 t12 m125 player 13: (85.193 -157.745 -0.023) h0.32/0.85 g0/0 w a67/4 f67 l67/4 as139/120 st7 thr1.00 501:0 s2 k2 d0 f0 t13 m124 player 14: (56.231 -91.210 0.084) h0.44/0.00 g0/0 w a95/-1 f95 l95/-1 as139/120 st6 thr1.00 501:0 s0 k0 d0 f0 t14 m124 player 15: (99.361 -169.329 0.174) h1.00/0.86 g0/0 w a67/-4 f67 l67/-4 as139/120 st6 thr1.00 501:0 s0 k0 d0 f0 t15 m124 player 16: (98.324 -147.270 0.100) h1.00/0.80 g0/0 w a-6/-0 f-6 l-6/-0 as139/120 st7 thr1.00 501:0 s0 k0 d0 f0 t16 m124 player 17: (27.058 -85.333 0.335) h0.96/0.00 g0/0 w a-93/10 f-93 l-93/10 as139/120 st7 thr1.00 501:0 s1 k1 d0 f0 t17 m123 player 18
chupathingyce: bots: bot 31 at (96.6 -154.2 0.1) yaw 76 fight, target 16 (seen), shield 0.61, kills 1 deaths 0
chupathingyce: bots: bot 24 inventory slot 1 now weapon ed
chupathingyce: network test: tick 1440 player 0: (97.606 -167.896 0.154) h1.00/1.00 g0/0 w a3/-5 f3 l3/-5 as139/120 st4 thr1.00 501:0 s1 k1 d1 f0 t0 m0 player 1: dead s0 k0 d1 f0 t1 m127 player 2: (90.822 -146.957 0.893) h1.00/0.87 g0/0 w a-150/-10 f-150 l-150/-10 as139/120 st6 thr1.00 501:0 s0 k0 d1 f0 t2 m127 player 3: (19.771 -81.848 2.806) h1.00/1.00 g0/0 w a-34/-18 f-39 l-34/-18 as140/120 st20 thr1.00 501:0 s0 k0 d0 f0 t3 m127 player 4: (107.982 -158.621 0.069) h1.00/1.00 g0/0 w a-163/5 f-163 l-163/5 as139/120 st6 thr1.00 501:0 s0 k0 d0 f0 t4 m127 player 5: (102.091 -160.200 0.679) h0.34/0.86 g0/0 w a-99/-7 f-116 l-99/-7 as140/120 st20 thr1.00 501:0 s0 k0 d0 f0 t5 m126 player 6: dead s1 k1 d1 f0 t6 m126 player 7: (104.051 -148.267 0.260) h1.00/0.04 g0/0 w a176/-3 f176 l176/-3 as139/120 st7 thr1.00 501:0 s0 k0 d0 f0 t7 m126 player 8: (86.882 -148.887 0.307) h0.97/0.87 g0/0 w a31/6 f31 l31/6 as139/120 st6 thr1.00 501:0 s0 k0 d0 f0 t8 m126 player 9: (28.082 -92.192 0.626) h0.42/0.37 g0/0 w a113/-0 f113 l113/-0 as139/120 st7 thr1.00 501:0 s0 k0 d0 f0 t9 m125 player 10: (45.064 -71.896 -0.046) h1.00/1.00 g0/0 w a163/5 f163 l163/5 as139/120 st7 thr1.00 501:0 s0 k0 d0 f0 t10 m125 player 11: (28.067 -76.022 0.328) h1.00/1.00 g0/0 w a-105/2 f-105 l-105/2 as139/120 st6 thr1.00 501:0 s0 k0 d1 f0 t11 m125 player 12: (50.983 -73.982 0.162) h1.00/0.99 g0/0 w a-30/2 f-36 l-30/2 as139/120 st6 thr1.00 501:0 s1 k1 d0 f0 t12 m125 player 13: (86.959 -158.097 0.639) h0.32/1.00 g0/0 w a91/-3 f74 l91/-3 as140/120 st20 thr1.00 501:0 s2 k2 d0 f0 t13 m124 player 14: (55.573 -92.521 0.080) h0.44/0.00 g0/0 w a98/0 f98 l98/0 as139/120 st5 thr1.00 501:0 s0 k0 d0 f0 t14 m124 player 15: (99.688 -169.937 0.477) h1.00/1.00 g0/0 w a61/-10 f61 l61/-10 as140/120 st20 thr1.00 501:0 s0 k0 d0 f0 t15 m124 player 16: (98.354 -147.633 0.103) h0.81/0.00 g0/0 w a-7/0 f-7 l-7/0 as139/120 st6 thr1.00 501:0 s0 k0 d0 f0 t16 m124 player 17: (25.262 -85.639 0.766) h0.96/0.00 g0/0 w a-69/-1 f-69 l-69/-1 as139/120 st7 thr1.00 501:0 s1 k1 d0 f0 t17 m123 player 18: (53.725 -8
chupathingyce: bots: bot 1 inventory slot 0 now weapon 501
chupathingyce: bots: bot 6 inventory slot 0 now weapon 501
chupathingyce: bots: bot 25 inventory slot 0 now weapon 501
chupathingyce: network test: tick 1470 player 0: (99.742 -167.546 0.029) h1.00/1.00 g0/0 w a22/-7 f22 l22/-7 as139/120 st4 thr1.00 501:0 s1 k1 d1 f0 t0 m0 player 1: (30.734 -80.970 0.043) h1.00/1.00 g0/0 w a109/0 f109 l109/0 as139/120 st7 thr1.00 501:0 s0 k0 d1 f0 t1 m127 player 2: (91.290 -149.062 1.441) h1.00/0.87 g0/0 w a167/-15 f-164 l167/-15 as140/120 st20 thr1.00 501:0 s0 k0 d1 f0 t2 m127 player 3: (19.671 -82.055 2.573) h1.00/1.00 g0/0 w a-48/-14 f-48 l-48/-14 as139/120 st7 thr1.00 501:0 s0 k0 d0 f0 t3 m127 player 4: (108.118 -159.004 0.618) h1.00/1.00 g0/0 w a-170/-4 f-173 l-170/-4 as140/120 st20 thr1.00 501:0 s0 k0 d0 f0 t4 m127 player 5: (101.170 -160.339 0.131) h0.34/0.86 g0/0 w a-76/-2 f-76 l-76/-2 as139/120 st7 thr1.00 501:0 s0 k0 d0 f0 t5 m126 player 6: (40.317 -90.948 0.095) h1.00/1.00 g0/0 w a179/5 f176 l179/5 as139/120 st4 thr1.00 501:0 s1 k1 d1 f0 t6 m126 player 7: (103.900 -146.330 0.466) h1.00/0.04 g0/0 w a-159/-5 f-159 l-159/-5 as139/120 st7 thr1.00 501:0 s0 k0 d0 f0 t7 m126 player 8: (86.540 -147.892 0.247) h0.97/0.87 g0/0 w a-13/13 f-13 l-13/13 as139/120 st7 thr1.00 501:0 s0 k0 d0 f0 t8 m126 player 9: (29.648 -91.004 1.142) h0.42/0.62 g0/0 w a143/-1 f129 l143/-1 as140/120 st20 thr1.00 501:0 s0 k0 d0 f0 t9 m125 player 10: (45.278 -70.416 0.211) h1.00/1.00 g0/0 w a-176/-1 f-176 l-176/-1 as139/120 st6 thr1.00 501:0 s0 k0 d0 f0 t10 m125 player 11: (29.380 -76.715 0.207) h1.00/1.00 g0/0 w a-72/-4 f-72 l-72/-4 as139/120 st6 thr1.00 501:0 s0 k0 d1 f0 t11 m125 player 12: (52.138 -72.584 0.224) h1.00/1.00 g0/0 w a-53/5 f-53 l-53/5 as139/120 st6 thr1.00 501:0 s1 k1 d0 f0 t12 m125 player 13: (88.441 -157.267 0.100) h0.32/1.00 g0/0 w a101/-0 f101 l101/-0 as139/120 st7 thr1.00 501:0 s2 k2 d0 f0 t13 m124 player 14: (54.899 -94.385 0.005) h0.44/0.04 g0/0 w a97/-0 f97 l97/-0 as139/120 st5 thr1.00 501:0 s0 k0 d0 f0 t14 m124 player 15: (100.639 -171.139 0.384) h1.00/1.00 g0/0 w a69/-8 f61 l69/-8 as140/120 st20 thr1.00 501:0 s0 k0 d0 f0 t15 m124 player 16: (98.589 -148.703 0.117) h0.81/0.00 g0/0 w a21/1 f21 l21/1 as139/120
chupathingyce: network test: tick 1500 player 0: (100.978 -165.767 0.337) h1.00/1.00 g0/0 w a53/-9 f53 l53/-9 as140/120 st20 thr1.00 501:0 s1 k1 d1 f0 t0 m0 player 1: (30.739 -80.989 0.043) h1.00/0.74 g0/0 w a104/9 f104 l104/9 as139/120 st7 thr1.00 501:0 s0 k0 d1 f0 t1 m127 player 2: (91.190 -150.927 0.723) h1.00/0.87 g0/0 w a167/-8 f167 l167/-8 as139/120 st6 thr1.00 501:0 s0 k0 d1 f0 t2 m127 player 3: (18.222 -83.319 3.106) h1.00/1.00 g0/0 w a-48/-14 f-48 l-48/-14 as139/120 st7 thr1.00 501:0 s0 k0 d0 f0 t3 m127 player 4: (108.118 -158.551 0.065) h1.00/1.00 g0/0 w a-167/-0 f-167 l-167/-0 as139/120 st6 thr1.00 501:0 s0 k0 d0 f0 t4 m127 player 5: (101.451 -159.913 0.144) h0.30/0.00 g0/0 w a-95/-0 f-95 l-95/-0 as139/120 st5 thr1.00 501:0 s1 k1 d0 f0 t5 m126 player 6: (39.696 -89.265 0.088) h1.00/1.00 g0/0 w a133/-3 f133 l133/-3 as139/120 st7 thr1.00 501:0 s1 k1 d1 f0 t6 m126 player 7: (102.694 -144.759 1.057) h1.00/0.04 g0/0 w a-133/-10 f-147 l-133/-10 as140/120 st20 thr1.00 501:0 s0 k0 d0 f0 t7 m126 player 8: (86.228 -149.628 0.206) h0.97/0.87 g0/0 w a-14/5 f-14 l-14/5 as140/120 st20 thr1.00 501:0 s0 k0 d0 f0 t8 m126 player 9: (30.488 -89.563 0.139) h0.42/0.87 g0/0 w a173/8 f140 l173/8 as139/120 st6 thr1.00 501:0 s0 k0 d0 f0 t9 m125 player 10: (45.236 -70.608 0.179) h1.00/1.00 g0/0 w a-166/-2 f-166 l-166/-2 as139/120 st7 thr1.00 501:0 s0 k0 d0 f0 t10 m125 player 11: (29.673 -76.664 0.800) h1.00/0.72 g0/0 w a-76/-13 f-76 l-76/-13 as140/120 st20 thr1.00 501:0 s0 k0 d1 f0 t11 m125 player 12: (52.502 -72.256 0.269) h1.00/1.00 g0/0 w a-72/-2 f-72 l-72/-2 as139/120 st7 thr1.00 501:0 s1 k1 d0 f0 t12 m125 player 13: (90.220 -156.594 0.541) h0.32/1.00 g0/0 w a118/-3 f116 l118/-3 as140/120 st20 thr1.00 501:0 s2 k2 d0 f0 t13 m124 player 14: (55.965 -96.036 -0.082) h0.44/0.29 g0/0 w a94/0 f94 l94/0 as139/120 st5 thr1.00 501:0 s0 k0 d0 f0 t14 m124 player 15: (101.983 -171.035 0.281) h1.00/1.00 g0/0 w a102/-3 f102 l102/-3 as139/120 st6 thr1.00 501:0 s0 k0 d0 f0 t15 m124 player 16: (98.561 -149.017 0.112) h0.81/0.00 g0/0 w a45/9 f45 l45/9 as13
chupathingyce: bots: bot 1 at (30.7 -81.0 0.0) yaw 104 fight, target 11 (seen), shield 0.74, kills 0 deaths 1
chupathingyce: bots: bot 2 at (91.1 -151.4 0.6) yaw 162 fight, target 8 (seen), shield 0.87, kills 0 deaths 1
chupathingyce: bots: bot 3 at (17.6 -83.9 3.3) yaw -47 fight, target 17 (seen), shield 1.00, kills 0 deaths 0
chupathingyce: bots: bot 4 at (108.2 -159.9 0.0) yaw 173 fight, target 5 (seen), shield 1.00, kills 0 deaths 0
chupathingyce: bots: bot 24 seeking weapon -441384834
chupathingyce: bots: bot 5 at (101.2 -158.7 0.1) yaw -79 retreat, target 0 (seen), shield 0.00, kills 1 deaths 0
chupathingyce: network test: tick 1530 player 0: (102.038 -163.685 0.138) h1.00/1.00 g0/0 w a92/-6 f53 l92/-6 as140/120 st20 thr1.00 501:0 s1 k1 d1 f0 t0 m0 player 1: (30.787 -81.092 0.043) h1.00/0.46 g0/0 w a95/1 f95 l95/1 as139/120 st7 thr1.00 501:0 s0 k0 d1 f0 t1 m127 player 2: (90.479 -152.990 0.373) h1.00/0.87 g0/0 w a160/-7 f160 l160/-7 as139/120 st6 thr1.00 501:0 s0 k0 d1 f0 t2 m127 player 3: (16.972 -84.541 3.761) h1.00/1.00 g0/0 w a-46/-13 f-46 l-46/-13 as139/120 st7 thr1.00 501:0 s0 k0 d0 f0 t3 m127 player 4: (108.090 -160.522 -0.006) h1.00/1.00 g0/0 w a167/1 f167 l167/1 as139/120 st6 thr1.00 501:0 s0 k0 d0 f0 t4 m127 player 5: (101.174 -158.565 0.150) h0.30/0.00 g0/0 w a-79/1 f-79 l-79/1 as139/120 st5 thr1.00 501:0 s1 k1 d0 f0 t5 m126 player 6: (41.236 -87.752 0.513) h1.00/1.00 g0/0 w a136/4 f136 l136/4 as140/120 st20 thr1.00 501:0 s1 k1 d1 f0 t6 m126 player 7: (102.686 -144.818 0.564) h1.00/0.09 g0/0 w a-135/-7 f-135 l-135/-7 as139/120 st6 thr1.00 501:0 s0 k0 d0 f0 t7 m126 player 8: (85.869 -151.149 -0.016) h0.97/0.87 g0/0 w a-22/3 f-22 l-22/3 as139/120 st6 thr1.00 501:0 s0 k0 d0 f0 t8 m126 player 9: (30.637 -90.317 0.209) h0.42/1.00 g0/0 w a91/-0 f91 l91/-0 as139/120 st4 thr1.00 501:0 s0 k0 d0 f0 t9 m125 player 10: (44.782 -69.567 0.300) h1.00/1.00 g0/0 w a-76/-1 f-76 l-76/-1 as139/120 st4 thr1.00 501:0 s0 k0 d0 f0 t10 m125 player 11: (30.642 -76.541 0.189) h1.00/0.72 g0/0 w a-86/-3 f-86 l-86/-3 as139/120 st6 thr1.00 501:0 s0 k0 d1 f0 t11 m125 player 12: (50.667 -72.929 0.150) h1.00/1.00 g0/0 w a-68/-1 f-68 l-68/-1 as139/120 st7 thr1.00 501:0 s1 k1 d0 f0 t12 m125 player 13: (91.766 -155.485 0.127) h0.32/1.00 g0/0 w a112/1 f116 l112/1 as140/120 st20 thr1.00 501:0 s2 k2 d0 f0 t13 m124 player 14: (57.010 -97.735 -0.057) h0.44/0.54 g0/0 w a91/0 f91 l91/0 as139/120 st5 thr1.00 501:0 s0 k0 d0 f0 t14 m124 player 15: (100.974 -171.112 0.294) h1.00/1.00 g0/0 w a81/-1 f81 l81/-1 as139/120 st7 thr1.00 501:0 s0 k0 d0 f0 t15 m124 player 16: (98.586 -149.038 0.111) h0.81/0.00 g0/0 w a46/3 f46 l46/3 as139/120 st7 thr1.00 501:0 s
chupathingyce: bots: bot 6 at (41.5 -87.5 0.7) yaw 137 fight, target 20 (seen), shield 1.00, kills 1 deaths 1
chupathingyce: bots: bot 7 at (103.3 -145.4 0.5) yaw -135 fight, target 16 (seen), shield 0.19, kills 0 deaths 0
chupathingyce: bots: bot 8 at (86.2 -150.6 0.5) yaw -41 fight, target 2 (seen), shield 0.87, kills 0 deaths 0
chupathingyce: bots: bot 9 at (31.7 -88.7 0.1) yaw 85 fight, target 11 (seen), shield 1.00, kills 0 deaths 0
chupathingyce: network test: tick 1560 player 0: (101.923 -161.294 0.723) h1.00/0.87 g0/0 w a90/-12 f95 l90/-12 as140/120 st20 thr1.00 501:0 s1 k1 d1 f0 t0 m0 player 1: (29.123 -80.509 0.155) h1.00/0.46 g0/0 w a45/-2 f45 l45/-2 as139/120 st7 thr1.00 501:0 s0 k0 d1 f0 t1 m127 player 2: (89.146 -153.423 0.294) h1.00/0.87 g0/0 w a-32/-4 f-32 l-32/-4 as139/120 st7 thr1.00 501:0 s0 k0 d1 f0 t2 m127 player 3: (17.092 -84.431 3.661) h1.00/1.00 g0/0 w a-46/-15 f-46 l-46/-15 as139/120 st6 thr1.00 501:0 s0 k0 d0 f0 t3 m127 player 4: (107.120 -162.242 0.026) h1.00/1.00 g0/0 w a137/-0 f137 l137/-0 as139/120 st6 thr1.00 501:0 s0 k0 d0 f0 t4 m127 player 5: (101.887 -156.762 0.095) h0.30/0.00 g0/0 w a-90/7 f-90 l-90/7 as139/120 st5 thr1.00 501:0 s1 k1 d0 f0 t5 m126 player 6: (42.636 -86.113 0.206) h1.00/1.00 g0/0 w a151/-6 f136 l151/-6 as140/120 st20 thr1.00 501:0 s1 k1 d1 f0 t6 m126 player 7: (104.124 -146.207 0.494) h1.00/0.34 g0/0 w a-134/-7 f-134 l-134/-7 as139/120 st6 thr1.00 501:0 s0 k0 d0 f0 t7 m126 player 8: (86.568 -150.070 0.641) h0.97/0.87 g0/0 w a-48/-6 f-33 l-48/-6 as140/120 st20 thr1.00 501:0 s0 k0 d0 f0 t8 m126 player 9: (31.826 -88.503 0.059) h0.42/1.00 g0/0 w a85/-0 f85 l85/-0 as139/120 st4 thr1.00 501:0 s0 k0 d0 f0 t9 m125 player 10: (46.200 -69.995 0.244) h1.00/1.00 g0/0 w a-46/-4 f-46 l-46/-4 as139/120 st7 thr1.00 501:0 s0 k0 d0 f0 t10 m125 player 11: (32.585 -77.148 0.160) h1.00/0.72 g0/0 w a-135/-1 f-135 l-135/-1 as139/120 st7 thr1.00 501:0 s0 k0 d1 f0 t11 m125 player 12: (49.428 -73.517 0.081) h1.00/1.00 g0/0 w a-52/-1 f-52 l-52/-1 as139/120 st6 thr1.00 501:0 s1 k1 d0 f0 t12 m125 player 13: (92.137 -155.239 0.235) h0.32/0.87 g0/0 w a148/-1 f145 l148/-1 as140/120 st20 thr1.00 501:0 s2 k2 d0 f0 t13 m124 player 14: (56.620 -99.464 -0.046) h0.44/0.79 g0/0 w a89/0 f89 l89/0 as139/120 st5 thr1.00 501:0 s0 k0 d0 f0 t14 m124 player 15: (102.965 -171.154 0.334) h1.00/1.00 g0/0 w a95/2 f95 l95/2 as139/120 st7 thr1.00 501:0 s0 k0 d0 f0 t15 m124 player 16: (100.023 -150.424 -0.001) h0.81/0.00 g0/0 w a47/4 f47 l47/4 as139/120 st7 t
chupathingyce: bots: bot 10 at (46.3 -69.9 0.3) yaw -46 fight, target 12 (seen), shield 1.00, kills 0 deaths 0
chupathingyce: bots: bot 27 inventory slot 0 now weapon 501
chupathingyce: bots: bot 11 at (32.5 -77.0 0.5) yaw -134 fight, target 1 (seen), shield 0.00, kills 0 deaths 1
chupathingyce: bots: bot 12 at (49.8 -73.2 0.1) yaw -48 fight, target 23 (seen), shield 1.00, kills 1 deaths 0
chupathingyce: bots: bot 13 at (92.3 -154.2 0.1) yaw -167 fight, target 2 (seen), shield 0.62, kills 2 deaths 0
chupathingyce: network test: tick 1590 player 0: (101.801 -158.872 0.250) h0.96/0.00 g0/0 w a97/-9 f97 l97/-9 as139/120 st4 thr1.00 501:0 s1 k1 d1 f0 t0 m0 player 1: (29.650 -81.122 0.768) h1.00/0.46 g0/0 w a60/-2 f46 l60/-2 as140/120 st20 thr1.00 501:0 s0 k0 d1 f0 t1 m127 player 2: (88.685 -155.391 0.609) h1.00/0.87 g0/0 w a19/-9 f3 l19/-9 as140/120 st20 thr1.00 501:0 s0 k0 d1 f0 t2 m127 player 3: (17.278 -84.352 3.518) h1.00/1.00 g0/0 w a-38/-16 f-38 l-38/-16 as139/120 st6 thr1.00 501:0 s0 k0 d0 f0 t3 m127 player 4: (105.651 -163.428 0.024) h1.00/1.00 g0/0 w a120/-1 f120 l120/-1 as139/120 st6 thr1.00 501:0 s0 k0 d0 f0 t4 m127 player 5: (100.837 -155.168 -0.003) h0.16/0.00 g0/0 w a-77/0 f-77 l-77/0 as139/120 st9 thr1.00 501:0 s1 k1 d0 f0 t5 m126 player 6: (42.456 -84.132 0.142) h1.00/1.00 g0/0 w a-144/6 f-144 l-144/6 as139/120 st7 thr1.00 501:0 s1 k1 d1 f0 t6 m126 player 7: (105.307 -147.357 0.937) h1.00/0.38 g0/0 w a-131/-12 f-134 l-131/-12 as140/120 st20 thr1.00 501:0 s0 k0 d0 f0 t7 m126 player 8: (88.263 -149.317 0.686) h0.97/0.88 g0/0 w a-84/-3 f-84 l-84/-3 as139/120 st6 thr1.00 501:0 s0 k0 d0 f0 t8 m126 player 9: (31.811 -86.668 0.014) h0.42/1.00 g0/0 w a89/3 f89 l89/3 as139/120 st4 thr1.00 501:0 s0 k0 d0 f0 t9 m125 player 10: (45.386 -71.076 0.865) h1.00/1.00 g0/0 w a-36/-11 f-37 l-36/-11 as140/120 st20 thr1.00 501:0 s0 k0 d0 f0 t10 m125 player 11: (32.047 -76.508 0.751) h0.87/0.00 g0/0 w a-118/-1 f-110 l-118/-1 as140/120 st20 thr1.00 501:0 s0 k0 d1 f0 t11 m125 player 12: (49.296 -73.845 0.086) h1.00/1.00 g0/0 w a-33/-1 f-33 l-33/-1 as139/120 st7 thr1.00 501:0 s1 k1 d0 f0 t12 m125 player 13: (92.277 -153.929 0.104) h0.32/0.62 g0/0 w a-160/6 f-160 l-160/6 as139/120 st7 thr1.00 501:0 s2 k2 d0 f0 t13 m124 player 14: (57.025 -98.979 0.070) h0.44/1.00 g0/0 w a90/2 f90 l90/2 as139/120 st4 thr1.00 501:0 s0 k0 d0 f0 t14 m124 player 15: (104.604 -170.663 0.815) h1.00/1.00 g0/0 w a103/-3 f96 l103/-3 as140/120 st20 thr1.00 501:0 s0 k0 d0 f0 t15 m124 player 16: (101.467 -151.788 -0.060) h0.81/0.00 g0/0 w a49/9 f49 l49/9 as139/120 s
chupathingyce: bots: bot 14 at (57.1 -98.9 0.1) yaw 90 fight, target 18 (seen), shield 1.00, kills 0 deaths 0
chupathingyce: bots: bot 15 at (104.9 -170.4 0.4) yaw 105 fight, target 0 (seen), shield 1.00, kills 0 deaths 0
chupathingyce: bots: bot 24 inventory slot 1 now weapon 396
chupathingyce: bots: bot 16 at (101.4 -151.9 -0.1) yaw 44 retreat, target 7 (seen), shield 0.00, kills 0 deaths 0
chupathingyce: bots: bot 17 at (25.7 -90.0 1.7) yaw 65 fight, target 1 (seen), shield 0.38, kills 1 deaths 0
chupathingyce: bots: bot 18 at (58.6 -78.0 0.4) yaw 139 fight, target 23 (seen), shield 0.83, kills 0 deaths 1
chupathingyce: network test: tick 1620 player 0: (101.068 -156.618 0.585) h0.83/0.00 g0/0 w a121/-15 f99 l121/-15 as140/120 st20 thr1.00 501:0 s1 k1 d1 f0 t0 m0 player 1: (29.187 -81.061 0.167) h1.00/0.46 g0/0 w a53/-2 f53 l53/-2 as139/120 st6 thr1.00 501:0 s0 k0 d1 f0 t1 m127 player 2: (89.469 -157.284 0.112) h1.00/1.00 g0/0 w a69/1 f26 l69/1 as139/120 st7 thr1.00 501:0 s0 k0 d1 f0 t2 m127 player 3: (18.305 -83.380 3.079) h1.00/1.00 g0/0 w a-41/-8 f-41 l-41/-8 as139/120 st4 thr1.00 501:0 s0 k0 d0 f0 t3 m127 player 4: (104.091 -163.135 0.611) h1.00/1.00 g0/0 w a116/-4 f116 l116/-4 as140/120 st20 thr1.00 501:0 s0 k0 d0 f0 t4 m127 player 5: (99.405 -154.019 -0.018) h0.04/0.00 g0/0 w a-58/11 f-59 l-58/11 as139/120 st9 thr1.00 501:0 s1 k1 d0 f0 t5 m126 player 6: (42.010 -84.322 0.134) h1.00/0.87 g0/0 w a-144/-1 f-144 l-144/-1 as139/120 st7 thr1.00 501:0 s1 k1 d1 f0 t6 m126 player 7: (105.678 -147.547 0.361) h1.00/0.25 g0/0 w a-93/-3 f-93 l-93/-3 as139/120 st6 thr1.00 501:0 s1 k1 d0 f0 t7 m126 player 8: (90.188 -149.323 0.896) h0.97/1.00 g0/0 w a-75/-11 f-75 l-75/-11 as139/120 st7 thr1.00 501:0 s0 k0 d0 f0 t8 m126 player 9: (30.661 -85.102 0.585) h0.42/1.00 g0/0 w a110/-8 f88 l110/-8 as140/120 st20 thr1.00 501:0 s0 k0 d0 f0 t9 m125 player 10: (44.249 -72.712 -0.051) h1.00/1.00 g0/0 w a-34/1 f-37 l-34/1 as140/120 st21 thr1.00 501:0 s0 k0 d0 f0 t10 m125 player 11: (32.656 -76.643 0.147) h0.87/0.00 g0/0 w a-126/-2 f-126 l-126/-2 as139/120 st7 thr1.00 501:0 s0 k0 d1 f0 t11 m125 player 12: (48.869 -75.725 0.140) h1.00/1.00 g0/0 w a5/0 f5 l5/0 as139/120 st7 thr1.00 501:0 s1 k1 d0 f0 t12 m125 player 13: (90.975 -152.681 0.374) h0.32/0.62 g0/0 w a-112/-4 f-112 l-112/-4 as139/120 st7 thr1.00 501:0 s2 k2 d0 f0 t13 m124 player 14: (57.397 -97.148 0.160) h0.44/1.00 g0/0 w a86/1 f86 l86/1 as139/120 st4 thr1.00 501:0 s0 k0 d0 f0 t14 m124 player 15: (105.841 -169.599 0.100) h1.00/1.00 g0/0 w a102/3 f102 l102/3 as139/120 st7 thr1.00 501:0 s0 k0 d0 f0 t15 m124 player 16: (101.324 -151.845 -0.062) h0.67/0.00 g0/0 w a-131/-3 f-102 l-131/-3 as139/120 
chupathingyce: bots: bot 19 at (80.4 -163.0 0.1) yaw 47 fight, target 27 (seen), shield 1.00, kills 0 deaths 0
chupathingyce: bots: bot 20 at (39.2 -87.4 0.2) yaw 48 fight, target 6 (seen), shield 0.48, kills 0 deaths 0
chupathingyce: bots: bot 21 at (97.8 -147.9 0.1) yaw -165 fight, target 31 (seen), shield 1.00, kills 0 deaths 0
chupathingyce: bots: bot 22 at (103.5 -156.8 0.8) yaw 97 fight, target 16 (seen), shield 1.00, kills 0 deaths 1
chupathingyce: network test: tick 1650 player 0: (99.702 -154.831 0.044) h0.70/0.00 g0/0 w a116/-13 f116 l116/-13 as139/120 st8 thr1.00 501:0 s1 k1 d1 f0 t0 m0 player 1: (27.623 -79.661 0.293) h1.00/0.32 g0/0 w a48/-2 f48 l48/-2 as139/120 st6 thr1.00 501:0 s0 k0 d1 f0 t1 m127 player 2: (90.668 -156.899 0.374) h1.00/1.00 g0/0 w a107/1 f107 l107/1 as140/120 st20 thr1.00 501:0 s0 k0 d1 f0 t2 m127 player 3: (19.656 -84.515 2.639) h1.00/1.00 g0/0 w a-36/-13 f-36 l-36/-13 as139/120 st4 thr1.00 501:0 s0 k0 d0 f0 t3 m127 player 4: (102.802 -161.731 0.087) h1.00/1.00 g0/0 w a114/-1 f114 l114/-1 as139/120 st4 thr1.00 501:0 s0 k0 d0 f0 t4 m127 player 5: (98.612 -152.507 -0.036) h0.04/0.00 g0/0 w a-65/-2 f-65 l-65/-2 as139/120 st5 thr1.00 501:0 s1 k1 d0 f0 t5 m126 player 6: (42.035 -84.763 0.133) h1.00/0.73 g0/0 w a-119/-3 f-119 l-119/-3 as139/120 st6 thr1.00 501:0 s1 k1 d1 f0 t6 m126 player 7: (107.551 -148.008 0.099) h1.00/0.25 g0/0 w a-115/3 f-115 l-115/3 as139/120 st6 thr1.00 501:0 s1 k1 d0 f0 t7 m126 player 8: (89.928 -149.413 1.458) h0.97/1.00 g0/0 w a-102/-19 f-85 l-102/-19 as140/120 st20 thr1.00 501:0 s0 k0 d0 f0 t8 m126 player 9: (31.137 -83.995 0.712) h0.42/1.00 g0/0 w a128/-5 f119 l128/-5 as140/120 st20 thr1.00 501:0 s0 k0 d0 f0 t9 m125 player 10: (43.253 -74.411 0.125) h1.00/1.00 g0/0 w a-28/-1 f-28 l-28/-1 as139/120 st7 thr1.00 501:0 s0 k0 d0 f0 t10 m125 player 11: (31.514 -75.573 0.330) h0.87/0.00 g0/0 w a-133/-2 f-133 l-133/-2 as139/120 st6 thr1.00 501:0 s0 k0 d1 f0 t11 m125 player 12: (49.441 -77.585 0.134) h1.00/1.00 g0/0 w a27/0 f27 l27/0 as139/120 st7 thr1.00 501:0 s1 k1 d0 f0 t12 m125 player 13: (89.105 -152.721 0.449) h0.32/0.62 g0/0 w a-72/-4 f-72 l-72/-4 as139/120 st7 thr1.00 501:0 s2 k2 d0 f0 t13 m124 player 14: (56.499 -95.168 0.388) h0.44/1.00 g0/0 w a80/1 f87 l80/1 as140/120 st20 thr1.00 501:0 s0 k0 d0 f0 t14 m124 player 15: (107.313 -168.947 0.084) h1.00/1.00 g0/0 w a122/-1 f122 l122/-1 as139/120 st6 thr1.00 501:0 s0 k0 d0 f0 t15 m124 player 16: (102.996 -151.351 0.012) h0.67/0.00 g0/0 w a-163/-2 f-163 l-163/-2
chupathingyce: bots: bot 23 at (56.2 -74.1 0.4) yaw -24 fight, target 18 (seen), shield 0.32, kills 0 deaths 0
chupathingyce: bots: bot 24 at (42.4 -80.2 -0.3) yaw -16 roam, target -1, shield 0.88, kills 0 deaths 0
chupathingyce: bots: bot 25 at (90.3 -163.8 0.1) yaw 166 fight, target 27 (seen), shield 0.59, kills 0 deaths 1
chupathingyce: bots: bot 26 at (49.9 -88.8 0.1) yaw -179 retreat, target 20 (seen), shield 0.35, kills 0 deaths 0
chupathingyce: network test: tick 1680 player 0: (98.960 -153.240 -0.068) h0.29/0.00 g0/0 w a111/-5 f111 l111/-5 as139/120 st4 thr1.00 501:0 s2 k2 d1 f0 t0 m0 player 1: (27.474 -79.807 0.307) h1.00/0.19 g0/0 w a28/-3 f28 l28/-3 as139/120 st6 thr1.00 501:0 s0 k0 d1 f0 t1 m127 player 2: (91.745 -155.720 0.391) h1.00/1.00 g0/0 w a152/-7 f107 l152/-7 as140/120 st20 thr1.00 501:0 s0 k0 d1 f0 t2 m127 player 3: (20.989 -83.267 2.146) h1.00/1.00 g0/0 w a-42/-10 f-42 l-42/-10 as139/120 st6 thr1.00 501:0 s0 k0 d0 f0 t3 m127 player 4: (101.879 -161.047 0.747) h1.00/1.00 g0/0 w a95/-11 f93 l95/-11 as140/120 st20 thr1.00 501:0 s0 k0 d0 f0 t4 m127 player 5: dead s1 k1 d1 f0 t5 m126 player 6: (43.871 -85.891 0.012) h1.00/0.73 g0/0 w a-124/9 f-124 l-124/9 as139/120 st6 thr1.00 501:0 s1 k1 d1 f0 t6 m126 player 7: (108.405 -149.605 0.053) h1.00/0.25 g0/0 w a-147/-2 f-147 l-147/-2 as139/120 st6 thr1.00 501:0 s1 k1 d0 f0 t7 m126 player 8: (88.401 -149.118 0.724) h0.97/0.86 g0/0 w a-101/-11 f-102 l-101/-11 as139/120 st7 thr1.00 501:0 s0 k0 d0 f0 t8 m126 player 9: (32.460 -82.517 -0.036) h0.42/1.00 g0/0 w a149/2 f142 l149/2 as139/120 st7 thr1.00 501:0 s0 k0 d0 f0 t9 m125 player 10: (43.778 -74.272 0.075) h1.00/0.85 g0/0 w a-34/-1 f-34 l-34/-1 as139/120 st6 thr1.00 501:0 s0 k0 d0 f0 t10 m125 player 11: (32.504 -77.093 0.160) h0.87/0.00 g0/0 w a-150/0 f-150 l-150/0 as139/120 st6 thr1.00 501:0 s0 k0 d1 f0 t11 m125 player 12: (50.169 -78.683 0.263) h1.00/0.75 g0/0 w a-81/-4 f-72 l-81/-4 as139/120 st11 thr1.00 501:0 s1 k1 d0 f0 t12 m125 player 13: (87.777 -153.753 0.041) h0.32/0.33 g0/0 w a-29/4 f-29 l-29/4 as139/120 st7 thr1.00 501:0 s2 k2 d0 f0 t13 m124 player 14: (57.037 -93.429 0.495) h0.44/1.00 g0/0 w a147/-3 f145 l147/-3 as140/120 st20 thr1.00 501:0 s0 k0 d0 f0 t14 m124 player 15: (106.040 -169.606 0.099) h1.00/1.00 g0/0 w a114/3 f114 l114/3 as139/120 st7 thr1.00 501:0 s0 k0 d0 f0 t15 m124 player 16: (104.787 -151.707 0.127) h0.67/0.00 g0/0 w a-164/-3 f-164 l-164/-3 as139/120 st5 thr1.00 501:0 s0 k0 d0 f0 t16 m124 player 17: (26.982 -88.605 0.934)
chupathingyce: bots: bot 27 at (85.3 -163.4 0.1) yaw 177 fight, target 19 (seen), shield 0.74, kills 0 deaths 1
chupathingyce: bots: bot 28 at (50.2 -82.2 0.1) yaw 92 fight, target 12 (seen), shield 1.00, kills 1 deaths 0
chupathingyce: bots: bot 24 seeking weapon -441188178
chupathingyce: bots: bot 30 at (41.5 -70.7 0.8) yaw -37 fight, target 10 (seen), shield 1.00, kills 0 deaths 0
chupathingyce: network test: tick 1710 player 0: (98.353 -151.087 0.482) h0.29/0.00 g0/0 w a99/-12 f112 l99/-12 as140/120 st20 thr1.00 501:0 s2 k2 d1 f0 t0 m0 player 1: (27.153 -78.209 0.332) h1.00/0.19 g0/0 w a5/-3 f5 l5/-3 as139/120 st6 thr1.00 501:0 s0 k0 d1 f0 t1 m127 player 2: (91.560 -155.807 0.129) h1.00/1.00 g0/0 w a154/-3 f154 l154/-3 as139/120 st6 thr1.00 501:0 s0 k0 d1 f0 t2 m127 player 3: (22.421 -81.983 1.619) h1.00/1.00 g0/0 w a-55/-9 f-55 l-55/-9 as139/120 st6 thr1.00 501:0 s0 k0 d0 f0 t3 m127 player 4: (100.951 -161.006 0.128) h1.00/1.00 g0/0 w a59/-2 f59 l59/-2 as139/120 st7 thr1.00 501:0 s0 k0 d0 f0 t4 m127 player 5: dead s1 k1 d1 f0 t5 m126 player 6: (43.481 -85.782 0.034) h1.00/0.73 g0/0 w a-110/-0 f-110 l-110/-0 as139/120 st7 thr1.00 501:0 s1 k1 d1 f0 t6 m126 player 7: (108.915 -151.382 0.057) h1.00/0.25 g0/0 w a170/-1 f170 l170/-1 as139/120 st5 thr1.00 501:0 s1 k1 d0 f0 t7 m126 player 8: (86.569 -149.052 0.221) h0.97/0.72 g0/0 w a-89/-6 f-89 l-89/-6 as139/120 st7 thr1.00 501:0 s0 k0 d0 f0 t8 m126 player 9: (33.224 -81.067 0.036) h0.42/1.00 g0/0 w a94/-1 f94 l94/-1 as139/120 st6 thr1.00 501:0 s0 k0 d0 f0 t9 m125 player 10: (45.024 -72.810 -0.088) h1.00/0.85 g0/0 w a-47/5 f-47 l-47/5 as139/120 st7 thr1.00 501:0 s0 k0 d0 f0 t10 m125 player 11: (32.962 -77.777 0.142) h0.87/0.00 g0/0 w a-176/1 f-176 l-176/1 as139/120 st7 thr1.00 501:0 s0 k0 d1 f0 t11 m125 player 12: (49.775 -78.226 0.492) h1.00/0.46 g0/0 w a-101/-10 f-72 l-101/-10 as140/120 st20 thr1.00 501:0 s1 k1 d0 f0 t12 m125 player 13: (86.690 -153.288 -0.014) h0.32/0.19 g0/0 w a-25/0 f-25 l-25/0 as139/120 st5 thr1.00 501:0 s2 k2 d0 f0 t13 m124 player 14: (57.914 -91.640 0.010) h0.44/1.00 g0/0 w a163/-0 f156 l163/-0 as139/120 st7 thr1.00 501:0 s0 k0 d0 f0 t14 m124 player 15: (106.904 -168.562 0.082) h1.00/1.00 g0/0 w a128/-1 f128 l128/-1 as139/120 st6 thr1.00 501:0 s0 k0 d0 f0 t15 m124 player 16: (106.028 -150.686 0.146) h0.54/0.00 g0/0 w a-16/-6 f-94 l-36/-6 as139/120 st5 thr1.00 501:0 s0 k0 d0 f0 t16 m124 player 17: (26.035 -87.474 0.694) h0.96/1.00 g0/
chupathingyce: bots: bot 31 at (90.3 -146.2 1.5) yaw -142 fight, target 8 (seen), shield 0.06, kills 1 deaths 0
chupathingyce: bots: bot 29 inventory slot 0 now weapon 501
chupathingyce: network test: tick 1740 player 0: (98.243 -148.844 0.101) h0.29/0.00 g0/0 w a89/-8 f89 l89/-8 as139/120 st4 thr1.00 501:0 s2 k2 d1 f0 t0 m0 player 1: (27.068 -77.961 0.337) h0.97/0.00 g0/0 w a-2/-3 f-2 l-2/-3 as139/120 st7 thr1.00 501:0 s0 k0 d1 f0 t1 m127 player 2: (90.930 -156.237 0.126) h1.00/1.00 g0/0 w a149/-3 f149 l149/-3 as139/120 st7 thr1.00 501:0 s0 k0 d1 f0 t2 m127 player 3: (23.269 -81.455 1.299) h1.00/1.00 g0/0 w a-53/-6 f-53 l-53/-6 as139/120 st7 thr1.00 501:0 s0 k0 d0 f0 t3 m127 player 4: (102.633 -161.135 0.108) h1.00/0.87 g0/0 w a107/4 f107 l107/4 as139/120 st7 thr1.00 501:0 s0 k0 d0 f0 t4 m127 player 5: dead s1 k1 d1 f0 t5 m126 player 6: (41.443 -85.077 0.738) h1.00/0.73 g0/0 w a-104/-1 f-109 l-104/-1 as140/120 st20 thr1.00 501:0 s1 k1 d1 f0 t6 m126 player 7: (109.168 -149.962 0.042) h1.00/0.25 g0/0 w a-164/-1 f-164 l-164/-1 as139/120 st7 thr1.00 501:0 s1 k1 d0 f0 t7 m126 player 8: (84.602 -149.214 0.011) h0.97/0.72 g0/0 w a-84/-3 f-84 l-84/-3 as139/120 st7 thr1.00 501:0 s0 k0 d0 f0 t8 m126 player 9: (31.416 -80.774 0.663) h0.42/1.00 g0/0 w a45/-11 f80 l45/-11 as140/120 st20 thr1.00 501:0 s0 k0 d0 f0 t9 m125 player 10: (43.880 -73.883 0.044) h1.00/0.85 g0/0 w a-43/-0 f-43 l-43/-0 as139/120 st7 thr1.00 501:0 s0 k0 d0 f0 t10 m125 player 11: (34.395 -78.272 0.116) h0.74/0.00 g0/0 w a176/1 f176 l176/1 as139/120 st5 thr1.00 501:0 s0 k0 d1 f0 t11 m125 player 12: (48.147 -77.744 0.134) h1.00/0.46 g0/0 w a-105/-3 f-105 l-105/-3 as139/120 st7 thr1.00 501:0 s1 k1 d0 f0 t12 m125 player 13: (84.933 -152.858 -0.041) h0.32/0.19 g0/0 w a-32/0 f-32 l-32/0 as139/120 st5 thr1.00 501:0 s2 k2 d0 f0 t13 m124 player 14: (57.339 -92.570 -0.005) h0.44/1.00 g0/0 w a138/0 f138 l138/0 as139/120 st6 thr1.00 501:0 s0 k0 d0 f0 t14 m124 player 15: (105.211 -169.516 0.124) h1.00/1.00 g0/0 w a110/-1 f110 l110/-1 as139/120 st6 thr1.00 501:0 s0 k0 d0 f0 t15 m124 player 16: (104.428 -151.542 0.105) h0.42/0.00 g0/0 w a16/-2 f15 l16/-2 as139/120 st9 thr1.00 501:0 s0 k0 d0 f0 t16 m124 player 17: (27.780 -87.261 0.704) h0.96/1.00 g0/0
chupathingyce: bots: bot 24 inventory slot 1 now weapon 3ed
chupathingyce: bots: bot 5 inventory slot 0 now weapon 501
chupathingyce: network test: tick 1770 player 0: (98.226 -146.796 0.161) h0.04/0.00 g0/0 w a90/-7 f90 l90/-7 as139/120 st4 thr1.00 501:0 s2 k2 d1 f0 t0 m0 player 1: (26.824 -79.030 0.363) h0.72/0.00 g0/0 w a-24/-6 f-24 l-24/-6 as139/120 st5 thr1.00 501:0 s0 k0 d1 f0 t1 m127 player 2: (91.050 -156.228 0.128) h1.00/1.00 g0/0 w a159/-3 f159 l159/-3 as139/120 st6 thr1.00 501:0 s0 k0 d1 f0 t2 m127 player 3: (22.029 -82.929 2.010) h1.00/1.00 g0/0 w a-28/-9 f-29 l-28/-9 as140/120 st20 thr1.00 501:0 s0 k0 d0 f0 t3 m127 player 4: (102.019 -161.477 0.102) h1.00/0.87 g0/0 w a113/-1 f113 l113/-1 as139/120 st6 thr1.00 501:0 s0 k0 d0 f0 t4 m127 player 5: (85.178 -157.738 -0.024) h1.00/1.00 g0/0 w a-35/-0 f-35 l-35/-0 as139/120 st7 thr1.00 501:0 s1 k1 d1 f0 t5 m126 player 6: (40.042 -84.659 0.133) h1.00/0.60 g0/0 w a-78/-2 f-78 l-78/-2 as139/120 st10 thr1.00 501:0 s1 k1 d1 f0 t6 m126 player 7: (109.234 -150.123 0.058) h1.00/0.25 g0/0 w a-167/1 f-167 l-167/1 as139/120 st6 thr1.00 501:0 s1 k1 d0 f0 t7 m126 player 8: (82.616 -149.446 0.429) h0.97/0.72 g0/0 w a-83/-9 f-83 l-83/-9 as140/120 st20 thr1.00 501:0 s0 k0 d0 f0 t8 m126 player 9: (30.619 -80.802 0.046) h0.42/1.00 g0/0 w a37/-1 f37 l37/-1 as139/120 st7 thr1.00 501:0 s0 k0 d0 f0 t9 m125 player 10: (44.249 -73.641 0.004) h1.00/0.70 g0/0 w a-59/-0 f-59 l-59/-0 as139/120 st6 thr1.00 501:0 s0 k0 d0 f0 t10 m125 player 11: (34.813 -77.454 0.127) h0.61/0.00 g0/0 w a-170/0 f-170 l-170/0 as139/120 st5 thr1.00 501:0 s0 k0 d1 f0 t11 m125 player 12: (46.249 -77.268 0.134) h1.00/0.46 g0/0 w a-93/-3 f-93 l-93/-3 as139/120 st7 thr1.00 501:0 s1 k1 d0 f0 t12 m125 player 13: (83.030 -153.087 -0.062) h0.32/0.19 g0/0 w a-22/-0 f-22 l-22/-0 as139/120 st5 thr1.00 501:0 s2 k2 d0 f0 t13 m124 player 14: (55.719 -93.733 0.040) h0.44/1.00 g0/0 w a122/-1 f122 l122/-1 as139/120 st6 thr1.00 501:0 s0 k0 d0 f0 t14 m124 player 15: (106.122 -169.214 0.105) h1.00/1.00 g0/0 w a115/-1 f115 l115/-1 as139/120 st7 thr1.00 501:0 s0 k0 d0 f0 t15 m124 player 16: (103.592 -151.221 0.405) h0.29/0.00 g0/0 w a14/-4 f16 l14/-4 as140/120
chupathingyce: network test: tick 1800 player 0: dead s2 k2 d2 f0 t0 m0 player 1: (25.785 -77.098 0.436) h0.72/0.00 g0/0 w a-37/-5 f-37 l-37/-5 as139/120 st5 thr1.00 501:0 s0 k0 d1 f0 t1 m127 player 2: (90.030 -158.122 0.130) h1.00/1.00 g0/0 w a151/-1 f151 l151/-1 as139/120 st6 thr1.00 501:0 s0 k0 d1 f0 t2 m127 player 3: (21.481 -84.811 2.014) h1.00/1.00 g0/0 w a-9/-12 f-18 l-9/-12 as139/120 st4 thr1.00 501:0 s0 k0 d0 f0 t3 m127 player 4: (101.170 -160.128 0.131) h1.00/0.87 g0/0 w a94/-4 f94 l94/-4 as139/120 st6 thr1.00 501:0 s0 k0 d0 f0 t4 m127 player 5: (84.765 -157.906 -0.037) h1.00/1.00 g0/0 w a-0/-0 f-0 l-0/-0 as139/120 st7 thr1.00 501:0 s1 k1 d1 f0 t5 m126 player 6: (41.157 -84.500 0.134) h1.00/0.47 g0/0 w a-89/-2 f-87 l-89/-2 as139/120 st6 thr1.00 501:0 s1 k1 d1 f0 t6 m126 player 7: (109.318 -149.675 0.054) h1.00/0.46 g0/0 w a-177/1 f-177 l-177/1 as139/120 st7 thr1.00 501:0 s1 k1 d0 f0 t7 m126 player 8: (81.271 -149.662 0.160) h0.97/0.72 g0/0 w a-88/-8 f-83 l-88/-8 as140/120 st20 thr1.00 501:0 s0 k0 d0 f0 t8 m126 player 9: (32.052 -82.102 -0.019) h0.42/1.00 g0/0 w a58/0 f58 l58/0 as139/120 st7 thr1.00 501:0 s0 k0 d0 f0 t9 m125 player 10: (46.188 -73.313 0.543) h1.00/0.70 g0/0 w a-90/-8 f-88 l-90/-8 as140/120 st20 thr1.00 501:0 s0 k0 d0 f0 t10 m125 player 11: (35.797 -75.733 0.131) h0.61/0.00 g0/0 w a-173/1 f-173 l-173/1 as139/120 st5 thr1.00 501:0 s0 k0 d1 f0 t11 m125 player 12: (46.165 -77.023 0.134) h1.00/0.35 g0/0 w a-66/-3 f-65 l-66/-3 as139/120 st6 thr1.00 501:0 s1 k1 d0 f0 t12 m125 player 13: (81.214 -153.212 -0.039) h0.32/0.05 g0/0 w a-27/-1 f-27 l-27/-1 as139/120 st5 thr1.00 501:0 s2 k2 d0 f0 t13 m124 player 14: (53.939 -94.641 0.023) h0.44/1.00 g0/0 w a115/-2 f115 l115/-2 as139/120 st6 thr1.00 501:0 s0 k0 d0 f0 t14 m124 player 15: (107.419 -167.915 0.255) h1.00/1.00 g0/0 w a128/-1 f128 l128/-1 as139/120 st4 thr1.00 501:0 s0 k0 d0 f0 t15 m124 player 16: (103.051 -150.025 0.205) h0.29/0.00 g0/0 w a2/-3 f16 l2/-3 as140/120 st20 thr1.00 501:0 s0 k0 d0 f0 t16 m124 player 17: (31.532 -86.417 0.021) h0.96/1.00 g0/0 w 
chupathingyce: bots: bot 1 at (25.8 -77.1 0.4) yaw -37 retreat, target 9 (seen), shield 0.00, kills 0 deaths 1
chupathingyce: bots: bot 2 at (89.8 -158.6 0.5) yaw 172 fight, target 5 (seen), shield 1.00, kills 0 deaths 1
chupathingyce: bots: bot 3 at (22.2 -85.4 1.7) yaw -5 fight, target 17 (seen), shield 1.00, kills 0 deaths 0
chupathingyce: bots: bot 4 at (101.2 -160.0 0.1) yaw 71 fight, target 22 (seen), shield 0.73, kills 0 deaths 0
chupathingyce: bots: bot 5 at (85.4 -156.7 -0.1) yaw -40 fight, target 2 (seen), shield 1.00, kills 1 deaths 1
chupathingyce: network test: tick 1830 player 0: dead s2 k2 d2 f0 t0 m0 player 1: (25.080 -75.023 0.533) h0.72/0.00 g0/0 w a-50/-3 f-50 l-50/-3 as139/120 st5 thr1.00 501:0 s0 k0 d1 f0 t1 m127 player 2: (89.084 -159.995 0.609) h1.00/1.00 g0/0 w a-120/-22 f150 l-140/-22 as140/120 st20 thr1.00 501:0 s0 k0 d1 f0 t2 m127 player 3: (23.102 -85.868 1.307) h1.00/1.00 g0/0 w a-3/-6 f-3 l-3/-6 as139/120 st4 thr1.00 501:0 s0 k0 d0 f0 t3 m127 player 4: (101.360 -160.007 0.136) h1.00/0.73 g0/0 w a65/-3 f65 l65/-3 as139/120 st7 thr1.00 501:0 s0 k0 d0 f0 t4 m127 player 5: (85.471 -156.572 -0.048) h1.00/1.00 g0/0 w a-40/8 f-40 l-40/8 as139/120 st6 thr1.00 501:0 s1 k1 d1 f0 t5 m126 player 6: (41.253 -84.595 0.134) h1.00/0.47 g0/0 w a-121/-2 f-121 l-121/-2 as139/120 st7 thr1.00 501:0 s1 k1 d1 f0 t6 m126 player 7: (109.187 -147.720 0.032) h1.00/0.71 g0/0 w a-176/6 f-176 l-176/6 as139/120 st7 thr1.00 501:0 s1 k1 d0 f0 t7 m126 player 8: (82.837 -150.168 0.018) h0.97/0.72 g0/0 w a-139/-3 f-139 l-139/-3 as139/120 st6 thr1.00 501:0 s0 k0 d0 f0 t8 m126 player 9: (31.703 -82.991 0.041) h0.42/1.00 g0/0 w a131/1 f131 l131/1 as139/120 st4 thr1.00 501:0 s0 k0 d0 f0 t9 m125 player 10: (47.561 -73.342 -0.032) h1.00/0.70 g0/0 w a-85/-1 f-85 l-85/-1 as139/120 st7 thr1.00 501:0 s0 k0 d0 f0 t10 m125 player 11: (37.266 -74.283 0.132) h0.47/0.00 g0/0 w a-176/1 f-176 l-176/1 as139/120 st5 thr1.00 501:0 s0 k0 d1 f0 t11 m125 player 12: (48.059 -76.950 0.114) h1.00/0.35 g0/0 w a-113/-2 f-113 l-113/-2 as139/120 st6 thr1.00 501:0 s1 k1 d0 f0 t12 m125 player 13: (80.134 -152.282 0.027) h0.13/0.00 g0/0 w a41/-3 f41 l41/-3 as139/120 st5 thr1.00 501:0 s2 k2 d0 f0 t13 m124 player 14: (52.102 -95.433 0.648) h0.44/1.00 g0/0 w a114/-6 f114 l114/-6 as140/120 st20 thr1.00 501:0 s0 k0 d0 f0 t14 m124 player 15: (107.682 -166.003 0.376) h1.00/1.00 g0/0 w a137/-4 f128 l137/-4 as140/120 st20 thr1.00 501:0 s0 k0 d0 f0 t15 m124 player 16: (102.869 -148.144 0.665) h0.15/0.00 g0/0 w a5/-6 f3 l5/-6 as140/120 st20 thr1.00 501:0 s0 k0 d0 f0 t16 m124 player 17: (33.376 -86.385 0.365) h0.96/0.
chupathingyce: bots: bot 6 at (41.0 -84.4 0.1) yaw -122 fight, target 20 (seen), shield 0.47, kills 1 deaths 1
chupathingyce: bots: bot 7 at (109.1 -146.9 0.0) yaw -176 fight, target 16 (seen), shield 0.81, kills 1 deaths 0
chupathingyce: bots: bot 24 seeking weapon -334298974
chupathingyce: bots: bot 8 at (83.5 -151.2 -0.0) yaw -61 fight, target 5 (seen), shield 0.72, kills 1 deaths 0
chupathingyce: bots: bot 9 at (30.0 -82.3 0.2) yaw 127 fight, target 1 (seen), shield 1.00, kills 0 deaths 0
chupathingyce: network test: tick 1860 player 0: dead s2 k2 d2 f0 t0 m0 player 1: (23.496 -73.787 0.620) h0.72/0.00 g0/0 w a-54/-4 f-54 l-54/-4 as139/120 st5 thr1.00 501:0 s0 k0 d1 f0 t1 m127 player 2: (87.999 -160.826 0.119) h1.00/0.87 g0/0 w a-34/-2 f-41 l-34/-2 as139/120 st7 thr1.00 501:0 s0 k0 d1 f0 t2 m127 player 3: (24.955 -84.869 0.787) h1.00/1.00 g0/0 w a-2/-5 f-2 l-2/-5 as139/120 st4 thr1.00 501:0 s0 k0 d0 f0 t3 m127 player 4: (102.075 -160.300 0.126) h1.00/0.60 g0/0 w a55/-2 f55 l55/-2 as139/120 st6 thr1.00 501:0 s0 k0 d0 f0 t4 m127 player 5: (86.655 -155.736 -0.015) h1.00/1.00 g0/0 w a-76/0 f-76 l-76/0 as139/120 st7 thr1.00 501:0 s1 k1 d1 f0 t5 m126 player 6: (39.729 -83.767 -0.004) h1.00/0.47 g0/0 w a-112/1 f-112 l-112/1 as139/120 st7 thr1.00 501:0 s1 k1 d1 f0 t6 m126 player 7: (109.055 -145.770 0.099) h1.00/0.96 g0/0 w a-176/1 f-176 l-176/1 as139/120 st7 thr1.00 501:0 s1 k1 d0 f0 t7 m126 player 8: (83.999 -151.082 -0.023) h0.97/0.72 g0/0 w a-59/-2 f-59 l-59/-2 as139/120 st6 thr1.00 501:0 s1 k1 d0 f0 t8 m126 player 9: (29.683 -82.197 0.170) h0.42/1.00 g0/0 w a127/2 f127 l127/2 as139/120 st4 thr1.00 501:0 s0 k0 d0 f0 t9 m125 player 10: (45.832 -74.182 -0.074) h1.00/0.70 g0/0 w a-49/1 f-49 l-49/1 as139/120 st7 thr1.00 501:0 s0 k0 d0 f0 t10 m125 player 11: (39.281 -73.535 0.143) h0.47/0.00 g0/0 w a-142/2 f-142 l-142/2 as139/120 st5 thr1.00 501:0 s0 k0 d1 f0 t11 m125 player 12: (48.284 -76.979 0.110) h1.00/0.10 g0/0 w a-131/-1 f-131 l-131/-1 as139/120 st7 thr1.00 501:0 s1 k1 d0 f0 t12 m125 player 13: dead s2 k2 d1 f0 t13 m124 player 14: (50.340 -96.230 0.308) h0.44/1.00 g0/0 w a114/-2 f114 l114/-2 as139/120 st6 thr1.00 501:0 s0 k0 d0 f0 t14 m124 player 15: (108.835 -164.409 0.103) h1.00/1.00 g0/0 w a147/-1 f147 l147/-1 as139/120 st7 thr1.00 501:0 s0 k0 d0 f0 t15 m124 player 16: (102.734 -146.265 0.402) h0.01/0.00 g0/0 w a4/-3 f4 l4/-3 as139/120 st6 thr1.00 501:0 s0 k0 d0 f0 t16 m124 player 17: (34.987 -85.488 0.059) h0.96/0.87 g0/0 w a146/-1 f107 l146/-1 as140/120 st20 thr1.00 501:0 s1 k1 d0 f0 t17 m123 player 18: (64.
chupathingyce: bots: bot 10 at (45.7 -74.3 -0.1) yaw -47 fight, target 12 (seen), shield 0.70, kills 0 deaths 0
chupathingyce: bots: bot 11 at (39.7 -73.5 0.1) yaw -144 fight, target 3, shield 0.00, kills 0 deaths 1
chupathingyce: bots: bot 12 at (48.5 -77.1 0.4) yaw -123 fight, target 28 (seen), shield 0.00, kills 1 deaths 0
chupathingyce: bots: bot 24 inventory slot 1 now weapon ed
chupathingyce: network test: tick 1890 player 0: (105.026 -162.209 0.021) h1.00/1.00 g0/0 w a157/-0 f154 l157/-0 as140/120 st0 thr0.00 501:0 s2 k2 d2 f0 t0 m0 player 1: (22.571 -72.106 0.886) h0.72/0.00 g0/0 w a-55/-1 f-55 l-55/-1 as139/120 st5 thr1.00 501:0 s0 k0 d1 f0 t1 m127 player 2: (87.162 -162.844 0.136) h1.00/0.87 g0/0 w a-13/-2 f-13 l-13/-2 as139/120 st7 thr1.00 501:0 s0 k0 d1 f0 t2 m127 player 3: (26.139 -85.620 0.570) h1.00/1.00 g0/0 w a34/-0 f34 l34/-0 as139/120 st6 thr1.00 501:0 s0 k0 d0 f0 t3 m127 player 4: (100.813 -159.339 0.134) h1.00/0.35 g0/0 w a52/-1 f51 l52/-1 as139/120 st10 thr1.00 501:0 s0 k0 d0 f0 t4 m127 player 5: (84.619 -156.269 -0.080) h1.00/1.00 g0/0 w a-113/-0 f-113 l-113/-0 as139/120 st7 thr1.00 501:0 s1 k1 d1 f0 t5 m126 player 6: (40.063 -83.481 -0.057) h1.00/0.33 g0/0 w a-114/1 f-114 l-114/1 as139/120 st6 thr1.00 501:0 s1 k1 d1 f0 t6 m126 player 7: (108.897 -143.817 0.663) h1.00/1.00 g0/0 w a-177/-2 f-176 l-177/-2 as140/120 st20 thr1.00 501:0 s1 k1 d0 f0 t7 m126 player 8: (83.279 -151.162 0.514) h0.97/0.79 g0/0 w a-77/-8 f-76 l-77/-8 as140/120 st20 thr1.00 501:0 s1 k1 d0 f0 t8 m126 player 9: (29.884 -83.071 0.732) h0.42/1.00 g0/0 w a-144/-2 f-144 l-144/-2 as140/120 st20 thr1.00 501:0 s0 k0 d0 f0 t9 m125 player 10: (46.011 -73.941 -0.071) h1.00/0.70 g0/0 w a-49/8 f-49 l-49/8 as139/120 st6 thr1.00 501:0 s0 k0 d0 f0 t10 m125 player 11: (39.144 -73.777 0.133) h0.47/0.00 g0/0 w a-142/2 f-142 l-142/2 as139/120 st4 thr1.00 501:0 s0 k0 d1 f0 t11 m125 player 12: (49.102 -77.487 0.752) h0.87/0.00 g0/0 w a-122/-10 f-123 l-122/-10 as140/120 st20 thr1.00 501:0 s1 k1 d0 f0 t12 m125 player 13: dead s2 k2 d1 f0 t13 m124 player 14: (51.271 -95.517 0.053) h0.44/1.00 g0/0 w a136/3 f136 l136/3 as139/120 st7 thr1.00 501:0 s0 k0 d0 f0 t14 m124 player 15: (109.608 -162.895 0.082) h1.00/1.00 g0/0 w a157/-1 f157 l157/-1 as139/120 st6 thr1.00 501:0 s0 k0 d0 f0 t15 m124 player 16: (102.582 -144.287 0.646) h0.01/0.00 g0/0 w a3/-1 f3 l3/-1 as139/120 st6 thr1.00 501:0 s0 k0 d0 f0 t16 m124 player 17: (34.475 -86.574 -0.076) 
chupathingyce: bots: bot 14 at (51.3 -95.5 0.1) yaw 140 fight, target 26 (seen), shield 1.00, kills 0 deaths 0
chupathingyce: bots: bot 15 at (109.5 -163.3 0.1) yaw 167 fight, target 0 (seen), shield 1.00, kills 0 deaths 0
chupathingyce: bots: bot 16 at (102.5 -143.3 0.8) yaw 3 fight, target 7 (seen), shield 0.00, kills 0 deaths 0
chupathingyce: exiting after debug.exit_after
chupathingyce: frame stats: 30999 frames written to /tmp/jobsbench/lobby_p32_off/frames.csv
