chupathingyce: settings: /tmp/jobsbench/lobby_p32_parallel/saves/config.toml
chupathingyce: settings: added graphics.texture_cache_mb (new in this version) at its default
chupathingyce: save root: /tmp/jobsbench/lobby_p32_parallel/saves
chupathingyce: data root: /Users/noahlopez/Library/Application Support/ChupathingyCE (the game's log: debug.txt there)
chupathingyce: ChupathingyCE 0.7.1d-dev (dev, debug config, commit 80b829aa, built 2026-10-09) macOS arm64
chupathingyce: OpenCE network version 24 (joins 11-24); Delta 1, wire chupa-24a, legacy table: built in; protocol auto
chupathingyce: Following OpenCE network version 24 (built in)
chupathingyce: features: infection off, bots on
chupathingyce: anti-aliasing: off
chupathingyce: screen: 640x480 drawn at 1280x960
chupathingyce: OpenGL 4.1 Metal - 90.5 on Apple M2 Pro
chupathingyce: cannot map the visibility test results; tests read their queries
chupathingyce: shader cache: 105 shaders and 93 programs made ready in 269 ms (/tmp/jobsbench/lobby_p32_parallel/saves/shader_cache.bin)
chupathingyce: screen: 738x480 drawn at 2560x1662
chupathingyce: high-res hud: 69 of 104 bitmaps in this map (35 not in it)
chupathingyce: Delta: legacy table 5 from Delta List: announcing 25, joining 11 to 25; following OpenCE build-169
chupathingyce: network test: host:bloodgulch:slayer
chupathingyce: high-res text: ui\small_ui drawn with Overpass-750.ttf
chupathingyce: jobs: parallel, 2 workers (8 performance cores), 130 KiB of graph arenas
chupathingyce: network test: hosting bloodgulch
chupathingyce: Delta Peer: hosting with Delta on port 5160
chupathingyce: Delta Peer: every machine of the game shares capabilities 0x13
chupathingyce: high-res text: ui\large_ui drawn with Overpass-900.ttf
chupathingyce: network test: game 1, slayer
chupathingyce: network test: starting the game
chupathingyce: high-res hud: 70 of 104 bitmaps in this map (34 not in it)
chupathingyce: shadow maps: 128x128
chupathingyce: network test: player 0 is named Player
chupathingyce: network test: tick 30 player 0: (37.003 -90.201 0.061) h1.00/1.00 g0/0 w a2/-8 f3 l2/-8 as139/120 st4 thr1.00 501:0 s0 k0 d0 f0 t0 m0 | items 35 (+41 -0 !0 x0) | playing to 15 | sent 5 received 3 corrected 0 | hits 0 dealt 0 rejected 0 replayed 0 | local 0 camera (37.0 -90.2 0.7) respawn 0
chupathingyce: bots: Bot 1 joined (spartan)
chupathingyce: bots: bot 1 inventory slot 0 now weapon 501
chupathingyce: bots: navigation graph of 70 nodes and 438 links
chupathingyce: network test: player 1 is named Bot 1
chupathingyce: network test: tick 60 player 0: (38.777 -89.052 0.058) h1.00/1.00 g0/0 w a60/-1 f60 l60/-1 as139/120 st4 thr1.00 501:0 s0 k0 d0 f0 t0 m0 player 1: (96.367 -170.230 0.265) h1.00/1.00 g0/0 w a-155/0 f-155 l-155/0 as139/120 st4 thr1.00 501:0 s0 k0 d0 f0 t1 m127 | items 35 (+43 -0 !0 x0) | playing to 15 | sent 10 received 5 corrected 0 | hits 0 dealt 0 rejected 0 replayed 0 | local 0 camera (38.8 -89.1 0.7) respawn 0
chupathingyce: bots: Bot 2 joined (spartan)
chupathingyce: bots: bot 2 inventory slot 0 now weapon 501
chupathingyce: network test: player 2 is named Bot 2
chupathingyce: network test: tick 90 player 0: (39.371 -86.894 0.219) h1.00/1.00 g0/0 w a77/-7 f77 l77/-7 as139/120 st4 thr1.00 501:0 s0 k0 d0 f0 t0 m0 player 1: (95.053 -169.464 0.196) h1.00/1.00 g0/0 w a146/-1 f146 l146/-1 as139/120 st4 thr1.00 501:0 s0 k0 d0 f0 t1 m127 player 2: (85.403 -163.004 0.408) h1.00/1.00 g0/0 w a-35/-1 f-35 l-35/-1 as140/120 st20 thr1.00 501:0 s0 k0 d0 f0 t2 m127 | items 35 (+45 -0 !0 x0) | playing to 15 | sent 14 received 7 corrected 0 | hits 0 dealt 0 rejected 0 replayed 0 | local 0 camera (39.4 -86.9 0.8) respawn 0
chupathingyce: bots: Bot 3 joined (spartan)
chupathingyce: bots: bot 3 inventory slot 0 now weapon 501
chupathingyce: network test: player 3 is named Bot 3
chupathingyce: network test: tick 120 player 0: (39.829 -84.694 0.133) h1.00/1.00 g0/0 w a81/-13 f81 l81/-13 as139/120 st4 thr1.00 501:0 s0 k0 d0 f0 t0 m0 player 1: (94.175 -167.563 0.786) h1.00/1.00 g0/0 w a160/-4 f149 l160/-4 as140/120 st20 thr1.00 501:0 s0 k0 d0 f0 t1 m127 player 2: (86.283 -164.907 0.316) h1.00/1.00 g0/0 w a-19/2 f-35 l-19/2 as140/120 st20 thr1.00 501:0 s0 k0 d0 f0 t2 m127 player 3: (52.608 -81.240 0.130) h1.00/1.00 g0/0 w a61/0 f61 l61/0 as139/120 st4 thr1.00 501:0 s0 k0 d0 f0 t3 m127 | items 35 (+47 -0 !0 x0) | playing to 15 | sent 19 received 9 corrected 0 | hits 0 dealt 0 rejected 0 replayed 0 | local 0 camera (39.8 -84.7 0.8) respawn 0
chupathingyce: bots: Bot 4 joined (spartan)
chupathingyce: bots: bot 4 inventory slot 0 now weapon 501
chupathingyce: bots: bot 4 seeking vehicle -496041984
chupathingyce: network test: player 4 is named Bot 4
chupathingyce: network test: tick 150 player 0: (40.157 -82.490 -0.242) h1.00/1.00 g0/0 w a80/-13 f80 l80/-13 as139/120 st4 thr1.00 501:0 s0 k0 d0 f0 t0 m0 player 1: (94.109 -165.624 0.100) h1.00/1.00 g0/0 w a178/-0 f178 l178/-0 as139/120 st7 thr1.00 501:0 s0 k0 d0 f0 t1 m127 player 2: (86.237 -165.237 0.125) h1.00/1.00 g0/0 w a-3/-2 f-3 l-3/-2 as139/120 st6 thr1.00 501:0 s0 k0 d0 f0 t2 m127 player 3: (53.699 -79.273 0.178) h1.00/1.00 g0/0 w a61/0 f61 l61/0 as139/120 st4 thr1.00 501:0 s0 k0 d0 f0 t3 m127 player 4: (29.309 -82.362 0.205) h1.00/1.00 g0/0 w a-88/0 f-88 l-88/0 as139/120 st4 thr1.00 501:0 s0 k0 d0 f0 t4 m127 | items 35 (+49 -0 !0 x0) | playing to 15 | sent 23 received 11 corrected 0 | hits 0 dealt 0 rejected 0 replayed 0 | local 0 camera (40.2 -82.5 0.4) respawn 0
chupathingyce: bots: Bot 5 joined (spartan)
chupathingyce: bots: bot 5 inventory slot 0 now weapon 501
chupathingyce: bots: bot 5 seeking vehicle -495910910
chupathingyce: network test: player 5 is named Bot 5
chupathingyce: network test: tick 180 player 0: (41.661 -81.184 -0.287) h1.00/1.00 g0/0 w a61/-19 f61 l61/-19 as139/120 st4 thr1.00 501:0 s0 k0 d0 f0 t0 m0 player 1: (93.733 -164.826 0.129) h1.00/1.00 g0/0 w a175/-1 f175 l175/-1 as139/120 st7 thr1.00 501:0 s0 k0 d0 f0 t1 m127 player 2: (86.268 -164.336 0.126) h1.00/1.00 g0/0 w a-4/-2 f-4 l-4/-2 as139/120 st7 thr1.00 501:0 s0 k0 d0 f0 t2 m127 player 3: (54.787 -77.307 0.142) h1.00/1.00 g0/0 w a61/0 f61 l61/0 as139/120 st4 thr1.00 501:0 s0 k0 d0 f0 t3 m127 player 4: (29.385 -84.611 0.178) h1.00/1.00 g0/0 w a-88/0 f-88 l-88/0 as139/120 st4 thr1.00 501:0 s0 k0 d0 f0 t4 m127 player 5: (105.350 -156.866 0.220) h1.00/1.00 g0/0 w a107/0 f107 l107/0 as139/120 st4 thr1.00 501:0 s0 k0 d0 f0 t5 m126 | items 35 (+51 -0 !0 x0) | playing to 15 | sent 28 received 13 corrected 0 | hits 0 dealt 0 rejected 0 replayed 0 | local 0 camera (41.7 -81.2 0.3) respawn 0
chupathingyce: bots: Bot 6 joined (spartan)
chupathingyce: bots: bot 6 inventory slot 0 now weapon 501
chupathingyce: network test: player 6 is named Bot 6
chupathingyce: network test: tick 210 player 0: (41.867 -79.322 -0.287) h1.00/1.00 g0/0 w a90/-18 f90 l90/-18 as160/120 st4 thr1.00 501:0 396:24 s0 k0 d0 f0 t0 m0 player 1: (92.955 -164.497 0.129) h1.00/0.00 g0/0 w a-167/-1 f-167 l-167/-1 as139/120 st7 thr1.00 501:0 s0 k0 d0 f0 t1 m127 player 2: (86.431 -166.320 0.122) h1.00/1.00 g0/0 w a14/-1 f14 l14/-1 as139/120 st7 thr1.00 501:0 s0 k0 d0 f0 t2 m127 player 3: (55.877 -75.343 0.267) h1.00/1.00 g0/0 w a61/0 f61 l61/0 as139/120 st4 thr1.00 501:0 s0 k0 d0 f0 t3 m127 player 4: (29.462 -86.859 0.138) h1.00/1.00 g0/0 w a-88/0 f-88 l-88/0 as139/120 st4 thr1.00 501:0 s0 k0 d0 f0 t4 m127 player 5: (104.498 -155.040 0.484) h1.00/1.00 g0/0 w a155/-1 f155 l155/-1 as140/120 st20 thr1.00 501:0 s0 k0 d0 f0 t5 m126 player 6: (92.778 -149.806 0.374) h1.00/1.00 g0/0 w a-24/-0 f-24 l-24/-0 as139/120 st4 thr1.00 501:0 s0 k0 d0 f0 t6 m126 | items 34 (+53 -0 !0 x0) | playing to 15 | sent 32 received 15 corrected 0 | hits 0 dealt 0 rejected 0 replayed 0 | local 0 camera (41.9 -79.3 0.3) respawn 0
chupathingyce: bots: Bot 7 joined (spartan)
chupathingyce: bots: bot 7 inventory slot 0 now weapon 501
chupathingyce: network test: player 7 is named Bot 7
chupathingyce: network test: tick 240 player 0: (42.008 -77.237 -0.287) h1.00/1.00 g0/0 w a125/-11 f125 l125/-11 as160/120 st4 thr1.00 501:0 396:24 s0 k0 d0 f0 t0 m0 player 1: (91.687 -163.481 0.141) h1.00/0.00 g0/0 w a-135/-1 f-135 l-135/-1 as139/120 st7 thr1.00 501:0 s0 k0 d0 f0 t1 m127 player 2: (87.290 -167.987 0.097) h1.00/1.00 g0/0 w a44/-1 f44 l44/-1 as139/120 st6 thr1.00 501:0 s0 k0 d0 f0 t2 m127 player 3: (56.964 -73.383 0.454) h1.00/1.00 g0/0 w a61/0 f61 l61/0 as139/120 st4 thr1.00 501:0 s0 k0 d0 f0 t3 m127 player 4: (29.523 -88.660 0.106) h1.00/1.00 g0/0 w a-88/0 f-88 l-88/0 as139/120 st4 thr0.35 501:0 s0 k0 d0 f0 t4 m127 player 5: (102.840 -154.601 0.285) h1.00/0.87 g0/0 w a161/2 f155 l161/2 as140/120 st20 thr1.00 501:0 s0 k0 d0 f0 t5 m126 player 6: (94.076 -151.496 0.860) h1.00/1.00 g0/0 w a-19/-4 f-24 l-19/-4 as140/120 st20 thr1.00 501:0 s0 k0 d0 f0 t6 m126 player 7: (37.682 -68.226 0.264) h1.00/1.00 g0/0 w a-17/-0 f-17 l-17/-0 as139/120 st4 thr1.00 501:0 s0 k0 d0 f0 t7 m126 | items 34 (+55 -0 !0 x0) | playing to 15 | sent 40 received 17 corrected 0 | hits 0 dealt 0 rejected 0 replayed 0 | local 0 camera (42.0 -77.2 0.3) respawn 0
chupathingyce: bots: Bot 8 joined (spartan)
chupathingyce: bots: bot 4 entered vehicle -496041984 seat 0
chupathingyce: bots: bot 8 inventory slot 0 now weapon 501
chupathingyce: network test: player 8 is named Bot 8
chupathingyce: network test: tick 270 player 0: (40.420 -76.141 -0.287) h1.00/1.00 g0/0 w a94/7 f94 l94/7 as160/120 st4 thr1.00 501:0 396:24 s0 k0 d0 f0 t0 m0 player 1: (90.306 -162.265 0.146) h1.00/0.00 g0/0 w a-131/-2 f-131 l-131/-2 as139/120 st6 thr1.00 501:0 s0 k0 d0 f0 t1 m127 player 2: (86.031 -166.904 0.116) h1.00/1.00 g0/0 w a49/-2 f49 l49/-2 as139/120 st6 thr1.00 501:0 s0 k0 d0 f0 t2 m127 player 3: (58.050 -71.425 0.676) h1.00/1.00 g0/0 w a61/0 f61 l61/0 as139/120 st4 thr1.00 501:0 s0 k0 d0 f0 t3 m127 player 4: (29.237 -90.643 0.623) h1.00/1.00 riding g0/0 w a4/-0 f0 l4/-0 as139/120 st26 thr0.00 501:0 s0 k0 d0 f0 t4 m127 player 5: (101.823 -155.974 0.011) h1.00/0.87 g0/0 w a149/-1 f149 l149/-1 as139/120 st6 thr1.00 501:0 s0 k0 d0 f0 t5 m126 player 6: (95.220 -151.603 0.078) h1.00/1.00 g0/0 w a-32/-1 f-32 l-32/-1 as139/120 st6 thr1.00 501:0 s0 k0 d0 f0 t6 m126 player 7: (39.673 -68.818 0.379) h1.00/1.00 g0/0 w a-82/-6 f-82 l-82/-6 as139/120 st6 thr1.00 501:0 s0 k0 d0 f0 t7 m126 player 8: (37.001 -90.187 0.061) h1.00/1.00 g0/0 w a41/0 f41 l41/0 as139/120 st4 thr1.00 501:0 s0 k0 d0 f0 t8 m126 | items 34 (+57 -0 !0 x0) | playing to 15 | sent 44 received 19 corrected 0 | hits 0 dealt 0 rejected 0 replayed 0 | local 0 camera (40.4 -76.1 0.3) respawn 0
chupathingyce: bots: Bot 9 joined (spartan)
chupathingyce: bots: bot 9 inventory slot 0 now weapon 501
chupathingyce: network test: player 9 is named Bot 9
chupathingyce: network test: tick 300 player 0: (40.418 -75.611 -0.223) h1.00/0.86 g0/0 w a-30/-12 f-6 l-30/-12 as160/120 st4 thr1.00 501:0 396:24 s0 k0 d0 f0 t0 m0 player 1: (91.118 -163.601 0.133) h0.87/0.00 g0/0 w a-162/-2 f-162 l-162/-2 as139/120 st6 thr1.00 501:0 s0 k0 d0 f0 t1 m127 player 2: (84.922 -165.272 0.109) h1.00/1.00 g0/0 w a19/-1 f19 l19/-1 as139/120 st6 thr1.00 501:0 s0 k0 d0 f0 t2 m127 player 3: (59.129 -69.479 0.999) h1.00/1.00 g0/0 w a61/0 f61 l61/0 as139/120 st4 thr1.00 501:0 s0 k0 d0 f0 t3 m127 player 4: (29.528 -90.650 0.614) h1.00/1.00 riding g0/0 w a29/0 f0 l29/0 as139/120 st26 thr0.50 501:0 s0 k0 d0 f0 t4 m127 player 5: (100.631 -157.255 0.143) h1.00/0.87 g0/0 w a121/1 f121 l121/1 as139/120 st6 thr1.00 501:0 s0 k0 d0 f0 t5 m126 player 6: (96.652 -150.236 0.573) h1.00/1.00 g0/0 w a-59/-4 f-53 l-59/-4 as140/120 st20 thr1.00 501:0 s0 k0 d0 f0 t6 m126 player 7: (41.577 -68.854 1.057) h1.00/1.00 g0/0 w a-99/-12 f-95 l-99/-12 as140/120 st20 thr1.00 501:0 s0 k0 d0 f0 t7 m126 player 8: (39.093 -89.738 0.067) h1.00/1.00 g0/0 w a45/1 f45 l45/1 as139/120 st4 thr1.00 501:0 s0 k0 d0 f0 t8 m126 player 9: (29.609 -76.350 0.308) h1.00/1.00 g0/0 w a24/2 f-20 l24/2 as139/120 st4 thr1.00 501:0 s0 k0 d0 f0 t9 m125 | items 34 (+59 -0 !0 x0) | playing to 15 | sent 55 received 21 corrected 0 | hits 0 dealt 0 rejected 0 replayed 0 | local 0 camera (40.4 -75.6 0.4) respawn 0
chupathingyce: bots: Bot 10 joined (spartan)
chupathingyce: bots: bot 1 at (91.1 -163.6 0.1) yaw -165 fight, target 2 (seen), shield 0.00, kills 0 deaths 0
chupathingyce: bots: bot 2 at (84.8 -164.8 0.1) yaw 6 fight, target 1 (seen), shield 1.00, kills 0 deaths 0
chupathingyce: bots: bot 3 at (59.6 -68.6 1.2) yaw 61 roam, target -1, shield 1.00, kills 0 deaths 0
chupathingyce: bots: bot 4 at (30.4 -90.6 0.7) yaw 92 vehicle, target 9 (seen), shield 1.00, kills 0 deaths 0
chupathingyce: bots: bot 5 at (100.7 -157.4 0.3) yaw 110 fight, target 6 (seen), shield 0.87, kills 0 deaths 0
chupathingyce: network test: player 10 is named Bot 10
chupathingyce: network test: tick 330 player 0: (41.583 -76.947 -0.287) h1.00/0.86 g0/0 w a-89/-4 f-89 l-89/-4 as160/120 st4 thr1.00 501:0 396:24 s0 k0 d0 f0 t0 m0 player 1: (91.096 -165.569 0.094) h0.87/0.00 g0/0 w a162/-1 f162 l162/-1 as139/120 st6 thr1.00 501:0 s0 k0 d0 f0 t1 m127 player 2: (84.889 -163.455 0.108) h1.00/1.00 g0/0 w a-18/-1 f-18 l-18/-1 as139/120 st7 thr1.00 501:0 s0 k0 d0 f0 t2 m127 player 3: (60.208 -67.533 1.336) h1.00/1.00 g0/0 w a61/0 f61 l61/0 as139/120 st4 thr1.00 501:0 s0 k0 d0 f0 t3 m127 player 4: (31.187 -90.669 0.610) h1.00/1.00 riding g0/0 w a90/2 f0 l90/2 as28/120 st0 thr0.50 501:0 s0 k0 d0 f0 t4 m127 player 5: (100.703 -157.429 0.440) h1.00/0.87 g0/0 w a110/-3 f110 l110/-3 as140/120 st20 thr1.00 501:0 s0 k0 d0 f0 t5 m126 player 6: (98.038 -149.463 0.094) h1.00/1.00 g0/0 w a-71/0 f-53 l-71/0 as139/120 st7 thr1.00 501:0 s0 k0 d0 f0 t6 m126 player 7: (42.607 -68.948 0.387) h1.00/1.00 g0/0 w a-154/1 f-95 l-154/1 as139/120 st4 thr1.00 501:0 s0 k0 d0 f0 t7 m126 player 8: (41.185 -89.155 0.134) h1.00/1.00 g0/0 w a47/2 f47 l47/2 as139/120 st4 thr1.00 501:0 s0 k0 d0 f0 t8 m126 player 9: (30.605 -74.632 0.677) h1.00/1.00 g0/0 w a26/-1 f26 l26/-1 as139/120 st4 thr1.00 501:0 s0 k0 d0 f0 t9 m125 player 10: dead s0 k0 d0 f0 t10 m125 | items 34 (+59 -0 !0 x0) | playing to 15 | sent 58 received 22 corrected 0 | hits 0 dealt 0 rejected 0 replayed 0 | local 0 camera (41.6 -76.9 0.3) respawn 0
chupathingyce: bots: Bot 11 joined (spartan)
chupathingyce: bots: bot 10 inventory slot 0 now weapon 501
chupathingyce: bots: bot 11 inventory slot 0 now weapon 501
chupathingyce: bots: bot 6 at (98.3 -149.4 0.1) yaw -72 fight, target 5 (seen), shield 1.00, kills 0 deaths 0
chupathingyce: bots: bot 7 at (41.9 -68.9 0.4) yaw -154 fight, target 9 (seen), shield 1.00, kills 0 deaths 0
chupathingyce: bots: bot 8 at (41.9 -88.1 0.1) yaw 33 fight, target 10 (seen), shield 1.00, kills 0 deaths 0
chupathingyce: bots: bot 9 at (31.7 -73.2 1.2) yaw 25 fight, target 7 (seen), shield 1.00, kills 0 deaths 0
chupathingyce: network test: player 11 is named Bot 11
chupathingyce: network test: tick 360 player 0: (42.123 -78.450 -0.287) h1.00/0.86 g0/0 w a-99/-9 f-99 l-99/-9 as160/120 st4 thr1.00 501:0 396:24 s0 k0 d0 f0 t0 m0 player 1: (90.390 -167.440 0.593) h0.87/0.00 g0/0 w a160/-5 f160 l160/-5 as140/120 st20 thr1.00 501:0 s0 k0 d0 f0 t1 m127 player 2: (84.263 -165.079 0.101) h1.00/1.00 g0/0 w a-20/3 f-20 l-20/3 as139/120 st7 thr1.00 501:0 s0 k0 d0 f0 t2 m127 player 3: (60.344 -66.118 1.524) h1.00/1.00 g0/0 w a-167/-1 f-175 l-167/-1 as139/120 st4 thr1.00 501:0 s0 k0 d0 f0 t3 m127 player 4: (32.917 -87.954 0.380) h1.00/1.00 riding g0/0 w a95/5 f0 l95/5 as28/120 st0 thr0.50 501:0 s0 k0 d0 f0 t4 m127 player 5: (101.336 -157.280 0.347) h0.96/0.00 g0/0 w a102/-3 f111 l102/-3 as140/120 st20 thr1.00 501:0 s0 k0 d0 f0 t5 m126 player 6: (99.717 -149.018 0.074) h1.00/1.00 g0/0 w a-78/1 f-78 l-78/1 as139/120 st7 thr1.00 501:0 s0 k0 d0 f0 t6 m126 player 7: (40.639 -68.738 0.469) h1.00/1.00 g0/0 w a-156/3 f-156 l-156/3 as139/120 st7 thr1.00 501:0 s0 k0 d0 f0 t7 m126 player 8: (42.228 -87.336 0.094) h1.00/1.00 g0/0 w a32/-1 f32 l32/-1 as139/120 st4 thr1.00 501:0 s0 k0 d0 f0 t8 m126 player 9: (31.904 -73.028 1.119) h1.00/1.00 g0/0 w a25/-5 f25 l25/-5 as140/120 st20 thr1.00 501:0 s0 k0 d0 f0 t9 m125 player 10: (52.535 -80.701 0.143) h1.00/1.00 g0/0 w a61/4 f61 l61/4 as139/120 st4 thr1.00 501:0 s0 k0 d0 f0 t10 m125 player 11: (86.985 -157.703 0.062) h1.00/1.00 g0/0 w a33/0 f33 l33/0 as139/120 st4 thr1.00 501:0 s0 k0 d0 f0 t11 m125 | items 34 (+63 -0 !0 x0) | playing to 15 | sent 64 received 25 corrected 0 | hits 0 dealt 0 rejected 0 replayed 0 | local 0 camera (42.1 -78.5 0.3) respawn 0
chupathingyce: bots: Bot 12 joined (spartan)
chupathingyce: bots: bot 10 at (52.7 -80.6 0.1) yaw 63 fight, target 3 (seen), shield 1.00, kills 0 deaths 0
chupathingyce: bots: bot 12 inventory slot 0 now weapon 501
chupathingyce: bots: bot 12 seeking vehicle -495910910
chupathingyce: bots: bot 11 at (87.6 -157.5 0.1) yaw 35 fight, target 6 (seen), shield 1.00, kills 0 deaths 0
chupathingyce: bots: bot 12 at (104.7 -162.3 0.0) yaw 114 fight, target 5 (seen), shield 1.00, kills 0 deaths 0
chupathingyce: network test: player 12 is named Bot 12
chupathingyce: network test: tick 390 player 0: (41.901 -80.211 -0.287) h1.00/0.86 g0/0 w a-102/-9 f-102 l-102/-9 as160/120 st4 thr1.00 501:0 396:24 s0 k0 d0 f0 t0 m0 player 1: (89.508 -169.206 0.087) h0.87/0.00 g0/0 w a138/-2 f160 l138/-2 as140/120 st21 thr1.00 501:0 s0 k0 d0 f0 t1 m127 player 2: (84.577 -164.727 0.104) h1.00/1.00 g0/0 w a-40/-1 f-40 l-40/-1 as139/120 st7 thr1.00 501:0 s0 k0 d0 f0 t2 m127 player 3: (58.294 -65.576 2.094) h1.00/1.00 g0/0 w a-163/-4 f-165 l-163/-4 as140/120 st20 thr1.00 501:0 s0 k0 d0 f0 t3 m127 player 4: (32.776 -82.391 0.334) h1.00/1.00 riding g0/0 w a87/2 f0 l87/2 as28/120 st0 thr0.50 501:0 s0 k0 d0 f0 t4 m127 player 5: (103.112 -156.609 0.098) h0.96/0.00 g0/0 w a122/3 f122 l122/3 as139/120 st7 thr1.00 501:0 s0 k0 d0 f0 t5 m126 player 6: (98.461 -149.388 0.668) h1.00/0.87 g0/0 w a-60/-5 f-76 l-60/-5 as140/120 st20 thr1.00 501:0 s0 k0 d0 f0 t6 m126 player 7: (39.469 -67.172 1.029) h1.00/1.00 g0/0 w a-135/-5 f-141 l-135/-5 as140/120 st20 thr1.00 501:0 s0 k0 d0 f0 t7 m126 player 8: (44.270 -87.024 0.021) h1.00/1.00 g0/0 w a37/-1 f37 l37/-1 as139/120 st4 thr1.00 501:0 s0 k0 d0 f0 t8 m126 player 9: (33.225 -73.577 0.368) h1.00/1.00 g0/0 w a44/3 f44 l44/3 as139/120 st7 thr1.00 501:0 s0 k0 d0 f0 t9 m125 player 10: (54.286 -79.421 0.184) h1.00/1.00 g0/0 w a73/7 f73 l73/7 as139/120 st4 thr1.00 501:0 s0 k0 d0 f0 t10 m125 player 11: (88.215 -156.220 0.062) h1.00/1.00 g0/0 w a33/3 f33 l33/3 as139/120 st4 thr1.00 501:0 s0 k0 d0 f0 t11 m125 player 12: (103.912 -162.551 0.046) h1.00/1.00 g0/0 w a99/-0 f99 l99/-0 as139/120 st7 thr1.00 501:0 s0 k0 d0 f0 t12 m125 | items 34 (+65 -0 !0 x0) | playing to 15 | sent 71 received 27 corrected 0 | hits 0 dealt 0 rejected 0 replayed 0 | local 0 camera (41.9 -80.2 0.3) respawn 0
chupathingyce: bots: Bot 13 joined (spartan)
chupathingyce: bots: bot 13 inventory slot 0 now weapon 501
chupathingyce: network test: player 13 is named Bot 13
chupathingyce: network test: tick 420 player 0: (41.000 -81.934 -0.287) h1.00/0.86 g0/0 w a-129/-3 f-129 l-129/-3 as160/120 st4 thr1.00 501:0 396:24 s0 k0 d0 f0 t0 m0 player 1: (89.871 -168.793 0.087) h0.87/0.00 g0/0 w a146/-1 f146 l146/-1 as139/120 st6 thr1.00 501:0 s0 k0 d0 f0 t1 m127 player 2: (84.312 -164.896 0.101) h1.00/1.00 g0/0 w a-32/-2 f-32 l-32/-2 as139/120 st6 thr1.00 501:0 s0 k0 d0 f0 t2 m127 player 3: (56.237 -65.334 1.132) h1.00/1.00 g0/0 w a-159/-2 f-159 l-159/-2 as139/120 st4 thr1.00 501:0 s0 k0 d0 f0 t3 m127 player 4: (32.920 -76.951 0.504) h1.00/1.00 riding g0/0 w a69/3 f0 l69/3 as28/120 st0 thr0.00 501:0 s0 k0 d0 f0 t4 m127 player 5: (104.539 -155.230 0.122) h0.96/0.00 g0/0 w a144/-2 f144 l144/-2 as139/120 st7 thr1.00 501:0 s0 k0 d0 f0 t5 m126 player 6: (97.452 -150.048 0.069) h1.00/0.73 g0/0 w a-36/-1 f-36 l-36/-1 as139/120 st6 thr1.00 501:0 s0 k0 d0 f0 t6 m126 player 7: (37.860 -66.109 0.468) h1.00/1.00 g0/0 w a-115/-2 f-141 l-115/-2 as139/120 st6 thr1.00 501:0 s0 k0 d0 f0 t7 m126 player 8: (46.409 -86.656 -0.024) h1.00/1.00 g0/0 w a48/0 f48 l48/0 as139/120 st4 thr1.00 501:0 s0 k0 d0 f0 t8 m126 player 9: (33.918 -74.202 0.207) h1.00/0.86 g0/0 w a64/1 f64 l64/1 as139/120 st10 thr1.00 501:0 s0 k0 d0 f0 t9 m125 player 10: (54.709 -77.661 0.131) h1.00/0.00 g0/0 w a82/4 f82 l82/4 as139/120 st4 thr1.00 501:0 s0 k0 d0 f0 t10 m125 player 11: (88.968 -154.313 0.485) h1.00/1.00 g0/0 w a28/-3 f29 l28/-3 as140/120 st20 thr1.00 501:0 s0 k0 d0 f0 t11 m125 player 12: (105.377 -162.317 0.560) h1.00/1.00 g0/0 w a97/-4 f95 l97/-4 as140/120 st20 thr1.00 501:0 s0 k0 d0 f0 t12 m125 player 13: (37.421 -91.294 0.053) h1.00/1.00 g0/0 w a25/-1 f25 l25/-1 as139/120 st4 thr1.00 501:0 s0 k0 d0 f0 t13 m124 | items 34 (+67 -0 !0 x0) | playing to 15 | sent 82 received 29 corrected 0 | hits 0 dealt 0 rejected 0 replayed 0 | local 0 camera (41.0 -81.9 0.3) respawn 0
chupathingyce: bots: Bot 14 joined (spartan)
chupathingyce: bots: bot 14 inventory slot 0 now weapon 501
chupathingyce: network test: player 14 is named Bot 14
chupathingyce: network test: tick 450 player 0: (40.078 -83.316 -0.088) h1.00/0.86 g0/0 w a-94/-6 f-94 l-94/-6 as160/120 st4 thr1.00 501:0 396:24 s0 k0 d0 f0 t0 m0 player 1: (90.278 -168.231 0.088) h0.87/0.00 g0/0 w a155/-1 f155 l155/-1 as139/120 st7 thr1.00 501:0 s0 k0 d0 f0 t1 m127 player 2: (83.996 -165.359 0.098) h1.00/1.00 g0/0 w a-27/-1 f-27 l-27/-1 as139/120 st7 thr1.00 501:0 s0 k0 d0 f0 t2 m127 player 3: (56.036 -66.508 1.353) h1.00/1.00 g0/0 w a-90/-5 f-90 l-90/-5 as140/120 st20 thr1.00 501:0 s0 k0 d0 f0 t3 m127 player 4: (32.897 -75.538 0.579) h1.00/0.96 riding g0/0 w a102/11 f0 l102/11 as28/120 st0 thr0.00 501:0 s0 k0 d0 f0 t4 m127 player 5: (104.098 -155.651 0.096) h0.96/0.00 g0/0 w a130/4 f130 l130/4 as139/120 st7 thr1.00 501:0 s0 k0 d0 f0 t5 m126 player 6: (98.683 -148.656 0.735) h1.00/0.60 g0/0 w a-52/-5 f-40 l-52/-5 as140/120 st20 thr1.00 501:0 s0 k0 d0 f0 t6 m126 player 7: (37.942 -66.304 1.009) h1.00/1.00 g0/0 w a-128/-4 f-116 l-128/-4 as140/120 st20 thr1.00 501:0 s0 k0 d0 f0 t7 m126 player 8: (47.251 -84.929 -0.010) h1.00/1.00 g0/0 w a46/2 f46 l46/2 as139/120 st4 thr1.00 501:0 s0 k0 d0 f0 t8 m126 player 9: (32.320 -73.234 0.586) h1.00/0.86 g0/0 w a53/2 f53 l53/2 as139/120 st6 thr1.00 501:0 s0 k0 d0 f0 t9 m125 player 10: (55.761 -75.875 0.648) h1.00/0.00 g0/0 w a88/3 f85 l88/3 as140/120 st20 thr1.00 501:0 s0 k0 d0 f0 t10 m125 player 11: (88.828 -152.548 0.464) h1.00/1.00 g0/0 w a22/1 f22 l22/1 as139/120 st4 thr1.00 501:0 s0 k0 d0 f0 t11 m125 player 12: (107.306 -161.835 0.009) h1.00/1.00 g0/0 w a116/-1 f95 l116/-1 as139/120 st7 thr1.00 501:0 s0 k0 d0 f0 t12 m125 player 13: (39.540 -91.335 0.068) h1.00/1.00 g0/0 w a38/-1 f38 l38/-1 as139/120 st4 thr1.00 501:0 s0 k0 d0 f0 t13 m124 player 14: (28.363 -80.920 0.227) h1.00/1.00 g0/0 w a62/1 f62 l62/1 as139/120 st6 thr1.00 501:0 s0 k0 d0 f0 t14 m124 | items 34 (+69 -0 !0 x0) | playing to 15 | sent 95 received 31 corrected 0 | hits 0 dealt 0 rejected 0 replayed 0 | local 0 camera (40.1 -83.3 0.5) respawn 0
chupathingyce: bots: Bot 15 joined (spartan)
chupathingyce: bots: bot 15 inventory slot 0 now weapon 501
chupathingyce: network test: player 15 is named Bot 15
chupathingyce: network test: tick 480 player 0: (40.475 -85.467 0.132) h1.00/0.93 g0/0 w a-69/-0 f-69 l-69/-0 as160/120 st4 thr1.00 501:0 396:24 s0 k0 d0 f0 t0 m0 player 1: (90.845 -167.101 0.630) h0.87/0.22 g0/0 w a-178/-6 f161 l-178/-6 as140/120 st20 thr1.00 501:0 s0 k0 d0 f0 t1 m127 player 2: (83.593 -167.300 0.093) h1.00/1.00 g0/0 w a0/4 f0 l0/4 as139/120 st7 thr1.00 501:0 s0 k0 d0 f0 t2 m127 player 3: (57.060 -67.910 1.154) h1.00/1.00 g0/0 w a-103/-9 f-90 l-103/-9 as140/120 st20 thr1.00 501:0 s0 k0 d0 f0 t3 m127 player 4: (32.936 -75.398 0.584) h1.00/0.96 riding g0/0 w a113/14 f0 l113/14 as28/120 st0 thr0.00 501:0 s0 k0 d0 f0 t4 m127 player 5: (104.636 -155.247 0.129) h0.83/0.00 g0/0 w a121/-1 f121 l121/-1 as139/120 st6 thr1.00 501:0 s0 k0 d0 f0 t5 m126 player 6: (100.315 -147.502 0.122) h1.00/0.60 g0/0 w a-58/-1 f-58 l-58/-1 as139/120 st6 thr1.00 501:0 s0 k0 d0 f0 t6 m126 player 7: (37.433 -65.860 0.477) h1.00/1.00 g0/0 w a-128/1 f-128 l-128/1 as139/120 st6 thr1.00 501:0 s0 k0 d0 f0 t7 m126 player 8: (47.737 -82.813 0.042) h1.00/1.00 g0/0 w a46/1 f46 l46/1 as139/120 st4 thr1.00 501:0 s0 k0 d0 f0 t8 m126 player 9: (32.055 -73.006 0.683) h1.00/0.73 g0/0 w a53/-2 f53 l53/-2 as139/120 st7 thr1.00 501:0 s0 k0 d0 f0 t9 m125 player 10: (55.112 -75.086 0.198) h1.00/0.00 g0/0 w a77/8 f77 l77/8 as139/120 st6 thr1.00 501:0 s0 k0 d0 f0 t10 m125 player 11: (90.167 -150.877 0.814) h1.00/1.00 g0/0 w a19/-4 f19 l19/-4 as139/120 st4 thr1.00 501:0 s0 k0 d0 f0 t11 m125 player 12: (109.027 -160.821 0.004) h1.00/1.00 g0/0 w a125/-1 f125 l125/-1 as139/120 st7 thr1.00 501:0 s0 k0 d0 f0 t12 m125 player 13: (41.406 -90.610 0.648) h1.00/1.00 g0/0 w a49/-4 f47 l49/-4 as140/120 st20 thr1.00 501:0 s0 k0 d0 f0 t13 m124 player 14: (28.402 -80.915 0.224) h1.00/1.00 g0/0 w a65/3 f65 l65/3 as139/120 st7 thr1.00 501:0 s0 k0 d0 f0 t14 m124 player 15: (84.595 -157.260 -0.071) h1.00/1.00 g0/0 w a49/4 f49 l49/4 as139/120 st6 thr1.00 501:0 s0 k0 d0 f0 t15 m124 | items 34 (+71 -0 !0 x0) | playing to 15 | sent 106 received 33 corrected 0 | hits 0 dealt 0 rejecte
chupathingyce: bots: Bot 16 joined (spartan)
chupathingyce: bots: bot 16 inventory slot 0 now weapon 501
chupathingyce: network test: player 16 is named Bot 16
chupathingyce: network test: tick 510 player 0: (41.442 -87.345 0.126) h1.00/0.84 g0/0 w a-70/-0 f-70 l-70/-0 as160/120 st8 thr1.00 501:0 396:24 s0 k0 d0 f0 t0 m0 player 1: (91.228 -167.912 0.086) h0.87/0.47 g0/0 w a-170/-1 f-170 l-170/-1 as139/120 st6 thr1.00 501:0 s0 k0 d0 f0 t1 m127 player 2: (83.874 -169.277 0.093) h1.00/1.00 g0/0 w a9/-1 f9 l9/-1 as139/120 st7 thr1.00 501:0 s0 k0 d0 f0 t2 m127 player 3: (57.105 -68.247 0.955) h1.00/1.00 g0/0 w a-121/-3 f-121 l-121/-3 as139/120 st6 thr1.00 501:0 s0 k0 d0 f0 t3 m127 player 4: (32.936 -75.398 0.584) h1.00/0.93 riding g0/0 w a65/6 f0 l65/6 as28/120 st0 thr0.00 501:0 s0 k0 d0 f0 t4 m127 player 5: (102.750 -155.854 0.020) h0.83/0.00 g0/0 w a99/1 f99 l99/1 as139/120 st6 thr1.00 501:0 s0 k0 d0 f0 t5 m126 player 6: (101.719 -146.954 0.256) h0.80/0.00 g0/0 w a-83/-2 f-83 l-83/-2 as139/120 st7 thr1.00 501:0 s0 k0 d0 f0 t6 m126 player 7: (38.662 -66.662 0.468) h1.00/1.00 g0/0 w a-124/-2 f-124 l-124/-2 as139/120 st6 thr1.00 501:0 s0 k0 d0 f0 t7 m126 player 8: (47.016 -81.159 0.094) h1.00/1.00 g0/0 w a48/2 f48 l48/2 as139/120 st6 thr1.00 501:0 s0 k0 d0 f0 t8 m126 player 9: (33.667 -74.097 0.240) h1.00/0.73 g0/0 w a57/1 f57 l57/1 as139/120 st7 thr1.00 501:0 s0 k0 d0 f0 t9 m125 player 10: (53.253 -74.364 0.737) h1.00/0.00 g0/0 w a61/0 f69 l61/0 as140/120 st20 thr1.00 501:0 s0 k0 d0 f0 t10 m125 player 11: (91.997 -150.512 0.602) h1.00/1.00 g0/0 w a19/-2 f19 l19/-2 as139/120 st4 thr1.00 501:0 s0 k0 d0 f0 t11 m125 player 12: (109.638 -160.337 0.028) h1.00/1.00 g0/0 w a146/-1 f146 l146/-1 as139/120 st6 thr1.00 501:0 s0 k0 d0 f0 t12 m125 player 13: (42.312 -89.614 0.168) h1.00/1.00 g0/0 w a109/-5 f58 l109/-5 as139/120 st5 thr1.00 501:0 s0 k0 d0 f0 t13 m124 player 14: (30.112 -81.393 0.107) h1.00/1.00 g0/0 w a62/1 f62 l62/1 as139/120 st4 thr1.00 501:0 s0 k0 d0 f0 t14 m124 player 15: (83.397 -155.859 -0.125) h1.00/1.00 g0/0 w a34/3 f34 l34/3 as139/120 st4 thr1.00 501:0 s0 k0 d0 f0 t15 m124 player 16: (36.983 -90.822 0.076) h1.00/1.00 g0/0 w a12/-1 f12 l12/-1 as139/120 st7 thr1.00 501:0 s0 k0 d0
chupathingyce: bots: Bot 17 joined (spartan)
chupathingyce: bots: bot 17 inventory slot 0 now weapon 501
chupathingyce: network test: player 17 is named Bot 17
chupathingyce: network test: tick 540 player 0: (42.184 -89.240 0.165) h1.00/0.59 g0/0 w a-69/-2 f-69 l-69/-2 as160/120 st8 thr1.00 501:0 396:23 s0 k0 d0 f0 t0 m0 player 1: (91.593 -169.861 0.598) h0.87/0.72 g0/0 w a-170/-4 f-170 l-170/-4 as140/120 st20 thr1.00 501:0 s0 k0 d0 f0 t1 m127 player 2: (84.231 -171.179 0.364) h1.00/1.00 g0/0 w a10/3 f10 l10/3 as140/120 st20 thr1.00 501:0 s0 k0 d0 f0 t2 m127 player 3: (58.464 -69.680 1.377) h1.00/1.00 g0/0 w a-152/-10 f-148 l-152/-10 as140/120 st20 thr1.00 501:0 s0 k0 d0 f0 t3 m127 player 4: (33.129 -75.178 0.578) h1.00/0.91 riding g0/0 w a51/4 f0 l51/4 as28/120 st0 thr0.00 501:0 s0 k0 d0 f0 t4 m127 player 5: (102.586 -156.404 0.053) h0.70/0.00 g0/0 w a95/4 f95 l95/4 as139/120 st5 thr1.00 501:0 s0 k0 d0 f0 t5 m126 player 6: (102.184 -146.892 0.794) h0.80/0.00 g0/0 w a-85/-5 f-81 l-85/-5 as140/120 st20 thr1.00 501:0 s0 k0 d0 f0 t6 m126 player 7: (38.512 -66.590 0.461) h1.00/1.00 g0/0 w a-122/-2 f-122 l-122/-2 as139/120 st7 thr1.00 501:0 s0 k0 d0 f0 t7 m126 player 8: (47.309 -81.268 0.087) h1.00/1.00 g0/0 w a58/-0 f58 l58/-0 as139/120 st7 thr1.00 501:0 s0 k0 d0 f0 t8 m126 player 9: (33.739 -74.171 0.229) h1.00/0.73 g0/0 w a57/-0 f57 l57/-0 as139/120 st6 thr1.00 501:0 s0 k0 d0 f0 t9 m125 player 10: (51.868 -72.958 0.179) h1.00/0.00 g0/0 w a29/8 f58 l29/8 as139/120 st6 thr1.00 501:0 s0 k0 d0 f0 t10 m125 player 11: (92.810 -151.056 0.233) h1.00/1.00 g0/0 w a25/2 f25 l25/2 as139/120 st4 thr1.00 501:0 s0 k0 d0 f0 t11 m125 player 12: (109.304 -160.879 0.015) h1.00/1.00 g0/0 w a145/-1 f145 l145/-1 as139/120 st7 thr1.00 501:0 s0 k0 d0 f0 t12 m125 player 13: (43.074 -91.339 0.171) h0.87/0.00 g0/0 w a113/-4 f113 l113/-4 as139/120 st5 thr1.00 501:0 s0 k0 d0 f0 t13 m124 player 14: (30.972 -81.432 0.041) h1.00/1.00 g0/0 w a62/1 f62 l62/1 as139/120 st4 thr1.00 501:0 s0 k0 d0 f0 t14 m124 player 15: (84.021 -155.078 -0.111) h1.00/1.00 g0/0 w a24/0 f24 l24/0 as139/120 st6 thr1.00 501:0 s0 k0 d0 f0 t15 m124 player 16: (37.341 -92.190 0.664) h1.00/1.00 g0/0 w a10/-6 f14 l10/-6 as140/120 st20 thr1.00 501:
chupathingyce: bots: Bot 18 joined (spartan)
chupathingyce: bots: bot 18 inventory slot 0 now weapon 501
chupathingyce: network test: player 18 is named Bot 18
chupathingyce: network test: tick 570 player 0: (42.623 -91.155 0.176) h1.00/0.33 g0/0 w a-86/-5 f-86 l-86/-5 as160/120 st4 thr1.00 501:0 396:22 s0 k0 d0 f0 t0 m0 player 1: (91.495 -169.626 0.116) h0.87/0.97 g0/0 w a-161/2 f-161 l-161/2 as139/120 st7 thr1.00 501:0 s0 k0 d0 f0 t1 m127 player 2: (84.415 -172.159 0.378) h1.00/1.00 g0/0 w a17/-4 f10 l17/-4 as140/120 st20 thr1.00 501:0 s0 k0 d0 f0 t2 m127 player 3: (59.197 -70.984 0.964) h1.00/1.00 g0/0 w a-178/-7 f-148 l-178/-7 as140/120 st20 thr1.00 501:0 s0 k0 d0 f0 t3 m127 player 4: (33.394 -74.997 0.570) h1.00/0.91 riding g0/0 w a117/12 f0 l117/12 as28/120 st0 thr0.00 501:0 s0 k0 d0 f0 t4 m127 player 5: (101.485 -158.056 0.173) h0.70/0.00 g0/0 w a78/-0 f78 l78/-0 as139/120 st5 thr1.00 501:0 s0 k0 d0 f0 t5 m126 player 6: (103.967 -147.302 0.358) h0.80/0.00 g0/0 w a-102/-2 f-102 l-102/-2 as139/120 st4 thr1.00 501:0 s0 k0 d0 f0 t6 m126 player 7: (36.890 -65.582 0.903) h1.00/1.00 g0/0 w a-121/-3 f-122 l-121/-3 as140/120 st20 thr1.00 501:0 s0 k0 d0 f0 t7 m126 player 8: (48.647 -81.025 0.092) h1.00/1.00 g0/0 w a75/0 f75 l75/0 as139/120 st4 thr1.00 501:0 s0 k0 d0 f0 t8 m126 player 9: (32.313 -72.939 0.635) h1.00/0.73 g0/0 w a-67/-12 f-42 l-67/-12 as139/120 st5 thr1.00 501:0 s0 k0 d0 f0 t9 m125 player 10: (51.401 -71.035 0.295) h1.00/0.00 g0/0 w a2/5 f2 l2/5 as139/120 st6 thr1.00 501:0 s0 k0 d0 f0 t10 m125 player 11: (94.188 -149.407 0.051) h1.00/1.00 g0/0 w a12/1 f12 l12/1 as139/120 st4 thr1.00 501:0 s0 k0 d0 f0 t11 m125 player 12: (110.031 -159.036 0.044) h1.00/1.00 g0/0 w a171/-0 f171 l171/-0 as139/120 st7 thr1.00 501:0 s0 k0 d0 f0 t12 m125 player 13: (42.840 -93.247 0.259) h0.04/0.00 g0/0 w a96/-7 f96 l96/-7 as139/120 st5 thr1.00 501:0 s0 k0 d0 f0 t13 m124 player 14: (30.390 -81.048 0.073) h1.00/1.00 g0/0 w a77/3 f77 l77/3 as139/120 st6 thr1.00 501:0 s0 k0 d0 f0 t14 m124 player 15: (84.808 -153.343 0.171) h1.00/1.00 g0/0 w a18/1 f18 l18/1 as140/120 st20 thr1.00 501:0 s0 k0 d0 f0 t15 m124 player 16: (37.442 -92.365 0.075) h1.00/1.00 g0/0 w a-7/1 f-7 l-7/1 as139/120 st7 thr1.00 501:
chupathingyce: bots: Bot 19 joined (spartan)
chupathingyce: bots: bot 19 inventory slot 0 now weapon 501
chupathingyce: network test: player 19 is named Bot 19
chupathingyce: network test: tick 600 player 0: (42.437 -93.069 0.127) h1.00/0.33 g0/0 w a166/-5 f166 l166/-5 as160/120 st4 thr1.00 501:0 396:21 s1 k1 d0 f0 t0 m0 player 1: (91.582 -170.185 0.138) h0.87/1.00 g0/0 w a-173/-1 f-173 l-173/-1 as139/120 st6 thr1.00 501:0 s0 k0 d0 f0 t1 m127 player 2: (83.983 -170.774 0.117) h1.00/1.00 g0/0 w a6/-1 f6 l6/-1 as139/120 st6 thr1.00 501:0 s0 k0 d0 f0 t2 m127 player 3: (59.410 -69.704 0.996) h1.00/1.00 g0/0 w a175/-1 f175 l175/-1 as139/120 st7 thr1.00 501:0 s0 k0 d0 f0 t3 m127 player 4: (33.396 -74.996 0.570) h1.00/0.52 riding g0/0 w a115/16 f0 l115/16 as28/120 st0 thr0.00 501:0 s0 k0 d0 f0 t4 m127 player 5: (101.341 -159.638 0.159) h0.57/0.00 g0/0 w a73/2 f73 l73/2 as139/120 st5 thr1.00 501:0 s0 k0 d0 f0 t5 m126 player 6: (104.511 -149.381 0.781) h0.80/0.00 g0/0 w a-107/-4 f-107 l-107/-4 as140/120 st20 thr1.00 501:0 s0 k0 d0 f0 t6 m126 player 7: (35.369 -64.685 0.526) h1.00/1.00 g0/0 w a-119/5 f-119 l-119/5 as139/120 st7 thr1.00 501:0 s0 k0 d0 f0 t7 m126 player 8: (50.104 -79.430 0.367) h1.00/1.00 g0/0 w a81/3 f81 l81/3 as140/120 st20 thr1.00 501:0 s0 k0 d0 f0 t8 m126 player 9: (31.751 -71.181 1.178) h1.00/0.73 g0/0 w a-69/-15 f-67 l-69/-15 as140/120 st20 thr1.00 501:0 s0 k0 d0 f0 t9 m125 player 10: (51.527 -69.051 0.961) h0.99/0.00 g0/0 w a-4/-1 f-15 l-4/-1 as140/120 st20 thr1.00 501:0 s0 k0 d0 f0 t10 m125 player 11: (94.483 -149.818 0.061) h1.00/1.00 g0/0 w a0/-1 f0 l0/-1 as139/120 st6 thr1.00 501:0 s0 k0 d0 f0 t11 m125 player 12: (109.932 -157.116 0.098) h1.00/1.00 g0/0 w a-166/-1 f-166 l-166/-1 as139/120 st6 thr1.00 501:0 s0 k0 d0 f0 t12 m125 player 13: dead s0 k0 d1 f0 t13 m124 player 14: (28.472 -80.492 0.761) h1.00/1.00 g0/0 w a71/2 f72 l71/2 as140/120 st20 thr1.00 501:0 s0 k0 d0 f0 t14 m124 player 15: (86.335 -152.018 0.185) h1.00/1.00 g0/0 w a10/1 f18 l10/1 as140/120 st20 thr1.00 501:0 s0 k0 d0 f0 t15 m124 player 16: (37.651 -94.002 -0.052) h1.00/1.00 g0/0 w a11/0 f11 l11/0 as139/120 st6 thr1.00 501:0 s0 k0 d0 f0 t16 m124 player 17: (101.798 -168.140 0.029) h1.00/1.00 g0/0 w a5
chupathingyce: bots: Bot 20 joined (spartan)
chupathingyce: bots: bot 1 at (91.6 -170.2 0.1) yaw -175 fight, target 2 (seen), shield 1.00, kills 0 deaths 0
chupathingyce: bots: bot 2 at (84.0 -170.3 0.1) yaw -3 fight, target 1 (seen), shield 1.00, kills 0 deaths 0
chupathingyce: bots: bot 3 at (59.5 -69.2 1.1) yaw 172 fight, target 10 (seen), shield 1.00, kills 0 deaths 0
chupathingyce: bots: bot 4 at (33.2 -75.0 0.7) yaw 120 vehicle, target 9 (seen), shield 0.50, kills 0 deaths 0
chupathingyce: bots: bot 5 at (101.0 -160.9 0.1) yaw -4 retreat, target 18 (seen), shield 0.00, kills 0 deaths 0
chupathingyce: bots: bot 20 inventory slot 0 now weapon 501
chupathingyce: network test: player 20 is named Bot 20
chupathingyce: network test: tick 630 player 0: (40.574 -93.070 0.587) h1.00/0.05 g0/0 w a169/-4 f166 l169/-4 as161/120 st20 thr1.00 501:0 396:21 s1 k1 d0 f0 t0 m0 player 1: (91.326 -172.153 0.202) h0.87/1.00 g0/0 w a165/-2 f165 l165/-2 as139/120 st6 thr1.00 501:0 s0 k0 d0 f0 t1 m127 player 2: (83.888 -170.127 0.105) h1.00/1.00 g0/0 w a-14/-1 f-14 l-14/-1 as139/120 st7 thr1.00 501:0 s0 k0 d0 f0 t2 m127 player 3: (59.342 -69.828 0.974) h1.00/1.00 g0/0 w a169/-4 f169 l169/-4 as139/120 st7 thr1.00 501:0 s0 k0 d0 f0 t3 m127 player 4: (33.396 -74.996 0.570) h1.00/0.50 riding g0/0 w a118/12 f0 l118/12 as28/120 st0 thr0.00 501:0 s0 k0 d0 f0 t4 m127 player 5: (100.965 -160.948 0.129) h0.42/0.00 g0/0 w a-4/-3 f4 l-4/-3 as139/120 st5 thr1.00 501:0 s0 k0 d0 f0 t5 m126 player 6: (104.272 -151.245 0.096) h0.80/0.00 g0/0 w a-110/-2 f-107 l-110/-2 as140/120 st21 thr1.00 501:0 s0 k0 d0 f0 t6 m126 player 7: (33.563 -63.834 0.599) h1.00/1.00 g0/0 w a-108/2 f-108 l-108/2 as139/120 st7 thr1.00 501:0 s0 k0 d0 f0 t7 m126 player 8: (51.399 -77.700 0.381) h1.00/1.00 g0/0 w a89/-1 f81 l89/-1 as140/120 st20 thr1.00 501:0 s0 k0 d0 f0 t8 m126 player 9: (31.338 -70.797 0.986) h1.00/0.73 g0/0 w a-65/-10 f-65 l-65/-10 as139/120 st6 thr1.00 501:0 s0 k0 d0 f0 t9 m125 player 10: (51.506 -68.524 0.472) h0.99/0.00 g0/0 w a-9/3 f-9 l-9/3 as139/120 st7 thr1.00 501:0 s0 k0 d0 f0 t10 m125 player 11: (95.061 -148.247 0.675) h1.00/1.00 g0/0 w a-41/-9 f-24 l-41/-9 as140/120 st20 thr1.00 501:0 s0 k0 d0 f0 t11 m125 player 12: (110.390 -158.615 0.246) h1.00/1.00 g0/0 w a-166/-1 f-166 l-166/-1 as139/120 st6 thr1.00 501:0 s0 k0 d0 f0 t12 m125 player 13: dead s0 k0 d1 f0 t13 m124 player 14: (26.705 -79.672 0.376) h1.00/1.00 g0/0 w a65/3 f65 l65/3 as139/120 st6 thr1.00 501:0 s0 k0 d0 f0 t14 m124 player 15: (87.930 -152.870 0.252) h1.00/1.00 g0/0 w a30/2 f30 l30/2 as139/120 st7 thr1.00 501:0 s0 k0 d0 f0 t15 m124 player 16: (37.543 -92.204 0.653) h1.00/1.00 g0/0 w a-15/-2 f-0 l-15/-2 as140/120 st20 thr1.00 501:0 s0 k0 d0 f0 t16 m124 player 17: (101.216 -167.562 0.023) h1.00/1.0
chupathingyce: bots: Bot 21 joined (spartan)
chupathingyce: bots: bot 6 at (104.0 -151.5 0.1) yaw -109 fight, target 5 (seen), shield 0.00, kills 0 deaths 0
chupathingyce: bots: bot 7 at (32.8 -63.6 0.6) yaw -96 fight, target 9 (seen), shield 1.00, kills 0 deaths 0
chupathingyce: bots: bot 8 at (51.9 -77.3 0.1) yaw 94 fight, target 10 (seen), shield 1.00, kills 0 deaths 0
chupathingyce: bots: bot 9 at (32.7 -70.9 0.7) yaw -123 fight, target 14 (seen), shield 0.76, kills 0 deaths 0
chupathingyce: network test: player 21 is named Bot 21
chupathingyce: network test: tick 660 player 0: (38.832 -92.215 0.439) h0.84/0.00 g0/0 w a129/-21 f129 l129/-21 as161/120 st20 thr1.00 501:0 396:20 s1 k1 d0 f0 t0 m0 player 1: (90.805 -174.080 0.312) h0.87/1.00 g0/0 w a166/-3 f166 l166/-3 as139/120 st6 thr1.00 501:0 s0 k0 d0 f0 t1 m127 player 2: (83.369 -172.058 0.143) h1.00/1.00 g0/0 w a-16/1 f-16 l-16/1 as139/120 st7 thr1.00 501:0 s0 k0 d0 f0 t2 m127 player 3: (59.403 -70.130 0.942) h1.00/1.00 g0/0 w a178/-5 f178 l178/-5 as139/120 st6 thr1.00 501:0 s0 k0 d0 f0 t3 m127 player 4: (33.396 -74.996 0.570) h1.00/0.47 riding g0/0 w a104/0 f0 l104/0 as28/120 st0 thr0.00 501:0 s0 k0 d0 f0 t4 m127 player 5: dead s0 k0 d1 f0 t5 m126 player 6: (103.132 -151.154 0.021) h0.80/0.00 g0/0 w a-151/-3 f-151 l-151/-3 as139/120 st7 thr1.00 501:0 s0 k0 d0 f0 t6 m126 player 7: (32.956 -63.603 0.617) h1.00/1.00 g0/0 w a-90/-0 f-90 l-90/-0 as139/120 st6 thr1.00 501:0 s0 k0 d0 f0 t7 m126 player 8: (51.164 -77.306 0.119) h1.00/1.00 g0/0 w a93/1 f93 l93/1 as139/120 st6 thr1.00 501:0 s0 k0 d0 f0 t8 m126 player 9: (32.901 -71.084 0.641) h1.00/0.79 g0/0 w a-123/-3 f-123 l-123/-3 as139/120 st6 thr1.00 501:0 s0 k0 d0 f0 t9 m125 player 10: (50.960 -69.359 0.331) h0.57/0.00 g0/0 w a-4/3 f-4 l-4/3 as139/120 st5 thr1.00 501:0 s0 k0 d0 f0 t10 m125 player 11: (96.539 -146.977 0.042) h1.00/1.00 g0/0 w a-67/-2 f-67 l-67/-2 as139/120 st6 thr1.00 501:0 s0 k0 d0 f0 t11 m125 player 12: (110.706 -160.197 0.367) h1.00/1.00 g0/0 w a-162/-5 f-167 l-162/-5 as140/120 st20 thr1.00 501:0 s0 k0 d0 f0 t12 m125 player 13: dead s0 k0 d1 f0 t13 m124 player 14: (27.561 -79.434 0.299) h1.00/1.00 g0/0 w a58/2 f58 l58/2 as139/120 st7 thr1.00 501:0 s0 k0 d0 f0 t14 m124 player 15: (89.231 -154.295 0.367) h1.00/1.00 g0/0 w a43/-2 f43 l43/-2 as140/120 st20 thr1.00 501:0 s0 k0 d0 f0 t15 m124 player 16: (37.081 -90.760 0.067) h1.00/0.43 g0/0 w a-41/4 f-23 l-41/4 as139/120 st5 thr1.00 501:0 s0 k0 d0 f0 t16 m124 player 17: (103.108 -168.196 0.015) h1.00/1.00 g0/0 w a77/-1 f77 l77/-1 as139/120 st7 thr1.00 501:0 s0 k0 d0 f0 t17 m123 player 18: (
chupathingyce: bots: Bot 22 joined (spartan)
chupathingyce: bots: bot 21 inventory slot 0 now weapon 501
chupathingyce: bots: bot 10 at (50.8 -69.3 0.3) yaw -7 retreat, target 3 (seen), shield 0.00, kills 0 deaths 0
chupathingyce: bots: bot 22 inventory slot 0 now weapon 501
chupathingyce: bots: bot 11 at (97.2 -146.7 0.0) yaw -71 fight, target 19 (seen), shield 1.00, kills 0 deaths 0
chupathingyce: bots: bot 12 at (110.7 -160.5 0.1) yaw -166 fight, target 18 (seen), shield 1.00, kills 0 deaths 0
chupathingyce: bots: bot 13 inventory slot 0 now weapon 501
chupathingyce: network test: player 22 is named Bot 22
chupathingyce: network test: tick 690 player 0: (37.475 -90.523 0.132) h0.72/0.00 g0/0 w a156/-18 f129 l156/-18 as161/120 st20 thr1.00 501:0 396:20 s1 k1 d0 f0 t0 m0 player 1: (90.287 -176.006 0.523) h0.87/1.00 g0/0 w a165/-2 f165 l165/-2 as139/120 st6 thr1.00 501:0 s0 k0 d0 f0 t1 m127 player 2: (82.852 -173.986 0.236) h1.00/1.00 g0/0 w a-15/1 f-15 l-15/1 as139/120 st7 thr1.00 501:0 s0 k0 d0 f0 t2 m127 player 3: (58.923 -72.028 0.690) h1.00/1.00 g0/0 w a159/-3 f159 l159/-3 as139/120 st4 thr1.00 501:0 s0 k0 d0 f0 t3 m127 player 4: (33.442 -74.990 0.565) h1.00/0.45 riding g0/0 w a88/3 f0 l88/3 as28/120 st0 thr0.50 501:0 s0 k0 d0 f0 t4 m127 player 5: dead s0 k0 d1 f0 t5 m126 player 6: (101.620 -149.904 0.640) h0.80/0.11 g0/0 w a-103/-9 f-124 l-103/-9 as140/120 st20 thr1.00 501:0 s0 k0 d0 f0 t6 m126 player 7: (33.991 -63.610 0.639) h1.00/1.00 g0/0 w a-95/-3 f-95 l-95/-3 as139/120 st7 thr1.00 501:0 s0 k0 d0 f0 t7 m126 player 8: (49.715 -77.322 0.712) h1.00/1.00 g0/0 w a92/-3 f92 l92/-3 as140/120 st20 thr1.00 501:0 s0 k0 d0 f0 t8 m126 player 9: (33.407 -71.439 0.491) h1.00/1.00 g0/0 w a-116/2 f-116 l-116/2 as139/120 st7 thr1.00 501:0 s0 k0 d0 f0 t9 m125 player 10: (49.487 -68.033 0.458) h0.57/0.00 g0/0 w a-22/-0 f-22 l-22/-0 as139/120 st5 thr1.00 501:0 s0 k0 d0 f0 t10 m125 player 11: (97.391 -146.685 0.054) h1.00/1.00 g0/0 w a-69/-1 f-69 l-69/-1 as139/120 st7 thr1.00 501:0 s0 k0 d0 f0 t11 m125 player 12: (110.821 -161.127 0.657) h1.00/1.00 g0/0 w a-169/-5 f-167 l-169/-5 as140/120 st20 thr1.00 501:0 s0 k0 d0 f0 t12 m125 player 13: (84.893 -161.789 0.107) h1.00/1.00 g0/0 w a99/-4 f52 l99/-4 as139/120 st6 thr1.00 501:0 s0 k0 d1 f0 t13 m124 player 14: (29.115 -80.421 0.878) h1.00/1.00 g0/0 w a64/-3 f59 l64/-3 as140/120 st20 thr1.00 501:0 s0 k0 d0 f0 t14 m124 player 15: (91.047 -154.529 0.381) h1.00/1.00 g0/0 w a51/-3 f43 l51/-3 as140/120 st20 thr1.00 501:0 s0 k0 d0 f0 t15 m124 player 16: (35.395 -89.701 0.132) h1.00/0.43 g0/0 w a-23/-1 f-23 l-23/-1 as139/120 st5 thr1.00 501:0 s0 k0 d0 f0 t16 m124 player 17: (105.057 -167.976 0.090) h1.0
chupathingyce: bots: Bot 23 joined (spartan)
chupathingyce: bots: bot 14 at (29.2 -80.4 0.9) yaw 66 fight, target 9 (seen), shield 1.00, kills 0 deaths 0
chupathingyce: bots: bot 23 inventory slot 0 now weapon 501
chupathingyce: bots: bot 15 at (91.6 -154.5 0.1) yaw 54 fight, target 11 (seen), shield 1.00, kills 0 deaths 0
chupathingyce: bots: bot 16 at (34.4 -89.4 0.2) yaw -20 fight, target 0 (seen), shield 0.43, kills 0 deaths 0
chupathingyce: bots: bot 17 at (104.5 -168.4 0.5) yaw 126 fight, target 18 (seen), shield 1.00, kills 0 deaths 0
chupathingyce: bots: bot 18 at (100.8 -163.8 0.4) yaw -55 fight, target 17 (seen), shield 0.87, kills 1 deaths 0
chupathingyce: network test: player 23 is named Bot 23
chupathingyce: network test: tick 720 player 0: (36.080 -90.323 0.135) h0.46/0.00 g0/0 w a155/-17 f155 l155/-17 as160/120 st4 thr1.00 501:0 396:19 s1 k1 d0 f0 t0 m0 player 1: (89.855 -177.522 0.962) h0.87/1.00 g0/0 w a167/-5 f167 l167/-5 as139/120 st7 thr1.00 501:0 s0 k0 d0 f0 t1 m127 player 2: (82.352 -175.916 0.393) h1.00/1.00 g0/0 w a-14/4 f-14 l-14/4 as139/120 st7 thr1.00 501:0 s0 k0 d0 f0 t2 m127 player 3: (57.010 -71.912 0.568) h1.00/1.00 g0/0 w a150/1 f150 l150/1 as139/120 st4 thr1.00 501:0 s0 k0 d0 f0 t3 m127 player 4: (33.604 -74.913 0.556) h1.00/0.43 riding g0/0 w a90/3 f0 l90/3 as28/120 st0 thr0.50 501:0 s0 k0 d0 f0 t4 m127 player 5: dead s0 k0 d1 f0 t5 m126 player 6: (99.681 -149.610 0.048) h0.80/0.36 g0/0 w a-92/-1 f-92 l-92/-1 as139/120 st7 thr1.00 501:0 s0 k0 d0 f0 t6 m126 player 7: (33.492 -63.541 0.637) h1.00/1.00 g0/0 w a-92/-2 f-92 l-92/-2 as139/120 st6 thr1.00 501:0 s0 k0 d0 f0 t7 m126 player 8: (48.198 -76.652 0.070) h1.00/1.00 g0/0 w a89/3 f89 l89/3 as139/120 st7 thr1.00 501:0 s0 k0 d0 f0 t8 m126 player 9: (33.365 -71.657 0.492) h1.00/0.86 g0/0 w a-114/-3 f-114 l-114/-3 as139/120 st6 thr1.00 501:0 s0 k0 d0 f0 t9 m125 player 10: (48.149 -66.802 0.748) h0.57/0.00 g0/0 w a-29/-1 f-29 l-29/-1 as139/120 st5 thr1.00 501:0 s0 k0 d0 f0 t10 m125 player 11: (95.617 -147.604 0.040) h1.00/1.00 g0/0 w a-61/-1 f-61 l-61/-1 as139/120 st7 thr1.00 501:0 s0 k0 d0 f0 t11 m125 player 12: (110.944 -162.160 0.105) h1.00/1.00 g0/0 w a-170/1 f-170 l-170/1 as139/120 st4 thr1.00 501:0 s0 k0 d0 f0 t12 m125 player 13: (82.807 -161.879 0.103) h1.00/1.00 g0/0 w a84/-2 f84 l84/-2 as139/120 st6 thr1.00 501:0 s0 k0 d1 f0 t13 m124 player 14: (29.333 -80.542 0.137) h1.00/1.00 g0/0 w a69/2 f69 l69/2 as139/120 st6 thr1.00 501:0 s0 k0 d0 f0 t14 m124 player 15: (92.485 -154.893 0.129) h1.00/1.00 g0/0 w a65/-1 f65 l65/-1 as139/120 st7 thr1.00 501:0 s0 k0 d0 f0 t15 m124 player 16: (33.535 -88.979 0.124) h1.00/0.43 g0/0 w a-26/-3 f-26 l-26/-3 as139/120 st5 thr1.00 501:0 s0 k0 d0 f0 t16 m124 player 17: (104.065 -168.713 0.719) h1.00/1.00 g0/0 w a1
chupathingyce: bots: Bot 24 joined (spartan)
chupathingyce: bots: bot 19 at (99.2 -154.8 0.1) yaw 89 fight, target 6 (seen), shield 1.00, kills 0 deaths 0
chupathingyce: bots: bot 24 inventory slot 0 now weapon 501
chupathingyce: bots: bot 20 at (84.1 -152.1 -0.0) yaw -16 fight, target 15 (seen), shield 1.00, kills 0 deaths 0
chupathingyce: bots: bot 21 at (98.2 -165.0 0.7) yaw 15 fight, target 18 (seen), shield 1.00, kills 0 deaths 0
chupathingyce: bots: bot 22 at (54.1 -80.1 0.2) yaw 140 fight, target 8 (seen), shield 1.00, kills 0 deaths 0
chupathingyce: network test: player 24 is named Bot 24
chupathingyce: network test: tick 750 player 0: (34.137 -89.325 0.735) h0.34/0.00 g0/0 w a151/-16 f154 l151/-16 as161/120 st20 thr1.00 501:0 396:18 s1 k1 d0 f0 t0 m0 player 1: (89.798 -175.782 0.445) h0.87/1.00 g0/0 w a-168/0 f-168 l-168/0 as139/120 st7 thr1.00 501:0 s0 k0 d0 f0 t1 m127 player 2: (82.324 -177.748 0.795) h1.00/1.00 g0/0 w a14/-3 f14 l14/-3 as139/120 st7 thr1.00 501:0 s0 k0 d0 f0 t2 m127 player 3: (55.809 -70.107 1.234) h1.00/1.00 g0/0 w a158/-3 f155 l158/-3 as140/120 st20 thr1.00 501:0 s0 k0 d0 f0 t3 m127 player 4: (33.834 -74.739 0.549) h1.00/0.40 riding g0/0 w a62/20 f0 l62/20 as28/120 st0 thr0.00 501:0 s0 k0 d0 f0 t4 m127 player 5: dead s0 k0 d1 f0 t5 m126 player 6: (100.569 -149.917 0.003) h0.80/0.61 g0/0 w a-122/6 f-122 l-122/6 as139/120 st7 thr1.00 501:0 s0 k0 d0 f0 t6 m126 player 7: (35.490 -63.609 0.672) h1.00/1.00 g0/0 w a-94/1 f-94 l-94/1 as139/120 st6 thr1.00 501:0 s0 k0 d0 f0 t7 m126 player 8: (49.643 -76.194 0.209) h1.00/0.87 g0/0 w a107/2 f107 l107/2 as139/120 st4 thr1.00 501:0 s0 k0 d0 f0 t8 m126 player 9: (34.979 -72.779 0.918) h1.00/0.86 g0/0 w a-135/-5 f-129 l-135/-5 as140/120 st20 thr1.00 501:0 s0 k0 d0 f0 t9 m125 player 10: (46.428 -66.481 0.833) h0.43/0.00 g0/0 w a-22/1 f-22 l-22/1 as139/120 st5 thr1.00 501:0 s0 k0 d0 f0 t10 m125 player 11: (93.895 -148.621 0.608) h1.00/1.00 g0/0 w a-58/0 f-60 l-58/0 as140/120 st20 thr1.00 501:0 s0 k0 d0 f0 t11 m125 player 12: (109.247 -162.919 0.068) h1.00/1.00 g0/0 w a-168/0 f-168 l-168/0 as139/120 st4 thr1.00 501:0 s0 k0 d0 f0 t12 m125 player 13: (80.668 -161.386 0.112) h1.00/1.00 g0/0 w a69/-1 f69 l69/-1 as139/120 st6 thr1.00 501:0 s0 k0 d1 f0 t13 m124 player 14: (27.707 -79.411 0.285) h1.00/1.00 g0/0 w a45/3 f45 l45/3 as139/120 st6 thr1.00 501:0 s0 k0 d0 f0 t14 m124 player 15: (93.582 -154.345 0.130) h1.00/1.00 g0/0 w a83/4 f83 l83/4 as139/120 st7 thr1.00 501:0 s0 k0 d0 f0 t15 m124 player 16: (31.807 -88.006 0.023) h0.41/0.00 g0/0 w a-29/13 f-29 l-29/13 as139/120 st5 thr1.00 501:0 s0 k0 d0 f0 t16 m124 player 17: (102.937 -169.453 0.108) h1.00/1.00 g0/0
chupathingyce: bots: Bot 25 joined (spartan)
chupathingyce: bots: bot 23 at (103.8 -160.5 0.1) yaw -28 fight, target 12 (seen), shield 1.00, kills 0 deaths 0
chupathingyce: bots: bot 24 at (43.0 -90.0 0.2) yaw 43 fight, target 22 (seen), shield 1.00, kills 0 deaths 0
chupathingyce: bots: bot 25 inventory slot 0 now weapon 501
chupathingyce: bots: bot 25 at (97.5 -169.6 0.3) yaw 60 fight, target 18 (seen), shield 1.00, kills 0 deaths 0
chupathingyce: bots: bot 5 inventory slot 0 now weapon 501
chupathingyce: network test: player 25 is named Bot 25
chupathingyce: network test: tick 780 player 0: (32.291 -88.615 0.173) h0.08/0.00 g0/0 w a167/-15 f167 l167/-15 as161/120 st20 thr1.00 501:0 396:17 s2 k2 d0 f0 t0 m0 player 1: (88.899 -174.020 0.337) h0.87/1.00 g0/0 w a-139/7 f-139 l-139/7 as139/120 st7 thr1.00 501:0 s0 k0 d0 f0 t1 m127 player 2: (83.023 -179.171 1.452) h1.00/1.00 g0/0 w a41/-9 f41 l41/-9 as139/120 st6 thr1.00 501:0 s0 k0 d0 f0 t2 m127 player 3: (54.573 -68.408 0.694) h1.00/1.00 g0/0 w a164/0 f164 l164/0 as139/120 st7 thr1.00 501:0 s0 k0 d0 f0 t3 m127 player 4: (33.838 -74.738 0.548) h1.00/0.38 riding g0/0 w a14/1 f0 l14/1 as28/120 st0 thr0.00 501:0 s0 k0 d0 f0 t4 m127 player 5: (84.913 -161.838 0.107) h1.00/1.00 g0/0 w a-72/1 f-38 l-72/1 as139/120 st4 thr1.00 501:0 s0 k0 d1 f0 t5 m126 player 6: (100.189 -149.643 0.029) h0.80/0.51 g0/0 w a-127/-1 f-127 l-127/-1 as139/120 st6 thr1.00 501:0 s0 k0 d0 f0 t6 m126 player 7: (37.428 -63.869 1.186) h1.00/1.00 g0/0 w a-98/-7 f-93 l-98/-7 as140/120 st20 thr1.00 501:0 s0 k0 d0 f0 t7 m126 player 8: (49.502 -74.441 0.130) h1.00/0.87 g0/0 w a118/3 f118 l118/3 as139/120 st6 thr1.00 501:0 s0 k0 d0 f0 t8 m126 player 9: (35.967 -74.311 0.100) h1.00/0.86 g0/0 w a-88/0 f-129 l-88/0 as140/120 st21 thr1.00 501:0 s0 k0 d0 f0 t9 m125 player 10: (44.877 -65.679 0.864) h0.43/0.00 g0/0 w a-17/-2 f-17 l-17/-2 as139/120 st5 thr1.00 501:0 s0 k0 d0 f0 t10 m125 player 11: (92.394 -149.856 0.510) h1.00/1.00 g0/0 w a-41/-5 f-41 l-41/-5 as139/120 st7 thr1.00 501:0 s0 k0 d0 f0 t11 m125 player 12: (108.919 -163.564 0.089) h1.00/1.00 g0/0 w a-168/-2 f-168 l-168/-2 as139/120 st7 thr1.00 501:0 s0 k0 d0 f0 t12 m125 player 13: (79.140 -160.606 0.078) h1.00/1.00 g0/0 w a52/1 f52 l52/1 as139/120 st7 thr1.00 501:0 s0 k0 d1 f0 t13 m124 player 14: (27.005 -77.598 0.340) h1.00/1.00 g0/0 w a54/2 f54 l54/2 as139/120 st4 thr1.00 501:0 s0 k0 d0 f0 t14 m124 player 15: (94.473 -153.867 0.125) h1.00/0.88 g0/0 w a2/-4 f2 l2/-4 as139/120 st9 thr1.00 501:0 s0 k0 d0 f0 t15 m124 player 16: dead s0 k0 d1 f0 t16 m124 player 17: (103.210 -169.248 0.097) h1.00/1.00 g0/0 w 
chupathingyce: bots: Bot 26 joined (spartan)
chupathingyce: bots: bot 26 inventory slot 0 now weapon 501
chupathingyce: network test: player 26 is named Bot 26
chupathingyce: network test: tick 810 player 0: (31.023 -87.351 0.045) h0.08/0.00 g0/0 w a67/-7 f67 l67/-7 as160/120 st4 thr1.00 501:0 396:17 s2 k2 d0 f0 t0 m0 player 1: (87.809 -172.821 0.871) h0.87/1.00 g0/0 w a-127/2 f-136 l-127/2 as140/120 st20 thr1.00 501:0 s0 k0 d0 f0 t1 m127 player 2: (83.177 -179.246 1.487) h1.00/0.86 g0/0 w a53/-5 f53 l53/-5 as139/120 st7 thr1.00 501:0 s0 k0 d0 f0 t2 m127 player 3: (53.440 -66.811 0.799) h1.00/1.00 g0/0 w a177/-1 f177 l177/-1 as139/120 st7 thr1.00 501:0 s0 k0 d0 f0 t3 m127 player 4: (33.838 -74.738 0.548) h1.00/0.25 riding g0/0 w a20/-0 f0 l20/-0 as28/120 st0 thr0.00 501:0 s0 k0 d0 f0 t4 m127 player 5: (85.580 -163.599 0.116) h1.00/1.00 g0/0 w a-76/3 f-76 l-76/3 as139/120 st7 thr1.00 501:0 s0 k0 d1 f0 t5 m126 player 6: (101.500 -150.987 -0.055) h0.80/0.51 g0/0 w a-156/-0 f-156 l-156/-0 as139/120 st7 thr1.00 501:0 s0 k0 d0 f0 t6 m126 player 7: (38.981 -64.805 0.704) h1.00/1.00 g0/0 w a-104/-5 f-104 l-104/-5 as139/120 st6 thr1.00 501:0 s0 k0 d0 f0 t7 m126 player 8: (47.780 -74.697 0.572) h1.00/0.87 g0/0 w a118/-1 f119 l118/-1 as140/120 st20 thr1.00 501:0 s0 k0 d0 f0 t8 m126 player 9: (36.603 -73.718 0.108) h1.00/0.86 g0/0 w a-160/-0 f-160 l-160/-0 as139/120 st4 thr1.00 501:0 s0 k0 d0 f0 t9 m125 player 10: (43.536 -66.537 0.703) h0.43/0.00 g0/0 w a-2/-1 f-2 l-2/-1 as139/120 st7 thr1.00 501:0 s0 k0 d0 f0 t10 m125 player 11: (91.440 -151.574 0.545) h1.00/1.00 g0/0 w a-14/-6 f-14 l-14/-6 as139/120 st7 thr1.00 501:0 s0 k0 d0 f0 t11 m125 player 12: (109.030 -163.665 0.099) h1.00/0.86 g0/0 w a-162/-3 f-162 l-162/-3 as139/120 st6 thr1.00 501:0 s0 k0 d0 f0 t12 m125 player 13: (79.705 -161.008 0.096) h1.00/1.00 g0/0 w a47/-2 f47 l47/-2 as139/120 st6 thr1.00 501:0 s0 k0 d1 f0 t13 m124 player 14: (27.725 -75.579 0.354) h1.00/1.00 g0/0 w a9/-2 f21 l9/-2 as139/120 st6 thr1.00 501:0 s0 k0 d0 f0 t14 m124 player 15: (93.680 -154.304 0.130) h1.00/0.61 g0/0 w a19/-3 f19 l19/-3 as139/120 st7 thr1.00 501:0 s0 k0 d0 f0 t15 m124 player 16: dead s0 k0 d1 f0 t16 m124 player 17: (101.430 -170.051 0.126) h1.00/1.
chupathingyce: bots: Bot 27 joined (spartan)
chupathingyce: bots: bot 27 inventory slot 0 now weapon 501
chupathingyce: network test: player 27 is named Bot 27
chupathingyce: network test: tick 840 player 0: (32.585 -86.119 -0.016) h0.08/0.00 g0/0 w a68/-6 f68 l68/-6 as160/120 st4 thr1.00 501:0 396:17 s2 k2 d0 f0 t0 m0 player 1: (88.322 -172.812 0.255) h0.87/1.00 g0/0 w a-114/10 f-114 l-114/10 as139/120 st6 thr1.00 501:0 s0 k0 d0 f0 t1 m127 player 2: (84.887 -180.168 1.946) h1.00/0.86 g0/0 w a66/-13 f66 l66/-13 as139/120 st7 thr1.00 501:0 s0 k0 d0 f0 t2 m127 player 3: (53.319 -65.426 1.034) h1.00/1.00 g0/0 w a-171/-4 f-171 l-171/-4 as139/120 st6 thr1.00 501:0 s0 k0 d0 f0 t3 m127 player 4: (33.838 -74.738 0.548) h0.98/0.00 riding g0/0 w a7/-1 f0 l8/-0 as28/120 st0 thr0.00 501:0 s0 k0 d0 f0 t4 m127 player 5: (86.110 -163.478 0.123) h1.00/1.00 g0/0 w a-78/-0 f-78 l-78/-0 as139/120 st6 thr1.00 501:0 s0 k0 d1 f0 t5 m126 player 6: (100.631 -149.788 0.007) h0.80/0.51 g0/0 w a-127/5 f-127 l-127/5 as139/120 st6 thr1.00 501:0 s0 k0 d0 f0 t6 m126 player 7: (39.005 -66.257 0.542) h1.00/1.00 g0/0 w a-8/-1 f-8 l-8/-1 as139/120 st7 thr1.00 501:0 s0 k0 d0 f0 t7 m126 player 8: (48.052 -74.354 0.013) h1.00/0.87 g0/0 w a59/5 f59 l59/5 as139/120 st4 thr1.00 501:0 s0 k0 d0 f0 t8 m126 player 9: (35.988 -74.449 0.105) h1.00/0.86 g0/0 w a-168/1 f-168 l-168/1 as139/120 st5 thr1.00 501:0 s0 k0 d0 f0 t9 m125 player 10: (43.434 -66.647 0.688) h0.43/0.00 g0/0 w a8/2 f8 l8/2 as139/120 st6 thr1.00 501:0 s0 k0 d0 f0 t10 m125 player 11: (91.364 -151.895 1.098) h1.00/1.00 g0/0 w a-19/-5 f-9 l-19/-5 as140/120 st20 thr1.00 501:0 s0 k0 d0 f0 t11 m125 player 12: (109.258 -165.636 0.202) h1.00/0.86 g0/0 w a175/-3 f175 l175/-3 as139/120 st6 thr1.00 501:0 s0 k0 d0 f0 t12 m125 player 13: (78.607 -159.146 0.072) h1.00/1.00 g0/0 w a14/3 f14 l14/3 as139/120 st6 thr1.00 501:0 s0 k0 d1 f0 t13 m124 player 14: (27.843 -73.603 0.876) h1.00/1.00 g0/0 w a-10/-7 f5 l-10/-7 as140/120 st20 thr1.00 501:0 s0 k0 d0 f0 t14 m124 player 15: (93.546 -154.360 0.130) h1.00/0.34 g0/0 w a5/6 f5 l5/6 as139/120 st7 thr1.00 501:0 s0 k0 d0 f0 t15 m124 player 16: dead s0 k0 d1 f0 t16 m124 player 17: (99.524 -169.544 0.667) h1.00/1.00 g0/0 w a58/-9 f82 l
chupathingyce: bots: Bot 28 joined (spartan)
chupathingyce: bots: bot 28 inventory slot 0 now weapon 501
chupathingyce: network test: player 28 is named Bot 28
chupathingyce: network test: tick 870 player 0: (34.426 -85.303 0.613) h0.08/0.00 g0/0 w a-16/-5 f68 l-2/-5 as161/120 st20 thr1.00 501:0 396:17 s2 k2 d0 f0 t0 m0 player 1: (90.076 -173.630 0.698) h0.87/1.00 g0/0 w a-116/10 f-115 l-116/10 as140/120 st20 thr1.00 501:0 s0 k0 d0 f0 t1 m127 player 2: (86.666 -181.001 2.322) h1.00/0.86 g0/0 w a66/-11 f66 l66/-11 as139/120 st7 thr1.00 501:0 s0 k0 d0 f0 t2 m127 player 3: (53.242 -67.260 0.721) h1.00/1.00 g0/0 w a165/3 f165 l165/3 as139/120 st7 thr1.00 501:0 s0 k0 d0 f0 t3 m127 player 4: (33.838 -74.738 0.548) h0.58/0.00 riding g0/0 w a24/0 f0 l24/0 as28/120 st0 thr0.00 501:0 s0 k0 d0 f0 t4 m127 player 5: (86.692 -164.378 0.376) h1.00/1.00 g0/0 w a-72/3 f-72 l-72/3 as140/120 st20 thr1.00 501:0 s0 k0 d1 f0 t5 m126 player 6: (100.949 -149.988 -0.014) h0.80/0.51 g0/0 w a-124/2 f-124 l-124/2 as139/120 st7 thr1.00 501:0 s0 k0 d0 f0 t6 m126 player 7: (39.423 -67.941 0.428) h1.00/1.00 g0/0 w a38/9 f38 l38/9 as139/120 st6 thr1.00 501:0 s0 k0 d0 f0 t7 m126 player 8: (49.904 -73.665 0.496) h1.00/0.87 g0/0 w a62/-0 f59 l62/-0 as140/120 st20 thr1.00 501:0 s0 k0 d0 f0 t8 m126 player 9: (36.961 -73.336 0.111) h1.00/0.86 g0/0 w a179/3 f179 l179/3 as139/120 st7 thr1.00 501:0 s0 k0 d0 f0 t9 m125 player 10: (43.539 -64.706 1.368) h0.43/0.00 g0/0 w a-14/-4 f1 l-14/-4 as140/120 st20 thr1.00 501:0 s0 k0 d0 f0 t10 m125 player 11: (91.911 -150.732 0.597) h1.00/1.00 g0/0 w a-30/-4 f-30 l-30/-4 as139/120 st6 thr1.00 501:0 s0 k0 d0 f0 t11 m125 player 12: (108.985 -167.617 0.430) h1.00/0.86 g0/0 w a171/-4 f174 l171/-4 as140/120 st20 thr1.00 501:0 s0 k0 d0 f0 t12 m125 player 13: (78.439 -157.096 0.638) h1.00/1.00 g0/0 w a-9/-5 f7 l-9/-5 as140/120 st20 thr1.00 501:0 s0 k0 d1 f0 t13 m124 player 14: (27.792 -73.619 0.705) h1.00/1.00 g0/0 w a-14/-5 f-14 l-14/-5 as139/120 st6 thr1.00 501:0 s0 k0 d0 f0 t14 m124 player 15: (93.488 -154.383 0.130) h1.00/0.34 g0/0 w a54/4 f41 l54/4 as139/120 st4 thr1.00 501:0 s0 k0 d0 f0 t15 m124 player 16: dead s0 k0 d1 f0 t16 m124 player 17: (98.278 -168.048 0.116) h1.00/1.00 g0/0 w a18
chupathingyce: bots: Bot 29 joined (spartan)
chupathingyce: bots: bot 16 inventory slot 0 now weapon 501
chupathingyce: bots: bot 29 inventory slot 0 now weapon 501
chupathingyce: network test: player 29 is named Bot 29
chupathingyce: network test: tick 900 player 0: (36.013 -85.806 -0.092) h0.08/0.00 g0/0 w a-58/-4 f-22 l-58/-4 as160/120 st4 thr1.00 501:0 396:17 s2 k2 d0 f0 t0 m0 player 1: (89.511 -173.518 0.277) h0.87/1.00 g0/0 w a-100/19 f-100 l-100/19 as139/120 st7 thr1.00 501:0 s0 k0 d0 f0 t1 m127 player 2: (88.500 -181.001 2.944) h1.00/0.86 g0/0 w a80/-20 f65 l80/-20 as140/120 st20 thr1.00 501:0 s0 k0 d0 f0 t2 m127 player 3: (53.647 -65.675 0.994) h1.00/1.00 g0/0 w a168/0 f168 l168/0 as139/120 st7 thr1.00 501:0 s0 k0 d0 f0 t3 m127 player 4: (33.934 -74.717 0.541) h0.30/0.00 riding g0/0 w a32/1 f0 l32/1 as28/120 st0 thr0.00 501:0 s0 k0 d0 f0 t4 m127 player 5: (85.659 -166.244 0.390) h1.00/1.00 g0/0 w a-62/-3 f-72 l-62/-3 as140/120 st20 thr1.00 501:0 s0 k0 d1 f0 t5 m126 player 6: (99.073 -149.369 0.079) h0.80/0.51 g0/0 w a-92/-5 f-92 l-92/-5 as139/120 st7 thr1.00 501:0 s0 k0 d0 f0 t6 m126 player 7: (38.908 -67.274 0.433) h1.00/1.00 g0/0 w a35/5 f35 l35/5 as139/120 st7 thr1.00 501:0 s0 k0 d0 f0 t7 m126 player 8: (49.405 -72.928 0.069) h1.00/0.87 g0/0 w a59/6 f59 l59/6 as139/120 st6 thr1.00 501:0 s0 k0 d0 f0 t8 m126 player 9: (36.456 -73.368 0.098) h1.00/0.95 g0/0 w a180/3 f180 l180/3 as139/120 st6 thr1.00 501:0 s0 k0 d0 f0 t9 m125 player 10: (43.966 -63.537 1.137) h0.43/0.00 g0/0 w a-13/-1 f-13 l-13/-1 as139/120 st6 thr1.00 501:0 s0 k0 d0 f0 t10 m125 player 11: (91.921 -150.909 1.010) h1.00/1.00 g0/0 w a-18/-9 f-23 l-18/-9 as140/120 st20 thr1.00 501:0 s0 k0 d0 f0 t11 m125 player 12: (108.831 -168.349 0.429) h1.00/0.86 g0/0 w a175/-2 f173 l175/-2 as140/120 st20 thr1.00 501:0 s0 k0 d0 f0 t12 m125 player 13: (78.572 -157.188 0.031) h1.00/1.00 g0/0 w a-53/1 f-53 l-53/1 as139/120 st4 thr1.00 501:0 s0 k0 d1 f0 t13 m124 player 14: (27.887 -73.113 0.803) h1.00/1.00 g0/0 w a-18/-6 f-18 l-18/-6 as139/120 st7 thr1.00 501:0 s0 k0 d0 f0 t14 m124 player 15: (95.041 -153.482 0.115) h1.00/0.20 g0/0 w a138/9 f138 l138/9 as139/120 st7 thr1.00 501:0 s0 k0 d0 f0 t15 m124 player 16: (92.073 -169.389 0.119) h1.00/1.00 g0/0 w a59/4 f59 l59/4 as139/120 st6 thr1.0
chupathingyce: bots: Bot 30 joined (spartan)
chupathingyce: bots: bot 1 at (89.5 -173.5 0.3) yaw -98 fight, target 2 (seen), shield 1.00, kills 0 deaths 0
chupathingyce: bots: bot 2 at (88.9 -181.0 2.8) yaw 88 fight, target 1 (seen), shield 0.86, kills 0 deaths 0
chupathingyce: bots: bot 3 at (53.8 -65.1 1.1) yaw 165 fight, target 10 (seen), shield 1.00, kills 0 deaths 0
chupathingyce: bots: bot 4 at (33.8 -74.8 0.6) yaw 6 vehicle, target 9 (seen), shield 0.00, kills 0 deaths 0
chupathingyce: bots: bot 30 inventory slot 0 now weapon 501
chupathingyce: bots: bot 5 at (84.2 -167.2 0.1) yaw -62 fight, target 1 (seen), shield 1.00, kills 0 deaths 1
chupathingyce: network test: player 30 is named Bot 30
chupathingyce: network test: tick 930 player 0: (36.415 -87.776 -0.043) h0.08/0.00 g0/0 w a-46/-7 f-46 l-46/-7 as160/120 st4 thr1.00 501:0 396:17 s2 k2 d0 f0 t0 m0 player 1: (87.529 -173.654 0.821) h0.87/1.00 g0/0 w a-79/11 f-79 l-79/11 as140/120 st20 thr1.00 501:0 s0 k0 d0 f0 t1 m127 player 2: (88.947 -181.075 2.386) h1.00/0.86 g0/0 w a100/-13 f100 l100/-13 as139/120 st6 thr1.00 501:0 s0 k0 d0 f0 t2 m127 player 3: (53.439 -66.057 0.927) h1.00/1.00 g0/0 w a155/2 f155 l155/2 as139/120 st6 thr1.00 501:0 s0 k0 d0 f0 t3 m127 player 4: (33.959 -74.708 0.539) h0.15/0.00 riding g0/0 w a5/2 f0 l5/2 as28/120 st0 thr0.00 501:0 s0 k0 d0 f0 t4 m127 player 5: (84.233 -167.146 0.100) h1.00/1.00 g0/0 w a-62/4 f-62 l-62/4 as139/120 st6 thr1.00 501:0 s0 k0 d1 f0 t5 m126 player 6: (97.107 -149.700 0.064) h0.80/0.51 g0/0 w a-78/7 f-78 l-78/7 as139/120 st7 thr1.00 501:0 s0 k0 d0 f0 t6 m126 player 7: (40.344 -68.603 0.947) h1.00/1.00 g0/0 w a59/3 f56 l59/3 as140/120 st20 thr1.00 501:0 s0 k0 d0 f0 t7 m126 player 8: (47.787 -71.764 -0.019) h1.00/1.00 g0/0 w a48/6 f48 l48/6 as139/120 st6 thr1.00 501:0 s0 k0 d0 f0 t8 m126 player 9: (37.039 -74.507 0.132) h1.00/1.00 g0/0 w a-174/0 f-174 l-174/0 as139/120 st6 thr1.00 501:0 s0 k0 d0 f0 t9 m125 player 10: (44.496 -61.672 1.445) h0.43/0.24 g0/0 w a-24/-3 f-24 l-24/-3 as139/120 st7 thr1.00 501:0 s0 k0 d0 f0 t10 m125 player 11: (91.372 -152.432 0.490) h1.00/1.00 g0/0 w a-7/-2 f-23 l-7/-2 as140/120 st20 thr1.00 501:0 s0 k0 d0 f0 t11 m125 player 12: (108.775 -166.650 0.229) h0.96/0.00 g0/0 w a-147/-5 f177 l-147/-5 as140/120 st20 thr1.00 501:0 s0 k0 d0 f0 t12 m125 player 13: (78.446 -159.385 0.089) h1.00/1.00 g0/0 w a-53/-1 f-53 l-53/-1 as139/120 st7 thr1.00 501:0 s0 k0 d1 f0 t13 m124 player 14: (28.041 -72.576 0.877) h1.00/1.00 g0/0 w a-19/-7 f-19 l-19/-7 as139/120 st6 thr1.00 501:0 s0 k0 d0 f0 t14 m124 player 15: (95.471 -153.024 0.635) h1.00/0.20 g0/0 w a171/-1 f168 l171/-1 as140/120 st20 thr1.00 501:0 s0 k0 d0 f0 t15 m124 player 16: (92.371 -169.627 0.365) h1.00/1.00 g0/0 w a62/-3 f62 l62/-3 as140/120 st20 
chupathingyce: bots: Bot 31 joined (spartan)
chupathingyce: bots: bot 6 at (96.8 -149.8 0.1) yaw -78 fight, target 19 (seen), shield 0.51, kills 0 deaths 0
chupathingyce: bots: bot 7 at (40.8 -69.0 1.1) yaw 62 fight, target 10 (seen), shield 1.00, kills 0 deaths 0
chupathingyce: bots: bot 8 at (48.0 -72.0 -0.0) yaw 46 fight, target 3 (seen), shield 1.00, kills 0 deaths 0
chupathingyce: bots: bot 9 at (36.1 -75.4 0.1) yaw 150 fight, target 14 (seen), shield 1.00, kills 1 deaths 0
chupathingyce: network test: player 31 is named Bot 31
chupathingyce: network test: tick 960 player 0: (37.212 -89.380 0.019) h0.08/0.09 g0/0 w a4/-8 f4 l4/-8 as160/120 st4 thr1.00 501:0 396:17 s2 k2 d0 f0 t0 m0 player 1: (86.023 -173.925 0.343) h0.87/1.00 g0/0 w a-68/16 f-79 l-68/16 as139/120 st6 thr1.00 501:0 s0 k0 d0 f0 t1 m127 player 2: (88.844 -180.833 2.721) h1.00/0.86 g0/0 w a111/-18 f108 l111/-18 as140/120 st20 thr1.00 501:0 s0 k0 d0 f0 t2 m127 player 3: (52.478 -67.605 0.655) h1.00/0.87 g0/0 w a149/2 f149 l149/2 as139/120 st6 thr1.00 501:0 s0 k0 d0 f0 t3 m127 player 4: dead s0 k0 d1 f0 t4 m127 player 5: (86.263 -166.681 0.118) h1.00/1.00 g0/0 w a-91/1 f-91 l-91/1 as139/120 st6 thr1.00 501:0 s0 k0 d1 f0 t5 m126 player 6: (95.177 -150.215 0.718) h0.80/0.72 g0/0 w a-67/-13 f-77 l-67/-13 as140/120 st20 thr1.00 501:0 s0 k0 d0 f0 t6 m126 player 7: (41.296 -69.361 0.424) h1.00/1.00 g0/0 w a67/5 f56 l67/5 as140/120 st21 thr1.00 501:0 s0 k0 d0 f0 t7 m126 player 8: (48.570 -72.531 0.012) h1.00/1.00 g0/0 w a50/4 f50 l50/4 as139/120 st7 thr1.00 501:0 s0 k0 d0 f0 t8 m126 player 9: (36.060 -75.443 0.132) h1.00/1.00 g0/0 w a148/8 f148 l148/8 as139/120 st7 thr1.00 501:0 s1 k1 d0 f0 t9 m125 player 10: (43.967 -62.591 1.280) h0.43/0.23 g0/0 w a-30/-5 f-30 l-30/-5 as139/120 st6 thr1.00 501:0 s0 k0 d0 f0 t10 m125 player 11: (91.417 -154.179 0.095) h1.00/1.00 g0/0 w a9/-2 f9 l9/-2 as139/120 st6 thr1.00 501:0 s0 k0 d0 f0 t11 m125 player 12: (109.728 -167.379 0.191) h0.96/0.00 g0/0 w a-141/-3 f-141 l-141/-3 as139/120 st6 thr1.00 501:0 s0 k0 d0 f0 t12 m125 player 13: (77.805 -161.154 0.176) h1.00/1.00 g0/0 w a-34/-1 f-34 l-34/-1 as139/120 st4 thr1.00 501:0 s0 k0 d1 f0 t13 m124 player 14: (28.811 -70.739 1.547) h1.00/1.00 g0/0 w a-31/-10 f-19 l-31/-10 as140/120 st20 thr1.00 501:0 s0 k0 d0 f0 t14 m124 player 15: (94.968 -154.068 0.131) h1.00/0.06 g0/0 w a78/-5 f157 l98/-5 as139/120 st5 thr1.00 501:0 s0 k0 d0 f0 t15 m124 player 16: (94.267 -170.485 0.380) h1.00/1.00 g0/0 w a100/-11 f62 l100/-11 as140/120 st20 thr1.00 501:0 s0 k0 d1 f0 t16 m124 player 17: (96.433 -166.383 0.129) h1.00/0.87 g0/0 w a3
chupathingyce: bots: bot 31 inventory slot 0 now weapon 501
chupathingyce: bots: bot 10 at (44.0 -62.5 1.3) yaw -32 fight, target 3 (seen), shield 0.23, kills 0 deaths 0
chupathingyce: bots: bot 11 at (91.3 -153.9 0.1) yaw 12 fight, target 19 (seen), shield 0.86, kills 0 deaths 0
chupathingyce: bots: bot 12 at (110.4 -168.2 0.8) yaw 136 fight, target 21 (seen), shield 0.00, kills 1 deaths 0
chupathingyce: bots: bot 13 at (78.8 -162.8 0.8) yaw -22 fight, target 5 (seen), shield 1.00, kills 0 deaths 1
chupathingyce: network test: tick 990 player 0: (38.805 -88.829 0.059) h0.08/0.34 g0/0 w a79/-5 f79 l79/-5 as160/120 st4 thr1.00 501:0 396:16 s2 k2 d0 f0 t0 m0 player 1: (87.589 -173.182 0.285) h0.87/1.00 g0/0 w a-66/16 f-66 l-66/16 as139/120 st6 thr1.00 501:0 s0 k0 d0 f0 t1 m127 player 2: (90.599 -180.047 2.414) h1.00/1.00 g0/0 w a115/-18 f108 l115/-18 as140/120 st20 thr1.00 501:0 s0 k0 d0 f0 t2 m127 player 3: (52.498 -67.609 1.244) h1.00/0.73 g0/0 w a145/-1 f145 l145/-1 as140/120 st20 thr1.00 501:0 s0 k0 d0 f0 t3 m127 player 4: dead s0 k0 d1 f0 t4 m127 player 5: (88.388 -166.881 0.102) h1.00/0.85 g0/0 w a-98/0 f-97 l-98/0 as139/120 st10 thr1.00 501:0 s0 k0 d1 f0 t5 m126 player 6: (93.936 -150.698 0.068) h0.80/0.97 g0/0 w a-13/-3 f-13 l-13/-3 as139/120 st6 thr1.00 501:0 s0 k0 d0 f0 t6 m126 player 7: (39.780 -68.628 0.405) h1.00/1.00 g0/0 w a60/5 f60 l60/5 as139/120 st6 thr1.00 501:0 s0 k0 d0 f0 t7 m126 player 8: (50.288 -73.528 0.149) h1.00/1.00 g0/0 w a70/10 f70 l70/10 as139/120 st7 thr1.00 501:0 s0 k0 d0 f0 t8 m126 player 9: (36.970 -73.981 0.665) h1.00/1.00 g0/0 w a151/0 f148 l151/0 as140/120 st20 thr1.00 501:0 s1 k1 d0 f0 t9 m125 player 10: (44.015 -61.634 1.426) h0.42/0.00 g0/0 w a-37/-1 f-37 l-37/-1 as139/120 st5 thr1.00 501:0 s0 k0 d0 f0 t10 m125 player 11: (91.121 -152.681 0.342) h1.00/0.86 g0/0 w a10/-4 f10 l10/-4 as139/120 st7 thr1.00 501:0 s0 k0 d0 f0 t11 m125 player 12: (110.816 -168.534 0.578) h0.96/0.00 g0/0 w a137/-1 f-141 l149/-1 as139/120 st7 thr1.00 501:0 s1 k1 d0 f0 t12 m125 player 13: (79.045 -163.091 0.780) h1.00/1.00 g0/0 w a-21/-4 f-28 l-21/-4 as140/120 st20 thr1.00 501:0 s0 k0 d1 f0 t13 m124 player 14: (29.666 -69.618 0.460) h1.00/1.00 g0/0 w a5/-1 f3 l5/-1 as139/120 st4 thr1.00 501:0 s0 k0 d0 f0 t14 m124 player 15: (95.072 -154.213 0.133) h0.96/0.00 g0/0 w a47/-4 f47 l47/-4 as139/120 st7 thr1.00 501:0 s0 k0 d0 f0 t15 m124 player 16: (93.983 -171.827 0.259) h1.00/1.00 g0/0 w a100/-4 f100 l100/-4 as139/120 st6 thr1.00 501:0 s0 k0 d1 f0 t16 m124 player 17: (96.469 -166.633 0.139) h1.00/0.75 g0/0 w a26/-3
chupathingyce: bots: bot 14 at (29.7 -69.6 0.5) yaw 6 fight, target 7 (seen), shield 1.00, kills 0 deaths 0
chupathingyce: bots: bot 15 at (95.4 -154.4 0.1) yaw 55 fight, target 19 (seen), shield 0.00, kills 0 deaths 0
chupathingyce: bots: bot 16 at (92.9 -171.9 0.2) yaw 88 fight, target 25 (seen), shield 1.00, kills 0 deaths 1
chupathingyce: bots: bot 17 at (96.3 -166.2 0.1) yaw 27 fight, target 23 (seen), shield 0.63, kills 0 deaths 0
chupathingyce: network test: tick 1020 player 0: (39.229 -86.927 0.220) h0.08/0.12 g0/0 w a75/-4 f75 l75/-4 as160/120 st4 thr1.00 501:0 396:16 s2 k2 d0 f0 t0 m0 player 1: (87.603 -173.213 0.289) h0.87/1.00 g0/0 w a-70/13 f-70 l-70/13 as139/120 st6 thr1.00 501:0 s0 k0 d0 f0 t1 m127 player 2: (89.853 -180.242 2.135) h1.00/1.00 g0/0 w a109/-16 f109 l109/-16 as139/120 st6 thr1.00 501:0 s0 k0 d0 f0 t2 m127 player 3: (51.510 -67.137 0.694) h1.00/0.73 g0/0 w a139/4 f139 l139/4 as139/120 st4 thr1.00 501:0 s0 k0 d0 f0 t3 m127 player 4: dead s0 k0 d1 f0 t4 m127 player 5: (89.603 -167.115 0.087) h1.00/0.57 g0/0 w a-109/1 f-109 l-109/1 as139/120 st7 thr1.00 501:0 s0 k0 d1 f0 t5 m126 player 6: (94.500 -148.783 0.608) h0.80/1.00 g0/0 w a-22/-10 f-13 l-22/-10 as140/120 st20 thr1.00 501:0 s0 k0 d0 f0 t6 m126 player 7: (38.096 -67.548 0.881) h1.00/1.00 g0/0 w a55/3 f59 l55/3 as140/120 st20 thr1.00 501:0 s0 k0 d0 f0 t7 m126 player 8: (50.499 -73.694 0.177) h1.00/1.00 g0/0 w a81/4 f81 l81/4 as139/120 st7 thr1.00 501:0 s0 k0 d0 f0 t8 m126 player 9: (37.581 -72.628 0.115) h1.00/1.00 g0/0 w a148/4 f148 l148/4 as139/120 st7 thr1.00 501:0 s1 k1 d0 f0 t9 m125 player 10: (43.190 -59.826 1.646) h0.42/0.00 g0/0 w a-41/-5 f-41 l-41/-5 as139/120 st5 thr1.00 501:0 s0 k0 d0 f0 t10 m125 player 11: (91.484 -154.143 0.095) h1.00/0.86 g0/0 w a-3/8 f-3 l-3/8 as139/120 st7 thr1.00 501:0 s0 k0 d0 f0 t11 m125 player 12: (111.742 -167.053 0.947) h0.96/0.00 g0/0 w a160/-7 f160 l160/-7 as139/120 st7 thr1.00 501:0 s1 k1 d0 f0 t12 m125 player 13: (80.753 -163.392 0.123) h1.00/1.00 g0/0 w a-22/-2 f-22 l-22/-2 as139/120 st6 thr1.00 501:0 s0 k0 d1 f0 t13 m124 player 14: (29.868 -67.781 0.944) h1.00/1.00 g0/0 w a4/-1 f3 l4/-1 as140/120 st20 thr1.00 501:0 s0 k0 d0 f0 t14 m124 player 15: (95.078 -154.219 0.727) h0.84/0.00 g0/0 w a44/-10 f52 l44/-10 as140/120 st20 thr1.00 501:0 s0 k0 d0 f0 t15 m124 player 16: (91.795 -171.790 0.198) h1.00/1.00 g0/0 w a79/4 f79 l79/4 as139/120 st6 thr1.00 501:0 s0 k0 d1 f0 t16 m124 player 17: (96.498 -166.615 0.139) h1.00/0.63 g0/0 w a32/-2 f32 
chupathingyce: bots: bot 19 at (99.4 -150.5 0.0) yaw -142 retreat, target 15 (seen), shield 0.00, kills 0 deaths 0
chupathingyce: bots: bot 4 inventory slot 0 now weapon 501
chupathingyce: bots: bot 20 at (88.1 -161.8 0.1) yaw 125 fight, target 31 (seen), shield 0.87, kills 0 deaths 0
chupathingyce: bots: bot 21 at (105.2 -164.2 0.6) yaw 135 fight, target 23 (seen), shield 1.00, kills 0 deaths 0
chupathingyce: bots: bot 22 at (55.7 -81.7 0.3) yaw 120 fight, target 30 (seen), shield 0.36, kills 0 deaths 0
chupathingyce: network test: tick 1050 player 0: (39.784 -84.889 0.133) h0.08/0.12 g0/0 w a75/-14 f75 l75/-14 as160/120 st4 thr1.00 501:0 396:15 s3 k3 d0 f0 t0 m0 player 1: (88.259 -173.300 0.296) h0.87/0.87 g0/0 w a39/-5 f39 l39/-5 as139/120 st10 thr1.00 501:0 s0 k0 d0 f0 t1 m127 player 2: (89.711 -180.386 2.178) h1.00/1.00 g0/0 w a100/-16 f100 l100/-16 as139/120 st6 thr1.00 501:0 s0 k0 d0 f0 t2 m127 player 3: (49.915 -66.176 0.832) h1.00/0.73 g0/0 w a131/5 f131 l131/5 as139/120 st4 thr1.00 501:0 s0 k0 d0 f0 t3 m127 player 4: (30.128 -82.339 0.339) h1.00/1.00 g0/0 w a-15/-2 f-15 l-15/-2 as139/120 st4 thr1.00 501:0 s0 k0 d1 f0 t4 m127 player 5: (87.538 -166.961 0.742) h1.00/0.44 g0/0 w a-84/-5 f-90 l-84/-5 as140/120 st20 thr1.00 501:0 s0 k0 d1 f0 t5 m126 player 6: (94.523 -148.686 0.044) h0.80/1.00 g0/0 w a-17/-1 f-17 l-17/-1 as139/120 st7 thr1.00 501:0 s0 k0 d0 f0 t6 m126 player 7: (36.887 -66.165 0.418) h1.00/1.00 g0/0 w a56/7 f56 l56/7 as139/120 st4 thr1.00 501:0 s0 k0 d0 f0 t7 m126 player 8: (51.723 -73.540 0.124) h1.00/1.00 g0/0 w a103/5 f103 l103/5 as139/120 st7 thr1.00 501:0 s0 k0 d0 f0 t8 m126 player 9: (38.604 -70.958 0.764) h1.00/1.00 g0/0 w a148/-2 f148 l148/-2 as140/120 st20 thr1.00 501:0 s1 k1 d0 f0 t9 m125 player 10: (42.654 -57.909 1.811) h0.42/0.00 g0/0 w a-47/-6 f-47 l-47/-6 as139/120 st5 thr1.00 501:0 s0 k0 d0 f0 t10 m125 player 11: (91.783 -155.587 0.129) h1.00/0.86 g0/0 w a45/-1 f45 l45/-1 as139/120 st7 thr1.00 501:0 s0 k0 d0 f0 t11 m125 player 12: (111.377 -167.815 0.824) h0.96/0.00 g0/0 w a147/-4 f147 l147/-4 as139/120 st7 thr1.00 501:0 s1 k1 d0 f0 t12 m125 player 13: (81.276 -162.267 0.698) h1.00/0.88 g0/0 w a-37/0 f-32 l-37/0 as140/120 st20 thr1.00 501:0 s0 k0 d1 f0 t13 m124 player 14: (29.917 -65.797 0.592) h1.00/1.00 g0/0 w a-1/-3 f-1 l-1/-3 as139/120 st6 thr1.00 501:0 s0 k0 d0 f0 t14 m124 player 15: (94.206 -153.001 0.353) h0.84/0.00 g0/0 w a22/-3 f22 l22/-3 as140/120 st20 thr1.00 501:0 s0 k0 d0 f0 t15 m124 player 16: (91.079 -170.948 0.168) h1.00/1.00 g0/0 w a-140/-1 f-140 l-140/-1 as139/120 st7 thr
chupathingyce: bots: bot 23 at (102.5 -160.7 0.1) yaw -44 retreat, target 21 (seen), shield 0.00, kills 0 deaths 0
chupathingyce: bots: bot 24 at (49.5 -81.8 0.1) yaw 45 fight, target 30 (seen), shield 1.00, kills 0 deaths 0
chupathingyce: bots: bot 25 at (91.9 -166.7 0.1) yaw -16 fight, target 17 (seen), shield 0.00, kills 0 deaths 0
chupathingyce: bots: bot 18 inventory slot 0 now weapon 501
chupathingyce: bots: bot 26 at (107.9 -159.4 0.0) yaw -61 fight, target 12 (seen), shield 1.00, kills 0 deaths 0
chupathingyce: network test: tick 1080 player 0: (40.140 -82.833 -0.178) h0.08/0.12 g0/0 w a86/-16 f86 l86/-16 as160/120 st4 thr1.00 501:0 396:15 s3 k3 d0 f0 t0 m0 player 1: (88.664 -173.362 0.289) h0.87/0.73 g0/0 w a72/6 f72 l72/6 as139/120 st7 thr1.00 501:0 s0 k0 d0 f0 t1 m127 player 2: (88.163 -180.594 2.182) h1.00/1.00 g0/0 w a89/-16 f89 l89/-16 as139/120 st6 thr1.00 501:0 s0 k0 d0 f0 t2 m127 player 3: (48.586 -64.883 1.584) h1.00/0.73 g0/0 w a130/0 f130 l130/0 as140/120 st20 thr1.00 501:0 s0 k0 d0 f0 t3 m127 player 4: (32.049 -82.935 0.460) h1.00/1.00 g0/0 w a-85/-5 f-15 l-85/-5 as140/120 st20 thr1.00 501:0 s0 k0 d1 f0 t4 m127 player 5: (85.800 -167.278 0.112) h1.00/0.44 g0/0 w a-66/-0 f-66 l-66/-0 as139/120 st6 thr1.00 501:0 s0 k0 d1 f0 t5 m126 player 6: (94.082 -148.871 0.584) h0.80/0.87 g0/0 w a-99/-4 f-99 l-99/-4 as140/120 st20 thr1.00 501:0 s0 k0 d0 f0 t6 m126 player 7: (36.264 -64.445 0.588) h1.00/1.00 g0/0 w a56/7 f56 l56/7 as139/120 st6 thr1.00 501:0 s0 k0 d0 f0 t7 m126 player 8: (51.969 -73.542 0.137) h1.00/1.00 g0/0 w a112/8 f112 l112/8 as139/120 st6 thr1.00 501:0 s0 k0 d0 f0 t8 m126 player 9: (38.776 -69.960 0.198) h1.00/1.00 g0/0 w a158/1 f158 l158/1 as139/120 st6 thr1.00 501:0 s1 k1 d0 f0 t9 m125 player 10: (41.710 -56.509 1.888) h0.27/0.00 g0/0 w a-51/-2 f-51 l-51/-2 as139/120 st5 thr1.00 501:0 s0 k0 d0 f0 t10 m125 player 11: (90.610 -154.661 0.091) h1.00/0.86 g0/0 w a47/3 f47 l47/3 as139/120 st6 thr1.00 501:0 s0 k0 d0 f0 t11 m125 player 12: (112.224 -166.453 1.141) h0.96/0.00 g0/0 w a159/-10 f159 l159/-10 as139/120 st7 thr1.00 501:0 s1 k1 d0 f0 t12 m125 player 13: (81.229 -162.273 0.113) h1.00/0.74 g0/0 w a-46/-1 f-46 l-46/-1 as139/120 st6 thr1.00 501:0 s0 k0 d1 f0 t13 m124 player 14: (30.008 -66.059 0.538) h1.00/1.00 g0/0 w a13/-2 f13 l13/-2 as139/120 st6 thr1.00 501:0 s0 k0 d0 f0 t14 m124 player 15: (93.554 -151.404 0.367) h0.71/0.00 g0/0 w a78/-1 f22 l78/-1 as140/120 st20 thr1.00 501:0 s0 k0 d0 f0 t15 m124 player 16: (89.612 -169.456 0.785) h1.00/0.88 g0/0 w a-108/-10 f-139 l-108/-10 as140/120 st20 thr1.
chupathingyce: bots: bot 28 at (59.9 -79.9 0.5) yaw -158 fight, target 22 (seen), shield 1.00, kills 0 deaths 0
chupathingyce: bots: bot 29 at (32.3 -88.8 0.1) yaw 81 fight, target 4 (seen), shield 0.86, kills 0 deaths 0
chupathingyce: bots: bot 30 at (53.5 -77.7 0.1) yaw -51 fight, target 22 (seen), shield 0.06, kills 0 deaths 0
chupathingyce: network test: tick 1110 player 0: (39.788 -81.923 -0.287) h0.08/0.12 g0/0 w a-105/-5 f-105 l-105/-5 as160/120 st4 thr1.00 501:0 396:15 s3 k3 d0 f0 t0 m0 player 1: (90.569 -173.018 0.220) h0.87/0.73 g0/0 w a123/-3 f123 l123/-3 as139/120 st7 thr1.00 501:0 s0 k0 d0 f0 t1 m127 player 2: (86.297 -180.005 1.895) h1.00/1.00 g0/0 w a60/-12 f60 l60/-12 as139/120 st6 thr1.00 501:0 s0 k0 d0 f0 t2 m127 player 3: (46.536 -64.163 1.218) h1.00/0.73 g0/0 w a129/3 f129 l129/3 as139/120 st4 thr1.00 501:0 s0 k0 d0 f0 t3 m127 player 4: (34.191 -83.231 0.014) h1.00/1.00 g0/0 w a-115/-1 f-115 l-115/-1 as139/120 st6 thr1.00 501:0 s0 k0 d1 f0 t4 m127 player 5: (86.794 -165.958 0.125) h1.00/0.44 g0/0 w a-70/-4 f-70 l-70/-4 as139/120 st6 thr1.00 501:0 s0 k0 d1 f0 t5 m126 player 6: (94.120 -147.415 0.084) h0.80/0.87 g0/0 w a-94/-2 f-94 l-94/-2 as139/120 st7 thr1.00 501:0 s0 k0 d0 f0 t6 m126 player 7: (34.824 -63.439 1.231) h1.00/1.00 g0/0 w a56/3 f55 l56/3 as140/120 st20 thr1.00 501:0 s0 k0 d0 f0 t7 m126 player 8: (50.168 -73.418 0.134) h1.00/1.00 g0/0 w a112/6 f112 l112/6 as139/120 st4 thr1.00 501:0 s0 k0 d0 f0 t8 m126 player 9: (38.607 -68.855 0.274) h1.00/1.00 g0/0 w a156/2 f156 l156/2 as139/120 st4 thr1.00 501:0 s1 k1 d0 f0 t9 m125 player 10: (39.864 -55.751 1.971) h0.27/0.00 g0/0 w a-51/-5 f-51 l-51/-5 as139/120 st5 thr1.00 501:0 s0 k0 d0 f0 t10 m125 player 11: (89.477 -153.100 0.352) h1.00/0.86 g0/0 w a16/-5 f16 l16/-5 as139/120 st6 thr1.00 501:0 s0 k0 d0 f0 t11 m125 player 12: (112.491 -165.047 1.757) h0.96/0.12 g0/0 w a180/-12 f165 l180/-12 as140/120 st20 thr1.00 501:0 s1 k1 d0 f0 t12 m125 player 13: (81.585 -162.018 0.111) h1.00/0.47 g0/0 w a-38/-1 f-38 l-38/-1 as139/120 st7 thr1.00 501:0 s0 k0 d1 f0 t13 m124 player 14: (29.585 -64.559 1.016) h1.00/0.88 g0/0 w a12/3 f12 l12/3 as140/120 st20 thr1.00 501:0 s0 k0 d0 f0 t14 m124 player 15: (93.796 -152.223 0.084) h0.58/0.00 g0/0 w a84/-1 f84 l84/-1 as139/120 st5 thr1.00 501:0 s0 k0 d0 f0 t15 m124 player 16: (87.696 -169.248 0.084) h1.00/0.88 g0/0 w a-55/0 f-55 l-55/0 as139/120 st7 th
chupathingyce: bots: bot 31 at (83.0 -157.1 0.5) yaw -106 fight, target 13 (seen), shield 0.85, kills 0 deaths 0
chupathingyce: bots: bot 27 inventory slot 0 now weapon 501
chupathingyce: network test: tick 1140 player 0: (40.034 -83.814 0.005) h0.08/0.12 g0/0 w a-130/-3 f-130 l-130/-3 as160/120 st4 thr1.00 501:0 396:15 s3 k3 d0 f0 t0 m0 player 1: (91.531 -171.336 0.173) h0.87/0.73 g0/0 w a175/-3 f175 l175/-3 as139/120 st7 thr1.00 501:0 s0 k0 d0 f0 t1 m127 player 2: (84.766 -178.830 1.387) h1.00/1.00 g0/0 w a50/-9 f50 l50/-9 as139/120 st6 thr1.00 501:0 s0 k0 d0 f0 t2 m127 player 3: (44.504 -63.390 1.184) h1.00/0.73 g0/0 w a126/4 f126 l126/4 as139/120 st4 thr1.00 501:0 s0 k0 d0 f0 t3 m127 player 4: (35.718 -84.753 -0.021) h1.00/1.00 g0/0 w a-155/-0 f-155 l-155/-0 as139/120 st6 thr1.00 501:0 s0 k0 d1 f0 t4 m127 player 5: (87.482 -165.724 0.125) h1.00/0.32 g0/0 w a-102/-2 f-102 l-102/-2 as139/120 st11 thr1.00 501:0 s0 k0 d1 f0 t5 m126 player 6: (92.327 -147.623 0.910) h0.80/0.87 g0/0 w a-67/-9 f-81 l-67/-9 as140/120 st20 thr1.00 501:0 s0 k0 d0 f0 t6 m126 player 7: (33.309 -62.424 0.785) h1.00/1.00 g0/0 w a54/7 f54 l54/7 as139/120 st6 thr1.00 501:0 s0 k0 d0 f0 t7 m126 player 8: (48.407 -72.492 0.677) h1.00/1.00 g0/0 w a113/2 f113 l113/2 as140/120 st20 thr1.00 501:0 s0 k0 d0 f0 t8 m126 player 9: (38.408 -67.085 0.857) h1.00/1.00 g0/0 w a153/1 f155 l153/1 as140/120 st20 thr1.00 501:0 s1 k1 d0 f0 t9 m125 player 10: (38.747 -55.288 2.031) h0.13/0.00 g0/0 w a-55/-5 f-55 l-55/-5 as139/120 st8 thr1.00 501:0 s0 k0 d0 f0 t10 m125 player 11: (89.719 -151.203 0.781) h1.00/0.86 g0/0 w a-24/-9 f-24 l-24/-9 as139/120 st6 thr1.00 501:0 s0 k0 d0 f0 t11 m125 player 12: (111.905 -165.272 1.039) h0.96/0.37 g0/0 w a175/-4 f175 l175/-4 as139/120 st6 thr1.00 501:0 s1 k1 d0 f0 t12 m125 player 13: (80.759 -163.611 0.127) h1.00/0.21 g0/0 w a-16/-1 f-16 l-16/-1 as139/120 st10 thr1.00 501:0 s0 k0 d1 f0 t13 m124 player 14: (29.313 -62.582 1.095) h1.00/0.88 g0/0 w a2/-7 f12 l2/-7 as139/120 st6 thr1.00 501:0 s0 k0 d0 f0 t14 m124 player 15: (94.994 -153.799 0.123) h0.58/0.00 g0/0 w a112/5 f112 l112/5 as139/120 st5 thr1.00 501:0 s0 k0 d0 f0 t15 m124 player 16: (86.639 -170.997 0.146) h1.00/0.75 g0/0 w a-6/-2 f-6 l-6/-2 as139/120 st
chupathingyce: network test: tick 1170 player 0: (38.852 -85.046 0.166) h0.08/0.12 g0/0 w a-152/-5 f-152 l-152/-5 as160/120 st4 thr1.00 501:0 396:15 s3 k3 d0 f0 t0 m0 player 1: (91.716 -171.986 0.205) h0.87/0.60 g0/0 w a-169/5 f-169 l-169/5 as139/120 st7 thr1.00 501:0 s0 k0 d0 f0 t1 m127 player 2: (84.501 -177.264 1.867) h1.00/1.00 g0/0 w a37/-12 f48 l37/-12 as140/120 st20 thr1.00 501:0 s0 k0 d0 f0 t2 m127 player 3: (42.791 -64.125 1.742) h1.00/0.92 g0/0 w a124/-0 f125 l124/-0 as140/120 st20 thr1.00 501:0 s0 k0 d0 f0 t3 m127 player 4: (35.944 -86.894 -0.075) h1.00/1.00 g0/0 w a168/1 f168 l168/1 as139/120 st6 thr1.00 501:0 s0 k0 d1 f0 t4 m127 player 5: (88.762 -165.934 0.112) h1.00/0.19 g0/0 w a-79/-3 f-91 l-79/-3 as139/120 st5 thr1.00 501:0 s0 k0 d1 f0 t5 m126 player 6: (91.621 -147.174 0.769) h0.80/0.87 g0/0 w a-111/12 f-111 l-111/12 as139/120 st5 thr1.00 501:0 s0 k0 d0 f0 t6 m126 player 7: (31.871 -61.100 1.161) h1.00/1.00 g0/0 w a42/5 f42 l42/5 as139/120 st6 thr1.00 501:0 s0 k0 d0 f0 t7 m126 player 8: (48.018 -71.853 -0.014) h1.00/1.00 g0/0 w a123/10 f123 l123/10 as139/120 st7 thr1.00 501:0 s0 k0 d0 f0 t8 m126 player 9: (37.627 -67.171 0.919) h1.00/1.00 g0/0 w a156/-1 f157 l156/-1 as140/120 st20 thr1.00 501:0 s1 k1 d0 f0 t9 m125 player 10: (37.436 -56.294 1.856) h0.01/0.00 g0/0 w a-57/-2 f-57 l-57/-2 as139/120 st7 thr1.00 501:0 s0 k0 d0 f0 t10 m125 player 11: (90.518 -149.733 1.470) h1.00/0.86 g0/0 w a59/-19 f-31 l39/-19 as140/120 st20 thr1.00 501:0 s0 k0 d0 f0 t11 m125 player 12: (111.296 -167.012 1.161) h0.96/0.62 g0/0 w a153/-7 f174 l153/-7 as140/120 st20 thr1.00 501:0 s1 k1 d0 f0 t12 m125 player 13: (81.556 -161.790 0.112) h1.00/0.21 g0/0 w a-29/-2 f-29 l-29/-2 as139/120 st6 thr1.00 501:0 s0 k0 d1 f0 t13 m124 player 14: (29.803 -63.531 0.910) h1.00/0.88 g0/0 w a45/1 f45 l45/1 as139/120 st7 thr1.00 501:0 s0 k0 d0 f0 t14 m124 player 15: (95.947 -155.288 -0.083) h0.58/0.00 g0/0 w a119/4 f119 l119/4 as139/120 st5 thr1.00 501:0 s0 k0 d0 f0 t15 m124 player 16: (86.848 -173.125 0.664) h1.00/0.75 g0/0 w a12/-8 f1 l12/-8 as140/1
chupathingyce: bots: bot 15 inventory slot 1 now weapon ed
chupathingyce: network test: tick 1200 player 0: (37.799 -86.637 0.519) h0.08/0.23 g0/0 w a-139/-9 f-141 l-139/-9 as161/120 st20 thr1.00 501:0 396:14 s3 k3 d0 f0 t0 m0 player 1: (91.527 -171.514 0.179) h0.87/0.34 g0/0 w a-164/-1 f-164 l-164/-1 as139/120 st6 thr1.00 501:0 s0 k0 d0 f0 t1 m127 player 2: (84.090 -176.246 0.530) h1.00/1.00 g0/0 w a57/-7 f57 l57/-7 as139/120 st6 thr1.00 501:0 s0 k0 d0 f0 t2 m127 player 3: (41.013 -64.691 0.894) h1.00/1.00 g0/0 w a153/2 f153 l153/2 as139/120 st4 thr1.00 501:0 s0 k0 d0 f0 t3 m127 player 4: (35.043 -88.771 0.590) h1.00/0.43 g0/0 w a131/-6 f154 l131/-6 as140/120 st20 thr1.00 501:0 s0 k0 d1 f0 t4 m127 player 5: (89.812 -165.009 0.115) h1.00/0.19 g0/0 w a-58/6 f-58 l-58/6 as139/120 st7 thr1.00 501:0 s0 k0 d1 f0 t5 m126 player 6: (92.603 -145.918 1.382) h0.80/0.87 g0/0 w a-128/-10 f-110 l-128/-10 as140/120 st20 thr1.00 501:0 s0 k0 d0 f0 t6 m126 player 7: (31.710 -60.267 1.447) h1.00/0.87 g0/0 w a-114/-11 f-112 l-114/-11 as139/120 st6 thr1.00 501:0 s1 k1 d0 f0 t7 m126 player 8: (48.353 -71.644 -0.006) h1.00/1.00 g0/0 w a139/4 f139 l139/4 as139/120 st4 thr1.00 501:0 s0 k0 d0 f0 t8 m126 player 9: (36.711 -68.784 0.292) h1.00/1.00 g0/0 w a-141/8 f157 l-141/8 as140/120 st20 thr1.00 501:0 s1 k1 d0 f0 t9 m125 player 10: dead s0 k0 d1 f0 t10 m125 player 11: (90.161 -148.871 0.923) h1.00/0.86 g0/0 w a52/6 f52 l52/6 as139/120 st6 thr1.00 501:0 s0 k0 d0 f0 t11 m125 player 12: (110.525 -167.295 0.289) h0.96/0.87 g0/0 w a144/-2 f144 l144/-2 as139/120 st6 thr1.00 501:0 s1 k1 d0 f0 t12 m125 player 13: (82.704 -159.913 0.739) h1.00/0.21 g0/0 w a-34/-4 f-30 l-34/-4 as140/120 st20 thr1.00 501:0 s0 k0 d1 f0 t13 m124 player 14: (29.926 -63.812 0.859) h1.00/0.88 g0/0 w a68/5 f68 l68/5 as139/120 st6 thr1.00 501:0 s0 k0 d0 f0 t14 m124 player 15: (95.731 -157.253 -0.287) h0.58/0.00 g0/0 w a108/7 f108 l108/7 as160/120 st5 thr1.00 501:0 ed:240 s0 k0 d0 f0 t15 m124 player 16: (86.483 -172.671 0.219) h1.00/0.75 g0/0 w a16/-3 f16 l16/-3 as139/120 st6 thr1.00 501:0 s0 k0 d1 f0 t16 m124 player 17: (103.913 -169.190 0.56
chupathingyce: bots: bot 1 at (91.5 -171.5 0.2) yaw -167 fight, target 16 (seen), shield 0.34, kills 0 deaths 0
chupathingyce: bots: bot 2 at (83.7 -176.0 0.5) yaw 55 fight, target 16 (seen), shield 1.00, kills 0 deaths 0
chupathingyce: bots: bot 3 at (40.9 -63.8 1.0) yaw 160 fight, target 7 (seen), shield 1.00, kills 0 deaths 0
chupathingyce: bots: bot 5 at (88.7 -166.1 0.1) yaw -6 fight, target 25 (seen), shield 0.07, kills 0 deaths 1
chupathingyce: network test: tick 1230 player 0: (36.436 -88.075 0.212) h0.08/0.48 g0/0 w a140/2 f-141 l149/2 as161/120 st20 thr1.00 501:0 396:13 s4 k4 d0 f0 t0 m0 player 1: (91.489 -173.400 0.275) h0.87/0.22 g0/0 w a173/-3 f173 l173/-3 as139/120 st6 thr1.00 501:0 s0 k0 d0 f0 t1 m127 player 2: (82.596 -174.954 0.314) h1.00/1.00 g0/0 w a33/-3 f33 l33/-3 as139/120 st6 thr1.00 501:0 s0 k0 d0 f0 t2 m127 player 3: (41.222 -62.827 1.111) h1.00/1.00 g0/0 w a168/5 f168 l168/5 as139/120 st7 thr1.00 501:0 s0 k0 d0 f0 t3 m127 player 4: dead s0 k0 d2 f0 t4 m127 player 5: (88.672 -166.230 0.109) h1.00/0.07 g0/0 w a-6/-4 f-6 l-6/-4 as139/120 st7 thr1.00 501:0 s0 k0 d1 f0 t5 m126 player 6: (93.850 -145.706 0.152) h0.80/0.87 g0/0 w a-147/15 f-121 l-147/15 as139/120 st7 thr1.00 501:0 s0 k0 d0 f0 t6 m126 player 7: (33.221 -61.431 1.783) h1.00/0.87 g0/0 w a-158/-12 f-120 l-158/-12 as140/120 st20 thr1.00 501:0 s1 k1 d0 f0 t7 m126 player 8: (46.418 -71.496 -0.010) h1.00/1.00 g0/0 w a121/6 f121 l121/6 as139/120 st4 thr1.00 501:0 s0 k0 d0 f0 t8 m126 player 9: (37.115 -68.383 0.226) h1.00/0.69 g0/0 w a-161/-1 f-161 l-161/-1 as139/120 st7 thr1.00 501:0 s1 k1 d0 f0 t9 m125 player 10: dead s0 k0 d1 f0 t10 m125 player 11: (89.655 -148.506 1.536) h1.00/0.86 g0/0 w a35/-18 f46 l35/-18 as140/120 st20 thr1.00 501:0 s0 k0 d0 f0 t11 m125 player 12: (109.213 -168.726 0.119) h0.96/1.00 g0/0 w a137/-1 f137 l137/-1 as139/120 st6 thr1.00 501:0 s1 k1 d0 f0 t12 m125 player 13: (84.180 -158.456 -0.039) h1.00/0.21 g0/0 w a-58/1 f-58 l-58/1 as139/120 st6 thr1.00 501:0 s0 k0 d1 f0 t13 m124 player 14: (29.071 -63.229 1.052) h1.00/0.88 g0/0 w a23/9 f23 l23/9 as139/120 st7 thr1.00 501:0 s0 k0 d0 f0 t14 m124 player 15: (95.309 -156.950 -0.287) h0.58/0.00 g0/0 w a106/8 f106 l106/8 as160/120 st4 thr1.00 501:0 ed:240 s0 k0 d0 f0 t15 m124 player 16: (86.241 -172.766 0.222) h1.00/0.75 g0/0 w a-8/-2 f-8 l-8/-2 as139/120 st7 thr1.00 501:0 s0 k0 d1 f0 t16 m124 player 17: (103.241 -169.240 0.097) h1.00/0.37 g0/0 w a93/-2 f93 l93/-2 as139/120 st6 thr1.00 501:0 s0 k0 d0 f0 t17 m123 pla
chupathingyce: bots: bot 6 at (93.9 -145.5 0.1) yaw -147 fight, target 11 (seen), shield 0.87, kills 0 deaths 0
chupathingyce: bots: bot 7 at (33.6 -62.0 1.0) yaw -157 fight, target 14 (seen), shield 0.87, kills 1 deaths 0
chupathingyce: bots: bot 8 at (45.4 -71.7 -0.0) yaw 154 fight, target 9 (seen), shield 1.00, kills 0 deaths 0
chupathingyce: bots: bot 9 at (35.9 -67.4 0.3) yaw -96 fight, target 18 (seen), shield 0.69, kills 1 deaths 0
chupathingyce: network test: tick 1260 player 0: (35.086 -87.132 -0.023) h0.08/0.73 g0/0 w a135/-2 f135 l135/-2 as160/120 st4 thr1.00 501:0 396:13 s4 k4 d0 f0 t0 m0 player 1: (91.124 -175.280 0.952) h0.87/0.22 g0/0 w a151/-6 f161 l151/-6 as140/120 st20 thr1.00 501:0 s0 k0 d0 f0 t1 m127 player 2: (82.040 -173.053 0.193) h1.00/1.00 g0/0 w a11/1 f11 l11/1 as139/120 st6 thr1.00 501:0 s0 k0 d0 f0 t2 m127 player 3: (41.268 -62.942 1.747) h1.00/1.00 g0/0 w a174/-9 f175 l174/-9 as140/120 st20 thr1.00 501:0 s0 k0 d0 f0 t3 m127 player 4: dead s0 k0 d2 f0 t4 m127 player 5: (89.171 -168.356 0.087) h1.00/0.07 g0/0 w a23/-3 f23 l23/-3 as139/120 st7 thr1.00 501:0 s0 k0 d1 f0 t5 m126 player 6: (92.909 -144.234 0.498) h0.80/0.73 g0/0 w a-144/3 f-144 l-144/3 as139/120 st7 thr1.00 501:0 s0 k0 d0 f0 t6 m126 player 7: (33.685 -61.909 0.864) h1.00/0.73 g0/0 w a-165/1 f-165 l-165/1 as139/120 st7 thr1.00 501:0 s1 k1 d0 f0 t7 m126 player 8: (44.791 -71.979 -0.051) h1.00/1.00 g0/0 w a152/1 f152 l152/1 as139/120 st4 thr1.00 501:0 s0 k0 d0 f0 t8 m126 player 9: (35.836 -67.328 0.261) h1.00/0.69 g0/0 w a-93/-6 f-93 l-93/-6 as139/120 st6 thr1.00 501:0 s1 k1 d0 f0 t9 m125 player 10: dead s0 k0 d1 f0 t10 m125 player 11: (88.788 -147.421 0.837) h1.00/0.86 g0/0 w a36/-6 f36 l36/-6 as139/120 st7 thr1.00 501:0 s0 k0 d0 f0 t11 m125 player 12: (107.769 -170.047 0.087) h0.96/1.00 g0/0 w a129/-2 f129 l129/-2 as139/120 st6 thr1.00 501:0 s1 k1 d0 f0 t12 m125 player 13: (84.193 -158.500 0.198) h1.00/0.21 g0/0 w a-63/-0 f-63 l-63/-0 as140/120 st20 thr1.00 501:0 s0 k0 d1 f0 t13 m124 player 14: (29.149 -63.261 1.037) h1.00/0.88 g0/0 w a16/-3 f16 l16/-3 as139/120 st7 thr1.00 501:0 s0 k0 d0 f0 t14 m124 player 15: (95.947 -155.771 -0.173) h0.58/0.00 g0/0 w a104/2 f104 l104/2 as160/120 st4 thr1.00 501:0 ed:231 s0 k0 d0 f0 t15 m124 player 16: (86.430 -172.392 0.560) h1.00/0.75 g0/0 w a-31/4 f-29 l-31/4 as140/120 st20 thr1.00 501:0 s0 k0 d1 f0 t16 m124 player 17: (103.539 -169.213 0.101) h1.00/0.45 g0/0 w a95/-3 f95 l95/-3 as139/120 st7 thr1.00 501:0 s0 k0 d0 f0 t17 m123 player 
chupathingyce: bots: bot 11 at (88.9 -147.6 0.9) yaw 47 fight, target 6 (seen), shield 0.72, kills 0 deaths 0
chupathingyce: bots: bot 12 at (107.1 -170.9 0.1) yaw 141 fight, target 17 (seen), shield 1.00, kills 1 deaths 0
chupathingyce: bots: bot 13 at (84.4 -159.6 0.5) yaw -62 fight, target 5 (seen), shield 0.21, kills 0 deaths 1
chupathingyce: network test: tick 1290 player 0: (33.180 -86.397 0.543) h0.08/0.98 g0/0 w a171/-7 f161 l171/-7 as161/120 st20 thr1.00 501:0 396:12 s4 k4 d0 f0 t0 m0 player 1: (90.354 -176.645 0.627) h0.87/0.22 g0/0 w a131/-2 f131 l131/-2 as139/120 st6 thr1.00 501:0 s0 k0 d0 f0 t1 m127 player 2: (81.954 -171.537 0.193) h1.00/1.00 g0/0 w a-6/3 f-6 l-6/3 as139/120 st7 thr1.00 501:0 s0 k0 d0 f0 t2 m127 player 3: (41.458 -62.485 1.173) h1.00/1.00 g0/0 w a167/0 f167 l167/0 as139/120 st7 thr1.00 501:0 s0 k0 d0 f0 t3 m127 player 4: dead s0 k0 d2 f0 t4 m127 player 5: (90.216 -170.274 0.734) h0.95/0.00 g0/0 w a36/-7 f27 l36/-7 as140/120 st20 thr1.00 501:0 s0 k0 d1 f0 t5 m126 player 6: (91.381 -143.083 0.931) h0.80/0.47 g0/0 w a-107/-0 f-107 l-107/-0 as139/120 st7 thr1.00 501:0 s0 k0 d0 f0 t6 m126 player 7: (32.603 -60.389 1.263) h1.00/0.73 g0/0 w a-121/-8 f-121 l-121/-8 as139/120 st7 thr1.00 501:0 s1 k1 d0 f0 t7 m126 player 8: (45.073 -70.389 0.626) h1.00/1.00 g0/0 w a160/-3 f157 l160/-3 as140/120 st20 thr1.00 501:0 s0 k0 d0 f0 t8 m126 player 9: (35.904 -67.507 0.258) h1.00/0.56 g0/0 w a-59/-4 f-59 l-59/-4 as139/120 st7 thr1.00 501:0 s1 k1 d0 f0 t9 m125 player 10: dead s0 k0 d1 f0 t10 m125 player 11: (90.031 -148.240 0.975) h1.00/0.72 g0/0 w a72/-3 f66 l72/-3 as140/120 st20 thr1.00 501:0 s0 k0 d0 f0 t11 m125 player 12: (106.930 -171.437 0.071) h0.96/1.00 g0/0 w a121/-2 f121 l121/-2 as139/120 st7 thr1.00 501:0 s1 k1 d0 f0 t12 m125 player 13: (84.421 -160.014 0.213) h1.00/0.21 g0/0 w a-61/2 f-63 l-61/2 as140/120 st20 thr1.00 501:0 s0 k0 d1 f0 t13 m124 player 14: (30.190 -64.603 0.719) h1.00/0.74 g0/0 w a57/4 f57 l57/4 as139/120 st7 thr1.00 501:0 s0 k0 d0 f0 t14 m124 player 15: (96.083 -153.689 0.153) h0.58/0.14 g0/0 w a113/3 f112 l113/3 as161/120 st20 thr1.00 501:0 ed:221 s0 k0 d0 f0 t15 m124 player 16: (86.469 -171.863 0.360) h1.00/0.46 g0/0 w a-49/0 f-29 l-49/0 as140/120 st20 thr1.00 501:0 s0 k0 d1 f0 t16 m124 player 17: (105.431 -168.621 0.110) h1.00/0.70 g0/0 w a120/-4 f120 l120/-4 as139/120 st7 thr1.00 501:0 s0 k0 d0 f0 t17 m123 play
chupathingyce: bots: bot 10 inventory slot 0 now weapon 501
chupathingyce: bots: bot 14 at (30.2 -64.6 0.7) yaw 62 fight, target 7 (seen), shield 0.74, kills 0 deaths 0
chupathingyce: bots: bot 15 at (96.1 -153.1 0.1) yaw 117 fight, target 6 (seen), shield 0.21, kills 0 deaths 0
chupathingyce: bots: bot 16 at (87.0 -171.4 0.2) yaw -66 fight, target 1 (seen), shield 0.46, kills 0 deaths 1
chupathingyce: bots: bot 17 at (105.3 -168.7 0.1) yaw 95 fight, target 26 (seen), shield 0.88, kills 0 deaths 0
chupathingyce: bots: bot 4 inventory slot 0 now weapon 501
chupathingyce: bots: bot 18 at (38.8 -68.6 0.3) yaw -171 fight, target 9 (seen), shield 1.00, kills 1 deaths 1
chupathingyce: network test: tick 1320 player 0: (31.141 -86.174 0.035) h0.08/0.87 g0/0 w a174/-6 f174 l174/-6 as160/120 st4 thr1.00 501:0 396:11 s4 k4 d0 f0 t0 m0 player 1: (88.584 -177.467 1.103) h0.87/0.22 g0/0 w a98/-9 f98 l98/-9 as140/120 st20 thr1.00 501:0 s0 k0 d0 f0 t1 m127 player 2: (82.267 -173.443 0.189) h1.00/1.00 g0/0 w a20/-1 f20 l20/-1 as139/120 st7 thr1.00 501:0 s0 k0 d0 f0 t2 m127 player 3: (40.982 -60.795 1.362) h1.00/1.00 g0/0 w a176/-1 f176 l176/-1 as139/120 st4 thr1.00 501:0 s0 k0 d0 f0 t3 m127 player 4: (51.844 -76.392 0.090) h1.00/1.00 g0/0 w a98/2 f172 l113/2 as139/120 st6 thr1.00 501:0 s0 k0 d2 f0 t4 m127 player 5: (91.831 -171.746 0.197) h0.95/0.00 g0/0 w a57/-2 f57 l57/-2 as139/120 st7 thr1.00 501:0 s0 k0 d1 f0 t5 m126 player 6: (89.452 -143.234 1.147) h0.80/0.47 g0/0 w a-65/-6 f-65 l-65/-6 as139/120 st7 thr1.00 501:0 s0 k0 d0 f0 t6 m126 player 7: (30.950 -60.038 1.491) h1.00/0.73 g0/0 w a-79/-14 f-79 l-79/-14 as139/120 st6 thr1.00 501:0 s1 k1 d0 f0 t7 m126 player 8: (45.172 -69.040 0.397) h1.00/1.00 g0/0 w a119/4 f119 l119/4 as139/120 st6 thr1.00 501:0 s0 k0 d0 f0 t8 m126 player 9: (35.133 -69.189 0.128) h1.00/0.56 g0/0 w a6/-0 f6 l6/-0 as139/120 st7 thr1.00 501:0 s1 k1 d0 f0 t9 m125 player 10: (38.391 -89.438 0.047) h1.00/1.00 g0/0 w a1/-1 f1 l1/-1 as139/120 st4 thr1.00 501:0 s0 k0 d1 f0 t10 m125 player 11: (91.964 -148.088 0.706) h1.00/0.72 g0/0 w a114/3 f114 l114/3 as139/120 st7 thr1.00 501:0 s0 k0 d0 f0 t11 m125 player 12: (108.343 -170.336 0.115) h0.96/1.00 g0/0 w a152/-3 f152 l152/-3 as139/120 st7 thr1.00 501:0 s1 k1 d0 f0 t12 m125 player 13: (84.511 -162.363 0.102) h1.00/0.22 g0/0 w a-53/-1 f-53 l-53/-1 as139/120 st4 thr1.00 501:0 s0 k0 d1 f0 t13 m124 player 14: (32.086 -64.905 0.480) h1.00/0.74 g0/0 w a103/10 f103 l103/10 as139/120 st6 thr1.00 501:0 s0 k0 d0 f0 t14 m124 player 15: (96.335 -151.741 0.085) h0.58/0.39 g0/0 w a88/-2 f88 l88/-2 as160/120 st7 thr1.00 501:0 ed:212 s0 k0 d0 f0 t15 m124 player 16: (88.094 -171.139 0.155) h1.00/0.46 g0/0 w a-83/7 f-83 l-83/7 as139/120 st6 thr1.00 501:
chupathingyce: bots: bot 20 at (86.0 -155.9 0.3) yaw -127 fight, target 31 (seen), shield 1.00, kills 0 deaths 0
chupathingyce: bots: bot 22 at (60.6 -88.9 0.6) yaw 127 fight, target 28 (seen), shield 0.00, kills 0 deaths 0
chupathingyce: network test: tick 1350 player 0: (29.101 -86.026 0.694) h0.08/0.64 g0/0 w a179/-9 f174 l179/-9 as161/120 st20 thr1.00 501:0 396:11 s4 k4 d0 f0 t0 m0 player 1: (87.106 -177.716 1.118) h0.87/0.22 g0/0 w a68/-4 f98 l68/-4 as140/120 st20 thr1.00 501:0 s0 k0 d0 f0 t1 m127 player 2: (83.094 -175.202 0.884) h1.00/1.00 g0/0 w a31/-2 f26 l31/-2 as140/120 st20 thr1.00 501:0 s0 k0 d0 f0 t2 m127 player 3: (40.636 -58.942 1.868) h1.00/1.00 g0/0 w a-174/-3 f-176 l-174/-3 as140/120 st20 thr1.00 501:0 s0 k0 d0 f0 t3 m127 player 4: (50.004 -77.471 0.642) h1.00/1.00 g0/0 w a127/3 f129 l127/3 as140/120 st20 thr1.00 501:0 s0 k0 d2 f0 t4 m127 player 5: (92.752 -172.314 0.246) h0.95/0.00 g0/0 w a64/-1 f64 l64/-1 as139/120 st6 thr1.00 501:0 s0 k0 d1 f0 t5 m126 player 6: (88.095 -144.645 1.050) h0.80/0.47 g0/0 w a-25/-8 f-25 l-25/-8 as140/120 st20 thr1.00 501:0 s0 k0 d0 f0 t6 m126 player 7: (31.632 -59.819 1.482) h1.00/0.61 g0/0 w a-100/-11 f-100 l-100/-11 as139/120 st7 thr1.00 501:0 s1 k1 d0 f0 t7 m126 player 8: (44.270 -69.569 1.156) h1.00/1.00 g0/0 w a109/3 f109 l109/3 as139/120 st4 thr1.00 501:0 s0 k0 d0 f0 t8 m126 player 9: (35.670 -70.318 0.021) h1.00/0.56 g0/0 w a61/3 f61 l61/3 as139/120 st6 thr1.00 501:0 s1 k1 d0 f0 t9 m125 player 10: (40.446 -88.557 0.489) h1.00/1.00 g0/0 w a30/-4 f1 l30/-4 as140/120 st20 thr1.00 501:0 s0 k0 d1 f0 t10 m125 player 11: (93.301 -146.694 0.360) h1.00/0.72 g0/0 w a156/6 f156 l156/6 as139/120 st7 thr1.00 501:0 s0 k0 d0 f0 t11 m125 player 12: (108.750 -168.920 0.088) h0.96/1.00 g0/0 w a170/-2 f170 l170/-2 as139/120 st6 thr1.00 501:0 s1 k1 d0 f0 t12 m125 player 13: (84.958 -164.709 0.352) h1.00/0.47 g0/0 w a-44/-1 f-44 l-44/-1 as140/120 st20 thr1.00 501:0 s0 k0 d1 f0 t13 m124 player 14: (30.752 -64.858 0.595) h1.00/0.74 g0/0 w a80/9 f80 l80/9 as139/120 st6 thr1.00 501:0 s0 k0 d0 f0 t14 m124 player 15: (96.249 -152.441 0.724) h0.58/0.64 g0/0 w a120/-4 f131 l120/-4 as161/120 st20 thr1.00 501:0 ed:203 s1 k1 d0 f0 t15 m124 player 16: (89.998 -171.177 0.796) h1.00/0.46 g0/0 w a-112/2 f-96 l-112/2 as140/12
chupathingyce: bots: bot 23 at (100.5 -159.6 0.4) yaw -28 fight, target 26 (seen), shield 1.00, kills 0 deaths 0
chupathingyce: bots: bot 24 at (49.0 -82.8 0.1) yaw -16 fight, target 28 (seen), shield 0.59, kills 1 deaths 0
chupathingyce: bots: bot 25 at (96.8 -165.2 0.8) yaw -119 fight, target 5 (seen), shield 0.00, kills 0 deaths 0
chupathingyce: bots: bot 26 at (106.8 -162.6 0.0) yaw -139 fight, target 17 (seen), shield 0.36, kills 1 deaths 0
chupathingyce: network test: tick 1380 player 0: (27.216 -85.747 0.319) h0.08/0.24 g0/0 w a174/7 f172 l174/7 as160/120 st8 thr1.00 501:0 396:10 s4 k4 d0 f0 t0 m0 player 1: (86.059 -177.154 0.811) h0.87/0.07 g0/0 w a145/-11 f123 l145/-11 as139/120 st5 thr1.00 501:0 s0 k0 d0 f0 t1 m127 player 2: (83.556 -175.338 0.392) h1.00/1.00 g0/0 w a-36/3 f-36 l-36/3 as139/120 st5 thr1.00 501:0 s0 k0 d0 f0 t2 m127 player 3: (40.272 -57.005 1.758) h1.00/0.88 g0/0 w a-162/-3 f-176 l-162/-3 as139/120 st7 thr1.00 501:0 s0 k0 d0 f0 t3 m127 player 4: (48.355 -78.456 0.125) h1.00/1.00 g0/0 w a117/5 f129 l117/5 as139/120 st4 thr1.00 501:0 s0 k0 d2 f0 t4 m127 player 5: (93.439 -172.341 0.265) h0.66/0.00 g0/0 w a154/-5 f154 l154/-5 as139/120 st5 thr1.00 501:0 s0 k0 d1 f0 t5 m126 player 6: (88.014 -144.715 0.994) h0.80/0.47 g0/0 w a-28/-7 f-28 l-28/-7 as139/120 st7 thr1.00 501:0 s0 k0 d0 f0 t6 m126 player 7: (31.907 -60.112 1.389) h1.00/0.47 g0/0 w a-122/-2 f-122 l-122/-2 as139/120 st6 thr1.00 501:0 s1 k1 d0 f0 t7 m126 player 8: (43.134 -68.642 1.150) h1.00/1.00 g0/0 w a164/-3 f107 l164/-3 as140/120 st20 thr1.00 501:0 s0 k0 d0 f0 t8 m126 player 9: (34.794 -69.846 0.141) h1.00/0.56 g0/0 w a40/11 f40 l40/11 as139/120 st7 thr1.00 501:0 s1 k1 d0 f0 t9 m125 player 10: (40.995 -87.326 0.124) h1.00/1.00 g0/0 w a35/-1 f35 l35/-1 as139/120 st4 thr1.00 501:0 s0 k0 d1 f0 t10 m125 player 11: (93.114 -147.359 0.434) h1.00/0.45 g0/0 w a155/4 f155 l155/4 as139/120 st6 thr1.00 501:0 s0 k0 d0 f0 t11 m125 player 12: (108.359 -170.063 0.092) h0.96/1.00 g0/0 w a150/-2 f150 l150/-2 as139/120 st7 thr1.00 501:0 s1 k1 d0 f0 t12 m125 player 13: (85.365 -166.946 0.367) h1.00/0.72 g0/0 w a-35/-3 f-44 l-35/-3 as140/120 st20 thr1.00 501:0 s0 k0 d1 f0 t13 m124 player 14: (28.855 -64.327 1.379) h1.00/0.74 g0/0 w a56/-1 f70 l56/-1 as140/120 st20 thr1.00 501:0 s0 k0 d0 f0 t14 m124 player 15: (94.591 -153.217 0.107) h0.58/0.89 g0/0 w a106/2 f106 l106/2 as160/120 st6 thr1.00 501:0 ed:190 s1 k1 d0 f0 t15 m124 player 16: (90.113 -170.812 0.155) h1.00/0.46 g0/0 w a-26/-2 f-26 l-26/-2 as13
chupathingyce: bots: bot 27 at (98.4 -142.9 0.6) yaw -111 fight, target 15 (seen), shield 0.79, kills 0 deaths 1
chupathingyce: bots: bot 28 at (58.3 -83.8 0.1) yaw 163 fight, target 24 (seen), shield 0.88, kills 0 deaths 0
chupathingyce: bots: bot 29 at (23.8 -86.3 1.1) yaw 16 retreat, target 0 (seen), shield 0.00, kills 0 deaths 0
chupathingyce: bots: bot 30 inventory slot 0 now weapon 501
chupathingyce: network test: tick 1410 player 0: (25.771 -86.246 0.692) h0.07/0.00 g0/0 w a-168/8 f-168 l-168/8 as160/120 st4 thr1.00 501:0 396:9 s4 k4 d0 f0 t0 m0 player 1: (85.921 -177.581 1.146) h0.70/0.00 g0/0 w a113/-16 f145 l113/-16 as140/120 st20 thr1.00 501:0 s0 k0 d0 f0 t1 m127 player 2: (84.584 -174.197 0.315) h1.00/1.00 g0/0 w a-66/12 f-66 l-66/12 as139/120 st7 thr1.00 501:0 s0 k0 d0 f0 t2 m127 player 3: (39.292 -55.374 2.024) h1.00/0.88 g0/0 w a-135/-1 f-135 l-135/-1 as139/120 st6 thr1.00 501:0 s0 k0 d0 f0 t3 m127 player 4: (47.017 -77.269 0.134) h1.00/1.00 g0/0 w a120/1 f120 l120/1 as139/120 st6 thr1.00 501:0 s0 k0 d2 f0 t4 m127 player 5: (94.725 -173.496 0.519) h0.52/0.00 g0/0 w a136/-6 f136 l136/-6 as139/120 st5 thr1.00 501:0 s0 k0 d1 f0 t5 m126 player 6: (87.143 -146.332 0.448) h0.80/0.47 g0/0 w a-29/1 f-29 l-29/1 as139/120 st7 thr1.00 501:0 s0 k0 d0 f0 t6 m126 player 7: (33.067 -61.632 1.886) h1.00/0.47 g0/0 w a-156/-9 f-146 l-156/-9 as140/120 st20 thr1.00 501:0 s1 k1 d0 f0 t7 m126 player 8: (42.415 -69.174 0.375) h1.00/1.00 g0/0 w a171/-3 f171 l171/-3 as139/120 st7 thr1.00 501:0 s0 k0 d0 f0 t8 m126 player 9: (34.907 -69.802 0.496) h1.00/0.41 g0/0 w a17/-3 f24 l17/-3 as140/120 st20 thr1.00 501:0 s1 k1 d0 f0 t9 m125 player 10: (40.745 -85.290 0.132) h1.00/1.00 g0/0 w a20/-2 f20 l20/-2 as139/120 st6 thr1.00 501:0 s0 k0 d1 f0 t10 m125 player 11: (92.172 -149.107 0.655) h1.00/0.05 g0/0 w a151/-3 f151 l151/-3 as139/120 st6 thr1.00 501:0 s0 k0 d0 f0 t11 m125 player 12: (109.227 -168.311 0.452) h0.96/1.00 g0/0 w a158/-4 f157 l158/-4 as140/120 st20 thr1.00 501:0 s1 k1 d0 f0 t12 m125 player 13: (85.969 -168.468 0.097) h1.00/0.97 g0/0 w a-28/2 f-28 l-28/2 as139/120 st4 thr1.00 501:0 s0 k0 d1 f0 t13 m124 player 14: (27.852 -63.791 1.159) h1.00/0.74 g0/0 w a23/6 f23 l23/6 as139/120 st7 thr1.00 501:0 s0 k0 d0 f0 t14 m124 player 15: (94.239 -153.255 0.457) h0.58/1.00 g0/0 w a113/2 f110 l113/2 as161/120 st20 thr1.00 501:0 ed:181 s1 k1 d0 f0 t15 m124 player 16: (90.897 -169.258 0.102) h1.00/0.32 g0/0 w a-46/2 f-46 l-46/2 as13
chupathingyce: bots: bot 31 at (81.7 -162.4 0.1) yaw -56 fight, target 13 (seen), shield 0.28, kills 0 deaths 0
chupathingyce: bots: bot 19 inventory slot 0 now weapon 501
chupathingyce: bots: bot 21 inventory slot 0 now weapon 501
chupathingyce: network test: tick 1440 player 0: (24.504 -87.478 1.455) h0.07/0.00 g0/0 w a113/-14 f169 l113/-14 as161/120 st20 thr1.00 501:0 396:8 s5 k5 d0 f0 t0 m0 player 1: (85.882 -178.929 1.430) h0.57/0.00 g0/0 w a125/-14 f125 l125/-14 as139/120 st5 thr1.00 501:0 s0 k0 d0 f0 t1 m127 player 2: (83.006 -175.067 0.336) h1.00/1.00 g0/0 w a-53/11 f-53 l-53/11 as139/120 st7 thr1.00 501:0 s0 k0 d0 f0 t2 m127 player 3: (39.229 -55.352 2.196) h1.00/0.88 g0/0 w a-126/-9 f-126 l-126/-9 as139/120 st7 thr1.00 501:0 s0 k0 d0 f0 t3 m127 player 4: (47.612 -76.244 0.037) h1.00/1.00 g0/0 w a125/2 f125 l125/2 as139/120 st4 thr1.00 501:0 s0 k0 d2 f0 t4 m127 player 5: (95.009 -175.638 0.925) h0.52/0.00 g0/0 w a125/-2 f125 l125/-2 as139/120 st5 thr1.00 501:0 s0 k0 d1 f0 t5 m126 player 6: (86.199 -148.068 0.156) h0.80/0.47 g0/0 w a-26/4 f-26 l-26/4 as139/120 st7 thr1.00 501:0 s0 k0 d0 f0 t6 m126 player 7: (33.657 -63.105 0.698) h1.00/0.47 g0/0 w a-159/1 f-146 l-159/1 as140/120 st21 thr1.00 501:0 s1 k1 d0 f0 t7 m126 player 8: (41.805 -67.701 0.575) h1.00/1.00 g0/0 w a-136/-8 f-136 l-136/-8 as139/120 st7 thr1.00 501:0 s0 k0 d0 f0 t8 m126 player 9: (34.314 -68.349 0.182) h1.00/0.41 g0/0 w a-28/-3 f24 l-28/-3 as140/120 st21 thr1.00 501:0 s1 k1 d0 f0 t9 m125 player 10: (40.423 -83.955 0.031) h1.00/1.00 g0/0 w a-4/1 f-4 l-4/1 as139/120 st4 thr1.00 501:0 s0 k0 d1 f0 t10 m125 player 11: (91.388 -150.521 0.739) h1.00/0.05 g0/0 w a155/-6 f155 l155/-6 as139/120 st7 thr1.00 501:0 s0 k0 d0 f0 t11 m125 player 12: (109.826 -166.453 0.253) h0.96/1.00 g0/0 w a137/-6 f157 l137/-6 as140/120 st20 thr1.00 501:0 s1 k1 d0 f0 t12 m125 player 13: (86.260 -168.090 0.100) h1.00/1.00 g0/0 w a-19/6 f-19 l-19/6 as139/120 st7 thr1.00 501:0 s0 k0 d1 f0 t13 m124 player 14: (28.401 -65.104 1.043) h1.00/0.60 g0/0 w a23/-4 f23 l23/-4 as139/120 st6 thr1.00 501:0 s0 k0 d0 f0 t14 m124 player 15: (95.775 -152.117 0.257) h0.58/1.00 g0/0 w a159/2 f110 l159/2 as161/120 st20 thr1.00 501:0 ed:180 s1 k1 d0 f0 t15 m124 player 16: (90.586 -169.389 0.745) h1.00/0.21 g0/0 w a-55/-0 f-57 l-55/-
chupathingyce: network test: tick 1470 player 0: (23.780 -87.684 1.176) h0.07/0.00 g0/0 w a-11/-15 f68 l9/-15 as160/120 st4 thr1.00 501:0 396:8 s5 k5 d0 f0 t0 m0 player 1: (87.560 -179.510 1.769) h0.57/0.00 g0/0 w a150/-12 f150 l150/-12 as139/120 st5 thr1.00 501:0 s0 k0 d0 f0 t1 m127 player 2: (81.689 -176.545 0.704) h1.00/1.00 g0/0 w a-27/10 f-28 l-27/10 as140/120 st20 thr1.00 501:0 s0 k0 d0 f0 t2 m127 player 3: (37.824 -54.387 2.317) h1.00/0.88 g0/0 w a-123/-10 f-126 l-123/-10 as140/120 st20 thr1.00 501:0 s0 k0 d0 f0 t3 m127 player 4: (47.187 -73.796 0.480) h1.00/1.00 g0/0 w a134/-1 f126 l134/-1 as140/120 st20 thr1.00 501:0 s0 k0 d2 f0 t4 m127 player 5: (95.306 -177.772 1.339) h0.52/0.00 g0/0 w a127/-8 f127 l127/-8 as139/120 st5 thr1.00 501:0 s0 k0 d1 f0 t5 m126 player 6: (85.486 -149.638 -0.012) h0.80/0.51 g0/0 w a-84/1 f-84 l-84/1 as139/120 st4 thr1.00 501:0 s0 k0 d0 f0 t6 m126 player 7: (32.946 -61.564 0.963) h1.00/0.47 g0/0 w a-152/4 f-152 l-152/4 as139/120 st7 thr1.00 501:0 s1 k1 d0 f0 t7 m126 player 8: (40.132 -66.643 0.614) h1.00/1.00 g0/0 w a-110/-8 f-110 l-110/-8 as139/120 st7 thr1.00 501:0 s0 k0 d0 f0 t8 m126 player 9: (33.594 -69.802 0.465) h1.00/0.41 g0/0 w a-8/-4 f-8 l-8/-4 as139/120 st7 thr1.00 501:0 s1 k1 d0 f0 t9 m125 player 10: (40.437 -84.221 0.080) h1.00/0.87 g0/0 w a-102/-1 f-102 l-102/-1 as139/120 st6 thr1.00 501:0 s0 k0 d1 f0 t10 m125 player 11: (91.641 -148.655 0.743) h1.00/0.05 g0/0 w a-171/-8 f-171 l-171/-8 as139/120 st7 thr1.00 501:0 s0 k0 d0 f0 t11 m125 player 12: (110.360 -166.886 0.155) h0.96/1.00 g0/0 w a143/-3 f143 l143/-3 as139/120 st6 thr1.00 501:0 s1 k1 d0 f0 t12 m125 player 13: (85.881 -170.246 0.102) h1.00/1.00 g0/0 w a2/-1 f2 l2/-1 as139/120 st7 thr1.00 501:0 s0 k0 d1 f0 t13 m124 player 14: (28.070 -64.263 1.271) h1.00/0.47 g0/0 w a29/-6 f22 l29/-6 as140/120 st20 thr1.00 501:0 s0 k0 d0 f0 t14 m124 player 15: (95.313 -152.897 0.103) h0.58/1.00 g0/0 w a134/6 f134 l134/6 as160/120 st6 thr1.00 501:0 ed:180 s1 k1 d0 f0 t15 m124 player 16: (89.775 -169.924 0.108) h1.00/0.21 g0/0 w a-55/6 f-55 l
chupathingyce: network test: tick 1500 player 0: (24.975 -88.978 1.556) h0.07/0.00 g0/0 w a9/-13 f9 l9/-13 as161/120 st20 thr1.00 501:0 396:8 s5 k5 d0 f0 t0 m0 player 1: (89.487 -179.201 1.736) h0.57/0.00 g0/0 w a171/-7 f171 l171/-7 as139/120 st5 thr1.00 501:0 s0 k0 d0 f0 t1 m127 player 2: (81.022 -177.970 0.781) h1.00/1.00 g0/0 w a-7/5 f-7 l-7/5 as139/120 st6 thr1.00 501:0 s0 k0 d0 f0 t2 m127 player 3: (36.913 -53.803 2.462) h1.00/0.88 g0/0 w a-118/-10 f-118 l-118/-10 as139/120 st7 thr1.00 501:0 s0 k0 d0 f0 t3 m127 player 4: (46.266 -73.256 -0.022) h1.00/0.88 g0/0 w a128/3 f131 l128/3 as140/120 st20 thr1.00 501:0 s0 k0 d2 f0 t4 m127 player 5: (96.955 -178.822 1.685) h0.52/0.00 g0/0 w a134/-8 f134 l134/-8 as139/120 st5 thr1.00 501:0 s0 k0 d1 f0 t5 m126 player 6: (84.634 -151.601 -0.027) h0.80/0.76 g0/0 w a-77/2 f-77 l-77/2 as139/120 st4 thr1.00 501:0 s0 k0 d0 f0 t6 m126 player 7: (33.011 -61.390 0.998) h1.00/0.35 g0/0 w a-135/-3 f-135 l-135/-3 as139/120 st6 thr1.00 501:0 s1 k1 d0 f0 t7 m126 player 8: (41.101 -66.588 0.714) h1.00/1.00 g0/0 w a-146/-10 f-146 l-146/-10 as139/120 st6 thr1.00 501:0 s0 k0 d0 f0 t8 m126 player 9: (33.942 -71.698 1.142) h1.00/0.41 g0/0 w a35/-10 f9 l35/-10 as140/120 st20 thr1.00 501:0 s1 k1 d0 f0 t9 m125 player 10: (39.171 -84.622 0.134) h1.00/0.73 g0/0 w a-70/-2 f-70 l-70/-2 as139/120 st7 thr1.00 501:0 s0 k0 d1 f0 t10 m125 player 11: (92.672 -148.150 0.591) h1.00/0.05 g0/0 w a-77/-7 f-77 l-77/-7 as139/120 st6 thr1.00 501:0 s0 k0 d0 f0 t11 m125 player 12: (108.736 -167.903 0.772) h0.96/1.00 g0/0 w a87/-11 f122 l87/-11 as140/120 st20 thr1.00 501:0 s1 k1 d0 f0 t12 m125 player 13: (86.054 -170.728 0.130) h1.00/1.00 g0/0 w a-9/-2 f-9 l-9/-2 as139/120 st6 thr1.00 501:0 s0 k0 d1 f0 t13 m124 player 14: (29.009 -65.276 0.806) h1.00/0.47 g0/0 w a45/0 f45 l45/0 as139/120 st7 thr1.00 501:0 s0 k0 d0 f0 t14 m124 player 15: (93.613 -153.826 0.120) h0.58/1.00 g0/0 w a103/4 f103 l103/4 as160/120 st6 thr1.00 501:0 ed:180 s1 k1 d0 f0 t15 m124 player 16: (89.629 -171.443 0.182) h1.00/0.08 g0/0 w a-47/8 f-47 l-47/8 as139
chupathingyce: bots: bot 1 at (89.5 -179.2 1.7) yaw 170 retreat, target 2 (seen), shield 0.00, kills 0 deaths 0
chupathingyce: bots: bot 2 at (81.0 -177.6 0.6) yaw -11 fight, target 1 (seen), shield 1.00, kills 0 deaths 0
chupathingyce: bots: bot 3 at (36.3 -53.5 2.6) yaw -107 fight, target 7 (seen), shield 0.88, kills 0 deaths 0
chupathingyce: bots: bot 4 at (45.6 -73.8 -0.1) yaw 124 fight, target 8 (seen), shield 0.88, kills 0 deaths 2
chupathingyce: bots: bot 5 at (98.6 -179.2 2.0) yaw 145 fight, target 16 (seen), shield 0.00, kills 0 deaths 1
chupathingyce: network test: tick 1530 player 0: (26.661 -89.711 1.035) h0.07/0.00 g0/0 w a55/-9 f9 l55/-9 as161/120 st20 thr1.00 501:0 396:8 s5 k5 d0 f0 t0 m0 player 1: (90.861 -180.514 2.308) h0.57/0.00 g0/0 w a155/-11 f155 l155/-11 as139/120 st5 thr1.00 501:0 s0 k0 d0 f0 t1 m127 player 2: (81.535 -176.247 0.398) h1.00/1.00 g0/0 w a-25/10 f-25 l-25/10 as139/120 st4 thr1.00 501:0 s0 k0 d0 f0 t2 m127 player 3: (37.228 -53.819 2.434) h1.00/0.88 g0/0 w a-111/-11 f-111 l-111/-11 as139/120 st6 thr1.00 501:0 s0 k0 d0 f0 t3 m127 player 4: (46.060 -73.438 -0.067) h1.00/0.88 g0/0 w a127/4 f127 l127/4 as139/120 st7 thr1.00 501:0 s0 k0 d2 f0 t4 m127 player 5: (98.542 -179.219 2.132) h0.52/0.00 g0/0 w a145/-11 f145 l145/-11 as139/120 st6 thr1.00 501:0 s0 k0 d1 f0 t5 m126 player 6: (84.433 -153.535 0.415) h0.80/1.00 g0/0 w a-71/-2 f-78 l-71/-2 as140/120 st20 thr1.00 501:0 s0 k0 d0 f0 t6 m126 player 7: (33.871 -62.284 0.816) h1.00/0.35 g0/0 w a-132/-5 f-132 l-132/-5 as139/120 st7 thr1.00 501:0 s1 k1 d0 f0 t7 m126 player 8: (41.530 -67.401 0.636) h1.00/1.00 g0/0 w a175/-6 f175 l175/-6 as139/120 st7 thr1.00 501:0 s0 k0 d0 f0 t8 m126 player 9: (35.045 -72.946 0.265) h1.00/0.41 g0/0 w a75/1 f65 l75/1 as139/120 st6 thr1.00 501:0 s1 k1 d0 f0 t9 m125 player 10: (37.251 -85.690 0.765) h1.00/0.73 g0/0 w a-60/-1 f-61 l-60/-1 as140/120 st20 thr1.00 501:0 s0 k0 d1 f0 t10 m125 player 11: (94.300 -148.284 0.036) h0.92/0.00 g0/0 w a-113/5 f-113 l-113/5 as139/120 st7 thr1.00 501:0 s0 k0 d0 f0 t11 m125 player 12: (107.043 -167.513 0.079) h0.96/1.00 g0/0 w a40/-2 f40 l40/-2 as139/120 st6 thr1.00 501:0 s1 k1 d0 f0 t12 m125 player 13: (87.304 -168.990 0.083) h1.00/1.00 g0/0 w a-56/-0 f-56 l-56/-0 as139/120 st6 thr1.00 501:0 s0 k0 d1 f0 t13 m124 player 14: (30.400 -66.657 0.423) h1.00/0.47 g0/0 w a49/2 f49 l49/2 as139/120 st7 thr1.00 501:0 s0 k0 d0 f0 t14 m124 player 15: (91.756 -153.789 0.632) h0.58/1.00 g0/0 w a68/-8 f95 l68/-8 as161/120 st20 thr1.00 501:0 ed:168 s1 k1 d0 f0 t15 m124 player 16: (90.346 -173.685 0.264) h1.00/0.08 g0/0 w a-35/10 f-35 l-35/10 a
chupathingyce: bots: bot 29 inventory slot 0 now weapon 501
chupathingyce: bots: bot 6 at (84.5 -153.8 0.2) yaw -79 fight, target 29 (seen), shield 1.00, kills 0 deaths 0
chupathingyce: bots: bot 7 at (33.2 -61.9 0.9) yaw -116 fight, target 14 (seen), shield 0.35, kills 1 deaths 0
chupathingyce: bots: bot 8 at (41.5 -66.1 0.8) yaw -174 fight, target 18 (seen), shield 1.00, kills 0 deaths 0
chupathingyce: bots: bot 9 at (34.9 -73.1 0.6) yaw 81 fight, target 18 (seen), shield 0.15, kills 1 deaths 0
chupathingyce: network test: tick 1560 player 0: (28.564 -89.408 0.191) h0.07/0.00 g0/0 w a15/-8 f15 l15/-8 as160/120 st4 thr1.00 501:0 396:8 s5 k5 d0 f0 t0 m0 player 1: (91.901 -181.474 2.741) h0.47/0.00 g0/0 w a157/-13 f157 l157/-13 as140/120 st0 thr0.00 501:0 s0 k0 d0 f0 t1 m127 player 2: (82.722 -177.484 0.692) h1.00/1.00 g0/0 w a-23/11 f-23 l-23/11 as139/120 st7 thr1.00 501:0 s0 k0 d0 f0 t2 m127 player 3: (38.884 -54.885 2.879) h1.00/0.98 g0/0 w a-135/-12 f-127 l-135/-12 as140/120 st20 thr1.00 501:0 s0 k0 d0 f0 t3 m127 player 4: (45.397 -72.137 -0.076) h1.00/0.73 g0/0 w a-175/3 f-175 l-175/3 as139/120 st4 thr1.00 501:0 s0 k0 d2 f0 t4 m127 player 5: (97.999 -179.934 2.561) h0.40/0.00 g0/0 w a136/-14 f136 l136/-14 as139/120 st6 thr1.00 501:0 s0 k0 d1 f0 t5 m126 player 6: (85.730 -154.111 -0.051) h0.80/1.00 g0/0 w a-81/8 f-81 l-81/8 as139/120 st6 thr1.00 501:0 s0 k0 d0 f0 t6 m126 player 7: (32.190 -61.480 1.043) h1.00/0.35 g0/0 w a-105/-2 f-105 l-105/-2 as139/120 st6 thr1.00 501:0 s1 k1 d0 f0 t7 m126 player 8: (41.375 -65.488 0.831) h1.00/1.00 g0/0 w a-164/-7 f-164 l-164/-7 as139/120 st6 thr1.00 501:0 s0 k0 d0 f0 t8 m126 player 9: (34.933 -73.090 0.493) h1.00/0.15 g0/0 w a81/-5 f76 l81/-5 as140/120 st20 thr1.00 501:0 s1 k1 d0 f0 t9 m125 player 10: (35.921 -86.475 -0.101) h1.00/0.73 g0/0 w a-63/-1 f-63 l-63/-1 as139/120 st6 thr1.00 501:0 s0 k0 d1 f0 t10 m125 player 11: (93.746 -147.913 0.209) h0.52/0.00 g0/0 w a-106/-3 f-106 l-106/-3 as139/120 st5 thr1.00 501:0 s0 k0 d0 f0 t11 m125 player 12: (106.265 -165.729 0.749) h0.96/1.00 g0/0 w a19/-1 f21 l19/-1 as140/120 st20 thr1.00 501:0 s1 k1 d0 f0 t12 m125 player 13: (89.236 -168.158 0.707) h1.00/1.00 g0/0 w a14/-5 f-60 l10/-5 as140/120 st20 thr1.00 501:0 s0 k0 d1 f0 t13 m124 player 14: (30.597 -66.909 1.011) h1.00/0.34 g0/0 w a73/-1 f68 l73/-1 as140/120 st20 thr1.00 501:0 s0 k0 d0 f0 t14 m124 player 15: (91.990 -154.075 0.101) h0.58/1.00 g0/0 w a73/-1 f73 l73/-1 as160/120 st7 thr1.00 501:0 ed:156 s1 k1 d0 f0 t15 m124 player 16: (91.007 -173.055 0.233) h1.00/0.08 g0/0 w a-43/12 f-
chupathingyce: bots: bot 10 at (36.0 -86.4 -0.1) yaw -65 fight, target 30 (seen), shield 0.73, kills 0 deaths 1
chupathingyce: bots: bot 11 at (93.6 -147.3 0.3) yaw -97 retreat, target 15 (seen), shield 0.00, kills 0 deaths 0
chupathingyce: bots: bot 12 at (106.0 -164.7 0.1) yaw 14 fight, target 26 (seen), shield 1.00, kills 1 deaths 0
chupathingyce: bots: bot 13 at (90.3 -167.5 0.1) yaw 22 fight, target 19 (seen), shield 1.00, kills 0 deaths 1
chupathingyce: network test: tick 1590 player 0: (30.471 -88.755 0.073) h0.07/0.04 g0/0 w a20/-4 f20 l20/-4 as139/120 st4 thr1.00 501:0 396:8 s5 k5 d0 f0 t0 m0 player 1: (92.176 -179.885 2.104) h0.47/0.00 g0/0 w a176/-5 f176 l176/-5 as139/120 st7 thr1.00 501:0 s0 k0 d0 f0 t1 m127 player 2: (82.271 -179.173 1.422) h1.00/1.00 g0/0 w a-7/4 f-7 l-7/4 as139/120 st7 thr1.00 501:0 s0 k0 d0 f0 t2 m127 player 3: (39.905 -55.829 1.958) h1.00/1.00 g0/0 w a-134/-8 f-127 l-134/-8 as140/120 st21 thr1.00 501:0 s0 k0 d0 f0 t3 m127 player 4: (44.505 -73.084 -0.047) h1.00/0.73 g0/0 w a-176/-0 f-176 l-176/-0 as139/120 st6 thr1.00 501:0 s0 k0 d2 f0 t4 m127 player 5: (97.007 -180.963 3.134) h0.40/0.00 g0/0 w a168/-14 f132 l168/-14 as140/120 st20 thr1.00 501:0 s0 k0 d1 f0 t5 m126 player 6: (86.761 -154.033 -0.016) h0.80/1.00 g0/0 w a-82/-1 f-82 l-82/-1 as139/120 st7 thr1.00 501:0 s0 k0 d0 f0 t6 m126 player 7: (33.562 -62.084 0.837) h1.00/0.35 g0/0 w a-125/-6 f-125 l-125/-6 as139/120 st7 thr1.00 501:0 s1 k1 d0 f0 t7 m126 player 8: (41.788 -66.994 0.697) h1.00/1.00 g0/0 w a-169/-8 f-169 l-169/-8 as139/120 st6 thr1.00 501:0 s0 k0 d0 f0 t8 m126 player 9: (36.331 -73.529 0.097) h1.00/0.15 g0/0 w a73/0 f73 l73/0 as139/120 st7 thr1.00 501:0 s1 k1 d0 f0 t9 m125 player 10: (34.666 -87.377 -0.008) h1.00/0.73 g0/0 w a-43/5 f-43 l-43/5 as139/120 st7 thr1.00 501:0 s0 k0 d1 f0 t10 m125 player 11: (94.336 -146.265 0.021) h0.52/0.00 g0/0 w a-102/0 f-102 l-102/0 as139/120 st5 thr1.00 501:0 s0 k0 d0 f0 t11 m125 player 12: (105.899 -164.544 0.049) h0.96/1.00 g0/0 w a17/2 f17 l17/2 as139/120 st6 thr1.00 501:0 s1 k1 d0 f0 t12 m125 player 13: (90.525 -167.620 0.089) h1.00/1.00 g0/0 w a23/-1 f-15 l23/-1 as139/120 st7 thr1.00 501:0 s0 k0 d1 f0 t13 m124 player 14: (30.171 -66.679 0.434) h1.00/0.34 g0/0 w a57/3 f57 l57/3 as139/120 st6 thr1.00 501:0 s0 k0 d0 f0 t14 m124 player 15: (92.452 -154.185 0.113) h0.58/1.00 g0/0 w a77/-3 f77 l77/-3 as160/120 st6 thr1.00 501:0 ed:145 s1 k1 d0 f0 t15 m124 player 16: (92.009 -172.266 0.224) h1.00/0.08 g0/0 w a-61/17 f-61 l-61/17 as139/1
chupathingyce: bots: bot 14 at (30.1 -66.6 0.4) yaw 54 fight, target 7 (seen), shield 0.34, kills 0 deaths 0
chupathingyce: bots: bot 15 at (91.9 -154.1 0.1) yaw 74 fight, target 11 (seen), shield 1.00, kills 1 deaths 0
chupathingyce: bots: bot 16 at (91.3 -172.7 0.5) yaw -54 fight, target 5 (seen), shield 0.08, kills 0 deaths 1
chupathingyce: bots: bot 17 at (101.1 -158.4 0.8) yaw 23 fight, target 23 (seen), shield 0.06, kills 0 deaths 0
chupathingyce: bots: bot 18 at (39.9 -68.2 0.9) yaw 16 fight, target 8 (seen), shield 0.19, kills 1 deaths 1
chupathingyce: network test: tick 1620 player 0: (31.312 -90.140 0.202) h0.07/0.29 g0/0 w a20/-4 f20 l20/-4 as139/120 st7 thr1.00 501:0 396:8 s5 k5 d0 f0 t0 m0 player 1: (92.065 -178.251 1.502) h0.47/0.00 g0/0 w a-165/3 f-165 l-165/3 as139/120 st6 thr1.00 501:0 s0 k0 d0 f0 t1 m127 player 2: (82.463 -181.072 2.258) h1.00/1.00 g0/0 w a15/-5 f2 l15/-5 as139/120 st4 thr1.00 501:0 s0 k0 d0 f0 t2 m127 player 3: (40.119 -56.181 1.901) h1.00/1.00 g0/0 w a-144/-5 f-144 l-144/-5 as139/120 st6 thr1.00 501:0 s0 k0 d0 f0 t3 m127 player 4: (43.513 -74.670 0.125) h1.00/0.73 g0/0 w a98/3 f98 l98/3 as139/120 st6 thr1.00 501:0 s0 k0 d2 f0 t4 m127 player 5: (97.054 -180.029 2.494) h0.40/0.00 g0/0 w a161/-12 f161 l161/-12 as139/120 st6 thr1.00 501:0 s0 k0 d1 f0 t5 m126 player 6: (84.926 -154.772 -0.080) h0.80/1.00 g0/0 w a-54/1 f-54 l-54/1 as139/120 st7 thr1.00 501:0 s0 k0 d0 f0 t6 m126 player 7: (32.665 -61.237 1.392) h1.00/0.21 g0/0 w a-132/-7 f-134 l-132/-7 as140/120 st20 thr1.00 501:0 s1 k1 d0 f0 t7 m126 player 8: (42.867 -67.356 0.590) h1.00/1.00 g0/0 w a-162/3 f-162 l-162/3 as139/120 st7 thr1.00 501:0 s0 k0 d0 f0 t8 m126 player 9: (37.978 -74.001 0.133) h0.93/0.00 g0/0 w a70/6 f70 l70/6 as139/120 st7 thr1.00 501:0 s1 k1 d0 f0 t9 m125 player 10: (34.049 -88.687 0.104) h1.00/0.59 g0/0 w a-152/-0 f-89 l-152/-0 as139/120 st10 thr1.00 501:0 s0 k0 d1 f0 t10 m125 player 11: (95.753 -145.743 0.027) h0.24/0.00 g0/0 w a164/8 f164 l164/8 as139/120 st5 thr1.00 501:0 s0 k0 d0 f0 t11 m125 player 12: (105.689 -163.873 0.029) h0.96/0.87 g0/0 w a-6/-1 f-6 l-6/-1 as139/120 st7 thr1.00 501:0 s1 k1 d0 f0 t12 m125 player 13: (89.978 -166.230 0.742) h0.96/0.00 g0/0 w a17/-1 f26 l17/-1 as140/120 st20 thr1.00 501:0 s0 k0 d1 f0 t13 m124 player 14: (28.981 -65.641 0.761) h1.00/0.34 g0/0 w a50/4 f50 l50/4 as139/120 st7 thr1.00 501:0 s0 k0 d0 f0 t14 m124 player 15: (90.663 -153.496 0.242) h0.58/1.00 g0/0 w a58/-2 f58 l58/-2 as160/120 st6 thr1.00 501:0 ed:134 s1 k1 d0 f0 t15 m124 player 16: (90.986 -172.918 0.878) h1.00/0.08 g0/0 w a-48/9 f-56 l-48/9 as140/120 st20 thr
chupathingyce: bots: bot 19 at (95.4 -164.3 0.5) yaw -139 fight, target 16 (seen), shield 0.00, kills 1 deaths 1
chupathingyce: bots: bot 20 at (86.8 -165.8 0.1) yaw 10 fight, target 13 (seen), shield 1.00, kills 0 deaths 0
chupathingyce: bots: bot 21 at (48.7 -79.0 0.1) yaw 137 fight, target 4 (seen), shield 1.00, kills 0 deaths 1
chupathingyce: bots: bot 22 at (64.8 -89.4 1.4) yaw -142 fight, target 28 (seen), shield 1.00, kills 0 deaths 0
chupathingyce: network test: tick 1650 player 0: (32.785 -90.911 0.291) h0.07/0.54 g0/0 w a29/-9 f29 l29/-9 as160/120 st4 thr1.00 501:0 396:8 s5 k5 d0 f0 t0 m0 player 1: (92.365 -179.870 2.097) h0.47/0.00 g0/0 w a-179/-3 f-179 l-179/-3 as139/120 st6 thr1.00 501:0 s0 k0 d0 f0 t1 m127 player 2: (82.384 -179.808 1.689) h1.00/1.00 g0/0 w a0/1 f0 l0/1 as139/120 st6 thr1.00 501:0 s0 k0 d0 f0 t2 m127 player 3: (40.960 -57.967 1.920) h1.00/1.00 g0/0 w a-162/-4 f-162 l-162/-4 as140/120 st20 thr1.00 501:0 s0 k0 d0 f0 t3 m127 player 4: (44.585 -74.164 0.536) h1.00/0.73 g0/0 w a99/4 f97 l99/4 as140/120 st20 thr1.00 501:0 s0 k0 d2 f0 t4 m127 player 5: (96.911 -180.166 2.547) h0.40/0.00 g0/0 w a173/-10 f173 l173/-10 as139/120 st7 thr1.00 501:0 s0 k0 d1 f0 t5 m126 player 6: (83.771 -155.897 -0.112) h0.80/1.00 g0/0 w a-38/6 f-38 l-38/6 as139/120 st6 thr1.00 501:0 s0 k0 d0 f0 t6 m126 player 7: (32.060 -60.549 1.273) h1.00/0.21 g0/0 w a-103/-9 f-103 l-103/-9 as139/120 st6 thr1.00 501:0 s1 k1 d0 f0 t7 m126 player 8: (43.448 -66.236 1.144) h1.00/1.00 g0/0 w a-126/-13 f-158 l-126/-13 as140/120 st20 thr1.00 501:0 s0 k0 d0 f0 t8 m126 player 9: (37.656 -73.209 0.128) h0.93/0.00 g0/0 w a49/2 f49 l49/2 as139/120 st6 thr1.00 501:0 s1 k1 d0 f0 t9 m125 player 10: (35.063 -89.009 0.105) h1.00/0.46 g0/0 w a-140/1 f-140 l-140/1 as139/120 st5 thr1.00 501:0 s0 k0 d1 f0 t10 m125 player 11: (97.357 -146.842 0.053) h0.11/0.00 g0/0 w a167/13 f167 l167/13 as139/120 st5 thr1.00 501:0 s0 k0 d0 f0 t11 m125 player 12: (105.488 -165.522 0.056) h0.96/0.87 g0/0 w a-10/-1 f-10 l-10/-1 as139/120 st6 thr1.00 501:0 s1 k1 d0 f0 t12 m125 player 13: (88.848 -164.621 0.130) h0.96/0.00 g0/0 w a65/10 f65 l65/10 as139/120 st6 thr1.00 501:0 s0 k0 d1 f0 t13 m124 player 14: (30.658 -66.450 0.426) h1.00/0.34 g0/0 w a75/7 f75 l75/7 as139/120 st7 thr1.00 501:0 s0 k0 d0 f0 t14 m124 player 15: (90.024 -153.130 0.995) h0.58/1.00 g0/0 w a42/-7 f47 l42/-7 as161/120 st20 thr1.00 501:0 ed:124 s1 k1 d0 f0 t15 m124 player 16: (89.817 -173.862 0.295) h1.00/0.08 g0/0 w a-43/13 f-43 l-43/13 as139/120
chupathingyce: bots: bot 23 at (106.5 -157.3 0.5) yaw -68 fight, target 26 (seen), shield 0.86, kills 0 deaths 0
chupathingyce: bots: bot 25 inventory slot 0 now weapon 501
chupathingyce: bots: bot 24 at (53.4 -87.2 0.1) yaw -35 fight, target 28 (seen), shield 1.00, kills 1 deaths 0
chupathingyce: bots: bot 25 at (92.5 -169.4 0.3) yaw -121 fight, target 16 (seen), shield 1.00, kills 0 deaths 1
chupathingyce: bots: bot 26 at (109.7 -167.9 0.1) yaw 135 fight, target 12 (seen), shield 0.39, kills 1 deaths 0
chupathingyce: network test: tick 1680 player 0: (34.281 -89.735 0.263) h0.07/0.42 g0/0 w a51/-15 f51 l51/-15 as160/120 st4 thr1.00 501:0 396:7 s5 k5 d0 f0 t0 m0 player 1: (92.247 -181.258 2.685) h0.37/0.00 g0/0 w a177/-5 f177 l177/-5 as139/120 st7 thr1.00 501:0 s0 k0 d0 f0 t1 m127 player 2: (82.293 -180.834 2.144) h1.00/1.00 g0/0 w a-3/3 f-3 l-3/3 as139/120 st7 thr1.00 501:0 s0 k0 d0 f0 t2 m127 player 3: (41.393 -59.322 1.934) h1.00/1.00 g0/0 w a-168/-8 f-162 l-168/-8 as140/120 st20 thr1.00 501:0 s0 k0 d0 f0 t3 m127 player 4: (46.742 -73.365 0.016) h1.00/0.73 g0/0 w a143/2 f97 l143/2 as140/120 st20 thr1.00 501:0 s0 k0 d2 f0 t4 m127 player 5: (97.037 -180.794 2.904) h0.40/0.00 g0/0 w a-175/-4 f-175 l-175/-4 as139/120 st7 thr1.00 501:0 s0 k0 d1 f0 t5 m126 player 6: (85.192 -154.627 -0.070) h0.80/1.00 g0/0 w a-56/1 f-56 l-56/1 as139/120 st6 thr1.00 501:0 s0 k0 d0 f0 t6 m126 player 7: (33.936 -60.975 1.023) h1.00/0.21 g0/0 w a-104/-2 f-104 l-104/-2 as139/120 st6 thr1.00 501:0 s1 k1 d0 f0 t7 m126 player 8: (44.686 -66.796 1.154) h1.00/1.00 g0/0 w a-145/-10 f-137 l-145/-10 as140/120 st20 thr1.00 501:0 s0 k0 d0 f0 t8 m126 player 9: (36.572 -71.586 0.710) h0.93/0.00 g0/0 w a29/-5 f35 l29/-5 as140/120 st20 thr1.00 501:0 s1 k1 d0 f0 t9 m125 player 10: (36.130 -87.206 -0.064) h0.37/0.00 g0/0 w a-127/2 f-127 l-127/2 as139/120 st5 thr1.00 501:0 s0 k0 d1 f0 t10 m125 player 11: dead s0 k0 d1 f0 t11 m125 player 12: (106.107 -164.279 0.049) h0.96/0.73 g0/0 w a-49/-1 f-49 l-49/-1 as139/120 st7 thr1.00 501:0 s1 k1 d0 f0 t12 m125 player 13: (88.340 -164.988 0.130) h0.45/0.00 g0/0 w a58/-2 f60 l58/-2 as139/120 st9 thr1.00 501:0 s0 k0 d1 f0 t13 m124 player 14: (32.607 -66.887 0.991) h1.00/0.34 g0/0 w a76/-0 f76 l76/-0 as140/120 st20 thr1.00 501:0 s0 k0 d0 f0 t14 m124 player 15: (90.167 -153.106 0.354) h0.58/1.00 g0/0 w a78/2 f78 l78/2 as160/120 st7 thr1.00 501:0 ed:120 s2 k2 d0 f0 t15 m124 player 16: (89.856 -173.848 0.293) h1.00/0.25 g0/0 w a-43/14 f-43 l-43/14 as139/120 st4 thr1.00 501:0 s0 k0 d1 f0 t16 m124 player 17: (100.904 -156.610 0.735) h
chupathingyce: bots: bot 27 at (91.5 -144.8 0.8) yaw -99 fight, target 15 (seen), shield 0.72, kills 0 deaths 1
chupathingyce: bots: bot 28 at (61.4 -94.2 1.2) yaw 138 retreat, target 24 (seen), shield 0.00, kills 0 deaths 0
chupathingyce: bots: bot 29 at (90.8 -162.8 0.1) yaw -92 fight, target 25 (seen), shield 0.34, kills 0 deaths 1
chupathingyce: bots: bot 30 at (40.6 -88.3 0.1) yaw -176 fight, target 0 (seen), shield 1.00, kills 0 deaths 1
chupathingyce: network test: tick 1710 player 0: (35.262 -88.204 0.598) h0.07/0.30 g0/0 w a26/4 f55 l26/4 as161/120 st20 thr1.00 501:0 396:6 s6 k6 d0 f0 t0 m0 player 1: (92.250 -180.525 2.407) h0.25/0.00 g0/0 w a-175/-1 f-175 l-175/-1 as139/120 st6 thr1.00 501:0 s0 k0 d0 f0 t1 m127 player 2: (82.335 -181.261 2.338) h1.00/1.00 g0/0 w a6/-1 f6 l6/-1 as139/120 st6 thr1.00 501:0 s0 k0 d0 f0 t2 m127 player 3: (41.044 -58.415 1.609) h1.00/1.00 g0/0 w a-154/-6 f-154 l-154/-6 as139/120 st7 thr1.00 501:0 s0 k0 d0 f0 t3 m127 player 4: (47.485 -72.342 -0.029) h1.00/0.73 g0/0 w a155/1 f155 l155/1 as139/120 st6 thr1.00 501:0 s0 k0 d2 f0 t4 m127 player 5: (97.359 -179.252 2.046) h0.40/0.00 g0/0 w a-167/1 f-167 l-167/1 as140/120 st20 thr1.00 501:0 s0 k0 d1 f0 t5 m126 player 6: (85.985 -153.188 -0.040) h0.80/1.00 g0/0 w a2/11 f2 l2/11 as139/120 st7 thr1.00 501:0 s0 k0 d0 f0 t6 m126 player 7: (35.157 -61.258 0.985) h1.00/0.21 g0/0 w a-97/-9 f-97 l-97/-9 as139/120 st7 thr1.00 501:0 s1 k1 d0 f0 t7 m126 player 8: (45.544 -68.540 0.741) h1.00/1.00 g0/0 w a-177/-6 f-137 l-177/-6 as140/120 st20 thr1.00 501:0 s0 k0 d0 f0 t8 m126 player 9: (35.820 -69.788 0.072) h0.93/0.00 g0/0 w a14/3 f14 l14/3 as139/120 st6 thr1.00 501:0 s1 k1 d0 f0 t9 m125 player 10: dead s0 k0 d2 f0 t10 m125 player 11: dead s0 k0 d1 f0 t11 m125 player 12: (104.752 -165.386 0.034) h0.96/0.59 g0/0 w a-51/-1 f-51 l-51/-1 as139/120 st7 thr1.00 501:0 s1 k1 d0 f0 t12 m125 player 13: dead s0 k0 d2 f0 t13 m124 player 14: (34.563 -67.293 0.209) h1.00/0.34 g0/0 w a82/6 f82 l82/6 as139/120 st7 thr1.00 501:0 s0 k0 d0 f0 t14 m124 player 15: (90.670 -153.245 0.973) h0.54/0.00 g0/0 w a96/3 f87 l96/3 as161/120 st20 thr1.00 501:0 ed:120 s2 k2 d0 f0 t15 m124 player 16: (88.806 -175.537 0.459) h1.00/0.34 g0/0 w a-27/10 f-27 l-27/10 as139/120 st7 thr1.00 501:0 s0 k0 d1 f0 t16 m124 player 17: (101.236 -155.448 -0.011) h0.96/0.87 g0/0 w a-52/-1 f-13 l-52/-1 as140/120 st21 thr1.00 501:0 s0 k0 d0 f0 t17 m123 player 18: (40.118 -68.715 0.430) h0.43/0.00 g0/0 w a2/4 f4 l2/4 as139/120 st9 thr1.00 501:0 s1 k
chupathingyce: bots: bot 31 at (81.7 -169.3 0.2) yaw 15 fight, target 20 (seen), shield 1.00, kills 0 deaths 0
chupathingyce: network test: tick 1740 player 0: (36.730 -87.765 -0.030) h0.07/0.17 g0/0 w a-11/-8 f-11 l-11/-8 as160/120 st4 thr1.00 501:0 396:6 s6 k6 d0 f0 t0 m0 player 1: (92.312 -181.247 2.686) h0.13/0.00 g0/0 w a170/-7 f170 l170/-7 as139/120 st5 thr1.00 501:0 s0 k0 d0 f0 t1 m127 player 2: (82.526 -179.515 1.567) h1.00/1.00 g0/0 w a-9/6 f-9 l-9/6 as139/120 st7 thr1.00 501:0 s0 k0 d0 f0 t2 m127 player 3: (40.818 -57.978 1.640) h1.00/1.00 g0/0 w a-156/-6 f-156 l-156/-6 as139/120 st6 thr1.00 501:0 s0 k0 d0 f0 t3 m127 player 4: (47.152 -73.079 -0.040) h1.00/0.82 g0/0 w a143/2 f143 l143/2 as139/120 st7 thr1.00 501:0 s0 k0 d2 f0 t4 m127 player 5: (98.658 -177.560 1.204) h0.40/0.23 g0/0 w a-149/10 f-149 l-149/10 as139/120 st5 thr1.00 501:0 s0 k0 d1 f0 t5 m126 player 6: (86.066 -154.652 -0.041) h0.80/1.00 g0/0 w a6/-0 f6 l6/-0 as139/120 st7 thr1.00 501:0 s0 k0 d0 f0 t6 m126 player 7: (33.323 -61.348 0.984) h1.00/0.06 g0/0 w a-83/-10 f-83 l-83/-10 as139/120 st7 thr1.00 501:0 s1 k1 d0 f0 t7 m126 player 8: (45.822 -67.705 0.623) h1.00/1.00 g0/0 w a116/4 f116 l116/4 as139/120 st4 thr1.00 501:0 s0 k0 d0 f0 t8 m126 player 9: (35.958 -69.654 0.086) h0.81/0.00 g0/0 w a35/2 f35 l35/2 as139/120 st7 thr1.00 501:0 s1 k1 d0 f0 t9 m125 player 10: dead s0 k0 d2 f0 t10 m125 player 11: dead s0 k0 d1 f0 t11 m125 player 12: (103.273 -166.591 0.641) h0.96/0.59 g0/0 w a-52/-8 f-52 l-52/-8 as140/120 st20 thr1.00 501:0 s1 k1 d0 f0 t12 m125 player 13: dead s0 k0 d2 f0 t13 m124 player 14: (34.078 -66.179 0.300) h1.00/0.47 g0/0 w a-64/-5 f-64 l-64/-5 as139/120 st7 thr1.00 501:0 s0 k0 d0 f0 t14 m124 player 15: (90.640 -154.196 0.083) h0.54/0.00 g0/0 w a-175/-4 f152 l-175/-4 as160/120 st5 thr1.00 501:0 ed:120 s2 k2 d0 f0 t15 m124 player 16: (89.074 -174.582 0.637) h1.00/0.34 g0/0 w a-19/4 f-19 l-19/4 as140/120 st20 thr1.00 501:0 s0 k0 d1 f0 t16 m124 player 17: (103.064 -154.770 0.579) h0.96/1.00 g0/0 w a-87/-5 f-69 l-87/-5 as140/120 st20 thr1.00 501:0 s0 k0 d0 f0 t17 m123 player 18: (39.197 -67.054 0.482) h0.29/0.00 g0/0 w a-38/-4 f-38 l-38/-4 as139/120 st5 
chupathingyce: network test: tick 1770 player 0: (38.546 -87.591 0.173) h0.07/0.17 g0/0 w a-30/-5 f-30 l-30/-5 as160/120 st4 thr1.00 501:0 396:5 s6 k6 d0 f0 t0 m0 player 1: (93.654 -181.669 2.939) h0.01/0.00 g0/0 w a175/-6 f175 l175/-6 as139/120 st5 thr1.00 501:0 s0 k0 d0 f0 t1 m127 player 2: (83.551 -180.609 2.093) h1.00/1.00 g0/0 w a-5/4 f-5 l-5/4 as139/120 st4 thr1.00 501:0 s0 k0 d0 f0 t2 m127 player 3: (41.418 -59.870 1.496) h1.00/1.00 g0/0 w a-166/-4 f-166 l-166/-4 as139/120 st4 thr1.00 501:0 s0 k0 d0 f0 t3 m127 player 4: (45.842 -72.220 -0.067) h1.00/1.00 g0/0 w a143/2 f143 l143/2 as139/120 st4 thr1.00 501:0 s0 k0 d2 f0 t4 m127 player 5: (99.595 -175.593 0.996) h0.40/0.48 g0/0 w a-137/12 f-137 l-137/12 as139/120 st5 thr1.00 501:0 s0 k0 d1 f0 t5 m126 player 6: (86.111 -153.796 -0.037) h0.80/0.87 g0/0 w a-11/-1 f-11 l-11/-1 as139/120 st7 thr1.00 501:0 s0 k0 d0 f0 t6 m126 player 7: (31.528 -62.042 0.970) h1.00/0.06 g0/0 w a-50/-9 f-50 l-50/-9 as139/120 st7 thr1.00 501:0 s1 k1 d0 f0 t7 m126 player 8: (44.805 -67.309 0.619) h1.00/1.00 g0/0 w a115/4 f115 l115/4 as139/120 st7 thr1.00 501:0 s0 k0 d0 f0 t8 m126 player 9: (36.602 -70.876 0.045) h0.69/0.00 g0/0 w a75/3 f75 l75/3 as139/120 st5 thr1.00 501:0 s1 k1 d0 f0 t9 m125 player 10: dead s0 k0 d2 f0 t10 m125 player 11: dead s0 k0 d1 f0 t11 m125 player 12: (103.166 -166.692 -0.007) h0.96/0.59 g0/0 w a-50/-2 f-50 l-50/-2 as139/120 st6 thr1.00 501:0 s1 k1 d0 f0 t12 m125 player 13: dead s0 k0 d2 f0 t13 m124 player 14: (35.057 -65.671 0.392) h1.00/0.72 g0/0 w a-71/-6 f-71 l-71/-6 as139/120 st6 thr1.00 501:0 s0 k0 d0 f0 t14 m124 player 15: (92.112 -155.016 0.124) h0.26/0.00 g0/0 w a168/-3 f168 l168/-3 as160/120 st5 thr1.00 501:0 ed:115 s2 k2 d0 f0 t15 m124 player 16: (89.651 -173.742 0.652) h1.00/0.34 g0/0 w a-11/1 f-19 l-11/1 as140/120 st20 thr1.00 501:0 s0 k0 d1 f0 t16 m124 player 17: (103.749 -154.749 0.055) h0.96/1.00 g0/0 w a-95/-1 f-95 l-95/-1 as139/120 st7 thr1.00 501:0 s0 k0 d0 f0 t17 m123 player 18: (38.008 -65.798 0.515) h0.29/0.00 g0/0 w a-107/-7 f-107 l-107/-7 as139/120 s
chupathingyce: bots: bot 11 inventory slot 0 now weapon 501
chupathingyce: network test: tick 1800 player 0: (40.109 -88.504 0.099) h0.01/0.00 g0/0 w a-37/-4 f-37 l-37/-4 as160/120 st8 thr1.00 501:0 396:4 s6 k6 d0 f0 t0 m0 player 1: dead s0 k0 d1 f0 t1 m127 player 2: (83.771 -179.875 1.775) h1.00/1.00 g0/0 w a41/-7 f41 l41/-7 as139/120 st6 thr1.00 501:0 s1 k1 d0 f0 t2 m127 player 3: (41.255 -61.402 1.301) h1.00/1.00 g0/0 w a-117/-10 f-117 l-117/-10 as139/120 st6 thr1.00 501:0 s0 k0 d0 f0 t3 m127 player 4: (46.519 -72.148 -0.050) h1.00/0.88 g0/0 w a97/7 f97 l97/7 as139/120 st7 thr1.00 501:0 s0 k0 d2 f0 t4 m127 player 5: (100.848 -175.002 0.747) h0.40/0.73 g0/0 w a180/-1 f180 l180/-1 as139/120 st5 thr1.00 501:0 s0 k0 d1 f0 t5 m126 player 6: (86.636 -154.937 -0.023) h0.80/0.87 g0/0 w a78/5 f78 l78/5 as139/120 st7 thr1.00 501:0 s0 k0 d0 f0 t6 m126 player 7: (31.817 -61.603 1.047) h0.96/0.00 g0/0 w a-43/-1 f-43 l-43/-1 as139/120 st6 thr1.00 501:0 s1 k1 d0 f0 t7 m126 player 8: (45.890 -66.524 0.796) h1.00/1.00 g0/0 w a131/2 f131 l131/2 as139/120 st7 thr1.00 501:0 s0 k0 d0 f0 t8 m126 player 9: (36.045 -72.385 0.080) h0.55/0.00 g0/0 w a68/3 f68 l68/3 as139/120 st5 thr1.00 501:0 s1 k1 d0 f0 t9 m125 player 10: dead s0 k0 d2 f0 t10 m125 player 11: (98.297 -148.194 0.102) h1.00/1.00 g0/0 w a165/5 f165 l165/5 as139/120 st4 thr1.00 501:0 s0 k0 d1 f0 t11 m125 player 12: (104.687 -165.457 0.034) h0.96/0.59 g0/0 w a-50/-1 f-50 l-50/-1 as139/120 st6 thr1.00 501:0 s1 k1 d0 f0 t12 m125 player 13: dead s0 k0 d2 f0 t13 m124 player 14: (35.617 -65.276 1.047) h1.00/0.76 g0/0 w a1/-10 f7 l1/-10 as140/120 st20 thr1.00 501:0 s0 k0 d0 f0 t14 m124 player 15: dead s2 k2 d1 f0 t15 m124 player 16: (89.890 -175.021 0.927) h1.00/0.34 g0/0 w a-1/-2 f-3 l-1/-2 as140/120 st20 thr1.00 501:0 s0 k0 d1 f0 t16 m124 player 17: (101.814 -155.126 -0.071) h0.96/1.00 g0/0 w a-64/5 f-64 l-64/5 as139/120 st7 thr1.00 501:0 s0 k0 d0 f0 t17 m123 player 18: (39.217 -65.371 0.655) h0.14/0.00 g0/0 w a179/6 f179 l179/6 as139/120 st5 thr1.00 501:0 s1 k1 d1 f0 t18 m123 player 19: (96.886 -168.049 0.201) h1.00/0.19 g0/0 w a139/-5 f139 l139/-5 
chupathingyce: bots: bot 10 inventory slot 0 now weapon 501
chupathingyce: bots: bot 13 inventory slot 0 now weapon 501
chupathingyce: bots: bot 2 at (83.6 -179.6 1.7) yaw 34 fight, target 16 (seen), shield 1.00, kills 1 deaths 0
chupathingyce: bots: bot 3 at (42.0 -61.8 1.3) yaw -117 fight, target 18 (seen), shield 0.87, kills 0 deaths 0
chupathingyce: bots: bot 4 at (47.5 -72.0 -0.0) yaw 110 fight, target 8 (seen), shield 0.88, kills 0 deaths 2
chupathingyce: bots: bot 5 at (102.3 -176.0 0.6) yaw 118 fight, target 19 (seen), shield 0.97, kills 0 deaths 1
chupathingyce: network test: tick 1830 player 0: dead s6 k6 d1 f0 t0 m0 player 1: dead s0 k0 d1 f0 t1 m127 player 2: (84.141 -180.524 2.160) h1.00/1.00 g0/0 w a33/-13 f33 l33/-13 as139/120 st7 thr1.00 501:0 s1 k1 d0 f0 t2 m127 player 3: (42.733 -62.133 1.292) h1.00/0.74 g0/0 w a-115/-9 f-115 l-115/-9 as139/120 st7 thr1.00 501:0 s0 k0 d0 f0 t3 m127 player 4: (46.906 -72.260 -0.042) h1.00/0.88 g0/0 w a109/6 f109 l109/6 as139/120 st7 thr1.00 501:0 s0 k0 d2 f0 t4 m127 player 5: (102.407 -175.952 0.533) h0.40/0.98 g0/0 w a118/-4 f118 l118/-4 as139/120 st7 thr1.00 501:0 s0 k0 d1 f0 t5 m126 player 6: (88.620 -154.943 0.527) h0.80/0.87 g0/0 w a100/-1 f95 l100/-1 as140/120 st20 thr1.00 501:0 s0 k0 d0 f0 t6 m126 player 7: (33.349 -60.414 1.198) h0.96/0.00 g0/0 w a-67/-9 f-67 l-67/-9 as139/120 st6 thr1.00 501:0 s1 k1 d0 f0 t7 m126 player 8: (44.985 -67.123 0.657) h1.00/1.00 g0/0 w a117/5 f117 l117/5 as139/120 st6 thr1.00 501:0 s0 k0 d0 f0 t8 m126 player 9: (35.979 -74.307 0.101) h0.55/0.00 g0/0 w a58/3 f58 l58/3 as139/120 st5 thr1.00 501:0 s1 k1 d0 f0 t9 m125 player 10: (93.834 -150.651 1.045) h1.00/1.00 g0/0 w a-141/-6 f-136 l-141/-6 as140/120 st20 thr1.00 501:0 s0 k0 d2 f0 t10 m125 player 11: (96.942 -146.477 0.041) h1.00/1.00 g0/0 w a-130/9 f-130 l-130/9 as139/120 st7 thr1.00 501:0 s0 k0 d1 f0 t11 m125 player 12: (104.287 -166.091 0.027) h0.96/0.46 g0/0 w a-35/-2 f-35 l-35/-2 as139/120 st7 thr1.00 501:0 s1 k1 d0 f0 t12 m125 player 13: (30.546 -81.778 0.220) h1.00/1.00 g0/0 w a-36/1 f-36 l-36/1 as139/120 st4 thr1.00 501:0 s0 k0 d2 f0 t13 m124 player 14: (35.476 -65.629 0.416) h1.00/0.76 g0/0 w a-11/1 f-11 l-11/1 as139/120 st7 thr1.00 501:0 s0 k0 d0 f0 t14 m124 player 15: dead s2 k2 d1 f0 t15 m124 player 16: (90.506 -176.134 0.492) h1.00/0.34 g0/0 w a71/-3 f71 l71/-3 as139/120 st7 thr1.00 501:0 s0 k0 d1 f0 t16 m124 player 17: (100.292 -156.390 0.488) h0.96/1.00 g0/0 w a-38/-5 f-58 l-38/-5 as140/120 st20 thr1.00 501:0 s0 k0 d0 f0 t17 m123 player 18: (40.913 -66.623 0.692) h0.14/0.00 g0/0 w a169/-4 f169 l169/-4 as139/120 st5 thr1.00 501:0
chupathingyce: bots: bot 6 at (88.9 -154.9 0.6) yaw 109 fight, target 27 (seen), shield 0.87, kills 0 deaths 0
chupathingyce: bots: bot 7 at (34.1 -60.2 1.3) yaw -79 fight, target 14 (seen), shield 0.00, kills 1 deaths 0
chupathingyce: bots: bot 30 inventory slot 1 now weapon 396
chupathingyce: bots: bot 8 at (44.0 -67.6 0.5) yaw 149 fight, target 18 (seen), shield 1.00, kills 0 deaths 0
chupathingyce: bots: bot 9 at (34.8 -75.3 0.1) yaw 52 retreat, target 18 (seen), shield 0.00, kills 1 deaths 0
chupathingyce: network test: tick 1860 player 0: dead s6 k6 d1 f0 t0 m0 player 1: dead s0 k0 d1 f0 t1 m127 player 2: (84.987 -181.038 2.329) h1.00/1.00 g0/0 w a29/-9 f29 l29/-9 as139/120 st7 thr1.00 501:0 s1 k1 d0 f0 t2 m127 player 3: (42.597 -62.008 1.305) h1.00/0.60 g0/0 w a-101/-9 f-101 l-101/-9 as139/120 st6 thr1.00 501:0 s0 k0 d0 f0 t3 m127 player 4: (47.729 -71.727 -0.020) h0.97/0.00 g0/0 w a130/5 f146 l130/5 as139/120 st6 thr1.00 501:0 s0 k0 d2 f0 t4 m127 player 5: (104.057 -174.572 0.256) h0.40/1.00 g0/0 w a143/-1 f143 l143/-1 as139/120 st7 thr1.00 501:0 s0 k0 d1 f0 t5 m126 player 6: (90.445 -154.146 0.130) h0.80/0.87 g0/0 w a127/-2 f118 l127/-2 as139/120 st7 thr1.00 501:0 s0 k0 d0 f0 t6 m126 player 7: (35.259 -60.024 1.850) h0.96/0.00 g0/0 w a-86/-13 f-79 l-86/-13 as140/120 st20 thr1.00 501:0 s1 k1 d0 f0 t7 m126 player 8: (44.371 -67.814 0.520) h1.00/0.71 g0/0 w a145/2 f147 l145/2 as139/120 st11 thr1.00 501:0 s0 k0 d0 f0 t8 m126 player 9: (34.740 -75.527 0.087) h0.55/0.00 g0/0 w a53/3 f53 l53/3 as139/120 st5 thr1.00 501:0 s1 k1 d0 f0 t9 m125 player 10: (94.983 -152.054 0.085) h1.00/1.00 g0/0 w a-156/-1 f-147 l-156/-1 as139/120 st7 thr1.00 501:0 s0 k0 d2 f0 t10 m125 player 11: (94.885 -145.827 0.024) h1.00/1.00 g0/0 w a-92/-2 f-92 l-92/-2 as139/120 st7 thr1.00 501:0 s0 k0 d1 f0 t11 m125 player 12: (104.560 -166.027 0.041) h0.96/0.32 g0/0 w a-55/-2 f-55 l-55/-2 as139/120 st6 thr1.00 501:0 s1 k1 d0 f0 t12 m125 player 13: (31.823 -83.928 0.448) h1.00/1.00 g0/0 w a-27/-2 f-35 l-27/-2 as140/120 st20 thr1.00 501:0 s0 k0 d2 f0 t13 m124 player 14: (35.531 -67.603 0.240) h1.00/0.76 g0/0 w a15/3 f15 l15/3 as139/120 st7 thr1.00 501:0 s0 k0 d0 f0 t14 m124 player 15: dead s2 k2 d1 f0 t15 m124 player 16: (92.569 -176.640 1.027) h1.00/0.34 g0/0 w a83/-6 f83 l83/-6 as139/120 st7 thr1.00 501:0 s0 k0 d1 f0 t16 m124 player 17: (100.330 -156.523 0.155) h0.96/1.00 g0/0 w a-38/2 f-38 l-38/2 as139/120 st7 thr1.00 501:0 s0 k0 d0 f0 t17 m123 player 18: (41.495 -65.981 0.788) h0.01/0.00 g0/0 w a-35/-8 f-35 l-35/-8 as139/120 st7 thr1.00 501:0 s1
chupathingyce: bots: bot 10 at (95.0 -152.0 0.1) yaw -155 fight, target 6 (seen), shield 1.00, kills 0 deaths 2
chupathingyce: bots: bot 6 seeking weapon -435617603
chupathingyce: bots: bot 11 at (94.2 -145.9 0.0) yaw -85 fight, target 10 (seen), shield 1.00, kills 0 deaths 1
chupathingyce: bots: bot 6 inventory slot 1 now weapon ed
chupathingyce: bots: bot 12 at (105.6 -165.6 0.1) yaw -82 fight, target 26 (seen), shield 0.32, kills 1 deaths 0
chupathingyce: bots: bot 13 at (32.9 -85.7 -0.0) yaw -24 fight, target 30 (seen), shield 1.00, kills 0 deaths 2
chupathingyce: network test: tick 1890 player 0: dead s6 k6 d1 f0 t0 m0 player 1: (29.613 -76.365 0.303) h1.00/1.00 g0/0 w a173/-5 f-20 l173/-5 as140/120 st21 thr1.00 501:0 s0 k0 d1 f0 t1 m127 player 2: (84.707 -179.614 1.696) h1.00/1.00 g0/0 w a26/-2 f26 l26/-2 as139/120 st4 thr1.00 501:0 s1 k1 d0 f0 t2 m127 player 3: (42.097 -62.794 1.163) h1.00/0.60 g0/0 w a-56/-1 f-56 l-56/-1 as139/120 st7 thr1.00 501:0 s0 k0 d0 f0 t3 m127 player 4: (45.650 -72.591 0.450) h0.97/0.00 g0/0 w a93/7 f101 l93/7 as140/120 st20 thr1.00 501:0 s0 k0 d2 f0 t4 m127 player 5: (104.112 -174.708 0.266) h0.40/1.00 g0/0 w a152/-2 f152 l152/-2 as139/120 st6 thr1.00 501:0 s0 k0 d1 f0 t5 m126 player 6: (90.262 -153.437 0.314) h0.80/0.87 g0/0 w a39/-5 f39 l39/-5 as160/120 st6 thr1.00 501:0 ed:108 s0 k0 d0 f0 t6 m126 player 7: (37.217 -60.035 1.200) h0.96/0.00 g0/0 w a-90/-8 f-90 l-90/-8 as139/120 st6 thr1.00 501:0 s1 k1 d0 f0 t7 m126 player 8: (45.531 -67.227 1.242) h1.00/0.71 g0/0 w a125/-1 f114 l125/-1 as140/120 st20 thr1.00 501:0 s0 k0 d0 f0 t8 m126 player 9: (34.905 -77.246 0.127) h0.55/0.00 g0/0 w a78/-0 f78 l78/-0 as139/120 st5 thr1.00 501:0 s1 k1 d0 f0 t9 m125 player 10: (94.053 -150.625 0.068) h1.00/1.00 g0/0 w a-141/0 f-141 l-141/0 as139/120 st6 thr1.00 501:0 s0 k0 d2 f0 t10 m125 player 11: (92.801 -146.072 0.533) h1.00/1.00 g0/0 w a-76/-7 f-76 l-76/-7 as139/120 st7 thr1.00 501:0 s0 k0 d1 f0 t11 m125 player 12: (106.401 -165.566 0.569) h0.96/0.32 g0/0 w a-90/-6 f-88 l-90/-6 as140/120 st20 thr1.00 501:0 s1 k1 d0 f0 t12 m125 player 13: (33.014 -86.116 -0.030) h1.00/1.00 g0/0 w a-23/4 f-23 l-23/4 as139/120 st7 thr1.00 501:0 s0 k0 d2 f0 t13 m124 player 14: (37.104 -68.136 0.248) h1.00/0.76 g0/0 w a88/5 f88 l88/5 as139/120 st7 thr1.00 501:0 s1 k1 d0 f0 t14 m124 player 15: dead s2 k2 d1 f0 t15 m124 player 16: (93.988 -175.492 1.536) h1.00/0.21 g0/0 w a79/-9 f81 l79/-9 as140/120 st20 thr1.00 501:0 s0 k0 d1 f0 t16 m124 player 17: (100.690 -157.034 0.151) h0.96/1.00 g0/0 w a-35/-1 f-35 l-35/-1 as139/120 st6 thr1.00 501:0 s0 k0 d0 f0 t17 m123 player 18: dead s
chupathingyce: bots: bot 1 inventory slot 0 now weapon 501
chupathingyce: bots: bot 1 seeking vehicle -496041984
chupathingyce: bots: bot 14 at (37.2 -68.1 0.2) yaw 88 fight, target 7 (seen), shield 0.76, kills 1 deaths 0
chupathingyce: bots: bot 15 inventory slot 0 now weapon 501
chupathingyce: bots: bot 16 at (94.4 -174.8 1.4) yaw 84 fight, target 25 (seen), shield 0.21, kills 0 deaths 1
chupathingyce: exiting after debug.exit_after
chupathingyce: frame stats: 30686 frames written to /tmp/jobsbench/lobby_p32_parallel/frames.csv
