chupathingyce: settings: /tmp/jobsbench/lobby_r24_off/saves/config.toml
chupathingyce: settings: added graphics.texture_cache_mb (new in this version) at its default
chupathingyce: save root: /tmp/jobsbench/lobby_r24_off/saves
chupathingyce: data root: /Users/noahlopez/Library/Application Support/ChupathingyCE (the game's log: debug.txt there)
chupathingyce: ChupathingyCE 0.7.1d-dev (dev, debug config, commit 80b829aa, built 2026-10-09) macOS arm64
chupathingyce: OpenCE network version 24 (joins 11-24); Delta 1, wire chupa-24a, legacy table: built in; protocol auto
chupathingyce: Following OpenCE network version 24 (built in)
chupathingyce: features: infection off, bots on
chupathingyce: anti-aliasing: off
chupathingyce: screen: 640x480 drawn at 1280x960
chupathingyce: OpenGL 4.1 Metal - 90.5 on Apple M2 Pro
chupathingyce: cannot map the visibility test results; tests read their queries
chupathingyce: shader cache: 105 shaders and 93 programs made ready in 261 ms (/tmp/jobsbench/lobby_r24_off/saves/shader_cache.bin)
chupathingyce: screen: 738x480 drawn at 2560x1662
chupathingyce: high-res hud: 69 of 104 bitmaps in this map (35 not in it)
chupathingyce: network test: host:bloodgulch:slayer
chupathingyce: Delta: legacy table 5 from Delta List: announcing 25, joining 11 to 25; following OpenCE build-169
chupathingyce: high-res text: ui\small_ui drawn with Overpass-750.ttf
chupathingyce: jobs: off (legacy paths), 0 workers (8 performance cores), 130 KiB of graph arenas
chupathingyce: network test: hosting bloodgulch
chupathingyce: Delta Peer: hosting with Delta on port 5160
chupathingyce: Delta Peer: every machine of the game shares capabilities 0x13
chupathingyce: high-res text: ui\large_ui drawn with Overpass-900.ttf
chupathingyce: network test: game 1, slayer
chupathingyce: network test: starting the game
chupathingyce: high-res hud: 70 of 104 bitmaps in this map (34 not in it)
chupathingyce: shadow maps: 128x128
chupathingyce: network test: player 0 is named Player
chupathingyce: network test: tick 30 player 0: (42.911 -67.765 0.518) h1.00/1.00 g0/0 w a-119/0 f-119 l-119/0 as140/120 st0 thr0.00 501:0 s0 k0 d0 f0 t0 m0 | items 35 (+41 -0 !0 x0) | playing to 15 | sent 5 received 3 corrected 0 | hits 0 dealt 0 rejected 0 replayed 0 | local 0 camera (42.9 -67.8 1.1) respawn 0
chupathingyce: bots: Bot 1 joined (spartan)
chupathingyce: bots: bot 1 inventory slot 0 now weapon 501
chupathingyce: bots: bot 1 seeking vehicle -496041984
chupathingyce: network test: player 1 is named Bot 1
chupathingyce: network test: tick 60 player 0: (42.911 -67.765 0.518) h1.00/1.00 g0/0 w a-119/0 f-119 l-119/0 as140/120 st0 thr0.00 501:0 s0 k0 d0 f0 t0 m0 player 1: (35.251 -90.210 0.172) h1.00/1.00 g0/0 w a180/0 f180 l180/0 as139/120 st4 thr1.00 501:0 s0 k0 d0 f0 t1 m127 | items 35 (+43 -0 !0 x0) | playing to 15 | sent 10 received 5 corrected 0 | hits 0 dealt 0 rejected 0 replayed 0 | local 0 camera (42.9 -67.8 1.1) respawn 0
chupathingyce: bots: Bot 2 joined (spartan)
chupathingyce: bots: bot 2 inventory slot 0 now weapon 501
chupathingyce: bots: bot 2 seeking vehicle -495910910
chupathingyce: network test: player 2 is named Bot 2
chupathingyce: network test: tick 90 player 0: (42.911 -67.765 0.518) h1.00/1.00 g0/0 w a-119/0 f-119 l-119/0 as140/120 st0 thr0.00 501:0 s0 k0 d0 f0 t0 m0 player 1: (33.003 -90.206 0.229) h1.00/1.00 g0/0 w a180/0 f180 l180/0 as139/120 st4 thr1.00 501:0 s0 k0 d0 f0 t1 m127 player 2: (93.740 -148.813 0.118) h1.00/1.00 g0/0 w a25/0 f25 l25/0 as139/120 st4 thr1.00 501:0 s0 k0 d0 f0 t2 m127 | items 35 (+45 -0 !0 x0) | playing to 15 | sent 14 received 7 corrected 0 | hits 0 dealt 0 rejected 0 replayed 0 | local 0 camera (42.9 -67.8 1.1) respawn 0
chupathingyce: bots: Bot 3 joined (spartan)
chupathingyce: bots: bot 3 inventory slot 0 now weapon 501
chupathingyce: bots: bot 3 seeking vehicle -496041984
chupathingyce: network test: player 3 is named Bot 3
chupathingyce: network test: tick 120 player 0: (42.911 -67.765 0.518) h1.00/1.00 g0/0 w a-119/0 f-119 l-119/0 as140/120 st0 thr0.00 501:0 s0 k0 d0 f0 t0 m0 player 1: (31.104 -90.203 0.205) h1.00/1.00 g0/0 w a180/0 f180 l180/0 as139/120 st4 thr0.35 501:0 s0 k0 d0 f0 t1 m127 player 2: (95.764 -147.859 0.045) h1.00/1.00 g0/0 w a25/0 f25 l25/0 as139/120 st4 thr1.00 501:0 s0 k0 d0 f0 t2 m127 player 3: (40.958 -91.090 0.116) h1.00/1.00 g0/0 w a176/-0 f176 l176/-0 as139/120 st6 thr1.00 501:0 s0 k0 d0 f0 t3 m127 | items 35 (+47 -0 !0 x0) | playing to 15 | sent 19 received 9 corrected 0 | hits 0 dealt 0 rejected 0 replayed 0 | local 0 camera (42.9 -67.8 1.1) respawn 0
chupathingyce: bots: Bot 4 joined (spartan)
chupathingyce: bots: bot 4 inventory slot 0 now weapon 501
chupathingyce: bots: bot 4 seeking vehicle -495910910
chupathingyce: bots: bot 1 entered vehicle -496041984 seat 0
chupathingyce: network test: player 4 is named Bot 4
chupathingyce: network test: tick 150 player 0: (42.911 -67.765 0.518) h1.00/1.00 g0/0 w a-119/0 f-119 l-119/0 as140/120 st0 thr0.00 501:0 s0 k0 d0 f0 t0 m0 player 1: (29.236 -90.640 0.622) h1.00/0.74 riding g0/0 w a-84/0 f0 l-84/0 as139/120 st26 thr0.50 501:0 s0 k0 d0 f0 t1 m127 player 2: (97.798 -146.900 0.074) h1.00/1.00 g0/0 w a25/0 f25 l25/0 as139/120 st4 thr1.00 501:0 s0 k0 d0 f0 t2 m127 player 3: (39.961 -92.598 0.077) h1.00/1.00 g0/0 w a168/-1 f168 l168/-1 as139/120 st4 thr1.00 501:0 s0 k0 d0 f0 t3 m127 player 4: (104.304 -161.679 0.060) h1.00/1.00 g0/0 w a115/0 f115 l115/0 as139/120 st4 thr1.00 501:0 s0 k0 d0 f0 t4 m127 | items 35 (+49 -0 !0 x0) | playing to 15 | sent 29 received 11 corrected 0 | hits 0 dealt 0 rejected 0 replayed 0 | local 0 camera (42.9 -67.8 1.1) respawn 0
chupathingyce: bots: Bot 5 joined (spartan)
chupathingyce: bots: bot 5 inventory slot 0 now weapon 501
chupathingyce: bots: navigation graph of 70 nodes and 438 links
chupathingyce: network test: player 5 is named Bot 5
chupathingyce: network test: tick 180 player 0: (42.911 -67.765 0.518) h1.00/1.00 g0/0 w a-119/0 f-119 l-119/0 as140/120 st0 thr0.00 501:0 s0 k0 d0 f0 t0 m0 player 1: (29.653 -90.659 0.612) h1.00/0.59 riding g0/0 w a-14/4 f0 l-14/4 as139/120 st26 thr0.50 501:0 s0 k0 d0 f0 t1 m127 player 2: (99.817 -145.949 0.245) h1.00/1.00 g0/0 w a25/0 f25 l25/0 as139/120 st4 thr1.00 501:0 s0 k0 d0 f0 t2 m127 player 3: (38.024 -93.039 0.673) h1.00/1.00 g0/0 w a163/-2 f166 l163/-2 as140/120 st20 thr1.00 501:0 s0 k0 d0 f0 t3 m127 player 4: (102.663 -160.259 0.137) h1.00/1.00 g0/0 w a103/0 f103 l103/0 as139/120 st4 thr1.00 501:0 s0 k0 d0 f0 t4 m127 player 5: (51.852 -76.927 0.099) h1.00/1.00 g0/0 w a-130/2 f-130 l-130/2 as139/120 st4 thr1.00 501:0 s0 k0 d0 f0 t5 m126 | items 35 (+51 -0 !0 x0) | playing to 15 | sent 37 received 13 corrected 0 | hits 0 dealt 0 rejected 0 replayed 0 | local 0 camera (42.9 -67.8 1.1) respawn 0
chupathingyce: bots: Bot 6 joined (spartan)
chupathingyce: bots: bot 6 inventory slot 0 now weapon 501
chupathingyce: network test: player 6 is named Bot 6
chupathingyce: network test: tick 210 player 0: (42.911 -67.765 0.518) h1.00/1.00 g0/0 w a-119/0 f-119 l-119/0 as140/120 st0 thr0.00 501:0 s0 k0 d0 f0 t0 m0 player 1: (30.866 -90.920 0.631) h1.00/0.56 riding g0/0 w a-17/-0 f0 l-17/-0 as28/120 st0 thr0.00 501:0 s0 k0 d0 f0 t1 m127 player 2: (100.812 -145.480 0.405) h1.00/1.00 g0/0 w a25/0 f25 l25/0 as139/120 st4 thr0.35 501:0 s0 k0 d0 f0 t2 m127 player 3: (36.071 -92.512 0.185) h1.00/1.00 g0/0 w a124/-0 f124 l124/-0 as139/120 st4 thr1.00 501:0 s0 k0 d0 f0 t3 m127 player 4: (101.337 -158.541 0.564) h1.00/1.00 g0/0 w a92/-1 f93 l92/-1 as140/120 st20 thr1.00 501:0 s0 k0 d0 f0 t4 m127 player 5: (51.368 -79.039 0.148) h1.00/1.00 g0/0 w a-139/0 f-139 l-139/0 as139/120 st4 thr1.00 501:0 s0 k0 d0 f0 t5 m126 player 6: (28.789 -81.468 0.214) h1.00/1.00 g0/0 w a-79/0 f-79 l-79/0 as139/120 st7 thr1.00 501:0 s0 k0 d0 f0 t6 m126 | items 35 (+53 -0 !0 x0) | playing to 15 | sent 44 received 15 corrected 0 | hits 0 dealt 0 rejected 0 replayed 0 | local 0 camera (42.9 -67.8 1.1) respawn 0
chupathingyce: bots: Bot 7 joined (spartan)
chupathingyce: bots: bot 2 entered vehicle -495910910 seat 0
chupathingyce: bots: bot 7 inventory slot 0 now weapon 501
chupathingyce: network test: player 7 is named Bot 7
chupathingyce: network test: tick 240 player 0: (42.911 -67.765 0.518) h1.00/1.00 g0/0 w a-119/0 f-119 l-119/0 as140/120 st0 thr0.00 501:0 s0 k0 d0 f0 t0 m0 player 1: (31.165 -90.844 0.624) h1.00/0.54 riding g0/0 w a-9/3 f0 l-9/3 as28/120 st0 thr0.00 501:0 s0 k0 d0 f0 t1 m127 player 2: (102.194 -144.686 0.941) h1.00/0.98 riding g0/0 w a-98/0 f-0 l-98/0 as139/120 st26 thr0.50 501:0 s0 k0 d0 f0 t2 m127 player 3: (34.442 -91.373 0.286) h1.00/1.00 g0/0 w a129/3 f129 l129/3 as139/120 st4 thr1.00 501:0 s0 k0 d0 f0 t3 m127 player 4: (100.552 -156.713 0.257) h1.00/1.00 g0/0 w a84/2 f93 l84/2 as140/120 st20 thr1.00 501:0 s0 k0 d0 f0 t4 m127 player 5: (49.768 -80.006 0.117) h1.00/1.00 g0/0 w a-144/-1 f-144 l-144/-1 as139/120 st4 thr1.00 501:0 s0 k0 d0 f0 t5 m126 player 6: (26.930 -82.070 0.805) h1.00/1.00 g0/0 w a-65/-4 f-76 l-65/-4 as140/120 st20 thr1.00 501:0 s0 k0 d0 f0 t6 m126 player 7: (85.190 -161.648 0.110) h1.00/1.00 g0/0 w a44/1 f44 l44/1 as139/120 st4 thr1.00 501:0 s0 k0 d0 f0 t7 m126 | items 35 (+55 -0 !0 x0) | playing to 15 | sent 55 received 17 corrected 0 | hits 0 dealt 0 rejected 0 replayed 0 | local 0 camera (42.9 -67.8 1.1) respawn 0
chupathingyce: bots: Bot 8 joined (spartan)
chupathingyce: bots: bot 8 inventory slot 0 now weapon 501
chupathingyce: network test: player 8 is named Bot 8
chupathingyce: network test: tick 270 player 0: (42.911 -67.765 0.518) h1.00/1.00 g0/0 w a-122/-2 f-119 l-122/-2 as140/120 st0 thr0.00 501:0 s0 k0 d0 f0 t0 m0 player 1: (31.167 -90.844 0.624) h1.00/0.52 riding g0/0 w a20/1 f0 l20/1 as28/120 st0 thr0.00 501:0 s0 k0 d0 f0 t1 m127 player 2: (101.164 -144.029 0.979) h1.00/0.81 riding g0/0 w a-105/-3 f-0 l-125/-3 as28/120 st0 thr0.50 501:0 s0 k0 d0 f0 t2 m127 player 3: (33.361 -90.065 0.221) h1.00/1.00 g0/0 w a130/1 f130 l130/1 as139/120 st6 thr1.00 501:0 s0 k0 d0 f0 t3 m127 player 4: (101.010 -154.678 -0.064) h1.00/1.00 g0/0 w a86/4 f86 l86/4 as139/120 st4 thr1.00 501:0 s0 k0 d0 f0 t4 m127 player 5: (48.417 -81.387 0.085) h1.00/1.00 g0/0 w a-150/-0 f-150 l-150/-0 as139/120 st4 thr1.00 501:0 s0 k0 d0 f0 t5 m126 player 6: (27.321 -82.523 0.349) h1.00/1.00 g0/0 w a-50/-2 f-50 l-50/-2 as139/120 st6 thr1.00 501:0 s0 k0 d0 f0 t6 m126 player 7: (87.286 -161.065 0.116) h1.00/1.00 g0/0 w a51/1 f51 l51/1 as139/120 st4 thr1.00 501:0 s0 k0 d0 f0 t7 m126 player 8: (105.023 -162.155 0.023) h1.00/1.00 g0/0 w a72/-2 f118 l72/-2 as139/120 st4 thr1.00 501:0 s0 k0 d0 f0 t8 m126 | items 35 (+57 -0 !0 x0) | playing to 15 | sent 68 received 19 corrected 0 | hits 0 dealt 0 rejected 0 replayed 0 | local 0 camera (42.9 -67.8 1.1) respawn 0
chupathingyce: bots: Bot 9 joined (spartan)
chupathingyce: bots: bot 9 inventory slot 0 now weapon 501
chupathingyce: network test: player 9 is named Bot 9
chupathingyce: network test: tick 300 player 0: (42.466 -69.478 0.338) h1.00/1.00 g0/0 w a-116/-14 f-116 l-116/-14 as139/120 st4 thr1.00 501:0 s0 k0 d0 f0 t0 m0 player 1: (31.167 -90.844 0.624) h1.00/0.52 riding g0/0 w a17/1 f0 l17/1 as28/120 st0 thr0.00 501:0 s0 k0 d0 f0 t1 m127 player 2: (98.531 -144.902 0.478) h1.00/0.81 riding g0/0 w a-69/-1 f-0 l-69/-1 as28/120 st0 thr0.50 501:0 s0 k0 d0 f0 t2 m127 player 3: (33.454 -90.152 0.230) h1.00/1.00 g0/0 w a118/-0 f118 l118/-0 as139/120 st7 thr1.00 501:0 s0 k0 d0 f0 t3 m127 player 4: (101.599 -152.772 -0.062) h1.00/1.00 g0/0 w a101/2 f101 l101/2 as139/120 st4 thr1.00 501:0 s0 k0 d0 f0 t4 m127 player 5: (47.310 -83.236 0.036) h1.00/1.00 g0/0 w a-152/-0 f-152 l-152/-0 as139/120 st4 thr1.00 501:0 s0 k0 d0 f0 t5 m126 player 6: (29.029 -81.504 0.196) h1.00/1.00 g0/0 w a-64/-0 f-64 l-64/-0 as139/120 st6 thr1.00 501:0 s0 k0 d0 f0 t6 m126 player 7: (89.163 -160.059 0.659) h1.00/1.00 g0/0 w a53/0 f51 l53/0 as140/120 st20 thr1.00 501:0 s0 k0 d0 f0 t7 m126 player 8: (106.663 -161.229 -0.000) h1.00/1.00 g0/0 w a121/-1 f121 l121/-1 as139/120 st6 thr1.00 501:0 s0 k0 d0 f0 t8 m126 player 9: (37.432 -68.098 0.262) h1.00/1.00 g0/0 w a-13/-1 f-76 l-13/-1 as139/120 st6 thr1.00 501:0 s0 k0 d0 f0 t9 m125 | items 35 (+59 -0 !0 x0) | playing to 15 | sent 73 received 21 corrected 0 | hits 0 dealt 0 rejected 0 replayed 0 | local 0 camera (42.5 -69.5 1.0) respawn 0
chupathingyce: bots: Bot 10 joined (spartan)
chupathingyce: bots: bot 1 at (31.0 -90.7 0.7) yaw 18 vehicle, target 3 (seen), shield 0.52, kills 0 deaths 0
chupathingyce: bots: bot 2 at (98.3 -145.6 0.5) yaw -62 vehicle, target 8 (seen), shield 0.81, kills 0 deaths 0
chupathingyce: bots: bot 3 at (34.3 -89.7 0.2) yaw 116 fight, target 6 (seen), shield 1.00, kills 0 deaths 0
chupathingyce: bots: bot 4 at (101.3 -151.2 -0.1) yaw 100 fight, target 2, shield 1.00, kills 0 deaths 0
chupathingyce: bots: bot 5 at (45.3 -83.2 0.1) yaw -150 fight, target 3 (seen), shield 1.00, kills 0 deaths 0
chupathingyce: network test: player 10 is named Bot 10
chupathingyce: network test: tick 330 player 0: (41.440 -71.478 0.936) h1.00/1.00 g0/0 w a-118/-16 f-118 l-118/-16 as140/120 st20 thr1.00 501:0 s0 k0 d0 f0 t0 m0 player 1: (31.167 -90.844 0.624) h0.98/0.00 riding g0/0 w a23/9 f0 l23/9 as28/120 st0 thr0.00 501:0 s0 k0 d0 f0 t1 m127 player 2: (98.997 -149.075 0.446) h1.00/0.79 riding g0/0 w a-37/-1 f-0 l-37/-1 as28/120 st0 thr0.00 501:0 s0 k0 d0 f0 t2 m127 player 3: (35.230 -89.235 0.786) h1.00/1.00 g0/0 w a119/-4 f119 l119/-4 as140/120 st20 thr1.00 501:0 s0 k0 d0 f0 t3 m127 player 4: (101.176 -150.564 -0.048) h1.00/1.00 g0/0 w a100/4 f100 l100/4 as139/120 st4 thr1.00 501:0 s0 k0 d0 f0 t4 m127 player 5: (45.191 -83.217 0.079) h1.00/1.00 g0/0 w a-150/3 f-150 l-150/3 as139/120 st4 thr1.00 501:0 s0 k0 d0 f0 t5 m126 player 6: (30.661 -80.610 0.035) h1.00/1.00 g0/0 w a-64/4 f-64 l-64/4 as139/120 st6 thr1.00 501:0 s0 k0 d0 f0 t6 m126 player 7: (89.901 -158.957 0.130) h1.00/1.00 g0/0 w a54/1 f54 l54/1 as139/120 st4 thr1.00 501:0 s0 k0 d0 f0 t7 m126 player 8: (105.368 -160.221 0.091) h1.00/1.00 g0/0 w a113/-1 f113 l113/-1 as139/120 st4 thr1.00 501:0 s0 k0 d0 f0 t8 m126 player 9: (38.535 -66.643 0.458) h1.00/1.00 g0/0 w a-57/5 f-57 l-57/5 as139/120 st6 thr1.00 501:0 s0 k0 d0 f0 t9 m125 player 10: dead s0 k0 d0 f0 t10 m125 | items 35 (+59 -0 !0 x0) | playing to 15 | sent 82 received 22 corrected 0 | hits 0 dealt 0 rejected 0 replayed 0 | local 0 camera (41.4 -71.5 1.6) respawn 0
chupathingyce: bots: Bot 11 joined (spartan)
chupathingyce: bots: bot 10 inventory slot 0 now weapon 501
chupathingyce: bots: bot 11 inventory slot 0 now weapon 501
chupathingyce: bots: bot 6 at (30.7 -80.5 0.0) yaw -61 fight, target 3 (seen), shield 1.00, kills 0 deaths 0
chupathingyce: bots: bot 7 at (89.9 -158.3 0.1) yaw 53 fight, target 2, shield 1.00, kills 0 deaths 0
chupathingyce: bots: bot 8 at (104.3 -159.4 0.2) yaw 108 fight, target 4 (seen), shield 1.00, kills 0 deaths 0
chupathingyce: bots: bot 9 at (40.0 -66.0 1.0) yaw -86 fight, target 0 (seen), shield 1.00, kills 0 deaths 0
chupathingyce: network test: player 11 is named Bot 11
chupathingyce: network test: tick 360 player 0: (40.558 -73.542 0.142) h1.00/1.00 g0/0 w a-106/-17 f-106 l-106/-17 as139/120 st4 thr1.00 501:0 s0 k0 d0 f0 t0 m0 player 1: (31.179 -90.830 0.623) h0.98/0.00 riding g0/0 w a21/0 f0 l21/0 as28/120 st0 thr0.50 501:0 s0 k0 d0 f0 t1 m127 player 2: (100.426 -152.036 0.292) h1.00/0.79 riding g0/0 w a53/2 f-0 l33/1 as28/120 st0 thr0.00 501:0 s0 k0 d0 f0 t2 m127 player 3: (36.740 -88.165 -0.034) h1.00/0.87 g0/0 w a36/0 f119 l49/0 as140/120 st21 thr1.00 501:0 s0 k0 d0 f0 t3 m127 player 4: (101.553 -148.701 0.033) h1.00/1.00 g0/0 w a-112/-3 f-112 l-112/-3 as139/120 st7 thr1.00 501:0 s0 k0 d0 f0 t4 m127 player 5: (43.937 -83.005 0.124) h1.00/1.00 g0/0 w a-145/-1 f-145 l-145/-1 as139/120 st7 thr1.00 501:0 s0 k0 d0 f0 t5 m126 player 6: (31.627 -79.731 -0.000) h1.00/1.00 g0/0 w a-57/-1 f-57 l-57/-1 as139/120 st6 thr1.00 501:0 s0 k0 d0 f0 t6 m126 player 7: (90.519 -157.206 0.129) h1.00/1.00 g0/0 w a53/2 f53 l53/2 as139/120 st4 thr1.00 501:0 s0 k0 d0 f0 t7 m126 player 8: (103.703 -158.834 0.226) h1.00/1.00 g0/0 w a102/-2 f102 l102/-2 as139/120 st4 thr1.00 501:0 s0 k0 d0 f0 t8 m126 player 9: (40.147 -65.900 0.900) h1.00/1.00 g0/0 w a-88/-7 f-62 l-88/-7 as140/120 st20 thr1.00 501:0 s0 k0 d0 f0 t9 m125 player 10: (51.962 -83.301 0.127) h1.00/1.00 g0/0 w a178/-1 f178 l178/-1 as139/120 st6 thr1.00 501:0 s0 k0 d0 f0 t10 m125 player 11: (99.195 -168.822 0.135) h1.00/1.00 g0/0 w a64/0 f64 l64/0 as139/120 st4 thr1.00 501:0 s0 k0 d0 f0 t11 m125 | items 35 (+63 -0 !0 x0) | playing to 15 | sent 91 received 25 corrected 0 | hits 0 dealt 0 rejected 0 replayed 0 | local 0 camera (40.6 -73.5 0.8) respawn 0
chupathingyce: bots: Bot 12 joined (spartan)
chupathingyce: bots: bot 10 at (52.0 -83.5 0.1) yaw 175 fight, target 5 (seen), shield 1.00, kills 0 deaths 0
chupathingyce: bots: bot 12 inventory slot 0 now weapon 501
chupathingyce: bots: bot 11 at (99.6 -168.3 0.1) yaw 70 fight, target 8 (seen), shield 1.00, kills 0 deaths 0
chupathingyce: bots: bot 12 at (92.5 -148.8 0.6) yaw 4 fight, target 4 (seen), shield 1.00, kills 0 deaths 0
chupathingyce: network test: player 12 is named Bot 12
chupathingyce: network test: tick 390 player 0: (40.353 -75.643 -0.229) h1.00/0.88 g0/0 w a-88/-15 f-88 l-88/-15 as139/120 st4 thr1.00 501:0 s0 k0 d0 f0 t0 m0 player 1: (31.827 -90.478 0.593) h0.98/0.00 riding g0/0 w a38/-2 f0 l38/-2 as28/120 st0 thr0.00 501:0 s0 k0 d0 f0 t1 m127 player 2: (100.723 -153.054 0.277) h1.00/0.74 riding g0/0 w a58/3 f-0 l38/3 as28/120 st0 thr0.00 501:0 s0 k0 d0 f0 t2 m127 player 3: (36.219 -87.216 -0.068) h1.00/0.76 g0/0 w a21/3 f21 l21/3 as139/120 st7 thr1.00 501:0 s0 k0 d0 f0 t3 m127 player 4: (101.414 -148.423 0.058) h1.00/1.00 g0/0 w a-97/-2 f-97 l-97/-2 as139/120 st6 thr1.00 501:0 s0 k0 d0 f0 t4 m127 player 5: (44.518 -84.119 0.591) h1.00/0.72 g0/0 w a-159/-4 f-157 l-159/-4 as140/120 st20 thr1.00 501:0 s0 k0 d0 f0 t5 m126 player 6: (33.321 -78.897 0.071) h1.00/1.00 g0/0 w a-72/-1 f-72 l-72/-1 as139/120 st7 thr1.00 501:0 s0 k0 d0 f0 t6 m126 player 7: (89.580 -156.152 0.098) h1.00/1.00 g0/0 w a70/2 f70 l70/2 as139/120 st6 thr1.00 501:0 s0 k0 d0 f0 t7 m126 player 8: (102.008 -158.093 0.201) h1.00/1.00 g0/0 w a96/-1 f96 l96/-1 as139/120 st6 thr1.00 501:0 s0 k0 d0 f0 t8 m126 player 9: (39.056 -65.839 0.588) h1.00/1.00 g0/0 w a-83/-6 f-83 l-83/-6 as139/120 st7 thr1.00 501:0 s0 k0 d0 f0 t9 m125 player 10: (51.878 -84.066 0.134) h1.00/1.00 g0/0 w a180/2 f180 l180/2 as139/120 st7 thr1.00 501:0 s0 k0 d0 f0 t10 m125 player 11: (99.132 -167.151 0.033) h1.00/1.00 g0/0 w a71/0 f71 l71/0 as139/120 st6 thr1.00 501:0 s0 k0 d0 f0 t11 m125 player 12: (92.441 -147.981 0.637) h1.00/1.00 g0/0 w a-0/-5 f-0 l-0/-5 as139/120 st6 thr1.00 501:0 s0 k0 d0 f0 t12 m125 | items 35 (+65 -0 !0 x0) | playing to 15 | sent 105 received 27 corrected 0 | hits 0 dealt 0 rejected 0 replayed 0 | local 0 camera (40.4 -75.6 0.4) respawn 0
chupathingyce: bots: Bot 13 joined (spartan)
chupathingyce: bots: bot 13 inventory slot 0 now weapon 501
chupathingyce: network test: player 13 is named Bot 13
chupathingyce: network test: tick 420 player 0: (41.871 -76.757 -0.287) h1.00/0.77 g0/0 w a-69/-18 f-69 l-69/-18 as139/120 st4 thr1.00 501:0 s0 k0 d0 f0 t0 m0 player 1: (32.270 -90.143 0.568) h0.98/0.00 riding g0/0 w a17/6 f0 l17/6 as28/120 st0 thr0.00 501:0 s0 k0 d0 f0 t1 m127 player 2: (100.753 -153.246 0.276) h1.00/0.47 riding g0/0 w a59/10 f-0 l38/10 as28/120 st0 thr0.00 501:0 s0 k0 d0 f0 t2 m127 player 3: (36.891 -88.996 0.609) h1.00/0.62 g0/0 w a23/-4 f21 l23/-4 as140/120 st20 thr1.00 501:0 s0 k0 d0 f0 t3 m127 player 4: (103.264 -149.060 0.637) h1.00/1.00 g0/0 w a-120/-9 f-104 l-120/-9 as140/120 st20 thr1.00 501:0 s0 k0 d0 f0 t4 m127 player 5: (45.066 -85.579 -0.013) h1.00/0.72 g0/0 w a-159/3 f-157 l-159/3 as140/120 st21 thr1.00 501:0 s0 k0 d0 f0 t5 m126 player 6: (32.476 -79.567 0.036) h1.00/1.00 g0/0 w a-63/2 f-63 l-63/2 as139/120 st4 thr1.00 501:0 s0 k0 d0 f0 t6 m126 player 7: (87.755 -155.343 0.667) h1.00/1.00 g0/0 w a60/3 f64 l60/3 as140/120 st20 thr1.00 501:0 s0 k0 d0 f0 t7 m126 player 8: (100.768 -157.620 0.143) h1.00/1.00 g0/0 w a75/2 f75 l75/2 as139/120 st6 thr1.00 501:0 s0 k0 d0 f0 t8 m126 player 9: (38.524 -67.679 0.363) h1.00/1.00 g0/0 w a-117/-2 f-117 l-117/-2 as139/120 st4 thr1.00 501:0 s0 k0 d0 f0 t9 m125 player 10: (51.410 -82.143 0.095) h1.00/1.00 g0/0 w a-153/-1 f-153 l-153/-1 as139/120 st7 thr1.00 501:0 s0 k0 d0 f0 t10 m125 player 11: (98.989 -165.556 0.041) h1.00/1.00 g0/0 w a71/0 f71 l71/0 as139/120 st4 thr1.00 501:0 s0 k0 d0 f0 t11 m125 player 12: (92.716 -146.838 1.189) h1.00/1.00 g0/0 w a-12/-2 f-11 l-12/-2 as140/120 st20 thr1.00 501:0 s0 k0 d0 f0 t12 m125 player 13: (50.892 -76.488 0.136) h1.00/1.00 g0/0 w a-87/-2 f-87 l-87/-2 as139/120 st7 thr1.00 501:0 s0 k0 d0 f0 t13 m124 | items 35 (+67 -0 !0 x0) | playing to 15 | sent 119 received 29 corrected 0 | hits 0 dealt 0 rejected 0 replayed 0 | local 0 camera (41.9 -76.8 0.3) respawn 0
chupathingyce: bots: Bot 14 joined (spartan)
chupathingyce: bots: bot 14 inventory slot 0 now weapon 501
chupathingyce: network test: player 14 is named Bot 14
chupathingyce: network test: tick 450 player 0: (41.686 -78.841 -0.287) h1.00/0.77 g0/0 w a-136/-20 f-127 l-136/-20 as160/120 st4 thr1.00 501:0 396:24 s0 k0 d0 f0 t0 m0 player 1: (32.329 -90.035 0.560) h0.95/0.00 riding g0/0 w a18/-0 f0 l18/-0 as28/120 st0 thr0.50 501:0 s0 k0 d0 f0 t1 m127 player 2: (100.753 -153.246 0.276) h1.00/0.41 riding g0/0 w a41/4 f-0 l39/4 as28/120 st0 thr0.00 501:0 s0 k0 d0 f0 t2 m127 player 3: (37.886 -90.629 0.022) h1.00/0.50 g0/0 w a44/-1 f44 l44/-1 as139/120 st6 thr1.00 501:0 s0 k0 d0 f0 t3 m127 player 4: (104.644 -150.182 0.123) h1.00/1.00 g0/0 w a-142/-4 f-142 l-142/-4 as139/120 st6 thr1.00 501:0 s0 k0 d0 f0 t4 m127 player 5: (44.192 -84.312 0.054) h1.00/0.72 g0/0 w a-135/-0 f-135 l-135/-0 as139/120 st7 thr1.00 501:0 s0 k0 d0 f0 t5 m126 player 6: (34.240 -80.838 0.091) h1.00/1.00 g0/0 w a-70/-1 f-70 l-70/-1 as139/120 st4 thr1.00 501:0 s0 k0 d0 f0 t6 m126 player 7: (86.330 -154.104 -0.031) h1.00/1.00 g0/0 w a12/0 f53 l12/0 as139/120 st4 thr1.00 501:0 s0 k0 d0 f0 t7 m126 player 8: (100.231 -156.408 0.120) h1.00/1.00 g0/0 w a85/-4 f82 l85/-4 as139/120 st6 thr1.00 501:0 s0 k0 d0 f0 t8 m126 player 9: (39.089 -69.487 0.268) h1.00/1.00 g0/0 w a-35/-2 f-35 l-35/-2 as139/120 st4 thr1.00 501:0 s0 k0 d0 f0 t9 m125 player 10: (50.416 -80.514 0.754) h1.00/0.86 g0/0 w a-150/-7 f-149 l-150/-7 as140/120 st20 thr1.00 501:0 s0 k0 d0 f0 t10 m125 player 11: (99.773 -163.448 0.104) h1.00/1.00 g0/0 w a69/-1 f69 l69/-1 as139/120 st4 thr1.00 501:0 s0 k0 d0 f0 t11 m125 player 12: (93.567 -146.957 0.348) h1.00/0.00 g0/0 w a-16/-3 f-23 l-16/-3 as140/120 st20 thr1.00 501:0 s0 k0 d0 f0 t12 m125 player 13: (48.942 -76.887 0.116) h1.00/1.00 g0/0 w a-71/8 f-71 l-71/8 as139/120 st7 thr1.00 501:0 s0 k0 d0 f0 t13 m124 player 14: (96.709 -169.224 0.237) h1.00/1.00 g0/0 w a63/-3 f63 l63/-3 as139/120 st6 thr1.00 501:0 s0 k0 d0 f0 t14 m124 | items 34 (+69 -0 !0 x0) | playing to 15 | sent 138 received 31 corrected 0 | hits 0 dealt 0 rejected 0 replayed 0 | local 0 camera (41.7 -78.8 0.3) respawn 0
chupathingyce: bots: Bot 15 joined (spartan)
chupathingyce: bots: bot 15 inventory slot 0 now weapon 501
chupathingyce: network test: player 15 is named Bot 15
chupathingyce: network test: tick 480 player 0: (39.823 -79.279 -0.204) h1.00/0.77 g0/0 w a170/-17 f168 l170/-17 as161/120 st20 thr1.00 501:0 396:24 s0 k0 d0 f0 t0 m0 player 1: (32.748 -89.554 0.521) h0.95/0.00 riding g0/0 w a29/1 f0 l29/1 as28/120 st0 thr0.50 501:0 s0 k0 d0 f0 t1 m127 player 2: (100.753 -153.246 0.276) h1.00/0.00 riding g0/0 w a-30/7 f-0 l-30/7 as28/120 st0 thr0.00 501:0 s0 k0 d0 f0 t2 m127 player 3: (36.970 -89.827 0.055) h1.00/0.11 g0/0 w a71/-0 f58 l71/-0 as139/120 st6 thr1.00 501:0 s0 k0 d0 f0 t3 m127 player 4: (105.491 -151.978 0.161) h1.00/1.00 g0/0 w a-167/-5 f-167 l-167/-5 as139/120 st6 thr1.00 501:0 s0 k0 d0 f0 t4 m127 player 5: (43.237 -83.721 0.123) h1.00/0.58 g0/0 w a-135/-2 f-133 l-135/-2 as139/120 st8 thr1.00 501:0 s0 k0 d0 f0 t5 m126 player 6: (35.081 -81.489 0.124) h1.00/1.00 g0/0 w a-78/-1 f-78 l-78/-1 as139/120 st6 thr1.00 501:0 s0 k0 d0 f0 t6 m126 player 7: (87.883 -153.250 0.628) h1.00/1.00 g0/0 w a34/-5 f7 l34/-5 as140/120 st20 thr1.00 501:0 s0 k0 d0 f0 t7 m126 player 8: (99.645 -155.823 0.120) h1.00/1.00 g0/0 w a71/-6 f71 l71/-6 as139/120 st5 thr1.00 501:0 s0 k0 d0 f0 t8 m126 player 9: (40.388 -70.734 0.244) h1.00/1.00 g0/0 w a-43/2 f-43 l-43/2 as139/120 st4 thr1.00 501:0 s0 k0 d0 f0 t9 m125 player 10: (49.653 -79.947 0.116) h1.00/0.72 g0/0 w a134/7 f144 l134/7 as139/120 st5 thr1.00 501:0 s0 k0 d0 f0 t10 m125 player 11: (100.454 -162.098 0.129) h1.00/0.75 g0/0 w a65/-0 f65 l65/-0 as139/120 st4 thr1.00 501:0 s0 k0 d0 f0 t11 m125 player 12: (95.018 -148.366 0.045) h1.00/0.00 g0/0 w a-20/-0 f-20 l-20/-0 as139/120 st4 thr1.00 501:0 s0 k0 d0 f0 t12 m125 player 13: (47.526 -77.718 0.669) h1.00/1.00 g0/0 w a-46/-12 f-49 l-46/-12 as140/120 st20 thr1.00 501:0 s0 k0 d0 f0 t13 m124 player 14: (96.722 -169.264 0.239) h1.00/1.00 g0/0 w a61/-1 f61 l61/-1 as139/120 st7 thr1.00 501:0 s0 k0 d0 f0 t14 m124 player 15: (30.182 -75.790 0.447) h1.00/1.00 g0/0 w a-48/-4 f-48 l-48/-4 as139/120 st6 thr1.00 501:0 s0 k0 d0 f0 t15 m124 | items 34 (+71 -0 !0 x0) | playing to 15 | sent 164 received 33 corrected 0 | h
chupathingyce: bots: Bot 16 joined (spartan)
chupathingyce: bots: bot 16 inventory slot 0 now weapon 501
chupathingyce: network test: player 16 is named Bot 16
chupathingyce: network test: tick 510 player 0: (38.216 -80.180 -0.287) h1.00/0.77 g0/0 w a-72/-14 f-80 l-72/-14 as160/120 st4 thr1.00 501:0 396:36 s0 k0 d0 f0 t0 m0 player 1: (34.433 -88.319 0.420) h0.95/0.00 riding g0/0 w a-60/25 f0 l-52/25 as28/120 st0 thr0.00 501:0 s0 k0 d0 f0 t1 m127 player 2: (100.753 -153.246 0.276) h0.95/0.00 riding g0/0 w a-114/16 f-0 l-102/16 as28/120 st0 thr0.00 501:0 s0 k0 d0 f0 t2 m127 player 3: (35.043 -89.983 0.736) h1.00/0.11 g0/0 w a119/-20 f94 l119/-20 as140/120 st20 thr1.00 501:0 s0 k0 d0 f0 t3 m127 player 4: (106.145 -153.853 0.140) h1.00/1.00 g0/0 w a-164/3 f-164 l-164/3 as139/120 st6 thr1.00 501:0 s0 k0 d0 f0 t4 m127 player 5: (41.795 -84.408 0.145) h1.00/0.58 g0/0 w a-140/3 f-140 l-140/3 as139/120 st7 thr1.00 501:0 s0 k0 d0 f0 t5 m126 player 6: (35.238 -81.860 0.420) h1.00/1.00 g0/0 w a-91/2 f-90 l-91/2 as140/120 st20 thr1.00 501:0 s0 k0 d0 f0 t6 m126 player 7: (89.266 -153.911 0.212) h1.00/1.00 g0/0 w a35/-1 f35 l35/-1 as139/120 st6 thr1.00 501:0 s0 k0 d0 f0 t7 m126 player 8: (99.614 -155.880 0.655) h1.00/1.00 g0/0 w a70/-14 f68 l70/-14 as140/120 st20 thr1.00 501:0 s0 k0 d0 f0 t8 m126 player 9: (39.587 -72.316 0.161) h1.00/1.00 g0/0 w a-38/1 f-38 l-38/1 as139/120 st4 thr1.00 501:0 s0 k0 d0 f0 t9 m125 player 10: (48.019 -81.020 0.702) h1.00/0.72 g0/0 w a106/-13 f129 l106/-13 as140/120 st20 thr1.00 501:0 s0 k0 d0 f0 t10 m125 player 11: (102.214 -161.906 0.086) h1.00/0.75 g0/0 w a63/-0 f63 l63/-0 as139/120 st7 thr1.00 501:0 s0 k0 d0 f0 t11 m125 player 12: (96.991 -148.553 0.057) h1.00/0.00 g0/0 w a-30/-1 f-30 l-30/-1 as139/120 st4 thr1.00 501:0 s0 k0 d0 f0 t12 m125 player 13: (47.123 -77.964 0.134) h1.00/0.87 g0/0 w a-73/10 f-49 l-73/10 as139/120 st7 thr1.00 501:0 s0 k0 d0 f0 t13 m124 player 14: (98.532 -170.111 0.274) h1.00/1.00 g0/0 w a65/-3 f65 l65/-3 as139/120 st7 thr1.00 501:0 s0 k0 d0 f0 t14 m124 player 15: (31.699 -74.758 0.482) h1.00/1.00 g0/0 w a-62/-2 f-62 l-62/-2 as139/120 st7 thr1.00 501:0 s0 k0 d0 f0 t15 m124 player 16: (85.464 -161.984 0.114) h1.00/1.00 g0/0 w a65/-1 f65 l65/
chupathingyce: bots: Bot 17 joined (spartan)
chupathingyce: bots: bot 17 inventory slot 0 now weapon 501
chupathingyce: network test: player 17 is named Bot 17
chupathingyce: network test: tick 540 player 0: (39.270 -81.556 -0.287) h1.00/0.77 g0/0 w a-67/1 f-67 l-67/1 as160/120 st4 thr1.00 501:0 396:36 s0 k0 d0 f0 t0 m0 player 1: (35.276 -87.515 0.339) h0.93/0.00 riding g0/0 w a-85/6 f0 l-65/5 as28/120 st0 thr0.00 501:0 s0 k0 d0 f0 t1 m127 player 2: (100.753 -153.246 0.276) h0.66/0.00 riding g0/0 w a-111/7 f-0 l-102/7 as28/120 st0 thr0.00 501:0 s0 k0 d0 f0 t2 m127 player 3: (33.314 -90.030 0.217) h1.00/0.11 g0/0 w a73/1 f73 l73/1 as139/120 st6 thr1.00 501:0 s0 k0 d0 f0 t3 m127 player 4: (106.482 -155.817 0.306) h1.00/1.00 g0/0 w a-179/-1 f-179 l-179/-1 as139/120 st6 thr1.00 501:0 s0 k0 d0 f0 t4 m127 player 5: (42.094 -85.354 0.131) h1.00/0.58 g0/0 w a-149/0 f-149 l-149/0 as139/120 st6 thr1.00 501:0 s0 k0 d0 f0 t5 m126 player 6: (35.788 -82.447 0.437) h1.00/0.88 g0/0 w a-106/-3 f-90 l-106/-3 as140/120 st20 thr1.00 501:0 s0 k0 d0 f0 t6 m126 player 7: (89.642 -152.530 0.446) h1.00/1.00 g0/0 w a23/1 f23 l23/1 as139/120 st4 thr1.00 501:0 s0 k0 d0 f0 t7 m126 player 8: (99.852 -155.970 0.116) h1.00/1.00 g0/0 w a72/-5 f68 l72/-5 as140/120 st21 thr1.00 501:0 s0 k0 d0 f0 t8 m126 player 9: (41.248 -73.732 0.135) h1.00/1.00 g0/0 w a-16/-2 f-16 l-16/-2 as139/120 st4 thr1.00 501:0 s0 k0 d0 f0 t9 m125 player 10: (47.797 -81.068 0.083) h1.00/0.72 g0/0 w a128/-3 f128 l128/-3 as139/120 st7 thr1.00 501:0 s0 k0 d0 f0 t10 m125 player 11: (104.048 -162.699 0.038) h1.00/0.75 g0/0 w a70/-0 f70 l70/-0 as139/120 st7 thr1.00 501:0 s0 k0 d0 f0 t11 m125 player 12: (98.907 -148.904 0.536) h1.00/0.00 g0/0 w a-42/-3 f-31 l-42/-3 as140/120 st20 thr1.00 501:0 s0 k0 d0 f0 t12 m125 player 13: (45.764 -78.648 0.134) h1.00/0.87 g0/0 w a-52/-4 f-52 l-52/-4 as139/120 st7 thr1.00 501:0 s0 k0 d0 f0 t13 m124 player 14: (99.717 -170.636 0.297) h1.00/1.00 g0/0 w a62/-3 f62 l62/-3 as139/120 st6 thr1.00 501:0 s0 k0 d0 f0 t14 m124 player 15: (31.588 -74.771 0.496) h1.00/1.00 g0/0 w a-62/-1 f-62 l-62/-1 as139/120 st6 thr1.00 501:0 s0 k0 d0 f0 t15 m124 player 16: (86.787 -162.491 0.712) h1.00/1.00 g0/0 w a74/-2 f74 l74/-2 as140/120 
chupathingyce: bots: Bot 18 joined (spartan)
chupathingyce: bots: bot 18 inventory slot 0 now weapon 501
chupathingyce: network test: player 18 is named Bot 18
chupathingyce: network test: tick 570 player 0: (40.112 -83.306 -0.090) h1.00/0.77 g0/0 w a-74/-3 f-74 l-74/-3 as160/120 st4 thr1.00 501:0 396:36 s0 k0 d0 f0 t0 m0 player 1: (35.410 -87.334 0.322) h0.93/0.00 riding g0/0 w a-87/-0 f0 l-68/-1 as28/120 st0 thr0.00 501:0 s0 k0 d0 f0 t1 m127 player 2: (100.753 -153.246 0.276) h0.48/0.00 riding g0/0 w a-114/6 f-0 l-102/6 as28/120 st0 thr0.00 501:0 s0 k0 d0 f0 t2 m127 player 3: (31.586 -89.064 0.107) h1.00/0.11 g0/0 w a46/-2 f46 l46/-2 as139/120 st6 thr1.00 501:0 s0 k0 d0 f0 t3 m127 player 4: (106.318 -157.758 0.535) h1.00/0.86 g0/0 w a166/-6 f-179 l166/-6 as140/120 st20 thr1.00 501:0 s0 k0 d0 f0 t4 m127 player 5: (41.085 -85.684 0.132) h1.00/0.58 g0/0 w a112/-9 f155 l112/-9 as139/120 st5 thr1.00 501:0 s0 k0 d0 f0 t5 m126 player 6: (36.941 -83.716 0.124) h1.00/0.88 g0/0 w a-134/-1 f-134 l-134/-1 as139/120 st6 thr1.00 501:0 s0 k0 d0 f0 t6 m126 player 7: (90.122 -152.450 0.453) h1.00/0.87 g0/0 w a13/-4 f13 l13/-4 as139/120 st6 thr1.00 501:0 s0 k0 d0 f0 t7 m126 player 8: (99.577 -155.755 0.120) h1.00/0.86 g0/0 w a69/-6 f69 l69/-6 as139/120 st5 thr1.00 501:0 s0 k0 d0 f0 t8 m126 player 9: (41.244 -73.777 0.133) h1.00/1.00 g0/0 w a-15/-1 f-15 l-15/-1 as139/120 st4 thr1.00 501:0 s0 k0 d0 f0 t9 m125 player 10: (48.530 -79.286 0.109) h1.00/0.72 g0/0 w a179/10 f179 l179/10 as139/120 st7 thr1.00 501:0 s0 k0 d0 f0 t10 m125 player 11: (105.100 -163.620 0.008) h1.00/0.75 g0/0 w a79/4 f79 l79/4 as139/120 st7 thr1.00 501:0 s0 k0 d0 f0 t11 m125 player 12: (99.299 -150.425 0.024) h1.00/0.00 g0/0 w a-47/3 f-47 l-47/3 as139/120 st4 thr1.00 501:0 s0 k0 d0 f0 t12 m125 player 13: (44.867 -79.344 0.784) h1.00/0.87 g0/0 w a-2/-13 f-17 l-2/-13 as140/120 st20 thr1.00 501:0 s0 k0 d0 f0 t13 m124 player 14: (98.179 -169.499 0.906) h1.00/1.00 g0/0 w a41/-6 f53 l41/-6 as140/120 st20 thr1.00 501:0 s0 k0 d0 f0 t14 m124 player 15: (33.194 -75.251 0.261) h1.00/1.00 g0/0 w a-79/-2 f-79 l-79/-2 as139/120 st4 thr1.00 501:0 s0 k0 d0 f0 t15 m124 player 16: (87.277 -162.078 0.137) h1.00/1.00 g0/0 w a74/2 f74 l74/2 as139/120 
chupathingyce: bots: Bot 19 joined (spartan)
chupathingyce: bots: bot 19 inventory slot 0 now weapon 501
chupathingyce: network test: player 19 is named Bot 19
chupathingyce: network test: tick 600 player 0: (40.038 -83.624 -0.031) h1.00/0.53 g0/0 w a-78/2 f-77 l-78/2 as160/120 st8 thr1.00 501:0 396:35 s0 k0 d0 f0 t0 m0 player 1: (35.410 -87.333 0.322) h0.61/0.00 riding g0/0 w a-87/4 f0 l-67/3 as28/120 st0 thr0.00 501:0 s0 k0 d0 f0 t1 m127 player 2: (100.753 -153.246 0.276) h0.36/0.00 riding g0/0 w a-111/6 f-0 l-102/6 as28/120 st0 thr0.00 501:0 s0 k0 d0 f0 t2 m127 player 3: (30.409 -87.458 0.066) h1.00/0.11 g0/0 w a31/3 f31 l31/3 as139/120 st6 thr1.00 501:0 s0 k0 d0 f0 t3 m127 player 4: (106.553 -157.414 0.352) h1.00/0.73 g0/0 w a167/-2 f167 l167/-2 as139/120 st7 thr1.00 501:0 s0 k0 d0 f0 t4 m127 player 5: (41.120 -87.342 0.128) h0.58/0.00 g0/0 w a107/-4 f107 l107/-4 as139/120 st5 thr1.00 501:0 s0 k0 d0 f0 t5 m126 player 6: (36.632 -83.575 0.704) h1.00/0.88 g0/0 w a-114/-12 f-121 l-114/-12 as140/120 st20 thr1.00 501:0 s0 k0 d0 f0 t6 m126 player 7: (90.016 -151.028 0.798) h1.00/0.72 g0/0 w a-2/-7 f-2 l-2/-7 as139/120 st6 thr1.00 501:0 s0 k0 d0 f0 t7 m126 player 8: (99.636 -155.814 0.120) h1.00/0.73 g0/0 w a69/-6 f70 l69/-6 as139/120 st10 thr1.00 501:0 s0 k0 d0 f0 t8 m126 player 9: (41.317 -73.820 0.702) h1.00/1.00 g0/0 w a-12/-4 f-14 l-12/-4 as140/120 st20 thr1.00 501:0 s0 k0 d0 f0 t9 m125 player 10: (48.457 -80.319 0.096) h1.00/0.60 g0/0 w a168/4 f168 l168/4 as139/120 st6 thr1.00 501:0 s0 k0 d0 f0 t10 m125 player 11: (104.426 -163.446 0.002) h1.00/0.75 g0/0 w a73/0 f73 l73/0 as139/120 st6 thr1.00 501:0 s0 k0 d0 f0 t11 m125 player 12: (98.111 -151.328 0.022) h1.00/0.00 g0/0 w a-71/-1 f-71 l-71/-1 as139/120 st6 thr1.00 501:0 s0 k0 d0 f0 t12 m125 player 13: (44.645 -79.190 0.548) h1.00/0.57 g0/0 w a-13/-9 f-13 l-13/-9 as139/120 st6 thr1.00 501:0 s0 k0 d0 f0 t13 m124 player 14: (97.867 -169.400 0.229) h1.00/1.00 g0/0 w a42/-2 f42 l42/-2 as139/120 st7 thr1.00 501:0 s0 k0 d0 f0 t14 m124 player 15: (34.540 -76.938 0.117) h1.00/1.00 g0/0 w a-87/-1 f-87 l-87/-1 as139/120 st4 thr1.00 501:0 s0 k0 d0 f0 t15 m124 player 16: (88.893 -161.176 0.134) h1.00/1.00 g0/0 w a83/3 f83 l83/3 as139/120 st4 t
chupathingyce: bots: Bot 20 joined (spartan)
chupathingyce: bots: bot 1 at (35.3 -87.2 0.4) yaw -177 vehicle, target 3 (seen), shield 0.00, kills 0 deaths 0
chupathingyce: bots: bot 2 at (100.7 -153.0 0.3) yaw -115 vehicle, target 8 (seen), shield 0.00, kills 0 deaths 0
chupathingyce: bots: bot 3 at (29.9 -86.7 0.1) yaw 31 fight, target 6 (seen), shield 0.11, kills 0 deaths 0
chupathingyce: bots: bot 4 at (106.8 -156.0 0.8) yaw 179 fight, target 8 (seen), shield 0.60, kills 0 deaths 0
chupathingyce: bots: bot 20 inventory slot 0 now weapon 501
chupathingyce: network test: player 20 is named Bot 20
chupathingyce: network test: tick 630 player 0: (39.954 -83.351 -0.082) h1.00/0.40 g0/0 w a-76/-0 f-76 l-76/-0 as160/120 st5 thr1.00 501:0 396:34 s1 k1 d0 f0 t0 m0 player 1: (35.410 -87.333 0.322) h0.33/0.00 riding g0/0 w a93/2 f0 l73/1 as28/120 st0 thr0.00 501:0 s0 k0 d0 f0 t1 m127 player 2: (100.753 -153.246 0.276) h0.10/0.00 riding g0/0 w a-108/6 f-0 l-102/6 as28/120 st0 thr0.00 501:0 s0 k0 d0 f0 t2 m127 player 3: (29.428 -85.731 0.632) h0.99/0.00 g0/0 w a28/-6 f20 l28/-6 as140/120 st20 thr1.00 501:0 s0 k0 d0 f0 t3 m127 player 4: (106.760 -155.444 0.474) h1.00/0.60 g0/0 w a-176/-5 f168 l-176/-5 as140/120 st20 thr1.00 501:0 s0 k0 d0 f0 t4 m127 player 5: dead s0 k0 d1 f0 t5 m126 player 6: (34.714 -83.187 0.041) h1.00/0.88 g0/0 w a-85/-2 f-109 l-85/-2 as139/120 st7 thr1.00 501:0 s0 k0 d0 f0 t6 m126 player 7: (90.011 -151.327 0.721) h1.00/0.72 g0/0 w a2/-5 f2 l2/-5 as139/120 st7 thr1.00 501:0 s0 k0 d0 f0 t7 m126 player 8: (100.027 -155.993 0.106) h1.00/0.30 g0/0 w a75/-5 f75 l75/-5 as139/120 st7 thr1.00 501:0 s0 k0 d0 f0 t8 m126 player 9: (42.260 -73.295 0.075) h1.00/1.00 g0/0 w a-15/-1 f-15 l-15/-1 as139/120 st6 thr1.00 501:0 s0 k0 d0 f0 t9 m125 player 10: (47.448 -81.818 0.071) h1.00/0.34 g0/0 w a126/-1 f128 l126/-1 as139/120 st10 thr1.00 501:0 s0 k0 d0 f0 t10 m125 player 11: (104.934 -163.606 0.003) h1.00/0.75 g0/0 w a78/3 f78 l78/3 as139/120 st6 thr1.00 501:0 s0 k0 d0 f0 t11 m125 player 12: (98.950 -151.084 0.006) h1.00/0.23 g0/0 w a-80/-1 f-80 l-80/-1 as139/120 st7 thr1.00 501:0 s0 k0 d0 f0 t12 m125 player 13: (45.382 -79.003 0.134) h1.00/0.57 g0/0 w a-53/-4 f-53 l-53/-4 as139/120 st7 thr1.00 501:0 s0 k0 d0 f0 t13 m124 player 14: (99.350 -170.730 0.332) h1.00/1.00 g0/0 w a52/-3 f52 l52/-3 as139/120 st7 thr1.00 501:0 s0 k0 d0 f0 t14 m124 player 15: (34.198 -76.821 0.121) h1.00/1.00 g0/0 w a-142/1 f-142 l-142/1 as139/120 st7 thr1.00 501:0 s0 k0 d0 f0 t15 m124 player 16: (90.209 -159.536 0.762) h1.00/1.00 g0/0 w a91/-0 f87 l91/-0 as140/120 st20 thr1.00 501:0 s0 k0 d0 f0 t16 m124 player 17: (51.567 -75.788 0.144) h1.00/0.86 g0
chupathingyce: bots: Bot 21 joined (spartan)
chupathingyce: bots: bot 6 at (34.4 -83.2 0.0) yaw -79 fight, target 1 (seen), shield 0.88, kills 0 deaths 0
chupathingyce: bots: bot 7 at (90.1 -152.1 0.5) yaw 7 fight, target 12 (seen), shield 0.72, kills 0 deaths 0
chupathingyce: bots: bot 8 at (101.1 -155.7 0.0) yaw 128 fight, target 12 (seen), shield 0.15, kills 1 deaths 0
chupathingyce: bots: bot 9 at (42.9 -72.0 0.7) yaw 14 fight, target 18 (seen), shield 1.00, kills 0 deaths 0
chupathingyce: network test: player 21 is named Bot 21
chupathingyce: network test: tick 660 player 0: (39.850 -81.458 -0.287) h1.00/0.40 g0/0 w a31/-41 f-19 l31/-41 as160/120 st6 thr1.00 501:0 396:34 s1 k1 d0 f0 t0 m0 player 1: (35.410 -87.333 0.322) h0.28/0.00 riding g0/0 w a93/-1 f0 l73/-2 as28/120 st0 thr0.00 501:0 s0 k0 d0 f0 t1 m127 player 2: dead s0 k0 d1 f0 t2 m127 player 3: (28.893 -83.823 0.223) h0.99/0.00 g0/0 w a0/2 f8 l0/2 as139/120 st6 thr1.00 501:0 s0 k0 d0 f0 t3 m127 player 4: (106.335 -153.496 0.126) h1.00/0.60 g0/0 w a-163/-3 f-163 l-163/-3 as139/120 st7 thr1.00 501:0 s0 k0 d0 f0 t4 m127 player 5: dead s0 k0 d1 f0 t5 m126 player 6: (33.222 -84.000 0.501) h1.00/0.88 g0/0 w a-59/-9 f-65 l-59/-9 as140/120 st20 thr1.00 501:0 s0 k0 d0 f0 t6 m126 player 7: (90.209 -153.273 0.329) h1.00/0.72 g0/0 w a9/-4 f9 l9/-4 as139/120 st7 thr1.00 501:0 s0 k0 d0 f0 t7 m126 player 8: (101.604 -155.199 -0.052) h1.00/0.15 g0/0 w a141/-1 f141 l141/-1 as139/120 st7 thr1.00 501:0 s1 k1 d0 f0 t8 m126 player 9: (42.906 -71.794 0.583) h1.00/1.00 g0/0 w a10/-9 f19 l10/-9 as140/120 st20 thr1.00 501:0 s0 k0 d0 f0 t9 m125 player 10: (46.158 -82.933 0.661) h1.00/0.34 g0/0 w a64/-5 f113 l64/-5 as140/120 st20 thr1.00 501:0 s0 k0 d0 f0 t10 m125 player 11: (103.142 -163.110 0.038) h1.00/0.82 g0/0 w a72/-1 f72 l72/-1 as139/120 st4 thr1.00 501:0 s0 k0 d0 f0 t11 m125 player 12: (97.396 -152.019 0.078) h1.00/0.16 g0/0 w a-38/-4 f-38 l-38/-4 as139/120 st7 thr1.00 501:0 s0 k0 d0 f0 t12 m125 player 13: (45.445 -79.345 0.134) h1.00/0.57 g0/0 w a44/-1 f44 l44/-1 as139/120 st7 thr1.00 501:0 s0 k0 d0 f0 t13 m124 player 14: (99.129 -170.717 0.341) h1.00/0.86 g0/0 w a61/-2 f61 l61/-2 as139/120 st7 thr1.00 501:0 s0 k0 d0 f0 t14 m124 player 15: (33.900 -76.916 0.129) h1.00/1.00 g0/0 w a-141/1 f-141 l-141/1 as139/120 st4 thr1.00 501:0 s0 k0 d0 f0 t15 m124 player 16: (90.949 -159.288 0.499) h1.00/1.00 g0/0 w a97/0 f97 l97/0 as139/120 st4 thr1.00 501:0 s0 k0 d0 f0 t16 m124 player 17: (50.012 -74.870 0.190) h1.00/0.59 g0/0 w a-116/2 f-116 l-116/2 as139/120 st7 thr1.00 501:0 s0 k0 d0 f0 t17 m123 player 18: (45.824 -71.3
chupathingyce: bots: Bot 22 joined (spartan)
chupathingyce: bots: bot 21 inventory slot 0 now weapon 501
chupathingyce: bots: bot 10 at (46.1 -83.0 0.6) yaw 98 fight, target 13 (seen), shield 0.34, kills 0 deaths 0
chupathingyce: bots: bot 22 inventory slot 0 now weapon 501
chupathingyce: bots: bot 11 at (102.9 -162.5 0.1) yaw 71 fight, target 4 (seen), shield 0.91, kills 0 deaths 0
chupathingyce: bots: bot 12 at (96.9 -153.0 0.1) yaw -11 fight, target 8 (seen), shield 0.16, kills 0 deaths 0
chupathingyce: bots: bot 13 at (45.0 -78.9 0.4) yaw -20 fight, target 21 (seen), shield 0.57, kills 0 deaths 0
chupathingyce: network test: player 22 is named Bot 22
chupathingyce: network test: tick 690 player 0: (41.288 -81.245 -0.287) h1.00/0.40 g0/0 w a4/-11 f4 l4/-11 as160/120 st4 thr1.00 501:0 396:34 s1 k1 d0 f0 t0 m0 player 1: (35.410 -87.332 0.322) h0.10/0.00 riding g0/0 w a92/4 f0 l73/3 as28/120 st0 thr0.50 501:0 s0 k0 d0 f0 t1 m127 player 2: dead s0 k0 d1 f0 t2 m127 player 3: (29.095 -82.154 0.818) h0.99/0.00 g0/0 w a-45/-14 f-13 l-45/-14 as140/120 st20 thr1.00 501:0 s0 k0 d0 f0 t3 m127 player 4: (105.534 -151.665 0.604) h1.00/0.60 g0/0 w a-154/-12 f-161 l-154/-12 as140/120 st20 thr1.00 501:0 s0 k0 d0 f0 t4 m127 player 5: dead s0 k0 d1 f0 t5 m126 player 6: (31.980 -85.293 -0.002) h1.00/0.88 g0/0 w a-28/-1 f-54 l-28/-1 as139/120 st4 thr1.00 501:0 s0 k0 d0 f0 t6 m126 player 7: (90.247 -152.216 0.489) h1.00/0.72 g0/0 w a-12/-4 f-12 l-12/-4 as139/120 st7 thr1.00 501:0 s0 k0 d0 f0 t7 m126 player 8: (102.172 -153.403 -0.048) h1.00/0.15 g0/0 w a-131/-0 f-157 l-131/-0 as139/120 st4 thr1.00 501:0 s1 k1 d0 f0 t8 m126 player 9: (43.251 -70.240 0.206) h1.00/1.00 g0/0 w a-42/-7 f-42 l-42/-7 as139/120 st7 thr1.00 501:0 s0 k0 d0 f0 t9 m125 player 10: (44.655 -83.044 0.092) h1.00/0.34 g0/0 w a68/-1 f68 l68/-1 as139/120 st6 thr1.00 501:0 s0 k0 d0 f0 t10 m125 player 11: (103.835 -161.635 0.077) h1.00/1.00 g0/0 w a80/2 f80 l80/2 as139/120 st4 thr1.00 501:0 s0 k0 d0 f0 t11 m125 player 12: (96.956 -153.850 0.124) h1.00/0.16 g0/0 w a11/4 f11 l11/4 as139/120 st4 thr1.00 501:0 s0 k0 d0 f0 t12 m125 player 13: (44.852 -79.246 0.423) h1.00/0.57 g0/0 w a-17/-2 f-17 l-17/-2 as139/120 st7 thr1.00 501:0 s0 k0 d0 f0 t13 m124 player 14: (99.477 -170.864 0.853) h1.00/0.72 g0/0 w a64/-5 f63 l64/-5 as140/120 st20 thr1.00 501:0 s0 k0 d0 f0 t14 m124 player 15: (33.604 -78.381 0.093) h1.00/1.00 g0/0 w a-141/2 f-141 l-141/2 as139/120 st7 thr1.00 501:0 s0 k0 d0 f0 t15 m124 player 16: (90.715 -159.288 0.357) h1.00/1.00 g0/0 w a96/0 f96 l96/0 as139/120 st4 thr1.00 501:0 s0 k0 d0 f0 t16 m124 player 17: (48.232 -74.130 0.019) h1.00/0.59 g0/0 w a177/-5 f-144 l177/-5 as139/120 st5 thr1.00 501:0 s0 k0 d0 f0 t17 m123 player 18:
chupathingyce: bots: Bot 23 joined (spartan)
chupathingyce: bots: bot 14 at (99.5 -170.9 0.8) yaw 64 fight, target 11 (seen), shield 0.72, kills 0 deaths 0
chupathingyce: bots: bot 23 inventory slot 0 now weapon 501
chupathingyce: bots: bot 15 at (33.3 -78.0 0.1) yaw -135 fight, target 19 (seen), shield 1.00, kills 0 deaths 0
chupathingyce: bots: bot 16 at (90.7 -159.3 0.3) yaw 166 fight, target 23 (seen), shield 1.00, kills 0 deaths 0
chupathingyce: bots: bot 5 inventory slot 0 now weapon 501
chupathingyce: bots: bot 17 at (48.4 -74.7 0.1) yaw 165 fight, target 18 (seen), shield 0.34, kills 0 deaths 0
chupathingyce: bots: bot 18 at (44.7 -73.8 -0.0) yaw 134 fight, target 9 (seen), shield 1.00, kills 0 deaths 0
chupathingyce: network test: player 23 is named Bot 23
chupathingyce: network test: tick 720 player 0: (41.975 -79.704 -0.287) h1.00/0.40 g0/0 w a87/-9 f87 l87/-9 as160/120 st4 thr1.00 501:0 396:34 s1 k1 d0 f0 t0 m0 player 1: (35.863 -87.075 0.311) h0.08/0.00 riding g0/0 w a112/0 f0 l92/-1 as28/120 st0 thr0.00 501:0 s0 k0 d0 f0 t1 m127 player 2: dead s0 k0 d1 f0 t2 m127 player 3: (28.624 -81.789 0.238) h0.71/0.00 g0/0 w a-40/-4 f-40 l-40/-4 as139/120 st5 thr1.00 501:0 s0 k0 d0 f0 t3 m127 player 4: (104.661 -150.368 0.124) h1.00/0.60 g0/0 w a-122/-5 f-122 l-122/-5 as139/120 st5 thr1.00 501:0 s0 k0 d0 f0 t4 m127 player 5: (37.563 -68.146 0.264) h1.00/1.00 g0/0 w a-25/-2 f-103 l-45/-2 as139/120 st7 thr1.00 501:0 s0 k0 d1 f0 t5 m126 player 6: (33.806 -86.321 -0.055) h1.00/1.00 g0/0 w a14/4 f6 l14/4 as139/120 st4 thr1.00 501:0 s0 k0 d0 f0 t6 m126 player 7: (89.955 -153.908 0.232) h1.00/0.72 g0/0 w a-3/-3 f-3 l-3/-3 as139/120 st7 thr1.00 501:0 s0 k0 d0 f0 t7 m126 player 8: (103.219 -152.899 0.022) h1.00/0.00 g0/0 w a-5/-1 f-43 l-5/-1 as139/120 st7 thr1.00 501:0 s1 k1 d0 f0 t8 m126 player 9: (42.294 -71.168 0.163) h1.00/0.85 g0/0 w a-48/-5 f-48 l-48/-5 as139/120 st6 thr1.00 501:0 s0 k0 d0 f0 t9 m125 player 10: (44.268 -83.544 0.765) h1.00/0.21 g0/0 w a16/-3 f11 l16/-3 as140/120 st20 thr1.00 501:0 s0 k0 d0 f0 t10 m125 player 11: (104.606 -160.213 0.113) h1.00/1.00 g0/0 w a91/-1 f91 l91/-1 as139/120 st6 thr1.00 501:0 s0 k0 d0 f0 t11 m125 player 12: (97.614 -153.985 0.075) h1.00/0.16 g0/0 w a28/-0 f28 l28/-0 as139/120 st6 thr1.00 501:0 s0 k0 d0 f0 t12 m125 player 13: (44.713 -79.344 0.508) h1.00/0.57 g0/0 w a-5/-3 f-5 l-5/-3 as139/120 st4 thr1.00 501:0 s0 k0 d0 f0 t13 m124 player 14: (100.900 -170.133 0.154) h1.00/0.72 g0/0 w a67/-1 f67 l67/-1 as139/120 st4 thr1.00 501:0 s0 k0 d0 f0 t14 m124 player 15: (32.251 -76.991 0.163) h1.00/1.00 g0/0 w a-136/2 f-136 l-136/2 as139/120 st6 thr1.00 501:0 s0 k0 d0 f0 t15 m124 player 16: (90.900 -159.288 0.469) h1.00/1.00 g0/0 w a168/0 f168 l168/0 as139/120 st7 thr1.00 501:0 s0 k0 d0 f0 t16 m124 player 17: (48.241 -75.223 0.068) h1.00/0.34 g0/0 w a162/-4 
chupathingyce: bots: bot 19 at (25.1 -83.5 0.7) yaw 29 fight, target 3 (seen), shield 0.00, kills 0 deaths 0
chupathingyce: bots: bot 20 at (95.5 -164.5 0.1) yaw -38 fight, target 14 (seen), shield 1.00, kills 0 deaths 0
chupathingyce: bots: bot 2 inventory slot 0 now weapon 501
chupathingyce: bots: bot 21 at (55.5 -79.0 0.2) yaw 157 fight, target 17 (seen), shield 1.00, kills 0 deaths 0
chupathingyce: bots: bot 22 at (39.7 -89.2 0.1) yaw 43 fight, target 10 (seen), shield 1.00, kills 0 deaths 0
chupathingyce: network test: tick 750 player 0: (41.989 -77.512 -0.287) h1.00/0.40 g0/0 w a106/-14 f106 l106/-14 as160/120 st4 thr1.00 501:0 396:34 s1 k1 d0 f0 t0 m0 player 1: (36.350 -86.794 0.334) h0.08/0.00 riding g0/0 w a135/51 f0 l116/43 as28/120 st0 thr0.00 501:0 s0 k0 d0 f0 t1 m127 player 2: (92.902 -149.675 0.342) h1.00/1.00 g0/0 w a-128/-3 f-128 l-128/-3 as139/120 st6 thr1.00 501:0 s0 k0 d1 f0 t2 m127 player 3: (27.359 -81.399 0.323) h0.43/0.00 g0/0 w a-166/18 f-101 l-159/18 as139/120 st5 thr1.00 501:0 s0 k0 d0 f0 t3 m127 player 4: (105.748 -149.616 0.700) h0.80/0.00 g0/0 w a-124/-2 f-154 l-124/-2 as140/120 st20 thr1.00 501:0 s0 k0 d0 f0 t4 m127 player 5: (37.075 -69.824 0.122) h1.00/1.00 g0/0 w a-4/-1 f-4 l-4/-1 as139/120 st6 thr1.00 501:0 s0 k0 d1 f0 t5 m126 player 6: (35.738 -86.933 0.628) h1.00/1.00 g0/0 w a11/-56 f6 l11/-45 as139/120 st5 thr1.00 501:0 s0 k0 d0 f0 t6 m126 player 7: (89.791 -153.095 0.354) h1.00/0.72 g0/0 w a9/-3 f9 l9/-3 as139/120 st6 thr1.00 501:0 s0 k0 d0 f0 t7 m126 player 8: (102.970 -153.445 0.650) h0.81/0.00 g0/0 w a54/-1 f61 l54/-1 as140/120 st20 thr1.00 501:0 s1 k1 d0 f0 t8 m126 player 9: (43.561 -70.124 0.209) h1.00/0.71 g0/0 w a-55/-7 f-55 l-55/-7 as139/120 st10 thr1.00 501:0 s0 k0 d0 f0 t9 m125 player 10: (45.339 -84.238 0.035) h1.00/0.21 g0/0 w a79/-1 f67 l79/-1 as139/120 st7 thr1.00 501:0 s0 k0 d0 f0 t10 m125 player 11: (103.074 -159.295 0.208) h1.00/1.00 g0/0 w a75/3 f75 l75/3 as139/120 st4 thr1.00 501:0 s0 k0 d0 f0 t11 m125 player 12: (96.863 -152.137 0.095) h1.00/0.16 g0/0 w a18/3 f18 l18/3 as139/120 st6 thr1.00 501:0 s0 k0 d0 f0 t12 m125 player 13: (46.006 -79.681 0.255) h1.00/0.57 g0/0 w a59/-2 f59 l59/-2 as139/120 st6 thr1.00 501:0 s0 k0 d0 f0 t13 m124 player 14: (102.632 -169.301 0.090) h1.00/0.72 g0/0 w a86/-1 f86 l86/-1 as139/120 st7 thr1.00 501:0 s0 k0 d0 f0 t14 m124 player 15: (33.065 -78.203 0.108) h1.00/1.00 g0/0 w a-155/7 f-155 l-155/7 as139/120 st6 thr1.00 501:0 s0 k0 d0 f0 t15 m124 player 16: (90.671 -159.726 0.331) h1.00/0.86 g0/0 w a162/-5 f162 l162/-5 as139/120 st6 t
chupathingyce: bots: bot 23 at (85.3 -158.0 -0.0) yaw -18 fight, target 16 (seen), shield 0.74, kills 0 deaths 0
chupathingyce: network test: tick 780 player 0: (40.601 -76.396 -0.287) h1.00/0.40 g0/0 w a106/0 f106 l106/0 as160/120 st4 thr1.00 501:0 396:34 s1 k1 d0 f0 t0 m0 player 1: (36.460 -86.638 0.329) h0.08/0.00 riding g0/0 w a145/55 f0 l125/43 as28/120 st0 thr0.00 501:0 s0 k0 d0 f0 t1 m127 player 2: (93.791 -151.402 0.074) h1.00/1.00 g0/0 w a-179/7 f-179 l-179/7 as139/120 st7 thr1.00 501:0 s0 k0 d1 f0 t2 m127 player 3: (28.881 -82.004 0.226) h0.29/0.00 g0/0 w a177/9 f177 l177/9 as139/120 st5 thr1.00 501:0 s0 k0 d0 f0 t3 m127 player 4: (105.662 -149.066 0.236) h0.80/0.00 g0/0 w a-113/-2 f-113 l-113/-2 as139/120 st7 thr1.00 501:0 s0 k0 d0 f0 t4 m127 player 5: (37.090 -69.164 0.170) h1.00/1.00 g0/0 w a-14/-1 f-14 l-14/-1 as139/120 st7 thr1.00 501:0 s0 k0 d1 f0 t5 m126 player 6: (35.968 -86.224 0.530) h1.00/1.00 g0/0 w a-49/-58 f-8 l-49/-58 as140/120 st20 thr1.00 501:0 s0 k0 d0 f0 t6 m126 player 7: (89.624 -151.222 0.786) h1.00/0.86 g0/0 w a-2/-6 f-2 l-2/-6 as139/120 st7 thr1.00 501:0 s0 k0 d0 f0 t7 m126 player 8: (103.633 -154.173 0.282) h0.81/0.00 g0/0 w a67/-0 f67 l67/-0 as140/120 st20 thr1.00 501:0 s1 k1 d0 f0 t8 m126 player 9: (43.055 -70.460 0.194) h1.00/0.43 g0/0 w a-80/-4 f-80 l-80/-4 as139/120 st7 thr1.00 501:0 s0 k0 d0 f0 t9 m125 player 10: (47.314 -84.100 0.016) h1.00/0.21 g0/0 w a108/5 f108 l108/5 as139/120 st7 thr1.00 501:0 s0 k0 d0 f0 t10 m125 player 11: (101.482 -158.340 0.167) h1.00/1.00 g0/0 w a65/-2 f65 l65/-2 as139/120 st6 thr1.00 501:0 s0 k0 d0 f0 t11 m125 player 12: (96.856 -151.786 0.088) h1.00/0.04 g0/0 w a38/-0 f47 l38/-0 as139/120 st7 thr1.00 501:0 s0 k0 d0 f0 t12 m125 player 13: (45.542 -79.421 0.484) h1.00/0.70 g0/0 w a52/-7 f58 l52/-7 as140/120 st20 thr1.00 501:0 s0 k0 d0 f0 t13 m124 player 14: (102.047 -168.252 0.028) h1.00/0.58 g0/0 w a92/0 f92 l92/0 as139/120 st10 thr1.00 501:0 s0 k0 d0 f0 t14 m124 player 15: (33.601 -80.118 0.657) h1.00/1.00 g0/0 w a-169/1 f-161 l-169/1 as140/120 st20 thr1.00 501:0 s0 k0 d0 f0 t15 m124 player 16: (90.976 -159.288 0.516) h1.00/0.72 g0/0 w a167/-0 f167 l167/-0 as139/120 st
chupathingyce: network test: tick 810 player 0: (40.247 -74.771 -0.066) h1.00/0.58 g0/0 w a92/-1 f93 l92/-1 as160/120 st4 thr1.00 501:0 396:34 s1 k1 d0 f0 t0 m0 player 1: (36.472 -86.730 0.331) h0.08/0.00 riding g0/0 w a103/2 f0 l103/2 as28/120 st0 thr0.00 501:0 s0 k0 d0 f0 t1 m127 player 2: (93.388 -149.671 0.161) h1.00/1.00 g0/0 w a-148/3 f-148 l-148/3 as139/120 st7 thr1.00 501:0 s0 k0 d1 f0 t2 m127 player 3: (30.308 -80.785 0.069) h0.16/0.00 g0/0 w a-155/5 f-155 l-155/5 as139/120 st5 thr1.00 501:0 s0 k0 d0 f0 t3 m127 player 4: (103.937 -148.711 0.203) h0.80/0.00 g0/0 w a-89/1 f-89 l-89/1 as139/120 st6 thr1.00 501:0 s0 k0 d0 f0 t4 m127 player 5: (36.910 -71.341 0.251) h1.00/1.00 g0/0 w a5/-0 f5 l5/-0 as139/120 st7 thr1.00 501:0 s0 k0 d1 f0 t5 m126 player 6: (35.915 -84.331 0.023) h1.00/1.00 g0/0 w a-84/-2 f-84 l-84/-2 as139/120 st5 thr1.00 501:0 s0 k0 d0 f0 t6 m126 player 7: (89.427 -152.564 0.458) h1.00/0.77 g0/0 w a-6/-4 f-6 l-6/-4 as139/120 st7 thr1.00 501:0 s0 k0 d0 f0 t7 m126 player 8: (103.964 -154.480 0.296) h0.81/0.00 g0/0 w a91/-3 f67 l91/-3 as140/120 st20 thr1.00 501:0 s1 k1 d0 f0 t8 m126 player 9: (41.187 -70.821 0.269) h1.00/0.30 g0/0 w a-77/-6 f-77 l-77/-6 as139/120 st7 thr1.00 501:0 s0 k0 d0 f0 t9 m125 player 10: (48.681 -83.357 0.425) h1.00/0.21 g0/0 w a125/-4 f125 l125/-4 as140/120 st20 thr1.00 501:0 s0 k0 d0 f0 t10 m125 player 11: (100.372 -156.952 0.765) h1.00/1.00 g0/0 w a37/-5 f47 l37/-5 as140/120 st20 thr1.00 501:0 s0 k0 d0 f0 t11 m125 player 12: (97.757 -153.556 0.047) h1.00/0.04 g0/0 w a37/-0 f37 l37/-0 as139/120 st7 thr1.00 501:0 s0 k0 d0 f0 t12 m125 player 13: (46.199 -79.901 0.120) h1.00/0.67 g0/0 w a55/-3 f55 l55/-3 as139/120 st7 thr1.00 501:0 s0 k0 d0 f0 t13 m124 player 14: (100.812 -167.304 0.657) h1.00/0.44 g0/0 w a77/-2 f94 l77/-2 as140/120 st20 thr1.00 501:0 s0 k0 d0 f0 t14 m124 player 15: (33.667 -80.331 0.081) h1.00/1.00 g0/0 w a-173/-3 f-173 l-173/-3 as139/120 st6 thr1.00 501:0 s0 k0 d0 f0 t15 m124 player 16: (91.075 -159.288 0.575) h1.00/0.72 g0/0 w a165/-5 f165 l165/-5 as139/120 st4 thr1.
chupathingyce: network test: tick 840 player 0: (40.189 -73.350 0.150) h1.00/0.83 g0/0 w a73/1 f75 l73/1 as160/120 st7 thr1.00 501:0 396:33 s1 k1 d0 f0 t0 m0 player 1: dead s0 k0 d1 f0 t1 m127 player 2: (91.743 -148.384 0.733) h1.00/1.00 g0/0 w a-116/-6 f-116 l-116/-6 as139/120 st7 thr1.00 501:0 s0 k0 d1 f0 t2 m127 player 3: (30.310 -79.420 0.047) h0.16/0.00 g0/0 w a-32/-3 f-32 l-32/-3 as139/120 st5 thr1.00 501:0 s0 k0 d0 f0 t3 m127 player 4: (104.778 -148.737 0.269) h0.80/0.00 g0/0 w a-85/-2 f-85 l-85/-2 as139/120 st7 thr1.00 501:0 s0 k0 d0 f0 t4 m127 player 5: (37.484 -73.344 0.373) h1.00/1.00 g0/0 w a37/-3 f5 l37/-3 as140/120 st20 thr1.00 501:0 s0 k0 d1 f0 t5 m126 player 6: (36.649 -83.423 0.129) h1.00/1.00 g0/0 w a-63/-1 f-63 l-63/-1 as140/120 st20 thr1.00 501:0 s0 k0 d0 f0 t6 m126 player 7: (89.285 -153.834 0.230) h1.00/0.77 g0/0 w a-2/-2 f-2 l-2/-2 as139/120 st6 thr1.00 501:0 s0 k0 d0 f0 t7 m126 player 8: (105.620 -154.503 0.171) h0.81/0.00 g0/0 w a96/-1 f96 l96/-1 as139/120 st7 thr1.00 501:0 s1 k1 d0 f0 t8 m126 player 9: (41.507 -70.112 0.328) h0.87/0.00 g0/0 w a-73/-7 f-73 l-73/-7 as139/120 st6 thr1.00 501:0 s0 k0 d0 f0 t9 m125 player 10: (48.637 -83.411 0.118) h1.00/0.21 g0/0 w a129/-4 f125 l129/-4 as140/120 st20 thr1.00 501:0 s0 k0 d0 f0 t10 m125 player 11: (99.754 -155.286 0.077) h1.00/1.00 g0/0 w a143/-6 f70 l128/-6 as139/120 st5 thr1.00 501:0 s0 k0 d0 f0 t11 m125 player 12: (97.980 -153.965 0.056) h0.94/0.00 g0/0 w a-38/-3 f-39 l-38/-3 as139/120 st5 thr1.00 501:0 s0 k0 d0 f0 t12 m125 player 13: (46.055 -80.202 0.119) h1.00/0.40 g0/0 w a69/-4 f69 l69/-4 as139/120 st6 thr1.00 501:0 s0 k0 d0 f0 t13 m124 player 14: (100.117 -165.605 0.001) h1.00/0.44 g0/0 w a66/0 f66 l66/0 as139/120 st4 thr1.00 501:0 s0 k0 d0 f0 t14 m124 player 15: (33.468 -81.622 0.029) h1.00/1.00 g0/0 w a148/-2 f148 l148/-2 as139/120 st6 thr1.00 501:0 s0 k0 d0 f0 t15 m124 player 16: (90.274 -159.548 0.134) h1.00/0.72 g0/0 w a160/4 f160 l160/4 as139/120 st7 thr1.00 501:0 s0 k0 d0 f0 t16 m124 player 17: (47.637 -76.067 0.014) h0.71/0.00 g0/0 w a-111/-
chupathingyce: network test: tick 870 player 0: (41.701 -72.358 0.147) h1.00/1.00 g0/0 w a60/-2 f60 l60/-2 as160/120 st4 thr1.00 501:0 396:32 s1 k1 d0 f0 t0 m0 player 1: dead s0 k0 d1 f0 t1 m127 player 2: (89.657 -147.791 1.022) h1.00/1.00 g0/0 w a-94/-3 f-94 l-94/-3 as139/120 st7 thr1.00 501:0 s0 k0 d1 f0 t2 m127 player 3: (29.110 -78.236 0.157) h0.16/0.00 g0/0 w a-56/-4 f-56 l-56/-4 as139/120 st6 thr1.00 501:0 s0 k0 d0 f0 t3 m127 player 4: (103.010 -149.568 0.034) h0.80/0.00 g0/0 w a-48/5 f-48 l-48/5 as139/120 st7 thr1.00 501:0 s0 k0 d0 f0 t4 m127 player 5: (37.983 -73.999 0.133) h1.00/1.00 g0/0 w a45/1 f45 l45/1 as139/120 st7 thr1.00 501:0 s0 k0 d1 f0 t5 m126 player 6: (37.161 -83.718 0.711) h1.00/0.71 g0/0 w a-57/-9 f-58 l-57/-9 as140/120 st20 thr1.00 501:0 s0 k0 d0 f0 t6 m126 player 7: (89.400 -151.927 0.935) h0.90/0.00 g0/0 w a-5/-8 f-15 l-5/-8 as140/120 st20 thr1.00 501:0 s0 k0 d0 f0 t7 m126 player 8: (107.265 -154.112 0.680) h0.81/0.00 g0/0 w a131/-7 f104 l131/-7 as140/120 st20 thr1.00 501:0 s1 k1 d0 f0 t8 m126 player 9: (42.299 -69.300 0.368) h0.63/0.00 g0/0 w a-68/3 f-68 l-68/3 as139/120 st5 thr1.00 501:0 s0 k0 d0 f0 t9 m125 player 10: (46.988 -84.134 0.021) h1.00/0.21 g0/0 w a91/8 f91 l91/8 as139/120 st6 thr1.00 501:0 s0 k0 d0 f0 t10 m125 player 11: (99.888 -156.074 0.142) h1.00/0.88 g0/0 w a124/-4 f124 l124/-4 as140/120 st20 thr1.00 501:0 s0 k0 d0 f0 t11 m125 player 12: (97.875 -152.721 0.034) h0.94/0.00 g0/0 w a-58/-0 f-58 l-58/-0 as139/120 st6 thr1.00 501:0 s0 k0 d0 f0 t12 m125 player 13: (47.181 -80.291 0.699) h1.00/0.40 g0/0 w a89/-8 f81 l89/-8 as140/120 st20 thr1.00 501:0 s0 k0 d0 f0 t13 m124 player 14: (100.124 -163.435 0.092) h1.00/0.44 g0/0 w a53/3 f53 l53/3 as139/120 st4 thr1.00 501:0 s0 k0 d0 f0 t14 m124 player 15: (31.997 -82.946 0.016) h1.00/1.00 g0/0 w a124/0 f124 l124/0 as139/120 st6 thr1.00 501:0 s0 k0 d0 f0 t15 m124 player 16: (90.633 -159.320 0.705) h1.00/0.72 g0/0 w a171/-11 f168 l171/-11 as140/120 st20 thr1.00 501:0 s0 k0 d0 f0 t16 m124 player 17: (47.157 -74.148 -0.046) h0.71/0.00 g0/0 w a-116/1
chupathingyce: network test: tick 900 player 0: (40.989 -70.721 0.282) h1.00/0.87 g0/0 w a-32/-14 f46 l-12/-14 as160/120 st4 thr1.00 501:0 396:31 s2 k2 d0 f0 t0 m0 player 1: dead s0 k0 d1 f0 t1 m127 player 2: (88.759 -147.674 0.824) h1.00/1.00 g0/0 w a-73/-1 f-73 l-73/-1 as139/120 st6 thr1.00 501:0 s0 k0 d1 f0 t2 m127 player 3: (29.576 -77.970 0.132) h0.03/0.00 g0/0 w a-62/3 f-62 l-62/3 as139/120 st7 thr1.00 501:0 s0 k0 d0 f0 t3 m127 player 4: (101.807 -151.140 0.638) h0.80/0.00 g0/0 w a-126/-10 f-36 l-106/-10 as140/120 st20 thr1.00 501:0 s0 k0 d0 f0 t4 m127 player 5: (38.467 -73.481 0.132) h1.00/1.00 g0/0 w a49/-0 f49 l49/-0 as139/120 st6 thr1.00 501:0 s0 k0 d1 f0 t5 m126 player 6: (36.762 -84.347 0.065) h1.00/0.71 g0/0 w a-53/-1 f-53 l-53/-1 as139/120 st7 thr1.00 501:0 s0 k0 d0 f0 t6 m126 player 7: (89.599 -150.450 0.875) h0.78/0.00 g0/0 w a-8/-3 f-8 l-8/-3 as139/120 st4 thr1.00 501:0 s0 k0 d0 f0 t7 m126 player 8: (107.491 -154.633 0.688) h0.81/0.00 g0/0 w a147/-0 f145 l147/-0 as140/120 st20 thr1.00 501:0 s1 k1 d0 f0 t8 m126 player 9: dead s0 k0 d1 f0 t9 m125 player 10: (45.257 -83.264 0.076) h1.00/0.30 g0/0 w a40/-1 f40 l40/-1 as139/120 st6 thr1.00 501:0 s0 k0 d0 f0 t10 m125 player 11: (101.247 -155.423 -0.014) h1.00/0.75 g0/0 w a115/4 f115 l115/4 as139/120 st7 thr1.00 501:0 s0 k0 d0 f0 t11 m125 player 12: (99.675 -151.861 0.423) h0.94/0.00 g0/0 w a-66/-7 f-67 l-66/-7 as140/120 st20 thr1.00 501:0 s0 k0 d0 f0 t12 m125 player 13: (49.052 -80.166 0.106) h1.00/0.40 g0/0 w a96/-2 f92 l96/-2 as139/120 st6 thr1.00 501:0 s0 k0 d0 f0 t13 m124 player 14: (101.509 -162.224 0.095) h1.00/0.44 g0/0 w a51/3 f51 l51/3 as139/120 st7 thr1.00 501:0 s0 k0 d0 f0 t14 m124 player 15: (32.554 -82.804 0.598) h1.00/1.00 g0/0 w a120/-6 f111 l120/-6 as140/120 st20 thr1.00 501:0 s0 k0 d0 f0 t15 m124 player 16: (90.296 -159.726 0.134) h1.00/0.72 g0/0 w a159/-3 f159 l159/-3 as139/120 st6 thr1.00 501:0 s0 k0 d0 f0 t16 m124 player 17: (48.383 -72.746 0.004) h0.71/0.00 g0/0 w a-154/-5 f-154 l-154/-5 as139/120 st5 thr1.00 501:0 s0 k0 d0 f0 t17 m123 player 18
chupathingyce: bots: bot 2 at (89.0 -147.4 0.9) yaw -74 fight, target 7 (seen), shield 1.00, kills 0 deaths 1
chupathingyce: bots: bot 3 at (28.8 -78.5 0.7) yaw -40 fight, target 15 (seen), shield 0.00, kills 0 deaths 0
chupathingyce: bots: bot 4 at (101.4 -152.1 -0.1) yaw 132 fight, target 12 (seen), shield 0.00, kills 0 deaths 0
chupathingyce: bots: bot 5 at (37.7 -72.4 0.1) yaw 7 fight, target 0 (seen), shield 1.00, kills 0 deaths 1
chupathingyce: network test: tick 930 player 0: (42.298 -71.741 0.110) h1.00/0.87 g0/0 w a-38/-5 f-38 l-38/-5 as160/120 st4 thr1.00 501:0 396:31 s2 k2 d0 f0 t0 m0 player 1: (52.061 -82.221 0.117) h1.00/1.00 g0/0 w a-22/9 f153 l-22/9 as140/120 st21 thr0.00 501:0 s0 k0 d1 f0 t1 m127 player 2: (90.244 -147.086 1.076) h1.00/1.00 g0/0 w a-110/-6 f-104 l-110/-6 as140/120 st20 thr1.00 501:0 s0 k0 d1 f0 t2 m127 player 3: (28.176 -79.357 0.574) h0.03/0.00 g0/0 w a-23/-6 f-57 l-23/-6 as140/120 st20 thr1.00 501:0 s0 k0 d0 f0 t3 m127 player 4: (101.638 -152.510 -0.061) h0.68/0.00 g0/0 w a113/-2 f31 l113/-2 as139/120 st5 thr1.00 501:0 s0 k0 d0 f0 t4 m127 player 5: (37.674 -72.525 0.116) h1.00/1.00 g0/0 w a7/-2 f7 l7/-2 as139/120 st7 thr1.00 501:0 s0 k0 d1 f0 t5 m126 player 6: (36.029 -86.108 -0.081) h1.00/0.71 g0/0 w a7/1 f7 l7/1 as139/120 st7 thr1.00 501:0 s0 k0 d0 f0 t6 m126 player 7: (88.653 -150.489 0.841) h0.78/0.00 g0/0 w a69/2 f71 l69/2 as140/120 st20 thr1.00 501:0 s0 k0 d0 f0 t7 m126 player 8: (107.101 -155.974 0.159) h0.68/0.00 g0/0 w a147/-4 f147 l147/-4 as139/120 st5 thr1.00 501:0 s1 k1 d0 f0 t8 m126 player 9: dead s0 k0 d1 f0 t9 m125 player 10: (44.767 -82.183 0.126) h1.00/0.55 g0/0 w a34/-3 f34 l34/-3 as139/120 st6 thr1.00 501:0 s0 k0 d0 f0 t10 m125 player 11: (100.916 -155.473 0.012) h1.00/0.75 g0/0 w a159/3 f141 l159/3 as139/120 st4 thr1.00 501:0 s0 k0 d0 f0 t11 m125 player 12: (101.073 -151.091 -0.062) h0.94/0.00 g0/0 w a-58/-14 f-67 l-58/-14 as140/120 st21 thr1.00 501:0 s0 k0 d0 f0 t12 m125 player 13: (47.624 -80.111 0.102) h1.00/0.26 g0/0 w a82/-1 f82 l82/-1 as139/120 st7 thr1.00 501:0 s0 k0 d0 f0 t13 m124 player 14: (103.198 -163.239 0.033) h1.00/0.44 g0/0 w a62/-1 f62 l62/-1 as139/120 st7 thr1.00 501:0 s0 k0 d0 f0 t14 m124 player 15: (33.923 -81.825 0.043) h1.00/1.00 g0/0 w a156/5 f111 l156/5 as139/120 st6 thr1.00 501:0 s0 k0 d0 f0 t15 m124 player 16: (89.346 -160.933 0.131) h1.00/0.72 g0/0 w a142/-3 f142 l142/-3 as139/120 st6 thr1.00 501:0 s0 k0 d0 f0 t16 m124 player 17: (49.063 -70.940 0.030) h0.59/0.00 g0/0 w a-121/-
chupathingyce: bots: bot 1 inventory slot 0 now weapon 501
chupathingyce: bots: bot 1 seeking vehicle -496041984
chupathingyce: bots: bot 6 at (36.0 -86.3 -0.1) yaw 17 fight, target 22 (seen), shield 0.71, kills 0 deaths 0
chupathingyce: bots: bot 7 at (88.0 -150.1 0.6) yaw 40 fight, target 2 (seen), shield 0.00, kills 0 deaths 0
chupathingyce: bots: bot 8 at (107.7 -157.0 0.1) yaw 144 retreat, target 4 (seen), shield 0.00, kills 1 deaths 0
chupathingyce: network test: tick 960 player 0: (43.956 -73.114 -0.007) h1.00/0.87 g0/0 w a-43/-3 f-43 l-43/-3 as160/120 st4 thr1.00 501:0 396:30 s2 k2 d0 f0 t0 m0 player 1: (52.259 -80.913 0.135) h1.00/1.00 g0/0 w a162/-2 f162 l162/-2 as139/120 st6 thr1.00 501:0 s0 k0 d1 f0 t1 m127 player 2: (91.626 -148.590 1.066) h1.00/1.00 g0/0 w a-169/-8 f-167 l-169/-8 as140/120 st20 thr1.00 501:0 s0 k0 d1 f0 t2 m127 player 3: (27.560 -80.844 0.299) h0.03/0.00 g0/0 w a-24/-5 f-24 l-24/-5 as139/120 st6 thr1.00 501:0 s0 k0 d0 f0 t3 m127 player 4: (102.978 -153.662 0.004) h0.40/0.00 g0/0 w a130/-3 f130 l130/-3 as139/120 st9 thr1.00 501:0 s0 k0 d0 f0 t4 m127 player 5: (37.835 -74.061 0.133) h1.00/1.00 g0/0 w a9/-3 f9 l9/-3 as139/120 st7 thr1.00 501:0 s0 k0 d1 f0 t5 m126 player 6: (35.437 -86.207 0.102) h1.00/0.71 g0/0 w a29/4 f29 l29/4 as139/120 st6 thr1.00 501:0 s0 k0 d0 f0 t6 m126 player 7: (87.470 -149.154 0.463) h0.78/0.00 g0/0 w a11/5 f11 l11/5 as139/120 st7 thr1.00 501:0 s0 k0 d0 f0 t7 m126 player 8: (108.430 -157.089 0.106) h0.68/0.00 g0/0 w a147/-3 f147 l147/-3 as139/120 st5 thr1.00 501:0 s1 k1 d0 f0 t8 m126 player 9: dead s0 k0 d1 f0 t9 m125 player 10: (45.232 -81.979 0.117) h1.00/0.80 g0/0 w a39/-3 f39 l39/-3 as139/120 st7 thr1.00 501:0 s0 k0 d0 f0 t10 m125 player 11: (100.743 -156.097 0.498) h1.00/0.75 g0/0 w a47/-9 f45 l47/-9 as140/120 st20 thr1.00 501:0 s0 k0 d0 f0 t11 m125 player 12: (100.072 -150.476 0.062) h0.94/0.00 g0/0 w a-48/-3 f-48 l-48/-3 as139/120 st7 thr1.00 501:0 s0 k0 d0 f0 t12 m125 player 13: (47.898 -79.545 0.110) h1.00/0.11 g0/0 w a79/-0 f79 l79/-0 as139/120 st6 thr1.00 501:0 s0 k0 d0 f0 t13 m124 player 14: (104.984 -164.132 0.669) h1.00/0.44 g0/0 w a63/-6 f65 l63/-6 as140/120 st20 thr1.00 501:0 s0 k0 d0 f0 t14 m124 player 15: (33.309 -83.502 -0.044) h1.00/1.00 g0/0 w a158/2 f158 l158/2 as139/120 st6 thr1.00 501:0 s0 k0 d0 f0 t15 m124 player 16: (87.607 -161.654 0.137) h1.00/0.93 g0/0 w a78/7 f78 l78/7 as139/120 st6 thr1.00 501:0 s0 k0 d0 f0 t16 m124 player 17: (50.173 -69.823 0.233) h0.46/0.00 g0/0 w a-134/-4 f-1
chupathingyce: bots: bot 10 at (45.4 -82.1 0.1) yaw 48 fight, target 13 (seen), shield 0.82, kills 0 deaths 0
chupathingyce: bots: bot 6 seeking vehicle -496041984
chupathingyce: bots: bot 6 entered vehicle -496041984 seat 0
chupathingyce: bots: bot 11 at (101.3 -156.5 0.7) yaw 56 fight, target 4 (seen), shield 0.75, kills 0 deaths 0
chupathingyce: bots: bot 12 at (99.3 -151.3 0.6) yaw -39 fight, target 4 (seen), shield 0.00, kills 0 deaths 0
chupathingyce: bots: bot 13 at (46.8 -79.5 0.1) yaw 111 fight, target 0 (seen), shield 0.00, kills 0 deaths 0
chupathingyce: network test: tick 990 player 0: (44.656 -74.381 0.020) h1.00/0.74 g0/0 w a-168/-2 f-168 l-168/-2 as160/120 st4 thr1.00 501:0 396:29 s3 k3 d0 f0 t0 m0 player 1: (51.668 -82.310 0.772) h1.00/1.00 g0/0 w a154/-8 f158 l154/-8 as140/120 st20 thr1.00 501:0 s0 k0 d1 f0 t1 m127 player 2: (91.813 -150.773 0.973) h1.00/1.00 g0/0 w a-179/-10 f-167 l-179/-10 as140/120 st20 thr1.00 501:0 s0 k0 d1 f0 t2 m127 player 3: dead s0 k0 d1 f0 t3 m127 player 4: (103.567 -154.783 0.042) h0.01/0.00 g0/0 w a-127/1 f143 l-147/1 as139/120 st9 thr1.00 501:0 s0 k0 d0 f0 t4 m127 player 5: (38.977 -73.711 0.755) h1.00/1.00 g0/0 w a14/-2 f-2 l14/-2 as140/120 st20 thr1.00 501:0 s0 k0 d1 f0 t5 m126 player 6: (36.642 -86.573 0.338) h1.00/0.71 riding g0/0 w a20/0 f0 l20/0 as140/120 st26 thr0.50 501:0 s0 k0 d0 f0 t6 m126 player 7: (87.505 -150.820 0.468) h0.78/0.00 g0/0 w a1/7 f1 l1/7 as139/120 st7 thr1.00 501:0 s0 k0 d0 f0 t7 m126 player 8: (110.159 -157.564 0.083) h0.68/0.00 g0/0 w a159/-2 f159 l159/-2 as139/120 st5 thr1.00 501:0 s1 k1 d0 f0 t8 m126 player 9: dead s0 k0 d1 f0 t9 m125 player 10: (46.997 -82.750 0.052) h1.00/1.00 g0/0 w a96/-2 f96 l96/-2 as139/120 st7 thr1.00 501:0 s0 k0 d0 f0 t10 m125 player 11: (102.169 -157.272 0.142) h1.00/0.75 g0/0 w a58/-6 f45 l58/-6 as140/120 st21 thr1.00 501:0 s0 k0 d0 f0 t11 m125 player 12: (98.862 -151.778 0.397) h0.94/0.00 g0/0 w a-35/-6 f-46 l-35/-6 as140/120 st20 thr1.00 501:0 s0 k0 d0 f0 t12 m125 player 13: (46.466 -79.686 0.121) h0.84/0.00 g0/0 w a110/-3 f110 l110/-3 as139/120 st6 thr1.00 501:0 s0 k0 d0 f0 t13 m124 player 14: (105.947 -164.595 0.051) h1.00/0.62 g0/0 w a60/-1 f60 l60/-1 as139/120 st7 thr1.00 501:0 s0 k0 d0 f0 t14 m124 player 15: (32.935 -82.543 -0.026) h1.00/1.00 g0/0 w a148/3 f148 l148/3 as139/120 st7 thr1.00 501:0 s0 k0 d0 f0 t15 m124 player 16: (86.057 -160.502 0.717) h1.00/1.00 g0/0 w a31/-10 f44 l31/-10 as140/120 st20 thr1.00 501:0 s0 k0 d0 f0 t16 m124 player 17: (51.210 -70.514 0.298) h0.17/0.00 g0/0 w a-149/-3 f-149 l-149/-3 as139/120 st11 thr1.00 501:0 s0 k0 d0 f0 t17 m123 pla
chupathingyce: bots: bot 14 at (106.0 -164.6 0.1) yaw 59 fight, target 8 (seen), shield 0.63, kills 0 deaths 0
chupathingyce: bots: bot 15 at (33.1 -82.2 -0.0) yaw 150 fight, target 19 (seen), shield 1.00, kills 0 deaths 0
chupathingyce: bots: bot 9 inventory slot 0 now weapon 501
chupathingyce: bots: bot 16 at (85.5 -160.0 0.6) yaw 36 fight, target 23 (seen), shield 1.00, kills 0 deaths 0
chupathingyce: bots: bot 17 at (50.8 -69.7 0.3) yaw -151 fight, target 0 (seen), shield 0.00, kills 0 deaths 0
chupathingyce: network test: tick 1020 player 0: (42.710 -73.978 0.108) h1.00/0.58 g0/0 w a165/-5 f165 l165/-5 as160/120 st4 thr1.00 501:0 396:28 s3 k3 d0 f0 t0 m0 player 1: (51.177 -83.423 0.103) h1.00/1.00 g0/0 w a142/-1 f142 l142/-1 as139/120 st7 thr1.00 501:0 s0 k0 d1 f0 t1 m127 player 2: (91.818 -152.942 0.126) h1.00/1.00 g0/0 w a178/-0 f178 l178/-0 as139/120 st6 thr1.00 501:0 s0 k0 d1 f0 t2 m127 player 3: dead s0 k0 d1 f0 t3 m127 player 4: dead s0 k0 d1 f0 t4 m127 player 5: (40.238 -73.013 0.163) h1.00/0.54 g0/0 w a-19/-4 f-19 l-19/-4 as139/120 st5 thr1.00 501:0 s0 k0 d1 f0 t5 m126 player 6: (37.776 -85.781 0.439) h1.00/0.71 riding g0/0 w a38/5 f0 l38/5 as28/120 st0 thr0.00 501:0 s0 k0 d0 f0 t6 m126 player 7: (87.494 -152.809 0.208) h0.78/0.00 g0/0 w a-1/-4 f-1 l-1/-4 as139/120 st7 thr1.00 501:0 s0 k0 d0 f0 t7 m126 player 8: (111.647 -157.345 0.146) h0.68/0.00 g0/0 w a-116/1 f-116 l-116/1 as139/120 st5 thr1.00 501:0 s1 k1 d0 f0 t8 m126 player 9: (29.322 -75.341 0.640) h1.00/1.00 g0/0 w a-156/4 f-156 l-156/4 as139/120 st7 thr1.00 501:0 s0 k0 d1 f0 t9 m125 player 10: (47.277 -82.804 0.047) h1.00/1.00 g0/0 w a117/-1 f117 l117/-1 as139/120 st6 thr1.00 501:0 s0 k0 d0 f0 t10 m125 player 11: (101.300 -158.093 0.162) h1.00/0.75 g0/0 w a123/-3 f123 l123/-3 as139/120 st7 thr1.00 501:0 s0 k0 d0 f0 t11 m125 player 12: (97.478 -152.770 0.072) h0.94/0.03 g0/0 w a-55/-1 f-55 l-55/-1 as139/120 st7 thr1.00 501:0 s1 k1 d0 f0 t12 m125 player 13: (45.434 -79.010 0.134) h0.58/0.00 g0/0 w a-60/-4 f-58 l-60/-4 as139/120 st9 thr1.00 501:0 s0 k0 d0 f0 t13 m124 player 14: (107.680 -165.552 0.596) h1.00/0.87 g0/0 w a62/-4 f61 l62/-4 as140/120 st20 thr1.00 501:0 s0 k0 d0 f0 t14 m124 player 15: (32.489 -83.239 -0.012) h1.00/1.00 g0/0 w a146/6 f146 l146/6 as139/120 st6 thr1.00 501:0 s0 k0 d0 f0 t15 m124 player 16: (85.063 -159.615 0.057) h1.00/1.00 g0/0 w a-32/0 f10 l-32/0 as139/120 st4 thr1.00 501:0 s0 k0 d0 f0 t16 m124 player 17: (50.561 -69.312 0.321) h0.03/0.00 g0/0 w a-151/-2 f-151 l-151/-2 as139/120 st7 thr1.00 501:0 s0 k0 d0 f0 t17 m123 player
chupathingyce: bots: bot 19 at (24.6 -77.9 0.9) yaw -35 fight, target 15 (seen), shield 0.59, kills 1 deaths 0
chupathingyce: bots: bot 20 at (102.3 -170.2 0.2) yaw 35 fight, target 14 (seen), shield 1.00, kills 0 deaths 0
chupathingyce: bots: bot 21 at (54.2 -74.1 0.2) yaw -152 fight, target 13 (seen), shield 1.00, kills 1 deaths 0
chupathingyce: bots: bot 22 at (38.9 -86.5 0.7) yaw 160 fight, target 15 (seen), shield 1.00, kills 1 deaths 0
chupathingyce: network test: tick 1050 player 0: (40.841 -73.151 0.157) h1.00/0.45 g0/0 w a161/-4 f161 l161/-4 as160/120 st4 thr1.00 501:0 396:27 s3 k3 d0 f0 t0 m0 player 1: (51.643 -82.815 0.110) h1.00/1.00 g0/0 w a175/4 f167 l175/4 as139/120 st6 thr1.00 501:0 s0 k0 d1 f0 t1 m127 player 2: (91.684 -155.130 0.117) h1.00/1.00 g0/0 w a172/7 f172 l172/7 as139/120 st6 thr1.00 501:0 s0 k0 d1 f0 t2 m127 player 3: dead s0 k0 d1 f0 t3 m127 player 4: dead s0 k0 d1 f0 t4 m127 player 5: (38.210 -72.314 0.125) h0.40/0.00 g0/0 w a-18/-2 f-19 l-18/-2 as139/120 st5 thr1.00 501:0 s0 k0 d1 f0 t5 m126 player 6: (38.127 -85.426 0.461) h1.00/0.72 riding g0/0 w a-56/31 f0 l-56/31 as28/120 st0 thr0.00 501:0 s0 k0 d0 f0 t6 m126 player 7: (87.430 -154.576 0.708) h0.78/0.00 g0/0 w a-7/-11 f-1 l-7/-11 as140/120 st20 thr1.00 501:0 s0 k0 d0 f0 t7 m126 player 8: (112.355 -155.841 0.284) h0.68/0.00 g0/0 w a-106/-1 f-106 l-106/-1 as139/120 st5 thr1.00 501:0 s1 k1 d0 f0 t8 m126 player 9: (28.578 -74.207 0.847) h1.00/1.00 g0/0 w a-135/-3 f-135 l-135/-3 as139/120 st6 thr1.00 501:0 s0 k0 d1 f0 t9 m125 player 10: (48.286 -82.369 0.550) h1.00/1.00 g0/0 w a117/-6 f115 l117/-6 as140/120 st20 thr1.00 501:0 s0 k0 d0 f0 t10 m125 player 11: (101.893 -157.445 0.169) h1.00/0.75 g0/0 w a148/3 f148 l148/3 as139/120 st4 thr1.00 501:0 s0 k0 d0 f0 t11 m125 player 12: (96.220 -154.235 0.767) h0.94/0.28 g0/0 w a-7/-2 f-40 l-7/-2 as140/120 st20 thr1.00 501:0 s1 k1 d0 f0 t12 m125 player 13: (45.807 -77.926 0.134) h0.45/0.00 g0/0 w a-61/3 f-61 l-61/3 as139/120 st5 thr1.00 501:0 s0 k0 d0 f0 t13 m124 player 14: (109.497 -166.239 0.060) h1.00/1.00 g0/0 w a74/-0 f61 l74/-0 as140/120 st21 thr1.00 501:0 s0 k0 d0 f0 t14 m124 player 15: (32.087 -83.732 0.009) h1.00/1.00 g0/0 w a149/2 f149 l149/2 as139/120 st7 thr1.00 501:0 s0 k0 d0 f0 t15 m124 player 16: (85.425 -159.691 0.077) h1.00/0.87 g0/0 w a37/-1 f37 l37/-1 as139/120 st6 thr1.00 501:0 s0 k0 d0 f0 t16 m124 player 17: dead s0 k0 d1 f0 t17 m123 player 18: dead s0 k0 d1 f0 t18 m123 player 19: (23.789 -78.942 0.714) h0.88/0.79 g0/0 w a-3
chupathingyce: bots: bot 11 seeking vehicle -495910910
chupathingyce: bots: bot 23 at (86.9 -157.1 0.0) yaw 78 fight, target 7 (seen), shield 0.08, kills 0 deaths 0
chupathingyce: bots: bot 3 inventory slot 0 now weapon 501
chupathingyce: bots: bot 18 inventory slot 0 now weapon 501
chupathingyce: network test: tick 1080 player 0: (39.650 -73.077 0.160) h1.00/0.20 g0/0 w a173/-4 f173 l173/-4 as160/120 st4 thr1.00 501:0 396:26 s3 k3 d0 f0 t0 m0 player 1: (50.756 -84.493 0.103) h1.00/1.00 g0/0 w a111/-2 f111 l111/-2 as139/120 st6 thr1.00 501:0 s0 k0 d1 f0 t1 m127 player 2: (91.652 -154.816 0.110) h1.00/0.86 g0/0 w a-179/-4 f-179 l-179/-4 as139/120 st7 thr1.00 501:0 s0 k0 d1 f0 t2 m127 player 3: (92.797 -169.571 0.132) h1.00/1.00 g0/0 w a-2/0 f-2 l-2/0 as139/120 st6 thr1.00 501:0 s0 k0 d1 f0 t3 m127 player 4: dead s0 k0 d1 f0 t4 m127 player 5: (36.133 -72.925 0.090) h0.40/0.00 g0/0 w a-5/-1 f-5 l-5/-1 as139/120 st5 thr1.00 501:0 s0 k0 d1 f0 t5 m126 player 6: (38.132 -85.410 0.461) h1.00/0.75 riding g0/0 w a-73/15 f0 l-60/16 as28/120 st0 thr0.00 501:0 s0 k0 d0 f0 t6 m126 player 7: (86.959 -154.987 -0.012) h0.37/0.00 g0/0 w a1/1 f1 l1/1 as139/120 st5 thr1.00 501:0 s0 k0 d0 f0 t7 m126 player 8: (112.586 -155.715 0.341) h0.68/0.00 g0/0 w a-110/-3 f-110 l-110/-3 as139/120 st6 thr1.00 501:0 s1 k1 d0 f0 t8 m126 player 9: (29.780 -75.965 0.422) h1.00/1.00 g0/0 w a-158/0 f-158 l-158/0 as139/120 st6 thr1.00 501:0 s0 k0 d1 f0 t9 m125 player 10: (49.736 -81.469 0.096) h1.00/1.00 g0/0 w a128/-2 f115 l128/-2 as139/120 st6 thr1.00 501:0 s0 k0 d0 f0 t10 m125 player 11: (101.320 -155.439 -0.017) h1.00/0.97 g0/0 w a98/0 f98 l98/0 as139/120 st4 thr1.00 501:0 s0 k0 d0 f0 t11 m125 player 12: (95.947 -154.532 0.058) h0.94/0.53 g0/0 w a-1/-0 f-1 l-1/-0 as139/120 st4 thr1.00 501:0 s1 k1 d0 f0 t12 m125 player 13: (45.590 -76.071 0.090) h0.31/0.00 g0/0 w a-53/-1 f-53 l-53/-1 as139/120 st5 thr1.00 501:0 s0 k0 d0 f0 t13 m124 player 14: (109.207 -164.647 0.096) h1.00/1.00 g0/0 w a71/1 f71 l71/1 as139/120 st7 thr1.00 501:0 s0 k0 d0 f0 t14 m124 player 15: (32.998 -81.952 0.451) h1.00/1.00 g0/0 w a154/-0 f152 l154/-0 as140/120 st20 thr1.00 501:0 s0 k0 d0 f0 t15 m124 player 16: (85.329 -159.633 0.509) h1.00/0.87 g0/0 w a37/-3 f36 l37/-3 as140/120 st20 thr1.00 501:0 s0 k0 d0 f0 t16 m124 player 17: dead s0 k0 d1 f0 t17 m123 player 18: (97.709
chupathingyce: bots: bot 4 inventory slot 0 now weapon 501
chupathingyce: network test: tick 1110 player 0: (38.899 -73.588 0.133) h1.00/0.08 g0/0 w a170/-1 f170 l170/-1 as160/120 st4 thr1.00 501:0 396:25 s4 k4 d0 f0 t0 m0 player 1: (48.734 -84.895 0.040) h1.00/1.00 g0/0 w a85/11 f85 l85/11 as139/120 st5 thr1.00 501:0 s0 k0 d1 f0 t1 m127 player 2: (91.766 -153.814 0.093) h1.00/0.86 g0/0 w a-146/-2 f-146 l-146/-2 as139/120 st6 thr1.00 501:0 s0 k0 d1 f0 t2 m127 player 3: (93.578 -168.038 0.113) h1.00/1.00 g0/0 w a-45/3 f-45 l-45/3 as139/120 st6 thr1.00 501:0 s0 k0 d1 f0 t3 m127 player 4: (36.525 -67.633 0.280) h1.00/1.00 g0/0 w a-114/-2 f-114 l-114/-2 as139/120 st7 thr1.00 501:0 s0 k0 d1 f0 t4 m127 player 5: dead s0 k0 d2 f0 t5 m126 player 6: (38.132 -85.410 0.461) h1.00/0.55 riding g0/0 w a-78/1 f0 l-60/3 as28/120 st0 thr0.00 501:0 s0 k0 d0 f0 t6 m126 player 7: dead s0 k0 d1 f0 t7 m126 player 8: (112.545 -155.691 0.329) h0.68/0.19 g0/0 w a-111/-3 f-111 l-111/-3 as139/120 st7 thr1.00 501:0 s1 k1 d0 f0 t8 m126 player 9: (30.064 -76.565 0.213) h1.00/1.00 g0/0 w a171/8 f171 l171/8 as139/120 st7 thr1.00 501:0 s0 k0 d1 f0 t9 m125 player 10: (49.096 -81.983 0.686) h1.00/0.58 g0/0 w a-141/-17 f129 l-161/-17 as140/120 st20 thr1.00 501:0 s0 k0 d0 f0 t10 m125 player 11: (101.068 -155.024 -0.033) h1.00/1.00 g0/0 w a148/0 f160 l148/0 as139/120 st7 thr1.00 501:0 s0 k0 d0 f0 t11 m125 player 12: (95.947 -154.642 0.037) h0.94/0.78 g0/0 w a-2/0 f-2 l-2/0 as139/120 st4 thr1.00 501:0 s1 k1 d0 f0 t12 m125 player 13: (44.008 -75.162 0.119) h0.17/0.00 g0/0 w a-53/4 f-53 l-53/4 as139/120 st5 thr1.00 501:0 s0 k0 d0 f0 t13 m124 player 14: (108.995 -164.486 0.101) h1.00/0.88 g0/0 w a68/-0 f68 l68/-0 as139/120 st6 thr1.00 501:0 s0 k0 d0 f0 t14 m124 player 15: (33.887 -80.166 0.097) h1.00/1.00 g0/0 w a152/5 f152 l152/5 as139/120 st7 thr1.00 501:0 s0 k0 d0 f0 t15 m124 player 16: (84.558 -159.271 0.190) h1.00/0.87 g0/0 w a-45/-0 f36 l-34/-0 as140/120 st20 thr1.00 501:0 s0 k0 d0 f0 t16 m124 player 17: dead s0 k0 d1 f0 t17 m123 player 18: (97.045 -171.699 0.483) h1.00/1.00 g0/0 w a136/-7 f136 l136/-7 as139/120 st7 thr
chupathingyce: bots: bot 17 inventory slot 0 now weapon 501
chupathingyce: network test: tick 1140 player 0: (39.528 -73.778 0.133) h0.98/0.00 g0/0 w a-83/-10 f-83 l-83/-10 as160/120 st4 thr1.00 501:0 396:25 s4 k4 d0 f0 t0 m0 player 1: (47.188 -84.919 -0.010) h1.00/0.87 g0/0 w a76/-2 f75 l76/-2 as139/120 st11 thr1.00 501:0 s0 k0 d1 f0 t1 m127 player 2: (92.225 -155.015 0.126) h1.00/0.86 g0/0 w a-148/-2 f-148 l-148/-2 as139/120 st7 thr1.00 501:0 s0 k0 d1 f0 t2 m127 player 3: (95.424 -166.872 0.118) h1.00/1.00 g0/0 w a-69/9 f-69 l-69/9 as139/120 st6 thr1.00 501:0 s0 k0 d1 f0 t3 m127 player 4: (37.202 -67.052 0.329) h1.00/1.00 g0/0 w a-70/-2 f-70 l-70/-2 as139/120 st6 thr1.00 501:0 s0 k0 d1 f0 t4 m127 player 5: dead s0 k0 d2 f0 t5 m126 player 6: (38.132 -85.410 0.461) h1.00/0.55 riding g0/0 w a-80/2 f0 l-60/3 as28/120 st0 thr0.00 501:0 s0 k0 d0 f0 t6 m126 player 7: dead s0 k0 d1 f0 t7 m126 player 8: (110.755 -154.972 0.104) h0.68/0.44 g0/0 w a-112/-1 f-112 l-112/-1 as139/120 st7 thr1.00 501:0 s1 k1 d0 f0 t8 m126 player 9: (29.668 -77.146 0.197) h1.00/1.00 g0/0 w a145/4 f145 l145/4 as139/120 st6 thr1.00 501:0 s0 k0 d1 f0 t9 m125 player 10: (47.853 -81.909 0.066) h1.00/0.58 g0/0 w a-105/-4 f-105 l-105/-4 as139/120 st7 thr1.00 501:0 s0 k0 d0 f0 t10 m125 player 11: (100.964 -154.182 -0.079) h1.00/1.00 g0/0 w a92/0 f92 l92/0 as139/120 st4 thr0.35 501:0 s0 k0 d0 f0 t11 m125 player 12: (95.947 -154.718 0.023) h0.94/1.00 g0/0 w a-2/-0 f-2 l-2/-0 as139/120 st4 thr1.00 501:0 s1 k1 d0 f0 t12 m125 player 13: (43.757 -73.353 0.020) h0.05/0.00 g0/0 w a-64/-1 f-64 l-64/-1 as139/120 st5 thr1.00 501:0 s0 k0 d0 f0 t13 m124 player 14: (107.587 -163.914 0.078) h1.00/0.88 g0/0 w a69/-2 f69 l69/-2 as139/120 st7 thr1.00 501:0 s0 k0 d0 f0 t14 m124 player 15: (34.520 -78.666 0.122) h1.00/1.00 g0/0 w a154/2 f154 l154/2 as139/120 st7 thr1.00 501:0 s0 k0 d0 f0 t15 m124 player 16: (85.750 -159.775 0.374) h1.00/0.87 g0/0 w a49/-16 f-1 l49/-16 as140/120 st20 thr1.00 501:0 s0 k0 d0 f0 t16 m124 player 17: (42.947 -67.808 0.509) h1.00/1.00 g0/0 w a-127/-6 f-127 l-127/-6 as139/120 st5 thr1.00 501:0 s0 k0 d1 f0 t17 m123 pla
chupathingyce: network test: tick 1170 player 0: (39.850 -73.928 0.094) h0.63/0.00 g0/0 w a-68/-26 f-68 l-68/-26 as160/120 st4 thr1.00 501:0 396:25 s4 k4 d0 f0 t0 m0 player 1: (49.078 -84.484 0.658) h1.00/0.87 g0/0 w a142/-11 f113 l142/-11 as140/120 st20 thr1.00 501:0 s0 k0 d1 f0 t1 m127 player 2: (90.829 -153.374 0.757) h1.00/0.86 g0/0 w a-136/-9 f-138 l-136/-9 as140/120 st20 thr1.00 501:0 s0 k0 d1 f0 t2 m127 player 3: (97.577 -166.712 0.086) h1.00/1.00 g0/0 w a-106/2 f-106 l-106/2 as139/120 st6 thr1.00 501:0 s0 k0 d1 f0 t3 m127 player 4: (39.347 -66.648 0.537) h1.00/1.00 g0/0 w a-84/-5 f-84 l-84/-5 as139/120 st6 thr1.00 501:0 s0 k0 d1 f0 t4 m127 player 5: dead s0 k0 d2 f0 t5 m126 player 6: (38.132 -85.410 0.461) h1.00/0.26 riding g0/0 w a-61/6 f0 l-60/6 as28/120 st0 thr0.00 501:0 s0 k0 d0 f0 t6 m126 player 7: dead s0 k0 d1 f0 t7 m126 player 8: (111.456 -155.065 0.294) h0.68/0.69 g0/0 w a-103/-2 f-103 l-103/-2 as139/120 st6 thr1.00 501:0 s1 k1 d0 f0 t8 m126 player 9: (27.965 -78.483 0.701) h1.00/1.00 g0/0 w a103/-1 f135 l103/-1 as140/120 st20 thr1.00 501:0 s0 k0 d1 f0 t9 m125 player 10: (46.080 -82.506 0.081) h1.00/0.58 g0/0 w a-36/7 f-36 l-36/7 as139/120 st7 thr1.00 501:0 s0 k0 d0 f0 t10 m125 player 11: (100.685 -154.010 -0.082) h1.00/1.00 g0/0 w a31/0 f57 l31/0 as139/120 st7 thr1.00 501:0 s0 k0 d0 f0 t11 m125 player 12: (95.947 -154.784 0.011) h0.94/1.00 g0/0 w a-1/-0 f-1 l-1/-0 as139/120 st4 thr1.00 501:0 s1 k1 d0 f0 t12 m125 player 13: (42.927 -73.410 0.053) h0.05/0.00 g0/0 w a11/1 f11 l11/1 as139/120 st7 thr1.00 501:0 s0 k0 d0 f0 t13 m124 player 14: (109.482 -164.369 0.099) h1.00/0.88 g0/0 w a78/-1 f78 l78/-1 as139/120 st7 thr1.00 501:0 s0 k0 d0 f0 t14 m124 player 15: (34.932 -77.085 0.125) h1.00/1.00 g0/0 w a152/4 f152 l152/4 as139/120 st6 thr1.00 501:0 s0 k0 d0 f0 t15 m124 player 16: (87.227 -160.528 0.281) h1.00/0.87 g0/0 w a101/-9 f-1 l101/-9 as140/120 st20 thr1.00 501:0 s0 k0 d0 f0 t16 m124 player 17: (44.374 -68.114 0.478) h1.00/1.00 g0/0 w a166/-2 f-160 l166/-2 as139/120 st6 thr1.00 501:0 s0 k0 d1 f0 t17 m123 play
chupathingyce: bots: bot 7 inventory slot 0 now weapon 501
chupathingyce: network test: tick 1200 player 0: (39.842 -75.705 -0.240) h0.51/0.00 g0/0 w a-101/-28 f-101 l-101/-28 as160/120 st4 thr1.00 501:0 396:25 s4 k4 d0 f0 t0 m0 player 1: (50.283 -82.978 0.067) h1.00/0.87 g0/0 w a-179/3 f-179 l-179/3 as139/120 st7 thr1.00 501:0 s0 k0 d1 f0 t1 m127 player 2: (90.325 -152.927 0.382) h1.00/0.86 g0/0 w a-136/0 f-136 l-136/0 as139/120 st6 thr1.00 501:0 s0 k0 d1 f0 t2 m127 player 3: (99.228 -168.086 0.482) h1.00/1.00 g0/0 w a-151/3 f-146 l-151/3 as140/120 st20 thr1.00 501:0 s0 k0 d1 f0 t3 m127 player 4: (41.133 -66.528 1.102) h1.00/1.00 g0/0 w a-98/-9 f-88 l-98/-9 as140/120 st20 thr1.00 501:0 s0 k0 d1 f0 t4 m127 player 5: dead s0 k0 d2 f0 t5 m126 player 6: (38.132 -85.410 0.461) h1.00/0.26 riding g0/0 w a-49/2 f0 l-49/2 as28/120 st0 thr0.00 501:0 s0 k0 d0 f0 t6 m126 player 7: (98.695 -149.818 0.072) h1.00/1.00 g0/0 w a-21/2 f-32 l-21/2 as139/120 st4 thr1.00 501:0 s0 k0 d1 f0 t7 m126 player 8: (113.295 -155.666 0.528) h0.68/0.94 g0/0 w a-118/-2 f-103 l-118/-2 as139/120 st6 thr1.00 501:0 s1 k1 d0 f0 t8 m126 player 9: (26.938 -78.740 0.352) h1.00/1.00 g0/0 w a104/1 f104 l104/1 as139/120 st7 thr1.00 501:0 s0 k0 d1 f0 t9 m125 player 10: (45.685 -83.129 0.497) h1.00/0.58 g0/0 w a2/-6 f-2 l2/-6 as140/120 st20 thr1.00 501:0 s0 k0 d0 f0 t10 m125 player 11: (102.330 -155.191 -0.042) h1.00/1.00 g0/0 w a-3/3 f-3 l-3/3 as139/120 st4 thr1.00 501:0 s0 k0 d0 f0 t11 m125 player 12: (95.694 -154.679 0.031) h0.94/1.00 g0/0 w a60/-2 f60 l60/-2 as139/120 st6 thr1.00 501:0 s1 k1 d0 f0 t12 m125 player 13: (42.933 -72.842 0.028) h0.05/0.00 g0/0 w a3/-0 f3 l3/-0 as139/120 st6 thr1.00 501:0 s0 k0 d0 f0 t13 m124 player 14: (108.651 -164.039 0.450) h1.00/0.63 g0/0 w a64/1 f64 l64/1 as140/120 st20 thr1.00 501:0 s0 k0 d0 f0 t14 m124 player 15: (34.502 -78.017 0.121) h1.00/1.00 g0/0 w a-174/1 f-174 l-174/1 as139/120 st6 thr1.00 501:0 s0 k0 d0 f0 t15 m124 player 16: (85.992 -161.168 0.646) h1.00/0.87 g0/0 w a105/-2 f105 l105/-2 as140/120 st20 thr1.00 501:0 s0 k0 d0 f0 t16 m124 player 17: (44.591 -68.745 0.403) h1.00/1.00 
chupathingyce: bots: bot 1 at (50.3 -83.0 0.1) yaw -178 fight, target 10 (seen), shield 0.87, kills 0 deaths 1
chupathingyce: bots: bot 2 at (90.6 -153.2 0.3) yaw -143 fight, target 23 (seen), shield 0.86, kills 0 deaths 1
chupathingyce: bots: bot 3 at (99.7 -169.0 0.7) yaw -171 fight, target 18 (seen), shield 1.00, kills 0 deaths 1
chupathingyce: bots: bot 4 at (41.1 -66.8 0.7) yaw -68 fight, target 13 (seen), shield 1.00, kills 0 deaths 1
chupathingyce: bots: bot 5 inventory slot 0 now weapon 501
chupathingyce: bots: bot 5 at (51.7 -76.4 0.1) yaw -104 fight, target 1 (seen), shield 1.00, kills 0 deaths 2
chupathingyce: network test: tick 1230 player 0: (38.576 -76.476 -0.287) h0.38/0.00 g0/0 w a-107/-33 f-122 l-107/-33 as160/120 st4 thr1.00 501:0 396:25 s4 k4 d0 f0 t0 m0 player 1: (50.089 -83.380 0.066) h1.00/0.74 g0/0 w a159/1 f159 l159/1 as139/120 st6 thr1.00 501:0 s0 k0 d1 f0 t1 m127 player 2: (89.753 -152.170 0.528) h1.00/0.86 g0/0 w a-140/-4 f-140 l-140/-4 as139/120 st7 thr1.00 501:0 s0 k0 d1 f0 t2 m127 player 3: (99.973 -170.023 0.185) h1.00/1.00 g0/0 w a176/-1 f-146 l176/-1 as140/120 st21 thr1.00 501:0 s0 k0 d1 f0 t3 m127 player 4: (40.873 -66.864 0.665) h1.00/0.88 g0/0 w a-64/-1 f-64 l-64/-1 as139/120 st6 thr1.00 501:0 s0 k0 d1 f0 t4 m127 player 5: (51.574 -76.329 0.112) h1.00/1.00 g0/0 w a-104/-2 f-104 l-104/-2 as139/120 st7 thr1.00 501:0 s0 k0 d2 f0 t5 m126 player 6: (38.132 -85.410 0.461) h1.00/0.26 riding g0/0 w a-43/6 f0 l-43/6 as28/120 st0 thr0.00 501:0 s0 k0 d0 f0 t6 m126 player 7: (98.998 -151.489 0.181) h1.00/1.00 g0/0 w a-18/2 f-18 l-18/2 as139/120 st4 thr1.00 501:0 s0 k0 d1 f0 t7 m126 player 8: (114.469 -156.637 1.048) h0.68/1.00 g0/0 w a-134/-4 f-134 l-134/-4 as140/120 st20 thr1.00 501:0 s1 k1 d0 f0 t8 m126 player 9: (26.862 -78.789 0.358) h1.00/1.00 g0/0 w a105/0 f105 l105/0 as139/120 st6 thr1.00 501:0 s0 k0 d1 f0 t9 m125 player 10: (45.714 -81.470 0.109) h1.00/0.58 g0/0 w a-21/-3 f-2 l-21/-3 as140/120 st21 thr1.00 501:0 s0 k0 d0 f0 t10 m125 player 11: (104.137 -156.381 0.138) h1.00/1.00 g0/0 w a-2/3 f-2 l-2/3 as139/120 st4 thr1.00 501:0 s0 k0 d0 f0 t11 m125 player 12: (94.499 -153.308 0.110) h0.94/1.00 g0/0 w a24/-3 f24 l24/-3 as139/120 st7 thr1.00 501:0 s1 k1 d0 f0 t12 m125 player 13: (42.846 -70.844 0.576) h0.05/0.00 g0/0 w a2/1 f3 l2/1 as140/120 st20 thr1.00 501:0 s0 k0 d0 f0 t13 m124 player 14: (107.474 -163.609 0.250) h1.00/0.63 g0/0 w a45/3 f64 l45/3 as140/120 st20 thr1.00 501:0 s0 k0 d0 f0 t14 m124 player 15: (34.368 -80.006 0.115) h1.00/1.00 g0/0 w a173/1 f173 l173/1 as139/120 st6 thr1.00 501:0 s0 k0 d0 f0 t15 m124 player 16: (84.575 -161.566 0.103) h1.00/0.97 g0/0 w a111/-6 f105 l111/-6 as139/120
chupathingyce: bots: bot 6 at (38.0 -85.3 0.5) yaw 9 vehicle, target 1 (seen), shield 0.26, kills 0 deaths 0
chupathingyce: bots: bot 7 at (99.2 -152.0 0.6) yaw -54 fight, target 14 (seen), shield 1.00, kills 0 deaths 1
chupathingyce: bots: bot 8 at (114.3 -157.0 1.0) yaw -135 fight, target 14 (seen), shield 1.00, kills 1 deaths 0
chupathingyce: bots: bot 9 at (26.8 -78.7 0.4) yaw 113 fight, target 19 (seen), shield 0.87, kills 0 deaths 1
chupathingyce: network test: tick 1260 player 0: (38.098 -76.703 -0.287) h0.38/0.00 g0/0 w a31/-25 f31 l31/-25 as160/120 st4 thr1.00 501:0 396:25 s4 k4 d0 f0 t0 m0 player 1: (48.560 -84.867 0.034) h1.00/0.74 g0/0 w a109/-2 f109 l109/-2 as139/120 st6 thr1.00 501:0 s0 k0 d1 f0 t1 m127 player 2: (89.445 -152.726 0.415) h1.00/1.00 g0/0 w a-139/-0 f-139 l-139/-0 as139/120 st4 thr1.00 501:0 s0 k0 d1 f0 t2 m127 player 3: (100.240 -170.404 0.233) h1.00/1.00 g0/0 w a-171/-2 f-171 l-171/-2 as139/120 st6 thr1.00 501:0 s0 k0 d1 f0 t3 m127 player 4: (42.655 -66.224 0.793) h1.00/0.88 g0/0 w a-49/-10 f-41 l-49/-10 as139/120 st6 thr1.00 501:0 s1 k1 d1 f0 t4 m127 player 5: (50.470 -76.156 0.191) h1.00/1.00 g0/0 w a-99/-2 f-99 l-99/-2 as139/120 st6 thr1.00 501:0 s0 k0 d2 f0 t5 m126 player 6: (38.486 -85.305 0.480) h1.00/0.26 riding g0/0 w a4/-0 f0 l4/-0 as28/120 st0 thr0.50 501:0 s0 k0 d0 f0 t6 m126 player 7: (99.794 -152.569 0.402) h1.00/1.00 g0/0 w a-55/-2 f-18 l-55/-2 as140/120 st20 thr1.00 501:0 s0 k0 d1 f0 t7 m126 player 8: (114.156 -157.169 0.920) h0.68/1.00 g0/0 w a-142/-7 f-142 l-142/-7 as139/120 st7 thr1.00 501:0 s1 k1 d0 f0 t8 m126 player 9: (27.079 -78.612 0.340) h1.00/0.87 g0/0 w a113/1 f113 l113/1 as139/120 st7 thr1.00 501:0 s0 k0 d1 f0 t9 m125 player 10: (47.103 -80.118 0.107) h1.00/0.58 g0/0 w a-69/-3 f-69 l-69/-3 as139/120 st6 thr1.00 501:0 s0 k0 d0 f0 t10 m125 player 11: (105.176 -157.693 0.841) h1.00/1.00 g0/0 w a4/-1 f1 l4/-1 as140/120 st20 thr1.00 501:0 s0 k0 d0 f0 t11 m125 player 12: (94.330 -153.233 0.552) h0.94/1.00 g0/0 w a7/-3 f19 l7/-3 as140/120 st20 thr1.00 501:0 s1 k1 d0 f0 t12 m125 player 13: dead s0 k0 d1 f0 t13 m124 player 14: (106.832 -163.057 0.038) h1.00/0.63 g0/0 w a40/5 f40 l40/5 as139/120 st6 thr1.00 501:0 s0 k0 d0 f0 t14 m124 player 15: (33.856 -81.932 0.036) h1.00/1.00 g0/0 w a155/1 f155 l155/1 as139/120 st6 thr1.00 501:0 s0 k0 d0 f0 t15 m124 player 16: (85.658 -160.278 0.100) h1.00/1.00 g0/0 w a162/5 f162 l162/5 as139/120 st7 thr1.00 501:0 s0 k0 d0 f0 t16 m124 player 17: (44.608 -68.847 0.390) h1.00/1.00 
chupathingyce: bots: bot 10 at (47.3 -80.1 0.2) yaw -77 fight, target 1 (seen), shield 0.58, kills 0 deaths 0
chupathingyce: bots: bot 11 at (105.4 -158.1 0.6) yaw 8 fight, target 8 (seen), shield 1.00, kills 0 deaths 0
chupathingyce: bots: bot 12 at (94.4 -153.9 0.1) yaw 10 fight, target 7 (seen), shield 1.00, kills 1 deaths 0
chupathingyce: network test: tick 1290 player 0: (39.297 -76.342 -0.287) h0.38/0.00 g0/0 w a36/-24 f31 l36/-24 as161/120 st0 thr0.00 501:0 396:25 s4 k4 d0 f0 t0 m0 player 1: (46.416 -84.749 0.002) h1.00/0.74 g0/0 w a67/5 f67 l67/5 as139/120 st6 thr1.00 501:0 s0 k0 d1 f0 t1 m127 player 2: (89.731 -154.729 0.108) h1.00/1.00 g0/0 w a-153/-0 f-153 l-153/-0 as139/120 st6 thr1.00 501:0 s0 k0 d1 f0 t2 m127 player 3: (100.088 -171.563 0.418) h1.00/0.59 g0/0 w a-48/-2 f-49 l-48/-2 as139/120 st11 thr1.00 501:0 s0 k0 d1 f0 t3 m127 player 4: (44.429 -65.525 0.861) h1.00/0.88 g0/0 w a-86/-10 f-86 l-86/-10 as139/120 st7 thr1.00 501:0 s1 k1 d1 f0 t4 m127 player 5: (52.646 -77.111 0.691) h1.00/1.00 g0/0 w a-144/-2 f-105 l-144/-2 as140/120 st20 thr1.00 501:0 s0 k0 d2 f0 t5 m126 player 6: (40.354 -85.051 0.485) h1.00/0.26 riding g0/0 w a2/0 f0 l2/0 as28/120 st0 thr0.00 501:0 s0 k0 d0 f0 t6 m126 player 7: (99.383 -153.249 -0.096) h1.00/0.86 g0/0 w a-58/-0 f-58 l-58/-0 as139/120 st4 thr1.00 501:0 s0 k0 d1 f0 t7 m126 player 8: (113.029 -155.924 0.467) h0.68/0.87 g0/0 w a-139/-3 f-139 l-139/-3 as139/120 st4 thr1.00 501:0 s1 k1 d0 f0 t8 m126 player 9: (28.048 -78.137 0.254) h1.00/0.87 g0/0 w a111/1 f111 l111/1 as139/120 st6 thr1.00 501:0 s0 k0 d1 f0 t9 m125 player 10: (48.696 -79.675 0.619) h1.00/0.66 g0/0 w a-113/-8 f-79 l-113/-8 as140/120 st20 thr1.00 501:0 s0 k0 d0 f0 t10 m125 player 11: (105.432 -158.373 0.184) h1.00/1.00 g0/0 w a18/1 f18 l18/1 as139/120 st6 thr1.00 501:0 s0 k0 d0 f0 t11 m125 player 12: (94.369 -153.749 0.122) h0.94/1.00 g0/0 w a7/-4 f7 l7/-4 as139/120 st6 thr1.00 501:0 s1 k1 d0 f0 t12 m125 player 13: dead s0 k0 d1 f0 t13 m124 player 14: (105.170 -162.477 0.008) h1.00/0.63 g0/0 w a88/-0 f88 l88/-0 as139/120 st6 thr1.00 501:0 s0 k0 d0 f0 t14 m124 player 15: (32.606 -83.469 0.542) h1.00/1.00 g0/0 w a129/-4 f149 l129/-4 as140/120 st20 thr1.00 501:0 s0 k0 d0 f0 t15 m124 player 16: (86.239 -159.360 0.529) h1.00/1.00 g0/0 w a175/-5 f177 l175/-5 as140/120 st20 thr1.00 501:0 s0 k0 d0 f0 t16 m124 player 17: (44.661 -69.373 0.319) h1.00/1
chupathingyce: bots: bot 14 at (105.1 -162.5 0.0) yaw 86 fight, target 11 (seen), shield 0.63, kills 0 deaths 0
chupathingyce: bots: bot 15 at (32.2 -83.8 0.2) yaw 129 fight, target 9 (seen), shield 1.00, kills 0 deaths 0
chupathingyce: bots: bot 16 at (86.5 -158.9 0.7) yaw 170 fight, target 23 (seen), shield 1.00, kills 0 deaths 0
chupathingyce: bots: bot 17 at (45.8 -69.1 0.4) yaw 126 fight, target 4 (seen), shield 1.00, kills 0 deaths 1
chupathingyce: bots: bot 18 at (93.5 -171.2 0.2) yaw 4 fight, target 3 (seen), shield 0.97, kills 0 deaths 1
chupathingyce: network test: tick 1320 player 0: (39.870 -76.122 -0.287) h0.38/0.00 g0/0 w a70/6 f70 l70/6 as160/120 st5 thr1.00 501:0 396:25 s4 k4 d0 f0 t0 m0 player 1: (44.630 -83.488 0.657) h1.00/0.74 g0/0 w a42/-6 f55 l42/-6 as140/120 st20 thr1.00 501:0 s0 k0 d1 f0 t1 m127 player 2: (89.625 -154.216 0.185) h1.00/1.00 g0/0 w a-159/0 f-159 l-159/0 as139/120 st7 thr1.00 501:0 s0 k0 d1 f0 t2 m127 player 3: (100.921 -170.450 0.203) h1.00/0.30 g0/0 w a-42/-1 f-42 l-42/-1 as139/120 st7 thr1.00 501:0 s0 k0 d1 f0 t3 m127 player 4: (43.191 -65.977 0.813) h1.00/0.88 g0/0 w a-44/-7 f-44 l-44/-7 as139/120 st6 thr1.00 501:0 s1 k1 d1 f0 t4 m127 player 5: (53.723 -79.094 0.626) h1.00/1.00 g0/0 w a-173/-8 f-171 l-173/-8 as140/120 st20 thr1.00 501:0 s0 k0 d2 f0 t5 m126 player 6: (41.257 -84.987 0.486) h1.00/0.26 riding g0/0 w a22/10 f0 l22/10 as28/120 st0 thr0.00 501:0 s0 k0 d0 f0 t6 m126 player 7: (98.577 -154.769 0.153) h1.00/0.86 g0/0 w a-50/-2 f-50 l-50/-2 as139/120 st7 thr1.00 501:0 s0 k0 d1 f0 t7 m126 player 8: (111.957 -156.552 0.205) h0.68/0.87 g0/0 w a-141/-2 f-141 l-141/-2 as139/120 st6 thr1.00 501:0 s1 k1 d0 f0 t8 m126 player 9: (26.697 -78.558 0.370) h1.00/0.74 g0/0 w a92/-1 f92 l92/-1 as139/120 st11 thr1.00 501:0 s0 k0 d1 f0 t9 m125 player 10: (49.326 -79.670 0.114) h1.00/0.91 g0/0 w a-139/4 f-139 l-139/4 as139/120 st6 thr1.00 501:0 s0 k0 d0 f0 t10 m125 player 11: (105.131 -157.268 0.231) h1.00/0.59 g0/0 w a8/-2 f10 l8/-2 as140/120 st20 thr1.00 501:0 s0 k0 d0 f0 t11 m125 player 12: (94.712 -152.149 0.086) h0.94/1.00 g0/0 w a-34/-1 f-34 l-34/-1 as139/120 st7 thr1.00 501:0 s1 k1 d0 f0 t12 m125 player 13: dead s0 k0 d1 f0 t13 m124 player 14: (104.802 -162.452 0.021) h1.00/0.63 g0/0 w a85/2 f85 l85/2 as139/120 st7 thr1.00 501:0 s0 k0 d0 f0 t14 m124 player 15: (31.072 -84.748 0.062) h1.00/1.00 g0/0 w a127/1 f127 l127/1 as139/120 st6 thr1.00 501:0 s0 k0 d0 f0 t15 m124 player 16: (86.759 -158.278 0.116) h1.00/1.00 g0/0 w a170/-2 f177 l170/-2 as140/120 st20 thr1.00 501:0 s0 k0 d0 f0 t16 m124 player 17: (46.205 -68.749 0.472) h1.00/1.00
chupathingyce: bots: bot 19 at (26.7 -72.1 0.4) yaw -87 fight, target 9 (seen), shield 0.87, kills 1 deaths 0
chupathingyce: bots: bot 20 at (102.8 -173.3 0.4) yaw 127 fight, target 3 (seen), shield 0.74, kills 0 deaths 0
chupathingyce: bots: bot 21 at (51.6 -70.0 1.0) yaw -78 fight, target 5 (seen), shield 1.00, kills 1 deaths 0
chupathingyce: bots: bot 22 at (44.4 -87.5 0.0) yaw 90 fight, target 1 (seen), shield 1.00, kills 1 deaths 0
chupathingyce: network test: tick 1350 player 0: (38.494 -76.948 -0.287) h0.38/0.00 g0/0 w a24/-4 f24 l24/-4 as160/120 st4 thr1.00 501:0 396:25 s4 k4 d0 f0 t0 m0 player 1: (44.447 -82.501 0.124) h1.00/0.74 g0/0 w a7/0 f7 l7/0 as139/120 st6 thr1.00 501:0 s0 k0 d1 f0 t1 m127 player 2: (88.589 -152.298 0.948) h1.00/1.00 g0/0 w a-146/-7 f-147 l-146/-7 as140/120 st20 thr1.00 501:0 s0 k0 d1 f0 t2 m127 player 3: (99.893 -171.184 0.377) h1.00/0.04 g0/0 w a-54/-1 f-54 l-54/-1 as139/120 st7 thr1.00 501:0 s0 k0 d1 f0 t3 m127 player 4: (44.305 -64.560 1.012) h1.00/0.88 g0/0 w a-36/-7 f-36 l-36/-7 as139/120 st6 thr1.00 501:0 s1 k1 d1 f0 t4 m127 player 5: (53.870 -81.487 0.167) h1.00/1.00 g0/0 w a179/-4 f-171 l179/-4 as140/120 st21 thr1.00 501:0 s0 k0 d2 f0 t5 m126 player 6: (41.359 -84.990 0.486) h1.00/0.26 riding g0/0 w a16/1 f0 l16/1 as28/120 st0 thr0.50 501:0 s0 k0 d0 f0 t6 m126 player 7: (99.266 -155.515 0.624) h1.00/0.60 g0/0 w a-42/-1 f-46 l-42/-1 as140/120 st20 thr1.00 501:0 s0 k0 d1 f0 t7 m126 player 8: (113.095 -158.064 0.548) h0.68/0.87 g0/0 w a-145/-1 f-145 l-145/-1 as139/120 st6 thr1.00 501:0 s1 k1 d0 f0 t8 m126 player 9: (27.530 -79.237 0.302) h0.75/0.00 g0/0 w a104/1 f104 l104/1 as139/120 st5 thr1.00 501:0 s0 k0 d1 f0 t9 m125 player 10: (50.140 -81.475 0.100) h1.00/1.00 g0/0 w a-169/-2 f-169 l-169/-2 as139/120 st6 thr1.00 501:0 s0 k0 d0 f0 t10 m125 player 11: (105.184 -156.966 0.224) h1.00/0.32 g0/0 w a-5/1 f-3 l-5/1 as139/120 st7 thr1.00 501:0 s0 k0 d0 f0 t11 m125 player 12: (94.217 -152.814 0.528) h0.94/1.00 g0/0 w a-28/-2 f-34 l-28/-2 as140/120 st20 thr1.00 501:0 s1 k1 d0 f0 t12 m125 player 13: dead s0 k0 d1 f0 t13 m124 player 14: (106.778 -162.239 0.586) h1.00/0.63 g0/0 w a106/-5 f101 l106/-5 as140/120 st20 thr1.00 501:0 s0 k0 d0 f0 t14 m124 player 15: (29.286 -85.622 0.169) h1.00/1.00 g0/0 w a106/0 f106 l106/0 as139/120 st6 thr1.00 501:0 s0 k0 d0 f0 t15 m124 player 16: (86.109 -158.573 0.058) h1.00/1.00 g0/0 w a170/-3 f170 l170/-3 as139/120 st4 thr1.00 501:0 s0 k0 d0 f0 t16 m124 player 17: (47.574 -67.046 0.718) h1.00/1.
chupathingyce: bots: bot 23 at (81.1 -157.3 -0.1) yaw 36 fight, target 2 (seen), shield 0.00, kills 1 deaths 0
chupathingyce: bots: bot 13 inventory slot 0 now weapon 501
chupathingyce: network test: tick 1380 player 0: (39.096 -76.318 -0.287) h0.38/0.00 g0/0 w a22/-22 f63 l22/-22 as161/120 st0 thr0.00 501:0 396:25 s4 k4 d0 f0 t0 m0 player 1: (44.738 -83.713 0.064) h1.00/0.74 g0/0 w a-1/-1 f-1 l-1/-1 as139/120 st7 thr1.00 501:0 s0 k0 d1 f0 t1 m127 player 2: (87.277 -150.536 0.411) h1.00/1.00 g0/0 w a-141/-1 f-141 l-141/-1 as139/120 st7 thr1.00 501:0 s0 k0 d1 f0 t2 m127 player 3: (98.802 -172.339 0.617) h0.95/0.00 g0/0 w a-28/4 f-41 l-28/4 as139/120 st6 thr1.00 501:0 s0 k0 d1 f0 t3 m127 player 4: (44.588 -64.451 1.029) h1.00/0.88 g0/0 w a-13/5 f-13 l-13/5 as139/120 st7 thr1.00 501:0 s1 k1 d1 f0 t4 m127 player 5: (53.597 -83.855 0.131) h1.00/1.00 g0/0 w a158/-3 f158 l158/-3 as139/120 st6 thr1.00 501:0 s0 k0 d2 f0 t5 m126 player 6: (41.975 -84.959 0.478) h1.00/0.51 riding g0/0 w a19/0 f0 l19/0 as28/120 st0 thr0.50 501:0 s0 k0 d0 f0 t6 m126 player 7: (100.399 -156.554 0.121) h1.00/0.60 g0/0 w a-30/-1 f-46 l-30/-1 as140/120 st21 thr1.00 501:0 s0 k0 d1 f0 t7 m126 player 8: (113.484 -159.122 1.286) h0.68/0.87 g0/0 w a-154/-15 f-148 l-154/-15 as140/120 st20 thr1.00 501:0 s1 k1 d0 f0 t8 m126 player 9: (28.136 -80.947 0.246) h0.62/0.00 g0/0 w a97/1 f97 l97/1 as139/120 st5 thr1.00 501:0 s0 k0 d1 f0 t9 m125 player 10: (50.163 -82.110 0.084) h1.00/1.00 g0/0 w a-166/-2 f-166 l-166/-2 as139/120 st7 thr1.00 501:0 s0 k0 d0 f0 t10 m125 player 11: (105.011 -157.965 0.815) h1.00/0.19 g0/0 w a-10/2 f-8 l-10/2 as140/120 st20 thr1.00 501:0 s0 k0 d0 f0 t11 m125 player 12: (94.053 -153.426 0.113) h0.94/1.00 g0/0 w a45/-2 f45 l45/-2 as139/120 st6 thr1.00 501:0 s1 k1 d0 f0 t12 m125 player 13: (97.397 -150.115 0.067) h1.00/1.00 g0/0 w a-66/-0 f-66 l-66/-0 as139/120 st7 thr1.00 501:0 s0 k0 d1 f0 t13 m124 player 14: (108.523 -161.337 -0.003) h1.00/0.50 g0/0 w a134/8 f123 l134/8 as139/120 st7 thr1.00 501:0 s0 k0 d0 f0 t14 m124 player 15: (27.311 -85.715 0.300) h1.00/1.00 g0/0 w a81/-2 f81 l81/-2 as139/120 st6 thr1.00 501:0 s0 k0 d0 f0 t15 m124 player 16: (86.002 -158.388 0.043) h1.00/1.00 g0/0 w a159/2 f159 l159/2 as139/120 
chupathingyce: network test: tick 1410 player 0: (38.158 -76.669 -0.287) h0.38/0.18 g0/0 w a-28/-35 f-28 l-28/-35 as160/120 st7 thr1.00 501:0 396:25 s4 k4 d0 f0 t0 m0 player 1: (43.412 -84.919 0.310) h1.00/0.47 g0/0 w a-31/-6 f-31 l-31/-6 as140/120 st20 thr1.00 501:0 s0 k0 d1 f0 t1 m127 player 2: (85.832 -148.919 0.061) h1.00/1.00 g0/0 w a-133/-1 f-133 l-133/-1 as139/120 st7 thr1.00 501:0 s0 k0 d1 f0 t2 m127 player 3: (100.137 -171.142 0.355) h0.69/0.00 g0/0 w a-80/3 f-80 l-80/3 as139/120 st5 thr1.00 501:0 s0 k0 d1 f0 t3 m127 player 4: (44.870 -66.383 0.759) h1.00/0.88 g0/0 w a19/3 f19 l19/3 as139/120 st7 thr1.00 501:0 s1 k1 d1 f0 t4 m127 player 5: (52.730 -84.984 0.115) h1.00/1.00 g0/0 w a130/-3 f130 l130/-3 as139/120 st7 thr1.00 501:0 s0 k0 d2 f0 t5 m126 player 6: (42.369 -84.975 0.466) h1.00/0.76 riding g0/0 w a7/10 f0 l7/10 as28/120 st0 thr0.00 501:0 s0 k0 d0 f0 t6 m126 player 7: (100.837 -157.807 0.143) h1.00/0.46 g0/0 w a-12/-1 f-12 l-12/-1 as139/120 st7 thr1.00 501:0 s0 k0 d1 f0 t7 m126 player 8: (112.870 -158.160 0.450) h0.68/0.74 g0/0 w a-148/-9 f-148 l-148/-9 as139/120 st7 thr1.00 501:0 s1 k1 d0 f0 t8 m126 player 9: (27.905 -82.837 0.305) h0.49/0.00 g0/0 w a85/4 f85 l85/4 as139/120 st5 thr1.00 501:0 s0 k0 d1 f0 t9 m125 player 10: (50.324 -82.409 0.078) h1.00/0.87 g0/0 w a-159/-1 f-159 l-159/-1 as139/120 st6 thr1.00 501:0 s0 k0 d0 f0 t10 m125 player 11: (104.859 -158.420 0.202) h1.00/0.19 g0/0 w a3/2 f3 l3/2 as139/120 st6 thr1.00 501:0 s0 k0 d0 f0 t11 m125 player 12: (94.324 -153.578 0.117) h0.94/1.00 g0/0 w a63/-3 f63 l63/-3 as139/120 st7 thr1.00 501:0 s1 k1 d0 f0 t12 m125 player 13: (95.714 -150.383 0.068) h1.00/0.71 g0/0 w a-117/-2 f-117 l-117/-2 as139/120 st7 thr1.00 501:0 s0 k0 d1 f0 t13 m124 player 14: (109.091 -160.632 0.006) h1.00/0.50 g0/0 w a157/1 f157 l157/1 as139/120 st6 thr1.00 501:0 s0 k0 d0 f0 t14 m124 player 15: (25.512 -85.006 0.682) h1.00/1.00 g0/0 w a47/-8 f47 l47/-8 as139/120 st6 thr1.00 501:0 s0 k0 d0 f0 t15 m124 player 16: (86.553 -157.778 0.044) h1.00/1.00 g0/0 w a159/-2 f159 l159/-2 as139/120 s
chupathingyce: network test: tick 1440 player 0: (38.161 -77.942 -0.287) h0.38/0.42 g0/0 w a88/-20 f88 l88/-20 as160/120 st5 thr1.00 501:0 396:25 s4 k4 d0 f0 t0 m0 player 1: (43.527 -86.755 0.319) h1.00/0.47 g0/0 w a19/-9 f-31 l19/-9 as140/120 st20 thr1.00 501:0 s0 k0 d1 f0 t1 m127 player 2: (84.192 -147.456 0.005) h1.00/1.00 g0/0 w a-131/-1 f-131 l-131/-1 as139/120 st7 thr1.00 501:0 s0 k0 d1 f0 t2 m127 player 3: (100.871 -169.299 0.105) h0.56/0.00 g0/0 w a-80/3 f-80 l-80/3 as139/120 st5 thr1.00 501:0 s0 k0 d1 f0 t3 m127 player 4: (45.005 -66.122 0.806) h1.00/0.86 g0/0 w a-6/-3 f-6 l-6/-3 as139/120 st6 thr1.00 501:0 s1 k1 d1 f0 t4 m127 player 5: (53.805 -83.170 0.143) h1.00/1.00 g0/0 w a176/-3 f176 l176/-3 as139/120 st7 thr1.00 501:0 s0 k0 d2 f0 t5 m126 player 6: (42.372 -84.975 0.466) h1.00/0.77 riding g0/0 w a-53/13 f0 l-53/13 as28/120 st0 thr0.00 501:0 s0 k0 d0 f0 t6 m126 player 7: (101.580 -159.620 0.298) h1.00/0.46 g0/0 w a23/-1 f23 l23/-1 as139/120 st7 thr1.00 501:0 s0 k0 d1 f0 t7 m126 player 8: (111.694 -156.928 0.149) h0.68/0.74 g0/0 w a-127/0 f-127 l-127/0 as139/120 st6 thr1.00 501:0 s1 k1 d0 f0 t8 m126 player 9: (28.894 -84.647 0.210) h0.49/0.00 g0/0 w a161/4 f153 l161/4 as139/120 st5 thr1.00 501:0 s0 k0 d1 f0 t9 m125 player 10: (50.448 -83.077 0.101) h1.00/0.74 g0/0 w a-3/-1 f-5 l-3/-1 as139/120 st7 thr1.00 501:0 s0 k0 d0 f0 t10 m125 player 11: (104.904 -158.256 0.205) h1.00/0.05 g0/0 w a9/-2 f9 l9/-2 as139/120 st7 thr1.00 501:0 s0 k0 d0 f0 t11 m125 player 12: (96.255 -153.797 0.124) h0.94/1.00 g0/0 w a88/-3 f88 l88/-3 as139/120 st7 thr1.00 501:0 s1 k1 d0 f0 t12 m125 player 13: (96.370 -150.217 0.067) h1.00/0.58 g0/0 w a-90/-1 f-90 l-90/-1 as139/120 st6 thr1.00 501:0 s0 k0 d1 f0 t13 m124 player 14: (107.838 -162.043 0.429) h1.00/0.36 g0/0 w a128/-3 f130 l128/-3 as140/120 st20 thr1.00 501:0 s0 k0 d0 f0 t14 m124 player 15: (25.162 -83.161 0.653) h1.00/1.00 g0/0 w a-21/-10 f-21 l-21/-10 as139/120 st6 thr1.00 501:0 s0 k0 d0 f0 t15 m124 player 16: (87.062 -155.847 -0.001) h1.00/1.00 g0/0 w a170/-0 f170 l170/-0 as139/120 
chupathingyce: network test: tick 1470 player 0: (38.013 -77.940 -0.287) h0.38/0.67 g0/0 w a78/-22 f78 l78/-22 as160/120 st4 thr1.00 501:0 396:25 s4 k4 d0 f0 t0 m0 player 1: (44.261 -88.810 0.096) h1.00/0.47 g0/0 w a21/-4 f21 l21/-4 as139/120 st7 thr1.00 501:0 s0 k0 d1 f0 t1 m127 player 2: (84.451 -147.503 -0.003) h1.00/1.00 g0/0 w a-124/-1 f-124 l-124/-1 as139/120 st6 thr1.00 501:0 s0 k0 d1 f0 t2 m127 player 3: (101.378 -167.261 0.014) h0.42/0.00 g0/0 w a-71/6 f-71 l-71/6 as139/120 st5 thr1.00 501:0 s0 k0 d1 f0 t3 m127 player 4: (45.525 -64.198 1.477) h1.00/0.86 g0/0 w a-18/-4 f-15 l-18/-4 as140/120 st20 thr1.00 501:0 s1 k1 d1 f0 t4 m127 player 5: (53.958 -83.542 0.134) h0.85/0.00 g0/0 w a-171/-4 f-171 l-171/-4 as139/120 st6 thr1.00 501:0 s0 k0 d2 f0 t5 m126 player 6: (42.372 -84.975 0.466) h1.00/0.77 riding g0/0 w a-64/1 f0 l-62/1 as28/120 st0 thr0.00 501:0 s0 k0 d0 f0 t6 m126 player 7: (102.513 -161.610 0.526) h1.00/0.46 g0/0 w a33/-11 f23 l33/-11 as140/120 st20 thr1.00 501:0 s0 k0 d1 f0 t7 m126 player 8: (112.424 -156.125 0.313) h0.57/0.00 g0/0 w a-131/-2 f-131 l-131/-2 as139/120 st5 thr1.00 501:0 s1 k1 d0 f0 t8 m126 player 9: (30.654 -85.272 0.082) h0.37/0.00 g0/0 w a160/5 f160 l160/5 as139/120 st5 thr1.00 501:0 s0 k0 d1 f0 t9 m125 player 10: (50.616 -84.006 0.092) h1.00/0.74 g0/0 w a10/-2 f10 l10/-2 as139/120 st7 thr1.00 501:0 s0 k0 d0 f0 t10 m125 player 11: (105.075 -159.780 0.122) h0.68/0.00 g0/0 w a-66/-2 f-48 l-66/-2 as139/120 st9 thr1.00 501:0 s0 k0 d0 f0 t11 m125 player 12: (95.800 -153.934 0.127) h0.94/0.87 g0/0 w a99/1 f99 l99/1 as139/120 st6 thr1.00 501:0 s1 k1 d0 f0 t12 m125 player 13: (95.280 -150.377 0.413) h1.00/0.58 g0/0 w a-81/-5 f-81 l-81/-5 as140/120 st20 thr1.00 501:0 s0 k0 d1 f0 t13 m124 player 14: (106.454 -163.048 0.029) h1.00/0.36 g0/0 w a115/-3 f130 l115/-3 as140/120 st21 thr1.00 501:0 s0 k0 d0 f0 t14 m124 player 15: (25.125 -83.289 0.667) h1.00/1.00 g0/0 w a-19/-8 f-19 l-19/-8 as139/120 st6 thr1.00 501:0 s0 k0 d0 f0 t15 m124 player 16: (86.897 -156.797 0.021) h1.00/1.00 g0/0 w a168/-2 f168 l168/-2
chupathingyce: network test: tick 1500 player 0: (38.982 -76.484 -0.287) h0.38/0.92 g0/0 w a47/-17 f47 l47/-17 as160/120 st6 thr1.00 501:0 396:25 s4 k4 d0 f0 t0 m0 player 1: (45.033 -90.547 0.125) h1.00/0.47 g0/0 w a24/-3 f24 l24/-3 as139/120 st6 thr1.00 501:0 s0 k0 d1 f0 t1 m127 player 2: (85.002 -147.852 0.017) h1.00/1.00 g0/0 w a-137/-1 f-137 l-137/-1 as139/120 st7 thr1.00 501:0 s0 k0 d1 f0 t2 m127 player 3: (100.160 -165.722 -0.005) h0.42/0.00 g0/0 w a-60/0 f-60 l-60/0 as139/120 st5 thr1.00 501:0 s0 k0 d1 f0 t3 m127 player 4: (46.448 -62.472 1.452) h1.00/0.86 g0/0 w a-44/-9 f-44 l-44/-9 as139/120 st6 thr1.00 501:0 s1 k1 d1 f0 t4 m127 player 5: (53.964 -85.914 0.085) h0.85/0.00 g0/0 w a158/-2 f158 l158/-2 as139/120 st6 thr1.00 501:0 s0 k0 d2 f0 t5 m126 player 6: (42.372 -84.975 0.466) h1.00/0.75 riding g0/0 w a-65/1 f0 l-62/1 as28/120 st0 thr0.00 501:0 s0 k0 d0 f0 t6 m126 player 7: (104.051 -162.792 0.035) h1.00/0.46 g0/0 w a-20/-6 f-13 l-20/-6 as139/120 st5 thr1.00 501:0 s0 k0 d1 f0 t7 m126 player 8: (113.076 -154.430 0.437) h0.57/0.00 g0/0 w a-129/-2 f-129 l-129/-2 as139/120 st5 thr1.00 501:0 s1 k1 d0 f0 t8 m126 player 9: (31.669 -86.226 0.015) h0.23/0.00 g0/0 w a159/4 f159 l159/4 as139/120 st6 thr1.00 501:0 s0 k0 d1 f0 t9 m125 player 10: (50.838 -84.398 0.104) h1.00/0.60 g0/0 w a-21/-4 f-21 l-21/-4 as139/120 st6 thr1.00 501:0 s0 k0 d0 f0 t10 m125 player 11: (104.999 -158.156 0.204) h0.68/0.00 g0/0 w a-82/-4 f-82 l-82/-4 as139/120 st5 thr1.00 501:0 s0 k0 d0 f0 t11 m125 player 12: (93.962 -154.061 0.128) h0.94/0.87 g0/0 w a93/2 f93 l93/2 as139/120 st6 thr1.00 501:0 s1 k1 d0 f0 t12 m125 player 13: (93.777 -150.590 0.213) h1.00/0.58 g0/0 w a-87/-5 f-81 l-87/-5 as140/120 st20 thr1.00 501:0 s0 k0 d1 f0 t13 m124 player 14: (105.969 -163.466 0.026) h1.00/0.24 g0/0 w a159/-4 f159 l159/-4 as139/120 st5 thr1.00 501:0 s0 k0 d0 f0 t14 m124 player 15: (24.987 -83.552 0.709) h1.00/1.00 g0/0 w a-22/-7 f-22 l-22/-7 as139/120 st7 thr1.00 501:0 s0 k0 d0 f0 t15 m124 player 16: (86.140 -158.628 0.061) h1.00/1.00 g0/0 w a150/-0 f150 l150/-0 a
chupathingyce: bots: bot 1 at (45.0 -90.5 0.1) yaw 23 fight, target 22 (seen), shield 0.47, kills 0 deaths 1
chupathingyce: bots: bot 2 at (84.6 -147.5 -0.0) yaw -130 fight, target 23 (seen), shield 1.00, kills 0 deaths 1
chupathingyce: bots: bot 3 at (100.1 -164.7 0.0) yaw -56 retreat, target 20 (seen), shield 0.00, kills 0 deaths 1
chupathingyce: bots: bot 4 at (47.0 -62.0 1.6) yaw -73 fight, target 17 (seen), shield 0.86, kills 1 deaths 1
chupathingyce: bots: bot 5 at (52.3 -87.4 0.1) yaw 120 fight, target 10 (seen), shield 0.00, kills 0 deaths 2
chupathingyce: network test: tick 1530 player 0: (39.621 -76.241 -0.287) h0.38/1.00 g0/0 w a24/-14 f24 l24/-14 as160/120 st4 thr1.00 501:0 396:25 s4 k4 d0 f0 t0 m0 player 1: (45.144 -88.725 0.060) h1.00/0.33 g0/0 w a-19/-1 f-19 l-19/-1 as139/120 st6 thr1.00 501:0 s0 k0 d1 f0 t1 m127 player 2: (83.792 -147.036 0.141) h1.00/1.00 g0/0 w a-121/-1 f-121 l-121/-1 as139/120 st4 thr1.00 501:0 s0 k0 d1 f0 t2 m127 player 3: (99.482 -163.983 0.093) h0.42/0.00 g0/0 w a12/-4 f12 l12/-4 as139/120 st5 thr1.00 501:0 s0 k0 d1 f0 t3 m127 player 4: (46.411 -62.199 1.879) h1.00/0.86 g0/0 w a-74/-13 f-73 l-74/-13 as140/120 st20 thr1.00 501:0 s1 k1 d1 f0 t4 m127 player 5: (52.192 -87.454 0.070) h0.85/0.00 g0/0 w a120/-2 f120 l120/-2 as139/120 st6 thr1.00 501:0 s0 k0 d2 f0 t5 m126 player 6: (42.372 -84.975 0.466) h1.00/0.75 riding g0/0 w a-56/1 f0 l-56/1 as28/120 st0 thr0.00 501:0 s0 k0 d0 f0 t6 m126 player 7: (103.144 -163.440 0.029) h1.00/0.34 g0/0 w a2/-2 f2 l2/-2 as139/120 st7 thr1.00 501:0 s0 k0 d1 f0 t7 m126 player 8: (114.815 -153.666 0.921) h0.57/0.00 g0/0 w a-129/-5 f-129 l-129/-5 as139/120 st5 thr1.00 501:0 s1 k1 d0 f0 t8 m126 player 9: (31.511 -86.862 0.025) h0.23/0.00 g0/0 w a145/3 f145 l145/3 as139/120 st7 thr1.00 501:0 s0 k0 d1 f0 t9 m125 player 10: (50.483 -84.250 0.090) h1.00/0.45 g0/0 w a-61/-3 f-61 l-61/-3 as139/120 st7 thr1.00 501:0 s0 k0 d0 f0 t10 m125 player 11: (103.953 -156.621 0.146) h0.68/0.00 g0/0 w a-66/-2 f-66 l-66/-2 as139/120 st5 thr1.00 501:0 s0 k0 d0 f0 t11 m125 player 12: (92.006 -154.071 0.101) h0.94/0.87 g0/0 w a80/1 f80 l80/1 as139/120 st6 thr1.00 501:0 s1 k1 d0 f0 t12 m125 player 13: (92.947 -150.688 0.395) h1.00/0.45 g0/0 w a-102/-5 f-102 l-102/-5 as139/120 st6 thr1.00 501:0 s0 k0 d1 f0 t13 m124 player 14: (107.049 -163.253 0.049) h1.00/0.11 g0/0 w a-179/-3 f-179 l-179/-3 as139/120 st6 thr1.00 501:0 s0 k0 d0 f0 t14 m124 player 15: (25.530 -82.763 0.557) h1.00/1.00 g0/0 w a-36/-5 f-36 l-36/-5 as139/120 st6 thr1.00 501:0 s0 k0 d0 f0 t15 m124 player 16: (86.630 -157.831 0.050) h1.00/1.00 g0/0 w a168/-1 f168 l168/-1
chupathingyce: bots: bot 6 at (42.2 -84.8 0.5) yaw -51 vehicle, target 1 (seen), shield 0.75, kills 0 deaths 0
chupathingyce: bots: bot 7 at (103.2 -164.3 0.0) yaw 7 fight, target 14 (seen), shield 0.34, kills 0 deaths 1
chupathingyce: bots: bot 8 at (115.1 -153.3 1.0) yaw -127 retreat, target 14 (seen), shield 0.00, kills 1 deaths 0
chupathingyce: bots: bot 9 at (32.6 -85.3 -0.0) yaw 147 fight, target 15 (seen), shield 0.00, kills 0 deaths 1
chupathingyce: network test: tick 1560 player 0: (40.377 -74.556 -0.026) h0.38/1.00 g0/0 w a76/-0 f76 l76/-0 as160/120 st4 thr1.00 501:0 396:25 s4 k4 d0 f0 t0 m0 player 1: (46.344 -86.944 0.230) h1.00/0.33 g0/0 w a-59/7 f-59 l-59/7 as140/120 st20 thr1.00 501:0 s0 k0 d1 f0 t1 m127 player 2: (83.793 -148.718 0.370) h1.00/0.88 g0/0 w a-120/-4 f-121 l-120/-4 as140/120 st20 thr1.00 501:0 s0 k0 d1 f0 t2 m127 player 3: (97.666 -164.680 0.131) h0.42/0.00 g0/0 w a3/-3 f3 l3/-3 as139/120 st7 thr1.00 501:0 s0 k0 d1 f0 t3 m127 player 4: (44.728 -62.698 1.679) h1.00/0.86 g0/0 w a-50/-12 f-73 l-50/-12 as140/120 st20 thr1.00 501:0 s1 k1 d1 f0 t4 m127 player 5: (50.023 -88.478 0.722) h0.85/0.00 g0/0 w a111/-2 f115 l111/-2 as140/120 st20 thr1.00 501:0 s0 k0 d2 f0 t5 m126 player 6: (42.372 -84.975 0.466) h1.00/0.72 riding g0/0 w a-2/6 f0 l-2/6 as28/120 st0 thr0.00 501:0 s0 k0 d0 f0 t6 m126 player 7: (103.281 -164.289 0.002) h1.00/0.21 g0/0 w a-7/-0 f-7 l-7/-0 as139/120 st6 thr1.00 501:0 s0 k0 d1 f0 t7 m126 player 8: (115.042 -152.640 1.000) h0.57/0.00 g0/0 w a-124/-4 f-124 l-124/-4 as139/120 st5 thr1.00 501:0 s1 k1 d0 f0 t8 m126 player 9: (32.723 -85.035 0.223) h0.11/0.00 g0/0 w a147/7 f147 l147/7 as140/120 st20 thr1.00 501:0 s0 k0 d1 f0 t9 m125 player 10: (48.679 -85.111 0.653) h1.00/0.45 g0/0 w a-69/-1 f-63 l-69/-1 as140/120 st20 thr1.00 501:0 s0 k0 d0 f0 t10 m125 player 11: (104.226 -154.644 0.088) h0.68/0.00 g0/0 w a-74/-1 f-74 l-74/-1 as139/120 st5 thr1.00 501:0 s0 k0 d0 f0 t11 m125 player 12: (90.587 -153.887 0.544) h0.94/0.87 g0/0 w a33/0 f72 l33/0 as140/120 st20 thr1.00 501:0 s1 k1 d0 f0 t12 m125 player 13: (94.770 -151.391 0.623) h1.00/0.45 g0/0 w a-147/-2 f-106 l-147/-2 as140/120 st20 thr1.00 501:0 s0 k0 d1 f0 t13 m124 player 14: (107.173 -165.046 0.091) h0.99/0.00 g0/0 w a173/-4 f173 l173/-4 as139/120 st6 thr1.00 501:0 s0 k0 d0 f0 t14 m124 player 15: (26.635 -81.096 0.999) h1.00/1.00 g0/0 w a-34/-9 f-35 l-34/-9 as140/120 st20 thr1.00 501:0 s0 k0 d0 f0 t15 m124 player 16: (86.168 -159.566 0.721) h1.00/1.00 g0/0 w a102/-2 f144 l102/-2 
chupathingyce: bots: bot 10 at (48.5 -85.2 0.6) yaw -70 fight, target 5 (seen), shield 0.45, kills 0 deaths 0
chupathingyce: bots: bot 11 at (104.4 -154.0 0.1) yaw -76 retreat, target 14 (seen), shield 0.00, kills 0 deaths 0
chupathingyce: bots: bot 12 at (90.6 -154.4 0.1) yaw 23 fight, target 13 (seen), shield 0.87, kills 1 deaths 0
chupathingyce: bots: bot 13 at (95.7 -152.8 0.1) yaw -158 fight, target 12 (seen), shield 0.45, kills 0 deaths 1
chupathingyce: network test: tick 1590 player 0: (41.657 -73.092 0.132) h0.38/1.00 g0/0 w a36/-3 f36 l36/-3 as160/120 st4 thr1.00 501:0 396:25 s4 k4 d0 f0 t0 m0 player 1: (48.030 -86.098 0.244) h1.00/0.33 g0/0 w a113/-31 f-59 l113/-31 as140/120 st20 thr1.00 501:0 s0 k0 d1 f0 t1 m127 player 2: (83.634 -151.080 -0.020) h1.00/0.88 g0/0 w a-131/0 f-131 l-131/0 as139/120 st4 thr1.00 501:0 s0 k0 d1 f0 t2 m127 player 3: (97.683 -165.243 0.109) h0.29/0.00 g0/0 w a12/-3 f12 l12/-3 as139/120 st6 thr1.00 501:0 s0 k0 d1 f0 t3 m127 player 4: (45.376 -62.179 1.426) h1.00/0.86 g0/0 w a-72/-9 f-72 l-72/-9 as139/120 st6 thr1.00 501:0 s1 k1 d1 f0 t4 m127 player 5: (47.733 -89.165 0.095) h0.85/0.00 g0/0 w a94/-4 f94 l94/-4 as139/120 st6 thr1.00 501:0 s0 k0 d2 f0 t5 m126 player 6: (42.372 -84.975 0.466) h1.00/0.72 riding g0/0 w a-4/-1 f0 l-4/-1 as28/120 st0 thr0.00 501:0 s0 k0 d0 f0 t6 m126 player 7: (102.892 -164.372 0.005) h1.00/0.21 g0/0 w a-35/-0 f-35 l-35/-0 as139/120 st7 thr1.00 501:0 s0 k0 d1 f0 t7 m126 player 8: (114.894 -150.696 0.992) h0.57/0.00 g0/0 w a-120/-4 f-120 l-120/-4 as139/120 st5 thr1.00 501:0 s1 k1 d0 f0 t8 m126 player 9: (33.723 -83.483 0.237) h0.11/0.00 g0/0 w a151/-2 f147 l151/-2 as140/120 st20 thr1.00 501:0 s0 k0 d1 f0 t9 m125 player 10: (47.464 -85.029 -0.005) h1.00/0.33 g0/0 w a-67/8 f-67 l-67/8 as139/120 st5 thr1.00 501:0 s0 k0 d0 f0 t10 m125 player 11: (104.822 -152.739 0.125) h0.68/0.00 g0/0 w a-82/-1 f-82 l-82/-1 as139/120 st5 thr1.00 501:0 s0 k0 d0 f0 t11 m125 player 12: (90.894 -155.209 0.106) h0.94/0.87 g0/0 w a22/-2 f22 l22/-2 as139/120 st7 thr1.00 501:0 s1 k1 d0 f0 t12 m125 player 13: (95.862 -153.175 0.110) h1.00/0.45 g0/0 w a-158/-2 f-158 l-158/-2 as139/120 st6 thr1.00 501:0 s0 k0 d1 f0 t13 m124 player 14: (106.271 -166.697 0.097) h0.85/0.00 g0/0 w a146/-3 f146 l146/-3 as139/120 st6 thr1.00 501:0 s0 k0 d0 f0 t14 m124 player 15: (27.278 -80.118 0.325) h1.00/1.00 g0/0 w a-30/-1 f-30 l-30/-1 as139/120 st7 thr1.00 501:0 s0 k0 d0 f0 t15 m124 player 16: (85.544 -159.912 0.094) h1.00/1.00 g0/0 w a42/-1 f42 l42/-1 as
chupathingyce: bots: bot 14 at (106.2 -166.8 0.2) yaw 146 fight, target 7 (seen), shield 0.00, kills 0 deaths 0
chupathingyce: bots: bot 15 at (27.1 -80.6 0.7) yaw -21 fight, target 9 (seen), shield 1.00, kills 0 deaths 0
chupathingyce: bots: bot 16 at (85.9 -160.4 0.1) yaw 39 fight, target 12 (seen), shield 1.00, kills 0 deaths 0
chupathingyce: bots: bot 17 at (47.3 -67.7 0.6) yaw 100 fight, target 4 (seen), shield 0.75, kills 0 deaths 1
chupathingyce: bots: bot 18 at (99.4 -173.4 0.8) yaw 98 fight, target 3 (seen), shield 1.00, kills 0 deaths 1
chupathingyce: network test: tick 1620 player 0: (43.159 -71.678 0.054) h0.38/1.00 g0/0 w a40/-1 f40 l40/-1 as160/120 st4 thr1.00 501:0 396:25 s4 k4 d0 f0 t0 m0 player 1: (49.340 -86.776 0.085) h1.00/0.33 g0/0 w a132/5 f132 l132/5 as139/120 st7 thr1.00 501:0 s0 k0 d1 f0 t1 m127 player 2: (83.306 -153.411 -0.074) h1.00/0.88 g0/0 w a-131/1 f-131 l-131/1 as139/120 st6 thr1.00 501:0 s0 k0 d1 f0 t2 m127 player 3: (98.187 -164.558 0.123) h0.15/0.00 g0/0 w a-19/-5 f-19 l-19/-5 as139/120 st7 thr1.00 501:0 s0 k0 d1 f0 t3 m127 player 4: (45.744 -62.151 1.454) h1.00/0.98 g0/0 w a-72/-10 f-72 l-72/-10 as139/120 st7 thr1.00 501:0 s1 k1 d1 f0 t4 m127 player 5: (45.345 -88.999 0.729) h0.85/0.00 g0/0 w a79/-2 f85 l79/-2 as140/120 st20 thr1.00 501:0 s0 k0 d2 f0 t5 m126 player 6: (42.372 -84.975 0.466) h1.00/0.72 riding g0/0 w a19/9 f0 l19/9 as28/120 st0 thr0.00 501:0 s0 k0 d0 f0 t6 m126 player 7: (102.074 -165.624 -0.007) h1.00/0.21 g0/0 w a-34/7 f-34 l-34/7 as139/120 st6 thr1.00 501:0 s0 k0 d1 f0 t7 m126 player 8: (114.365 -149.537 0.857) h0.57/0.00 g0/0 w a-170/-5 f-170 l-170/-5 as139/120 st7 thr1.00 501:0 s1 k1 d0 f0 t8 m126 player 9: dead s0 k0 d2 f0 t9 m125 player 10: (46.310 -83.497 0.639) h1.00/0.19 g0/0 w a-49/-9 f-56 l-49/-9 as140/120 st20 thr1.00 501:0 s0 k0 d0 f0 t10 m125 player 11: (105.708 -150.948 0.157) h0.68/0.00 g0/0 w a-90/2 f-90 l-90/2 as139/120 st5 thr1.00 501:0 s0 k0 d0 f0 t11 m125 player 12: (91.300 -156.323 0.833) h0.94/0.87 g0/0 w a29/-10 f21 l29/-10 as140/120 st20 thr1.00 501:0 s1 k1 d0 f0 t12 m125 player 13: (95.253 -154.583 0.049) h1.00/0.45 g0/0 w a173/-2 f173 l173/-2 as139/120 st4 thr1.00 501:0 s0 k0 d1 f0 t13 m124 player 14: (105.444 -168.172 0.539) h0.61/0.00 g0/0 w a147/-11 f147 l147/-11 as140/120 st20 thr1.00 501:0 s0 k0 d0 f0 t14 m124 player 15: (26.788 -82.033 0.807) h1.00/1.00 g0/0 w a0/-2 f-26 l0/-2 as140/120 st20 thr1.00 501:0 s0 k0 d0 f0 t15 m124 player 16: (86.530 -161.128 0.111) h1.00/1.00 g0/0 w a44/5 f44 l44/5 as139/120 st7 thr1.00 501:0 s0 k0 d0 f0 t16 m124 player 17: (47.891 -67.567 0.607) h1.00/0.7
chupathingyce: bots: bot 13 seeking vehicle -495910910
chupathingyce: bots: bot 19 at (34.5 -78.7 0.1) yaw -155 fight, target 15 (seen), shield 1.00, kills 2 deaths 0
chupathingyce: bots: bot 20 at (102.7 -170.2 0.2) yaw 29 fight, target 14 (seen), shield 1.00, kills 0 deaths 0
chupathingyce: bots: bot 21 at (51.1 -81.6 0.1) yaw -101 fight, target 1 (seen), shield 1.00, kills 1 deaths 0
chupathingyce: bots: bot 22 at (49.7 -90.7 0.9) yaw 160 fight, target 5 (seen), shield 0.86, kills 1 deaths 0
chupathingyce: network test: tick 1650 player 0: (44.744 -70.348 0.496) h0.38/1.00 g0/0 w a40/1 f40 l40/1 as161/120 st20 thr1.00 501:0 396:24 s4 k4 d0 f0 t0 m0 player 1: (50.296 -85.629 0.102) h1.00/0.33 g0/0 w a153/-2 f153 l153/-2 as139/120 st6 thr1.00 501:0 s0 k0 d1 f0 t1 m127 player 2: (82.878 -155.594 -0.141) h1.00/0.88 g0/0 w a-145/3 f-145 l-145/3 as139/120 st4 thr1.00 501:0 s0 k0 d1 f0 t2 m127 player 3: (98.157 -165.987 0.053) h0.15/0.00 g0/0 w a15/-2 f15 l15/-2 as139/120 st6 thr1.00 501:0 s0 k0 d1 f0 t3 m127 player 4: (44.822 -62.627 1.321) h1.00/1.00 g0/0 w a-37/-6 f-37 l-37/-6 as139/120 st6 thr1.00 501:0 s1 k1 d1 f0 t4 m127 player 5: (44.031 -88.760 0.102) h0.84/0.00 g0/0 w a76/-2 f75 l76/-2 as139/120 st11 thr1.00 501:0 s0 k0 d2 f0 t5 m126 player 6: (42.372 -84.975 0.466) h1.00/0.72 riding g0/0 w a-5/0 f0 l-5/0 as28/120 st0 thr0.00 501:0 s0 k0 d0 f0 t6 m126 player 7: (103.153 -164.638 -0.007) h1.00/0.21 g0/0 w a-58/-1 f-58 l-58/-1 as139/120 st7 thr1.00 501:0 s0 k0 d1 f0 t7 m126 player 8: (114.474 -149.694 0.888) h0.57/0.21 g0/0 w a-166/-5 f-166 l-166/-5 as139/120 st6 thr1.00 501:0 s1 k1 d0 f0 t8 m126 player 9: dead s0 k0 d2 f0 t9 m125 player 10: (45.529 -82.855 0.090) h1.00/0.06 g0/0 w a-30/-1 f-30 l-30/-1 as139/120 st6 thr1.00 501:0 s0 k0 d0 f0 t10 m125 player 11: (105.021 -152.091 0.141) h0.68/0.03 g0/0 w a-88/-1 f-88 l-88/-1 as139/120 st4 thr1.00 501:0 s0 k0 d0 f0 t11 m125 player 12: (90.481 -155.865 0.112) h0.94/0.74 g0/0 w a-111/-1 f-80 l-111/-1 as139/120 st7 thr1.00 501:0 s1 k1 d0 f0 t12 m125 player 13: (96.402 -153.592 0.121) h1.00/0.45 g0/0 w a10/-1 f10 l10/-1 as139/120 st7 thr1.00 501:0 s0 k0 d1 f0 t13 m124 player 14: (106.088 -169.274 0.104) h0.47/0.00 g0/0 w a121/-2 f121 l121/-2 as139/120 st5 thr1.00 501:0 s0 k0 d0 f0 t14 m124 player 15: (27.027 -83.015 0.361) h1.00/1.00 g0/0 w a25/-2 f25 l25/-2 as139/120 st6 thr1.00 501:0 s0 k0 d0 f0 t15 m124 player 16: (88.148 -162.277 0.148) h1.00/1.00 g0/0 w a68/-2 f68 l68/-2 as139/120 st7 thr1.00 501:0 s0 k0 d0 f0 t16 m124 player 17: (49.557 -66.208 0.830) h1.00/0.45 g
chupathingyce: bots: bot 23 at (74.3 -161.4 0.4) yaw 34 fight, target 2 (seen), shield 0.00, kills 1 deaths 0
chupathingyce: exiting after debug.exit_after
chupathingyce: frame stats: 32436 frames written to /tmp/jobsbench/lobby_r24_off/frames.csv
