chupathingyce: settings: /tmp/jobsbench/lobby_r24_parallel/saves/config.toml
chupathingyce: settings: added graphics.texture_cache_mb (new in this version) at its default
chupathingyce: save root: /tmp/jobsbench/lobby_r24_parallel/saves
chupathingyce: data root: /Users/noahlopez/Library/Application Support/ChupathingyCE (the game's log: debug.txt there)
chupathingyce: ChupathingyCE 0.7.1d-dev (dev, debug config, commit 80b829aa, built 2026-10-09) macOS arm64
chupathingyce: OpenCE network version 24 (joins 11-24); Delta 1, wire chupa-24a, legacy table: built in; protocol auto
chupathingyce: Following OpenCE network version 24 (built in)
chupathingyce: features: infection off, bots on
chupathingyce: anti-aliasing: off
chupathingyce: screen: 640x480 drawn at 1280x960
chupathingyce: OpenGL 4.1 Metal - 90.5 on Apple M2 Pro
chupathingyce: cannot map the visibility test results; tests read their queries
chupathingyce: shader cache: 105 shaders and 93 programs made ready in 259 ms (/tmp/jobsbench/lobby_r24_parallel/saves/shader_cache.bin)
chupathingyce: screen: 738x480 drawn at 2560x1662
chupathingyce: high-res hud: 69 of 104 bitmaps in this map (35 not in it)
chupathingyce: network test: host:bloodgulch:slayer
chupathingyce: high-res text: ui\small_ui drawn with Overpass-750.ttf
chupathingyce: Delta: legacy table 5 from Delta List: announcing 25, joining 11 to 25; following OpenCE build-169
chupathingyce: jobs: parallel, 2 workers (8 performance cores), 130 KiB of graph arenas
chupathingyce: network test: hosting bloodgulch
chupathingyce: Delta Peer: hosting with Delta on port 5160
chupathingyce: Delta Peer: every machine of the game shares capabilities 0x13
chupathingyce: high-res text: ui\large_ui drawn with Overpass-900.ttf
chupathingyce: network test: game 1, slayer
chupathingyce: network test: starting the game
chupathingyce: high-res hud: 70 of 104 bitmaps in this map (34 not in it)
chupathingyce: shadow maps: 128x128
chupathingyce: network test: player 0 is named Player
chupathingyce: network test: tick 30 player 0: (42.911 -67.765 0.518) h1.00/1.00 g0/0 w a-119/0 f-119 l-119/0 as140/120 st0 thr0.00 501:0 s0 k0 d0 f0 t0 m0 | items 35 (+41 -0 !0 x0) | playing to 15 | sent 5 received 3 corrected 0 | hits 0 dealt 0 rejected 0 replayed 0 | local 0 camera (42.9 -67.8 1.1) respawn 0
chupathingyce: bots: Bot 1 joined (spartan)
chupathingyce: bots: bot 1 inventory slot 0 now weapon 501
chupathingyce: bots: bot 1 seeking vehicle -495910910
chupathingyce: network test: player 1 is named Bot 1
chupathingyce: network test: tick 60 player 0: (42.911 -67.765 0.518) h1.00/1.00 g0/0 w a-119/0 f-119 l-119/0 as140/120 st0 thr0.00 501:0 s0 k0 d0 f0 t0 m0 player 1: (104.727 -160.590 0.089) h1.00/1.00 g0/0 w a101/0 f101 l101/0 as139/120 st4 thr1.00 501:0 s0 k0 d0 f0 t1 m127 | items 35 (+43 -0 !0 x0) | playing to 15 | sent 10 received 5 corrected 0 | hits 0 dealt 0 rejected 0 replayed 0 | local 0 camera (42.9 -67.8 1.1) respawn 0
chupathingyce: bots: Bot 2 joined (spartan)
chupathingyce: bots: bot 2 inventory slot 0 now weapon 501
chupathingyce: bots: navigation graph of 70 nodes and 438 links
chupathingyce: network test: player 2 is named Bot 2
chupathingyce: network test: tick 90 player 0: (42.911 -67.765 0.518) h1.00/1.00 g0/0 w a-119/0 f-119 l-119/0 as140/120 st0 thr0.00 501:0 s0 k0 d0 f0 t0 m0 player 1: (104.312 -158.383 0.222) h1.00/1.00 g0/0 w a101/0 f101 l101/0 as139/120 st4 thr1.00 501:0 s0 k0 d0 f0 t1 m127 player 2: (84.737 -157.901 -0.039) h1.00/1.00 g0/0 w a-121/0 f-121 l-121/0 as139/120 st4 thr1.00 501:0 s0 k0 d0 f0 t2 m127 | items 35 (+45 -0 !0 x0) | playing to 15 | sent 14 received 7 corrected 0 | hits 0 dealt 0 rejected 0 replayed 0 | local 0 camera (42.9 -67.8 1.1) respawn 0
chupathingyce: bots: Bot 3 joined (spartan)
chupathingyce: bots: bot 3 inventory slot 0 now weapon 501
chupathingyce: network test: player 3 is named Bot 3
chupathingyce: network test: tick 120 player 0: (42.911 -67.765 0.518) h1.00/1.00 g0/0 w a-119/0 f-119 l-119/0 as140/120 st0 thr0.00 501:0 s0 k0 d0 f0 t0 m0 player 1: (103.897 -156.176 0.109) h1.00/1.00 g0/0 w a101/0 f101 l101/0 as139/120 st4 thr1.00 501:0 s0 k0 d0 f0 t1 m127 player 2: (83.794 -158.857 -0.040) h1.00/1.00 g0/0 w a-113/0 f-113 l-113/0 as139/120 st4 thr1.00 501:0 s0 k0 d0 f0 t2 m127 player 3: (37.448 -67.024 0.344) h1.00/1.00 g0/0 w a-6/1 f-6 l-6/1 as139/120 st6 thr1.00 501:0 s0 k0 d0 f0 t3 m127 | items 35 (+47 -0 !0 x0) | playing to 15 | sent 19 received 9 corrected 0 | hits 0 dealt 0 rejected 0 replayed 0 | local 0 camera (42.9 -67.8 1.1) respawn 0
chupathingyce: bots: Bot 4 joined (spartan)
chupathingyce: bots: bot 4 inventory slot 0 now weapon 501
chupathingyce: bots: bot 4 seeking vehicle -496041984
chupathingyce: network test: player 4 is named Bot 4
chupathingyce: network test: tick 150 player 0: (42.911 -67.765 0.518) h1.00/0.72 g0/0 w a-119/0 f-119 l-119/0 as140/120 st0 thr0.00 501:0 s0 k0 d0 f0 t0 m0 player 1: (103.482 -153.967 0.035) h1.00/1.00 g0/0 w a101/0 f101 l101/0 as139/120 st4 thr1.00 501:0 s0 k0 d0 f0 t1 m127 player 2: (82.750 -160.813 0.065) h1.00/1.00 g0/0 w a-137/0 f-137 l-137/0 as139/120 st4 thr1.00 501:0 s0 k0 d0 f0 t2 m127 player 3: (38.017 -65.136 0.594) h1.00/1.00 g0/0 w a-28/-1 f-28 l-28/-1 as139/120 st6 thr1.00 501:0 s0 k0 d0 f0 t3 m127 player 4: (35.925 -90.199 0.137) h1.00/1.00 g0/0 w a-180/0 f-180 l-180/0 as139/120 st4 thr1.00 501:0 s0 k0 d0 f0 t4 m127 | items 35 (+49 -0 !0 x0) | playing to 15 | sent 29 received 11 corrected 0 | hits 0 dealt 0 rejected 0 replayed 0 | local 0 camera (42.9 -67.8 1.1) respawn 0
chupathingyce: bots: Bot 5 joined (spartan)
chupathingyce: bots: bot 5 inventory slot 0 now weapon 501
chupathingyce: network test: player 5 is named Bot 5
chupathingyce: network test: tick 180 player 0: (42.911 -67.765 0.518) h1.00/0.58 g0/0 w a-119/0 f-119 l-119/0 as140/120 st0 thr0.00 501:0 s0 k0 d0 f0 t0 m0 player 1: (102.880 -152.697 0.000) h1.00/1.00 g0/0 w a141/-1 f141 l141/-1 as139/120 st6 thr1.00 501:0 s0 k0 d0 f0 t1 m127 player 2: (81.104 -162.345 0.113) h1.00/1.00 g0/0 w a-137/0 f-137 l-137/0 as139/120 st4 thr1.00 501:0 s0 k0 d0 f0 t2 m127 player 3: (39.183 -63.586 0.864) h1.00/1.00 g0/0 w a-47/-5 f-47 l-47/-5 as139/120 st7 thr1.00 501:0 s0 k0 d0 f0 t3 m127 player 4: (33.678 -90.199 0.237) h1.00/1.00 g0/0 w a-180/0 f-180 l-180/0 as139/120 st4 thr1.00 501:0 s0 k0 d0 f0 t4 m127 player 5: (99.061 -149.093 0.092) h1.00/1.00 g0/0 w a-40/-2 f-40 l-40/-2 as139/120 st6 thr1.00 501:0 s0 k0 d0 f0 t5 m126 | items 35 (+51 -0 !0 x0) | playing to 15 | sent 37 received 13 corrected 0 | hits 0 dealt 0 rejected 0 replayed 0 | local 0 camera (42.9 -67.8 1.1) respawn 0
chupathingyce: bots: Bot 6 joined (spartan)
chupathingyce: bots: bot 6 inventory slot 0 now weapon 501
chupathingyce: network test: player 6 is named Bot 6
chupathingyce: network test: tick 210 player 0: (42.911 -67.765 0.518) h1.00/0.44 g0/0 w a-119/0 f-119 l-119/0 as140/120 st0 thr0.00 501:0 s0 k0 d0 f0 t0 m0 player 1: (101.149 -153.597 -0.073) h1.00/1.00 g0/0 w a96/-0 f96 l96/-0 as139/120 st6 thr1.00 501:0 s0 k0 d0 f0 t1 m127 player 2: (79.457 -163.877 0.153) h1.00/1.00 g0/0 w a-137/0 f-137 l-137/0 as139/120 st4 thr1.00 501:0 s0 k0 d0 f0 t2 m127 player 3: (38.332 -64.472 0.696) h1.00/1.00 g0/0 w a-35/-3 f-35 l-35/-3 as139/120 st6 thr1.00 501:0 s0 k0 d0 f0 t3 m127 player 4: (31.428 -90.200 0.209) h1.00/1.00 g0/0 w a-180/0 f-180 l-180/0 as139/120 st4 thr1.00 501:0 s0 k0 d0 f0 t4 m127 player 5: (100.687 -148.197 0.077) h1.00/1.00 g0/0 w a-83/-3 f-83 l-83/-3 as139/120 st7 thr1.00 501:0 s0 k0 d0 f0 t5 m126 player 6: (92.575 -169.497 0.287) h1.00/1.00 g0/0 w a-1/0 f56 l-1/0 as140/120 st20 thr1.00 501:0 s0 k0 d0 f0 t6 m126 | items 35 (+53 -0 !0 x0) | playing to 15 | sent 44 received 15 corrected 0 | hits 0 dealt 0 rejected 0 replayed 0 | local 0 camera (42.9 -67.8 1.1) respawn 0
chupathingyce: bots: Bot 7 joined (spartan)
chupathingyce: bots: bot 7 inventory slot 0 now weapon 501
chupathingyce: network test: player 7 is named Bot 7
chupathingyce: network test: tick 240 player 0: (42.911 -67.765 0.518) h1.00/0.31 g0/0 w a-119/0 f-119 l-119/0 as140/120 st0 thr0.00 501:0 s0 k0 d0 f0 t0 m0 player 1: (99.154 -153.582 -0.045) h1.00/1.00 g0/0 w a87/8 f87 l87/8 as139/120 st6 thr1.00 501:0 s0 k0 d0 f0 t1 m127 player 2: (77.811 -165.409 0.213) h1.00/1.00 g0/0 w a-137/0 f-137 l-137/0 as139/120 st4 thr1.00 501:0 s0 k0 d0 f0 t2 m127 player 3: (38.761 -63.863 1.176) h1.00/1.00 g0/0 w a-41/-8 f-36 l-41/-8 as140/120 st20 thr1.00 501:0 s0 k0 d0 f0 t3 m127 player 4: (30.552 -90.200 0.198) h1.00/1.00 g0/0 w a-180/0 f-180 l-180/0 as139/120 st4 thr0.35 501:0 s0 k0 d0 f0 t4 m127 player 5: (99.523 -148.177 0.671) h1.00/1.00 g0/0 w a-92/-10 f-89 l-92/-10 as140/120 st20 thr1.00 501:0 s0 k0 d0 f0 t5 m126 player 6: (94.479 -169.542 0.181) h1.00/1.00 g0/0 w a-1/0 f-1 l-1/0 as139/120 st4 thr1.00 501:0 s0 k0 d0 f0 t6 m126 player 7: (85.350 -158.016 -0.004) h1.00/1.00 g0/0 w a-53/-0 f-53 l-53/-0 as139/120 st4 thr1.00 501:0 s0 k0 d0 f0 t7 m126 | items 35 (+55 -0 !0 x0) | playing to 15 | sent 52 received 17 corrected 0 | hits 0 dealt 0 rejected 0 replayed 0 | local 0 camera (42.9 -67.8 1.1) respawn 0
chupathingyce: bots: Bot 8 joined (spartan)
chupathingyce: bots: bot 4 entered vehicle -496041984 seat 0
chupathingyce: bots: bot 8 inventory slot 0 now weapon 501
chupathingyce: bots: bot 8 seeking vehicle -495910910
chupathingyce: network test: player 8 is named Bot 8
chupathingyce: network test: tick 270 player 0: (42.931 -67.789 0.513) h1.00/0.05 g0/0 w a-49/11 f-15 l-49/11 as139/120 st4 thr1.00 501:0 s0 k0 d0 f0 t0 m0 player 1: (97.165 -153.438 0.103) h1.00/1.00 g0/0 w a84/-1 f84 l84/-1 as139/120 st6 thr1.00 501:0 s0 k0 d0 f0 t1 m127 player 2: (76.167 -166.938 0.360) h1.00/1.00 g0/0 w a-137/0 f-137 l-137/0 as139/120 st4 thr1.00 501:0 s0 k0 d0 f0 t2 m127 player 3: (38.237 -64.409 0.697) h1.00/1.00 g0/0 w a-37/-4 f-37 l-37/-4 as139/120 st7 thr1.00 501:0 s0 k0 d0 f0 t3 m127 player 4: (29.499 -90.744 0.627) h1.00/1.00 riding g0/0 w a-44/0 f0 l-44/0 as139/120 st26 thr0.50 501:0 s0 k0 d0 f0 t4 m127 player 5: (97.774 -148.065 0.077) h1.00/1.00 g0/0 w a-95/-1 f-95 l-95/-1 as139/120 st6 thr1.00 501:0 s0 k0 d0 f0 t5 m126 player 6: (96.705 -169.508 0.247) h1.00/1.00 g0/0 w a54/-1 f44 l54/-1 as139/120 st4 thr1.00 501:0 s0 k0 d0 f0 t6 m126 player 7: (86.390 -159.561 0.102) h1.00/1.00 g0/0 w a-43/-1 f-43 l-43/-1 as139/120 st4 thr1.00 501:0 s0 k0 d0 f0 t7 m126 player 8: (105.509 -157.512 0.200) h1.00/1.00 g0/0 w a96/-2 f165 l106/-2 as139/120 st6 thr1.00 501:0 s0 k0 d0 f0 t8 m126 | items 35 (+57 -0 !0 x0) | playing to 15 | sent 62 received 19 corrected 0 | hits 0 dealt 0 rejected 0 replayed 0 | local 0 camera (42.9 -67.8 1.1) respawn 0
chupathingyce: bots: Bot 9 joined (spartan)
chupathingyce: bots: bot 9 inventory slot 0 now weapon 501
chupathingyce: network test: player 9 is named Bot 9
chupathingyce: network test: tick 300 player 0: (42.658 -69.750 1.057) h1.00/0.05 g0/0 w a-38/-2 f-102 l-38/-2 as140/120 st20 thr1.00 501:0 s0 k0 d0 f0 t0 m0 player 1: (97.135 -153.649 0.106) h1.00/1.00 g0/0 w a65/-1 f65 l65/-1 as139/120 st7 thr1.00 501:0 s0 k0 d0 f0 t1 m127 player 2: (74.526 -168.464 0.559) h1.00/1.00 g0/0 w a-137/0 f-137 l-137/0 as139/120 st4 thr1.00 501:0 s0 k0 d0 f0 t2 m127 player 3: (37.111 -66.041 0.442) h1.00/1.00 g0/0 w a-35/4 f-35 l-35/4 as139/120 st7 thr1.00 501:0 s0 k0 d0 f0 t3 m127 player 4: (30.929 -91.831 0.747) h1.00/1.00 riding g0/0 w a-44/0 f0 l-44/0 as28/120 st0 thr0.50 501:0 s0 k0 d0 f0 t4 m127 player 5: (99.454 -148.675 0.098) h1.00/1.00 g0/0 w a-116/-2 f-116 l-116/-2 as139/120 st7 thr1.00 501:0 s0 k0 d0 f0 t5 m126 player 6: (97.655 -167.973 0.156) h1.00/1.00 g0/0 w a60/-0 f60 l60/-0 as139/120 st4 thr1.00 501:0 s0 k0 d0 f0 t6 m126 player 7: (87.164 -161.581 0.581) h1.00/1.00 g0/0 w a-31/-3 f-43 l-31/-3 as140/120 st20 thr1.00 501:0 s0 k0 d0 f0 t7 m126 player 8: (103.611 -156.935 0.150) h1.00/1.00 g0/0 w a119/-0 f119 l119/-0 as139/120 st6 thr1.00 501:0 s0 k0 d0 f0 t8 m126 player 9: (29.605 -76.349 0.308) h1.00/1.00 g0/0 w a24/-1 f-20 l24/-1 as139/120 st6 thr1.00 501:0 s0 k0 d0 f0 t9 m125 | items 35 (+59 -0 !0 x0) | playing to 15 | sent 67 received 21 corrected 0 | hits 0 dealt 0 rejected 0 replayed 0 | local 0 camera (42.7 -69.7 1.7) respawn 0
chupathingyce: bots: Bot 10 joined (spartan)
chupathingyce: bots: bot 1 at (97.1 -153.6 0.1) yaw 65 fight, target 5 (seen), shield 1.00, kills 0 deaths 0
chupathingyce: bots: bot 2 at (74.1 -168.8 0.6) yaw -137 roam, target -1, shield 1.00, kills 0 deaths 0
chupathingyce: bots: bot 3 at (36.6 -66.8 0.3) yaw -32 fight, target 0 (seen), shield 1.00, kills 0 deaths 0
chupathingyce: bots: bot 4 at (32.9 -93.2 0.9) yaw -44 vehicle, target -1, shield 1.00, kills 0 deaths 0
chupathingyce: bots: bot 5 at (98.4 -148.4 0.7) yaw -84 fight, target 1 (seen), shield 1.00, kills 0 deaths 0
chupathingyce: network test: player 10 is named Bot 10
chupathingyce: network test: tick 330 player 0: (42.696 -71.282 0.126) h1.00/0.05 g0/0 w a167/-7 f-125 l176/-7 as139/120 st4 thr1.00 501:0 s0 k0 d0 f0 t0 m0 player 1: (99.059 -154.064 0.011) h1.00/1.00 g0/0 w a96/6 f96 l96/6 as139/120 st7 thr1.00 501:0 s0 k0 d0 f0 t1 m127 player 2: (72.887 -169.988 0.786) h1.00/1.00 g0/0 w a-137/0 f-137 l-137/0 as139/120 st4 thr1.00 501:0 s0 k0 d0 f0 t2 m127 player 3: (36.047 -67.722 0.257) h1.00/1.00 g0/0 w a-28/-3 f-28 l-28/-3 as139/120 st7 thr1.00 501:0 s0 k0 d0 f0 t3 m127 player 4: (33.811 -94.219 0.728) h1.00/1.00 riding g0/0 w a-44/0 f0 l-44/0 as28/120 st0 thr0.50 501:0 s0 k0 d0 f0 t4 m127 player 5: (98.273 -148.402 0.751) h1.00/1.00 g0/0 w a-84/-10 f-106 l-84/-10 as140/120 st20 thr1.00 501:0 s0 k0 d0 f0 t5 m126 player 6: (98.938 -166.514 0.341) h1.00/1.00 g0/0 w a70/3 f70 l70/3 as140/120 st20 thr1.00 501:0 s0 k0 d0 f0 t6 m126 player 7: (88.894 -162.269 0.157) h1.00/1.00 g0/0 w a-25/-2 f-25 l-25/-2 as139/120 st4 thr1.00 501:0 s0 k0 d0 f0 t7 m126 player 8: (101.774 -157.719 0.779) h1.00/1.00 g0/0 w a128/-12 f112 l128/-12 as140/120 st20 thr1.00 501:0 s0 k0 d0 f0 t8 m126 player 9: (29.647 -74.508 0.850) h1.00/1.00 g0/0 w a48/-4 f48 l48/-4 as139/120 st6 thr1.00 501:0 s0 k0 d0 f0 t9 m125 player 10: dead s0 k0 d0 f0 t10 m125 | items 35 (+59 -0 !0 x0) | playing to 15 | sent 70 received 22 corrected 0 | hits 0 dealt 0 rejected 0 replayed 0 | local 0 camera (42.7 -71.3 0.7) respawn 0
chupathingyce: bots: Bot 11 joined (spartan)
chupathingyce: bots: bot 10 inventory slot 0 now weapon 501
chupathingyce: bots: bot 11 inventory slot 0 now weapon 501
chupathingyce: bots: bot 6 at (99.2 -166.3 0.5) yaw 74 fight, target 8, shield 1.00, kills 0 deaths 0
chupathingyce: bots: bot 7 at (89.7 -162.6 0.2) yaw -25 fight, target 6, shield 1.00, kills 0 deaths 0
chupathingyce: bots: bot 8 at (101.0 -158.1 0.1) yaw 104 fight, target 1 (seen), shield 1.00, kills 0 deaths 0
chupathingyce: bots: bot 9 at (28.6 -73.3 1.4) yaw 30 fight, target 3 (seen), shield 1.00, kills 0 deaths 0
chupathingyce: network test: player 11 is named Bot 11
chupathingyce: network test: tick 360 player 0: (40.802 -70.686 0.841) h1.00/0.05 g0/0 w a175/-4 f165 l175/-4 as140/120 st20 thr1.00 501:0 s0 k0 d0 f0 t0 m0 player 1: (99.646 -154.031 -0.034) h1.00/0.85 g0/0 w a122/-1 f122 l122/-1 as139/120 st6 thr1.00 501:0 s0 k0 d0 f0 t1 m127 player 2: (71.248 -171.512 1.014) h1.00/1.00 g0/0 w a-137/0 f-137 l-137/0 as139/120 st4 thr1.00 501:0 s0 k0 d0 f0 t2 m127 player 3: (35.306 -69.443 0.846) h1.00/1.00 g0/0 w a-14/-1 f-20 l-14/-1 as140/120 st20 thr1.00 501:0 s0 k0 d0 f0 t3 m127 player 4: (38.196 -97.764 0.374) h1.00/1.00 riding g0/0 w a-45/0 f0 l-45/0 as28/120 st0 thr0.50 501:0 s0 k0 d0 f0 t4 m127 player 5: (96.508 -148.843 0.059) h1.00/0.86 g0/0 w a-57/-3 f-57 l-57/-3 as139/120 st7 thr1.00 501:0 s0 k0 d0 f0 t5 m126 player 6: (100.426 -165.270 0.249) h1.00/1.00 g0/0 w a82/1 f70 l82/1 as140/120 st20 thr1.00 501:0 s0 k0 d0 f0 t6 m126 player 7: (90.933 -163.220 0.142) h1.00/1.00 g0/0 w a-26/-2 f-26 l-26/-2 as139/120 st4 thr1.00 501:0 s0 k0 d0 f0 t7 m126 player 8: (100.935 -158.070 0.143) h1.00/1.00 g0/0 w a105/-5 f105 l105/-5 as139/120 st6 thr1.00 501:0 s0 k0 d0 f0 t8 m126 player 9: (28.435 -73.211 1.292) h1.00/1.00 g0/0 w a28/-4 f46 l28/-4 as140/120 st20 thr1.00 501:0 s0 k0 d0 f0 t9 m125 player 10: (86.012 -157.149 -0.007) h1.00/1.00 g0/0 w a-52/-0 f-52 l-52/-0 as139/120 st7 thr1.00 501:0 s0 k0 d0 f0 t10 m125 player 11: (93.013 -150.889 0.175) h1.00/1.00 g0/0 w a29/-4 f29 l29/-4 as139/120 st7 thr1.00 501:0 s0 k0 d0 f0 t11 m125 | items 35 (+63 -0 !0 x0) | playing to 15 | sent 82 received 25 corrected 0 | hits 0 dealt 0 rejected 0 replayed 0 | local 0 camera (40.8 -70.7 1.5) respawn 0
chupathingyce: bots: Bot 12 joined (spartan)
chupathingyce: bots: bot 10 at (85.9 -157.3 -0.0) yaw -49 fight, target 7 (seen), shield 1.00, kills 0 deaths 0
chupathingyce: bots: bot 12 inventory slot 0 now weapon 501
chupathingyce: bots: bot 11 at (93.3 -151.3 0.1) yaw 38 fight, target 5 (seen), shield 1.00, kills 0 deaths 0
chupathingyce: bots: bot 12 at (52.0 -81.8 0.1) yaw 137 fight, target 0 (seen), shield 1.00, kills 0 deaths 0
chupathingyce: network test: player 12 is named Bot 12
chupathingyce: network test: tick 390 player 0: (38.867 -70.983 0.401) h0.95/0.00 g0/0 w a174/-4 f174 l174/-4 as140/120 st20 thr1.00 501:0 s0 k0 d0 f0 t0 m0 player 1: (99.713 -153.938 0.596) h0.87/0.00 g0/0 w a140/-2 f128 l140/-2 as140/120 st20 thr1.00 501:0 s0 k0 d0 f0 t1 m127 player 2: (69.640 -173.006 1.270) h1.00/1.00 g0/0 w a-137/0 f-137 l-137/0 as140/120 st0 thr0.00 501:0 s0 k0 d0 f0 t2 m127 player 3: (34.942 -70.652 0.122) h1.00/1.00 g0/0 w a-6/-1 f-6 l-6/-1 as139/120 st7 thr1.00 501:0 s0 k0 d0 f0 t3 m127 player 4: (42.449 -101.787 0.661) h1.00/1.00 riding g0/0 w a-45/0 f0 l-45/0 as28/120 st0 thr0.50 501:0 s0 k0 d0 f0 t4 m127 player 5: (95.047 -149.934 0.598) h1.00/0.71 g0/0 w a-154/-7 f-96 l-154/-7 as140/120 st20 thr1.00 501:0 s0 k0 d0 f0 t5 m126 player 6: (100.829 -163.169 0.091) h1.00/1.00 g0/0 w a88/-1 f88 l88/-1 as139/120 st6 thr1.00 501:0 s0 k0 d0 f0 t6 m126 player 7: (92.709 -164.422 0.128) h1.00/1.00 g0/0 w a-23/-1 f-23 l-23/-1 as139/120 st4 thr1.00 501:0 s0 k0 d0 f0 t7 m126 player 8: (100.911 -158.004 0.143) h1.00/1.00 g0/0 w a107/6 f107 l107/6 as139/120 st6 thr1.00 501:0 s0 k0 d0 f0 t8 m126 player 9: (28.505 -73.972 0.884) h1.00/1.00 g0/0 w a27/-7 f27 l27/-7 as139/120 st7 thr1.00 501:0 s0 k0 d0 f0 t9 m125 player 10: (85.434 -157.862 -0.006) h1.00/1.00 g0/0 w a43/1 f43 l43/1 as139/120 st4 thr1.00 501:0 s0 k0 d0 f0 t10 m125 player 11: (92.503 -151.051 0.346) h1.00/1.00 g0/0 w a22/3 f22 l22/3 as139/120 st5 thr1.00 501:0 s0 k0 d0 f0 t11 m125 player 12: (51.686 -80.898 0.129) h1.00/1.00 g0/0 w a140/0 f140 l140/0 as139/120 st4 thr1.00 501:0 s0 k0 d0 f0 t12 m125 | items 35 (+65 -0 !0 x0) | playing to 15 | sent 92 received 27 corrected 0 | hits 0 dealt 0 rejected 0 replayed 0 | local 0 camera (38.9 -71.0 1.0) respawn 0
chupathingyce: bots: Bot 13 joined (spartan)
chupathingyce: bots: bot 13 inventory slot 0 now weapon 501
chupathingyce: network test: player 13 is named Bot 13
chupathingyce: network test: tick 420 player 0: (37.251 -72.339 0.415) h0.81/0.00 g0/0 w a-172/-6 f174 l-172/-6 as140/120 st20 thr1.00 501:0 s0 k0 d0 f0 t0 m0 player 1: (99.543 -154.384 0.009) h0.87/0.00 g0/0 w a148/-1 f148 l148/-1 as139/120 st6 thr1.00 501:0 s0 k0 d0 f0 t1 m127 player 2: (70.741 -172.122 1.089) h1.00/1.00 g0/0 w a15/-2 f15 l15/-2 as139/120 st4 thr1.00 501:0 s0 k0 d0 f0 t2 m127 player 3: (34.854 -72.588 0.746) h1.00/1.00 g0/0 w a7/-7 f2 l7/-7 as140/120 st20 thr1.00 501:0 s0 k0 d0 f0 t3 m127 player 4: (46.523 -105.962 0.610) h1.00/1.00 riding g0/0 w a-45/0 f0 l-45/0 as28/120 st0 thr0.50 501:0 s0 k0 d0 f0 t4 m127 player 5: (94.298 -150.836 0.071) h1.00/0.59 g0/0 w a180/11 f-96 l-166/11 as139/120 st5 thr1.00 501:0 s0 k0 d0 f0 t5 m126 player 6: (100.919 -161.051 0.129) h1.00/1.00 g0/0 w a90/-2 f90 l90/-2 as139/120 st4 thr1.00 501:0 s0 k0 d0 f0 t6 m126 player 7: (94.796 -165.261 0.126) h1.00/1.00 g0/0 w a-23/-4 f-23 l-23/-4 as139/120 st4 thr1.00 501:0 s0 k0 d0 f0 t7 m126 player 8: (100.852 -157.845 0.143) h1.00/1.00 g0/0 w a110/-5 f110 l110/-5 as139/120 st6 thr1.00 501:0 s0 k0 d0 f0 t8 m126 player 9: (29.437 -75.704 0.525) h1.00/1.00 g0/0 w a28/0 f28 l28/0 as139/120 st7 thr1.00 501:0 s0 k0 d0 f0 t9 m125 player 10: (85.764 -158.049 0.017) h1.00/1.00 g0/0 w a53/4 f53 l53/4 as139/120 st7 thr1.00 501:0 s0 k0 d0 f0 t10 m125 player 11: (91.284 -150.655 0.739) h1.00/1.00 g0/0 w a0/-14 f0 l0/-14 as139/120 st5 thr1.00 501:0 s0 k0 d0 f0 t11 m125 player 12: (50.358 -79.882 0.126) h1.00/1.00 g0/0 w a-129/-0 f-129 l-129/-0 as139/120 st4 thr1.00 501:0 s0 k0 d0 f0 t12 m125 player 13: (42.232 -89.944 0.164) h1.00/1.00 g0/0 w a49/-1 f49 l49/-1 as139/120 st4 thr1.00 501:0 s0 k0 d0 f0 t13 m124 | items 35 (+67 -0 !0 x0) | playing to 15 | sent 103 received 29 corrected 0 | hits 0 dealt 0 rejected 0 replayed 0 | local 0 camera (37.3 -72.3 1.0) respawn 0
chupathingyce: bots: Bot 14 joined (spartan)
chupathingyce: bots: bot 14 inventory slot 0 now weapon 501
chupathingyce: network test: player 14 is named Bot 14
chupathingyce: network test: tick 450 player 0: (35.852 -73.670 0.091) h0.69/0.00 g0/0 w a-162/-1 f-162 l-162/-1 as139/120 st4 thr1.00 501:0 s0 k0 d0 f0 t0 m0 player 1: (99.631 -155.292 0.085) h0.59/0.00 g0/0 w a132/-1 f132 l132/-1 as139/120 st9 thr1.00 501:0 s0 k0 d0 f0 t1 m127 player 2: (72.823 -172.712 0.880) h1.00/1.00 g0/0 w a15/-2 f15 l15/-2 as139/120 st4 thr1.00 501:0 s0 k0 d0 f0 t2 m127 player 3: (34.200 -73.850 0.183) h1.00/0.71 g0/0 w a8/-10 f8 l8/-10 as139/120 st5 thr1.00 501:0 s0 k0 d0 f0 t3 m127 player 4: (50.793 -109.073 0.672) h1.00/1.00 riding g0/0 w a-45/0 f0 l-45/0 as28/120 st0 thr0.50 501:0 s0 k0 d0 f0 t4 m127 player 5: (94.676 -149.614 0.060) h1.00/0.46 g0/0 w a167/9 f167 l167/9 as139/120 st6 thr1.00 501:0 s0 k0 d0 f0 t5 m126 player 6: (100.882 -161.094 0.598) h1.00/1.00 g0/0 w a87/-9 f91 l87/-9 as140/120 st20 thr1.00 501:0 s0 k0 d0 f0 t6 m126 player 7: (96.681 -166.048 0.110) h1.00/1.00 g0/0 w a-94/-1 f-45 l-94/-1 as139/120 st5 thr1.00 501:0 s0 k0 d0 f0 t7 m126 player 8: (101.243 -157.704 0.167) h1.00/1.00 g0/0 w a121/-5 f121 l121/-5 as139/120 st7 thr1.00 501:0 s0 k0 d0 f0 t8 m126 player 9: (30.085 -76.764 0.196) h1.00/1.00 g0/0 w a34/-2 f34 l34/-2 as139/120 st6 thr1.00 501:0 s0 k0 d0 f0 t9 m125 player 10: (85.825 -157.959 0.527) h1.00/1.00 g0/0 w a58/0 f54 l58/0 as140/120 st20 thr1.00 501:0 s0 k0 d0 f0 t10 m125 player 11: (91.541 -148.842 0.754) h1.00/0.87 g0/0 w a-11/-14 f-11 l-11/-14 as139/120 st6 thr1.00 501:0 s0 k0 d0 f0 t11 m125 player 12: (48.337 -80.617 0.092) h1.00/1.00 g0/0 w a-129/-1 f-129 l-129/-1 as139/120 st7 thr1.00 501:0 s0 k0 d0 f0 t12 m125 player 13: (42.348 -88.197 0.134) h1.00/1.00 g0/0 w a64/-0 f102 l64/-0 as139/120 st7 thr1.00 501:0 s0 k0 d0 f0 t13 m124 player 14: (92.304 -169.241 0.119) h1.00/1.00 g0/0 w a37/-2 f37 l37/-2 as139/120 st6 thr1.00 501:0 s0 k0 d0 f0 t14 m124 | items 35 (+69 -0 !0 x0) | playing to 15 | sent 123 received 31 corrected 0 | hits 0 dealt 0 rejected 0 replayed 0 | local 0 camera (35.9 -73.7 0.7) respawn 0
chupathingyce: bots: Bot 15 joined (spartan)
chupathingyce: bots: bot 15 inventory slot 0 now weapon 501
chupathingyce: network test: player 15 is named Bot 15
chupathingyce: network test: tick 480 player 0: (33.876 -73.876 0.222) h0.44/0.00 g0/0 w a-174/-1 f-174 l-174/-1 as139/120 st4 thr1.00 501:0 s0 k0 d0 f0 t0 m0 player 1: (99.304 -153.983 -0.015) h0.59/0.00 g0/0 w a-43/-0 f-43 l-43/-0 as139/120 st5 thr1.00 501:0 s0 k0 d0 f0 t1 m127 player 2: (74.378 -171.439 0.675) h1.00/1.00 g0/0 w a18/-2 f18 l18/-2 as139/120 st4 thr1.00 501:0 s0 k0 d0 f0 t2 m127 player 3: (32.411 -74.020 0.452) h1.00/0.42 g0/0 w a8/-15 f8 l8/-15 as139/120 st5 thr1.00 501:0 s0 k0 d0 f0 t3 m127 player 4: (54.665 -112.646 1.547) h1.00/1.00 riding g0/0 w a-46/0 f0 l-46/0 as28/120 st0 thr0.50 501:0 s0 k0 d0 f0 t4 m127 player 5: (93.611 -150.773 0.066) h1.00/0.34 g0/0 w a120/7 f120 l120/7 as139/120 st6 thr1.00 501:0 s0 k0 d0 f0 t5 m126 player 6: (101.371 -161.244 0.115) h1.00/1.00 g0/0 w a74/-3 f91 l74/-3 as140/120 st21 thr1.00 501:0 s0 k0 d0 f0 t6 m126 player 7: (95.818 -164.921 0.133) h1.00/0.77 g0/0 w a-132/-1 f-132 l-132/-1 as139/120 st7 thr1.00 501:0 s0 k0 d0 f0 t7 m126 player 8: (102.680 -156.998 0.103) h1.00/1.00 g0/0 w a139/-3 f139 l139/-3 as139/120 st7 thr1.00 501:0 s0 k0 d0 f0 t8 m126 player 9: (30.159 -76.759 0.195) h1.00/1.00 g0/0 w a47/1 f47 l47/1 as139/120 st7 thr1.00 501:0 s0 k0 d0 f0 t9 m125 player 10: (86.090 -156.581 -0.027) h1.00/1.00 g0/0 w a57/3 f57 l57/3 as139/120 st4 thr1.00 501:0 s0 k0 d0 f0 t10 m125 player 11: (92.083 -147.701 0.694) h0.87/0.00 g0/0 w a-61/-13 f-28 l-61/-13 as139/120 st11 thr1.00 501:0 s0 k0 d0 f0 t11 m125 player 12: (46.593 -79.707 0.120) h1.00/1.00 g0/0 w a-111/2 f-111 l-111/2 as139/120 st7 thr1.00 501:0 s0 k0 d0 f0 t12 m125 player 13: (43.509 -88.744 0.654) h1.00/1.00 g0/0 w a69/-3 f67 l69/-3 as140/120 st20 thr1.00 501:0 s0 k0 d0 f0 t13 m124 player 14: (92.396 -169.206 0.119) h1.00/1.00 g0/0 w a49/-1 f49 l49/-1 as139/120 st7 thr1.00 501:0 s0 k0 d0 f0 t14 m124 player 15: (43.783 -67.548 0.526) h1.00/1.00 g0/0 w a14/0 f14 l14/0 as139/120 st4 thr1.00 501:0 s0 k0 d0 f0 t15 m124 | items 35 (+71 -0 !0 x0) | playing to 15 | sent 148 received 33 corrected 0 | hits 0 dealt 0 rejec
chupathingyce: bots: Bot 16 joined (spartan)
chupathingyce: bots: bot 16 inventory slot 0 now weapon 501
chupathingyce: network test: player 16 is named Bot 16
chupathingyce: network test: tick 510 player 0: (31.902 -74.105 0.541) h0.44/0.00 g0/0 w a-174/-1 f-174 l-174/-1 as139/120 st4 thr1.00 501:0 s1 k1 d0 f0 t0 m0 player 1: (98.713 -152.195 -0.037) h0.45/0.00 g0/0 w a-51/-0 f-51 l-51/-0 as139/120 st5 thr1.00 501:0 s0 k0 d0 f0 t1 m127 player 2: (76.374 -172.069 0.499) h1.00/1.00 g0/0 w a6/-1 f6 l6/-1 as139/120 st4 thr1.00 501:0 s0 k0 d0 f0 t2 m127 player 3: dead s0 k0 d1 f0 t3 m127 player 4: (57.514 -116.035 1.966) h1.00/1.00 riding g0/0 w a-45/0 f0 l-45/0 as28/120 st0 thr0.50 501:0 s0 k0 d0 f0 t4 m127 player 5: (93.225 -150.819 0.103) h1.00/0.34 g0/0 w a136/10 f136 l136/10 as139/120 st7 thr1.00 501:0 s0 k0 d0 f0 t5 m126 player 6: (100.905 -161.072 0.373) h1.00/1.00 g0/0 w a66/-4 f66 l66/-4 as140/120 st20 thr1.00 501:0 s0 k0 d0 f0 t6 m126 player 7: (95.138 -164.209 -0.002) h1.00/0.77 g0/0 w a-103/0 f-103 l-103/0 as139/120 st4 thr1.00 501:0 s0 k0 d0 f0 t7 m126 player 8: (102.768 -156.923 0.102) h1.00/0.74 g0/0 w a129/-3 f132 l129/-3 as139/120 st7 thr1.00 501:0 s0 k0 d0 f0 t8 m126 player 9: (31.969 -77.471 0.168) h1.00/1.00 g0/0 w a91/1 f91 l91/1 as139/120 st7 thr1.00 501:0 s0 k0 d0 f0 t9 m125 player 10: (85.097 -155.038 0.539) h1.00/1.00 g0/0 w a52/1 f54 l52/1 as140/120 st20 thr1.00 501:0 s0 k0 d0 f0 t10 m125 player 11: (90.561 -148.532 0.906) h0.87/0.00 g0/0 w a-42/-15 f-42 l-42/-15 as139/120 st6 thr1.00 501:0 s0 k0 d0 f0 t11 m125 player 12: (46.327 -79.581 0.750) h1.00/1.00 g0/0 w a-105/-4 f-107 l-105/-4 as140/120 st20 thr1.00 501:0 s0 k0 d0 f0 t12 m125 player 13: (43.823 -89.028 0.123) h1.00/1.00 g0/0 w a76/3 f67 l76/3 as139/120 st6 thr1.00 501:0 s0 k0 d0 f0 t13 m124 player 14: (94.221 -169.959 0.188) h1.00/1.00 g0/0 w a80/-4 f80 l80/-4 as139/120 st7 thr1.00 501:0 s0 k0 d0 f0 t14 m124 player 15: (45.957 -67.008 0.728) h1.00/1.00 g0/0 w a14/0 f14 l14/0 as139/120 st4 thr1.00 501:0 s0 k0 d0 f0 t15 m124 player 16: (37.521 -68.724 0.221) h1.00/1.00 g0/0 w a11/2 f11 l11/2 as139/120 st7 thr1.00 501:0 s0 k0 d0 f0 t16 m124 | items 35 (+73 -0 !0 x0) | playing to 15 | sent 166 received 36 c
chupathingyce: bots: Bot 17 joined (spartan)
chupathingyce: bots: bot 17 inventory slot 0 now weapon 501
chupathingyce: network test: player 17 is named Bot 17
chupathingyce: network test: tick 540 player 0: (30.422 -74.860 1.330) h0.31/0.00 g0/0 w a-45/-21 f-104 l-45/-21 as140/120 st20 thr1.00 501:0 s1 k1 d0 f0 t0 m0 player 1: (96.920 -151.732 0.087) h0.32/0.00 g0/0 w a-39/-0 f-39 l-39/-0 as139/120 st5 thr1.00 501:0 s0 k0 d0 f0 t1 m127 player 2: (78.173 -171.418 0.330) h1.00/1.00 g0/0 w a6/-1 f6 l6/-1 as139/120 st4 thr1.00 501:0 s0 k0 d0 f0 t2 m127 player 3: dead s0 k0 d1 f0 t3 m127 player 4: (60.929 -119.187 1.755) h1.00/1.00 riding g0/0 w a-46/0 f0 l-46/0 as28/120 st0 thr0.50 501:0 s0 k0 d0 f0 t4 m127 player 5: (94.055 -149.042 0.045) h1.00/0.34 g0/0 w a174/10 f174 l174/10 as139/120 st7 thr1.00 501:0 s0 k0 d0 f0 t5 m126 player 6: (101.228 -161.232 0.387) h1.00/1.00 g0/0 w a67/-5 f66 l67/-5 as140/120 st20 thr1.00 501:0 s0 k0 d0 f0 t6 m126 player 7: (95.138 -164.302 0.016) h1.00/0.48 g0/0 w a-80/1 f-82 l-80/1 as139/120 st7 thr1.00 501:0 s0 k0 d0 f0 t7 m126 player 8: (103.088 -156.714 0.104) h1.00/0.60 g0/0 w a140/-1 f140 l140/-1 as139/120 st6 thr1.00 501:0 s0 k0 d0 f0 t8 m126 player 9: (33.497 -76.680 0.131) h1.00/1.00 g0/0 w a148/16 f148 l148/16 as139/120 st6 thr1.00 501:0 s0 k0 d0 f0 t9 m125 player 10: (83.681 -153.629 -0.081) h1.00/1.00 g0/0 w a42/7 f43 l42/7 as139/120 st6 thr1.00 501:0 s0 k0 d0 f0 t10 m125 player 11: (89.374 -148.655 0.993) h0.60/0.00 g0/0 w a-6/-14 f-6 l-6/-14 as139/120 st5 thr1.00 501:0 s0 k0 d0 f0 t11 m125 player 12: (45.760 -79.312 0.134) h1.00/1.00 g0/0 w a-114/-0 f-114 l-114/-0 as139/120 st7 thr1.00 501:0 s0 k0 d0 f0 t12 m125 player 13: (42.025 -88.382 0.157) h1.00/1.00 g0/0 w a67/-2 f67 l67/-2 as139/120 st7 thr1.00 501:0 s0 k0 d0 f0 t13 m124 player 14: (96.211 -169.954 0.249) h1.00/1.00 g0/0 w a99/-4 f99 l99/-4 as139/120 st7 thr1.00 501:0 s0 k0 d0 f0 t14 m124 player 15: (47.741 -66.635 1.198) h1.00/0.87 g0/0 w a-97/-4 f-31 l-97/-4 as140/120 st20 thr1.00 501:0 s0 k0 d0 f0 t15 m124 player 16: (37.938 -70.093 0.745) h1.00/1.00 g0/0 w a19/2 f19 l19/2 as140/120 st20 thr1.00 501:0 s0 k0 d0 f0 t16 m124 player 17: (51.696 -82.324 0.106) h1.00/1.00 g0/0 w a-149/-0
chupathingyce: bots: Bot 18 joined (spartan)
chupathingyce: bots: bot 18 inventory slot 0 now weapon 501
chupathingyce: network test: player 18 is named Bot 18
chupathingyce: network test: tick 570 player 0: (30.109 -76.574 0.488) h0.31/0.00 g0/0 w a-30/-18 f-104 l-34/-18 as140/120 st20 thr1.00 501:0 s1 k1 d0 f0 t0 m0 player 1: (95.589 -150.558 0.069) h0.32/0.00 g0/0 w a-34/-0 f-34 l-34/-0 as139/120 st5 thr1.00 501:0 s0 k0 d0 f0 t1 m127 player 2: (80.077 -171.764 0.265) h1.00/1.00 g0/0 w a8/2 f8 l8/2 as139/120 st4 thr1.00 501:0 s0 k0 d0 f0 t2 m127 player 3: dead s0 k0 d1 f0 t3 m127 player 4: (63.967 -122.226 0.592) h1.00/1.00 riding g0/0 w a-46/0 f0 l-46/0 as28/120 st0 thr0.50 501:0 s0 k0 d0 f0 t4 m127 player 5: (93.757 -147.134 0.206) h1.00/0.34 g0/0 w a-158/3 f-158 l-158/3 as139/120 st6 thr1.00 501:0 s0 k0 d0 f0 t5 m126 player 6: (102.405 -161.590 0.095) h1.00/1.00 g0/0 w a79/-1 f79 l79/-1 as139/120 st7 thr1.00 501:0 s0 k0 d0 f0 t6 m126 player 7: (95.835 -164.099 -0.022) h1.00/0.48 g0/0 w a-69/9 f-69 l-69/9 as139/120 st6 thr1.00 501:0 s0 k0 d0 f0 t7 m126 player 8: (103.478 -156.186 0.086) h1.00/0.35 g0/0 w a143/-0 f143 l143/-0 as139/120 st7 thr1.00 501:0 s0 k0 d0 f0 t8 m126 player 9: (32.631 -78.270 0.103) h1.00/1.00 g0/0 w a149/9 f149 l149/9 as139/120 st6 thr1.00 501:0 s0 k0 d0 f0 t9 m125 player 10: (82.569 -151.977 -0.029) h1.00/1.00 g0/0 w a25/5 f25 l25/5 as139/120 st6 thr1.00 501:0 s0 k0 d0 f0 t10 m125 player 11: (87.918 -149.749 0.589) h0.32/0.00 g0/0 w a22/-5 f22 l22/-5 as139/120 st5 thr1.00 501:0 s0 k0 d0 f0 t11 m125 player 12: (45.981 -79.633 0.127) h1.00/1.00 g0/0 w a-106/-1 f-85 l-106/-1 as139/120 st7 thr1.00 501:0 s0 k0 d0 f0 t12 m125 player 13: (43.113 -88.727 0.130) h1.00/1.00 g0/0 w a46/-1 f46 l46/-1 as139/120 st6 thr1.00 501:0 s0 k0 d0 f0 t13 m124 player 14: (98.108 -169.336 0.898) h1.00/1.00 g0/0 w a114/-10 f108 l114/-10 as140/120 st20 thr1.00 501:0 s0 k0 d0 f0 t14 m124 player 15: (48.229 -67.075 0.892) h1.00/0.87 g0/0 w a-100/-4 f-31 l-100/-4 as140/120 st20 thr1.00 501:0 s0 k0 d0 f0 t15 m124 player 16: (38.682 -70.266 0.166) h1.00/1.00 g0/0 w a19/5 f19 l19/5 as139/120 st4 thr1.00 501:0 s0 k0 d0 f0 t16 m124 player 17: (49.860 -81.860 0.087) h1.00/1.00 g0/0 w a152/-1
chupathingyce: bots: Bot 19 joined (spartan)
chupathingyce: bots: bot 19 inventory slot 0 now weapon 501
chupathingyce: network test: player 19 is named Bot 19
chupathingyce: network test: tick 600 player 0: (30.819 -78.458 0.839) h0.31/0.00 g0/0 w a-18/-17 f-59 l-18/-17 as140/120 st20 thr1.00 501:0 s1 k1 d0 f0 t0 m0 player 1: (95.127 -149.637 0.064) h0.03/0.00 g0/0 w a102/-4 f67 l102/-4 as139/120 st11 thr1.00 501:0 s0 k0 d0 f0 t1 m127 player 2: (81.803 -170.698 0.189) h1.00/1.00 g0/0 w a6/-1 f6 l6/-1 as139/120 st4 thr1.00 501:0 s0 k0 d0 f0 t2 m127 player 3: dead s0 k0 d1 f0 t3 m127 player 4: (66.928 -124.973 1.393) h1.00/1.00 riding g0/0 w a-46/0 f0 l-46/0 as28/120 st0 thr0.50 501:0 s0 k0 d0 f0 t4 m127 player 5: (94.453 -146.240 0.022) h1.00/0.34 g0/0 w a-77/-2 f-77 l-77/-2 as139/120 st6 thr1.00 501:0 s0 k0 d0 f0 t5 m126 player 6: (104.390 -161.690 0.737) h1.00/1.00 g0/0 w a96/-6 f86 l96/-6 as140/120 st20 thr1.00 501:0 s0 k0 d0 f0 t6 m126 player 7: (95.780 -164.660 0.402) h1.00/0.36 g0/0 w a-128/-4 f-127 l-128/-4 as140/120 st20 thr1.00 501:0 s0 k0 d0 f0 t7 m126 player 8: (103.403 -154.439 0.216) h1.00/0.35 g0/0 w a148/-1 f148 l148/-1 as139/120 st7 thr1.00 501:0 s0 k0 d0 f0 t8 m126 player 9: (33.825 -79.003 0.092) h1.00/0.85 g0/0 w a167/12 f167 l167/12 as139/120 st5 thr1.00 501:0 s0 k0 d0 f0 t9 m125 player 10: (82.267 -150.024 0.620) h1.00/1.00 g0/0 w a-5/-8 f11 l-5/-8 as140/120 st20 thr1.00 501:0 s0 k0 d0 f0 t10 m125 player 11: (86.407 -150.346 0.165) h0.32/0.00 g0/0 w a-72/-1 f-72 l-72/-1 as139/120 st5 thr1.00 501:0 s0 k0 d0 f0 t11 m125 player 12: (45.846 -79.242 0.134) h1.00/0.73 g0/0 w a-52/-4 f-52 l-52/-4 as139/120 st6 thr1.00 501:0 s0 k0 d0 f0 t12 m125 player 13: (42.034 -87.470 0.109) h1.00/1.00 g0/0 w a35/-2 f35 l35/-2 as139/120 st6 thr1.00 501:0 s0 k0 d0 f0 t13 m124 player 14: (99.396 -168.993 0.149) h1.00/1.00 g0/0 w a180/-1 f180 l180/-1 as139/120 st6 thr1.00 501:0 s0 k0 d0 f0 t14 m124 player 15: (47.796 -68.715 0.401) h1.00/0.87 g0/0 w a-101/-3 f-101 l-101/-3 as139/120 st4 thr1.00 501:0 s0 k0 d0 f0 t15 m124 player 16: (40.796 -69.638 0.384) h1.00/1.00 g0/0 w a19/4 f19 l19/4 as139/120 st4 thr1.00 501:0 s0 k0 d0 f0 t16 m124 player 17: (48.622 -83.166 0.042) h1.00/0.88 g0/0 w
chupathingyce: bots: Bot 20 joined (spartan)
chupathingyce: bots: bot 1 at (95.1 -149.6 0.1) yaw 103 fight, target 5 (seen), shield 0.00, kills 0 deaths 0
chupathingyce: bots: bot 2 at (82.2 -170.6 0.2) yaw 2 fight, target 14 (seen), shield 1.00, kills 0 deaths 0
chupathingyce: bots: bot 3 inventory slot 0 now weapon 501
chupathingyce: bots: bot 3 at (51.9 -76.4 0.1) yaw -23 roam, target -1, shield 1.00, kills 0 deaths 1
chupathingyce: bots: bot 4 at (68.9 -126.2 1.0) yaw -47 vehicle, target -1, shield 1.00, kills 0 deaths 0
chupathingyce: bots: bot 5 at (96.3 -146.5 0.5) yaw -43 fight, target 8 (seen), shield 0.34, kills 1 deaths 0
chupathingyce: bots: bot 20 inventory slot 0 now weapon 501
chupathingyce: network test: player 20 is named Bot 20
chupathingyce: network test: tick 630 player 0: (32.228 -79.469 0.025) h0.31/0.00 g0/0 w a5/-5 f-3 l5/-5 as139/120 st4 thr1.00 501:0 s1 k1 d0 f0 t0 m0 player 1: dead s0 k0 d1 f0 t1 m127 player 2: (83.686 -171.336 0.128) h1.00/1.00 g0/0 w a1/3 f1 l1/3 as139/120 st4 thr1.00 501:0 s0 k0 d0 f0 t2 m127 player 3: (51.217 -76.303 0.134) h1.00/1.00 g0/0 w a-105/-3 f-105 l-105/-3 as139/120 st7 thr1.00 501:0 s0 k0 d1 f0 t3 m127 player 4: (69.096 -126.749 1.233) h1.00/1.00 riding g0/0 w a-46/0 f0 l-46/0 as28/120 st0 thr0.50 501:0 s0 k0 d0 f0 t4 m127 player 5: (96.452 -146.468 0.594) h1.00/0.34 g0/0 w a-43/-2 f-43 l-43/-2 as140/120 st20 thr1.00 501:0 s1 k1 d0 f0 t5 m126 player 6: (105.783 -161.454 0.019) h1.00/1.00 g0/0 w a105/3 f105 l105/3 as139/120 st6 thr1.00 501:0 s0 k0 d0 f0 t6 m126 player 7: (95.203 -164.815 0.202) h1.00/0.36 g0/0 w a-140/-7 f-127 l-140/-7 as140/120 st20 thr1.00 501:0 s0 k0 d0 f0 t7 m126 player 8: (103.355 -152.631 0.337) h1.00/0.08 g0/0 w a138/0 f148 l138/0 as140/120 st20 thr1.00 501:0 s0 k0 d0 f0 t8 m126 player 9: (35.005 -79.189 0.560) h1.00/0.85 g0/0 w a-173/-13 f-176 l-173/-13 as140/120 st20 thr1.00 501:0 s0 k0 d0 f0 t9 m125 player 10: (82.404 -149.189 0.053) h1.00/1.00 g0/0 w a-1/-0 f-1 l-1/-0 as139/120 st7 thr1.00 501:0 s0 k0 d0 f0 t10 m125 player 11: (86.331 -149.007 0.162) h0.32/0.00 g0/0 w a-73/-1 f-73 l-73/-1 as139/120 st5 thr1.00 501:0 s0 k0 d0 f0 t11 m125 player 12: (46.200 -79.106 0.134) h1.00/0.73 g0/0 w a-45/-3 f-45 l-45/-3 as139/120 st7 thr1.00 501:0 s0 k0 d0 f0 t12 m125 player 13: (42.578 -88.268 0.128) h1.00/1.00 g0/0 w a38/-2 f38 l38/-2 as139/120 st7 thr1.00 501:0 s0 k0 d0 f0 t13 m124 player 14: (98.859 -170.894 0.708) h1.00/1.00 g0/0 w a147/-7 f172 l147/-7 as140/120 st20 thr1.00 501:0 s0 k0 d0 f0 t14 m124 player 15: (46.012 -69.271 0.386) h1.00/0.87 g0/0 w a-90/-2 f-90 l-90/-2 as139/120 st7 thr1.00 501:0 s0 k0 d0 f0 t15 m124 player 16: (41.349 -70.958 0.244) h1.00/1.00 g0/0 w a-9/-1 f-35 l-9/-1 as139/120 st7 thr1.00 501:0 s0 k0 d0 f0 t16 m124 player 17: (49.771 -82.427 0.072) h1.00/0.74 g0/0 w a
chupathingyce: bots: Bot 21 joined (spartan)
chupathingyce: bots: bot 6 at (105.5 -161.5 0.0) yaw 102 fight, target 8 (seen), shield 1.00, kills 0 deaths 0
chupathingyce: bots: bot 7 at (95.1 -164.5 0.1) yaw -148 fight, target 18 (seen), shield 0.23, kills 0 deaths 0
chupathingyce: bots: bot 8 at (103.7 -151.8 0.1) yaw 138 fight, target 5 (seen), shield 0.08, kills 0 deaths 0
chupathingyce: bots: bot 9 at (36.1 -78.9 0.9) yaw -173 fight, target 0 (seen), shield 0.56, kills 0 deaths 0
chupathingyce: network test: player 21 is named Bot 21
chupathingyce: network test: tick 660 player 0: (34.358 -79.162 0.544) h0.05/0.00 g0/0 w a10/-1 f5 l10/-1 as140/120 st20 thr1.00 501:0 s1 k1 d0 f0 t0 m0 player 1: dead s0 k0 d1 f0 t1 m127 player 2: (85.564 -172.433 0.201) h1.00/1.00 g0/0 w a1/1 f1 l1/1 as139/120 st4 thr1.00 501:0 s0 k0 d0 f0 t2 m127 player 3: (49.051 -76.332 0.146) h1.00/1.00 g0/0 w a-71/-2 f-71 l-71/-2 as139/120 st7 thr1.00 501:0 s0 k0 d1 f0 t3 m127 player 4: (69.583 -127.917 1.145) h1.00/1.00 riding g0/0 w a-46/0 f0 l-46/0 as28/120 st0 thr0.50 501:0 s0 k0 d0 f0 t4 m127 player 5: (98.052 -146.484 0.083) h1.00/0.53 g0/0 w a-47/-2 f-47 l-47/-2 as139/120 st7 thr1.00 501:0 s1 k1 d0 f0 t5 m126 player 6: (104.221 -161.720 0.062) h1.00/1.00 g0/0 w a95/-1 f95 l95/-1 as139/120 st7 thr1.00 501:0 s0 k0 d0 f0 t6 m126 player 7: (95.138 -164.322 0.019) h1.00/0.23 g0/0 w a-71/3 f-71 l-71/3 as139/120 st7 thr1.00 501:0 s0 k0 d0 f0 t7 m126 player 8: (103.355 -152.179 0.033) h1.00/0.08 g0/0 w a134/-1 f134 l134/-1 as139/120 st6 thr1.00 501:0 s0 k0 d0 f0 t8 m126 player 9: (36.220 -78.906 0.917) h1.00/0.43 g0/0 w a-173/-12 f-173 l-173/-12 as139/120 st9 thr1.00 501:0 s0 k0 d0 f0 t9 m125 player 10: (82.886 -151.118 -0.012) h1.00/1.00 g0/0 w a22/5 f22 l22/5 as139/120 st7 thr1.00 501:0 s0 k0 d0 f0 t10 m125 player 11: (88.008 -149.067 0.614) h0.32/0.00 g0/0 w a-159/-7 f-159 l-159/-7 as139/120 st5 thr1.00 501:0 s0 k0 d0 f0 t11 m125 player 12: (46.372 -79.966 0.117) h1.00/0.46 g0/0 w a54/-2 f53 l54/-2 as139/120 st6 thr1.00 501:0 s0 k0 d0 f0 t12 m125 player 13: (44.286 -88.683 0.089) h1.00/1.00 g0/0 w a51/-1 f51 l51/-1 as139/120 st4 thr1.00 501:0 s0 k0 d0 f0 t13 m124 player 14: (97.528 -172.349 0.616) h1.00/1.00 g0/0 w a126/-5 f126 l126/-5 as139/120 st6 thr1.00 501:0 s0 k0 d0 f0 t14 m124 player 15: (46.410 -70.703 0.109) h1.00/0.87 g0/0 w a-154/6 f-154 l-154/6 as139/120 st6 thr1.00 501:0 s0 k0 d0 f0 t15 m124 player 16: (42.194 -72.765 0.762) h1.00/1.00 g0/0 w a25/-10 f23 l25/-10 as140/120 st20 thr1.00 501:0 s0 k0 d0 f0 t16 m124 player 17: (50.621 -80.652 0.123) h1.00/0.74 g0/0 w a171/-3 f
chupathingyce: bots: Bot 22 joined (spartan)
chupathingyce: bots: bot 21 inventory slot 0 now weapon 501
chupathingyce: bots: bot 10 at (83.0 -151.3 -0.0) yaw 24 fight, target 11 (seen), shield 1.00, kills 0 deaths 0
chupathingyce: bots: bot 22 inventory slot 0 now weapon 501
chupathingyce: bots: bot 11 at (88.6 -149.1 0.8) yaw -153 fight, target 10 (seen), shield 0.00, kills 0 deaths 0
chupathingyce: bots: bot 9 seeking weapon -490930098
chupathingyce: bots: bot 12 at (45.5 -79.3 0.4) yaw 44 fight, target 3 (seen), shield 0.46, kills 0 deaths 0
chupathingyce: bots: bot 13 at (44.7 -87.2 0.0) yaw 53 fight, target 17 (seen), shield 1.00, kills 0 deaths 0
chupathingyce: network test: player 22 is named Bot 22
chupathingyce: network test: tick 690 player 0: dead s1 k1 d1 f0 t0 m0 player 1: dead s0 k0 d1 f0 t1 m127 player 2: (87.007 -172.835 0.234) h1.00/1.00 g0/0 w a0/6 f0 l0/6 as139/120 st6 thr1.00 501:0 s0 k0 d0 f0 t2 m127 player 3: (48.570 -76.423 0.095) h1.00/0.74 g0/0 w a-55/-1 f-55 l-55/-1 as139/120 st10 thr1.00 501:0 s0 k0 d1 f0 t3 m127 player 4: (72.280 -131.074 0.349) h1.00/1.00 riding g0/0 w a-45/0 f0 l-45/0 as28/120 st0 thr0.50 501:0 s0 k0 d0 f0 t4 m127 player 5: (96.755 -147.778 0.482) h1.00/0.78 g0/0 w a-45/2 f-46 l-45/2 as140/120 st20 thr1.00 501:0 s1 k1 d0 f0 t5 m126 player 6: (105.808 -161.425 0.572) h1.00/1.00 g0/0 w a112/0 f97 l112/0 as140/120 st20 thr1.00 501:0 s0 k0 d0 f0 t6 m126 player 7: (95.476 -164.728 0.666) h1.00/0.10 g0/0 w a-176/-18 f-100 l-170/-18 as140/120 st20 thr1.00 501:0 s0 k0 d0 f0 t7 m126 player 8: (102.292 -153.159 0.608) h1.00/0.08 g0/0 w a135/-2 f131 l135/-2 as140/120 st20 thr1.00 501:0 s0 k0 d0 f0 t8 m126 player 9: (37.427 -79.222 1.656) h1.00/0.43 g0/0 w a-28/0 f-28 l-28/0 as139/120 st4 thr1.00 501:0 s1 k1 d0 f0 t9 m125 player 10: (83.905 -152.818 -0.045) h1.00/1.00 g0/0 w a47/10 f47 l47/10 as139/120 st7 thr1.00 501:0 s0 k0 d0 f0 t10 m125 player 11: (87.993 -148.216 1.187) h0.20/0.00 g0/0 w a-133/-11 f-140 l-133/-11 as140/120 st20 thr1.00 501:0 s0 k0 d0 f0 t11 m125 player 12: (44.979 -78.916 0.782) h1.00/0.46 g0/0 w a34/-11 f48 l34/-11 as140/120 st20 thr1.00 501:0 s0 k0 d0 f0 t12 m125 player 13: (44.426 -86.948 0.016) h1.00/1.00 g0/0 w a51/0 f51 l51/0 as139/120 st6 thr1.00 501:0 s0 k0 d0 f0 t13 m124 player 14: (95.971 -173.206 1.157) h1.00/1.00 g0/0 w a110/-8 f120 l110/-8 as140/120 st20 thr1.00 501:0 s0 k0 d0 f0 t14 m124 player 15: (46.585 -71.223 0.028) h1.00/0.73 g0/0 w a-138/-1 f-138 l-138/-1 as139/120 st7 thr1.00 501:0 s0 k0 d0 f0 t15 m124 player 16: (43.228 -74.360 0.118) h1.00/1.00 g0/0 w a41/-3 f41 l41/-3 as139/120 st7 thr1.00 501:0 s0 k0 d0 f0 t16 m124 player 17: (50.673 -80.019 0.129) h1.00/0.74 g0/0 w a170/5 f170 l170/5 as139/120 st6 thr1.00 501:0 s0 k0 d0 f0 t17 m123 player 18: (92
chupathingyce: bots: Bot 23 joined (spartan)
chupathingyce: bots: bot 14 at (95.9 -173.2 1.1) yaw 110 fight, target 18 (seen), shield 1.00, kills 0 deaths 0
chupathingyce: bots: bot 23 inventory slot 0 now weapon 501
chupathingyce: bots: bot 15 at (46.2 -70.9 0.3) yaw -125 fight, target 16 (seen), shield 0.73, kills 0 deaths 0
chupathingyce: bots: bot 16 at (44.0 -75.0 0.1) yaw 68 fight, target 15 (seen), shield 1.00, kills 0 deaths 0
chupathingyce: bots: bot 1 inventory slot 0 now weapon 501
chupathingyce: bots: bot 17 at (50.4 -81.0 0.1) yaw 96 fight, target 3 (seen), shield 0.60, kills 0 deaths 0
chupathingyce: bots: bot 18 at (92.4 -166.1 0.5) yaw 30 fight, target 7 (seen), shield 0.87, kills 0 deaths 0
chupathingyce: network test: player 23 is named Bot 23
chupathingyce: network test: tick 720 player 0: dead s1 k1 d1 f0 t0 m0 player 1: (84.446 -162.045 0.101) h1.00/1.00 g0/0 w a121/-2 f121 l121/-2 as139/120 st6 thr1.00 501:0 s0 k0 d1 f0 t1 m127 player 2: (87.206 -171.332 0.159) h1.00/1.00 g0/0 w a-17/3 f-17 l-17/3 as139/120 st7 thr1.00 501:0 s0 k0 d0 f0 t2 m127 player 3: (50.562 -75.875 0.195) h1.00/0.74 g0/0 w a-86/-3 f-86 l-86/-3 as139/120 st6 thr1.00 501:0 s0 k0 d1 f0 t3 m127 player 4: (76.416 -134.727 0.350) h1.00/1.00 riding g0/0 w a-46/0 f0 l-46/0 as28/120 st0 thr0.50 501:0 s0 k0 d0 f0 t4 m127 player 5: (95.409 -149.203 0.069) h1.00/1.00 g0/0 w a-44/-3 f-46 l-44/-3 as140/120 st20 thr1.00 501:0 s1 k1 d0 f0 t5 m126 player 6: (107.395 -160.400 0.077) h1.00/1.00 g0/0 w a135/-1 f135 l135/-1 as139/120 st6 thr1.00 501:0 s0 k0 d0 f0 t6 m126 player 7: (95.649 -164.149 -0.013) h1.00/0.10 g0/0 w a-153/5 f-153 l-153/5 as139/120 st7 thr1.00 501:0 s0 k0 d0 f0 t7 m126 player 8: (101.011 -154.486 -0.080) h1.00/0.08 g0/0 w a136/1 f136 l136/1 as139/120 st7 thr1.00 501:0 s0 k0 d0 f0 t8 m126 player 9: (39.160 -79.968 1.703) h1.00/0.43 g0/0 w a-16/0 f9 l-16/0 as139/120 st4 thr1.00 501:0 s1 k1 d0 f0 t9 m125 player 10: (83.914 -153.034 -0.055) h1.00/0.88 g0/0 w a68/6 f68 l68/6 as139/120 st6 thr1.00 501:0 s0 k0 d0 f0 t10 m125 player 11: (86.397 -147.174 0.666) h0.20/0.00 g0/0 w a-114/-9 f-140 l-114/-9 as140/120 st20 thr1.00 501:0 s0 k0 d0 f0 t11 m125 player 12: (44.604 -78.906 0.574) h1.00/0.46 g0/0 w a-17/-6 f-17 l-17/-6 as139/120 st6 thr1.00 501:0 s0 k0 d0 f0 t12 m125 player 13: (43.156 -85.415 0.066) h1.00/1.00 g0/0 w a32/-1 f32 l32/-1 as139/120 st6 thr1.00 501:0 s0 k0 d0 f0 t13 m124 player 14: (94.482 -173.784 0.909) h1.00/1.00 g0/0 w a107/-4 f108 l107/-4 as140/120 st20 thr1.00 501:0 s0 k0 d0 f0 t14 m124 player 15: (45.128 -70.114 0.628) h1.00/0.73 g0/0 w a-92/-9 f-128 l-92/-9 as140/120 st20 thr1.00 501:0 s0 k0 d0 f0 t15 m124 player 16: (44.990 -75.178 0.049) h1.00/1.00 g0/0 w a85/6 f85 l85/6 as139/120 st7 thr1.00 501:0 s0 k0 d0 f0 t16 m124 player 17: (50.750 -80.962 0.118) h1.00/0.60 g0/0 w 
chupathingyce: bots: bot 19 at (84.1 -167.8 0.1) yaw 8 fight, target 18 (seen), shield 1.00, kills 0 deaths 0
chupathingyce: bots: bot 20 at (80.1 -154.1 -0.0) yaw 25 fight, target 10 (seen), shield 1.00, kills 0 deaths 0
chupathingyce: bots: bot 21 at (36.4 -85.4 -0.0) yaw 11 fight, target 13 (seen), shield 1.00, kills 0 deaths 0
chupathingyce: bots: bot 22 at (39.2 -68.1 0.4) yaw -41 fight, target 16 (seen), shield 1.00, kills 0 deaths 0
chupathingyce: network test: tick 750 player 0: dead s1 k1 d1 f0 t0 m0 player 1: (82.599 -162.842 0.445) h1.00/1.00 g0/0 w a109/-3 f108 l109/-3 as140/120 st20 thr1.00 501:0 s0 k0 d1 f0 t1 m127 player 2: (86.713 -173.185 0.809) h1.00/1.00 g0/0 w a-10/-1 f-13 l-10/-1 as140/120 st20 thr1.00 501:0 s0 k0 d0 f0 t2 m127 player 3: (52.351 -75.812 0.671) h1.00/0.74 g0/0 w a-85/-7 f-87 l-85/-7 as140/120 st20 thr1.00 501:0 s0 k0 d1 f0 t3 m127 player 4: (80.121 -137.687 1.795) h1.00/1.00 riding g0/0 w a-47/0 f0 l-47/0 as28/120 st0 thr0.50 501:0 s0 k0 d0 f0 t4 m127 player 5: (94.260 -150.781 0.070) h1.00/1.00 g0/0 w a-26/2 f-26 l-26/2 as139/120 st7 thr1.00 501:0 s1 k1 d0 f0 t5 m126 player 6: (107.839 -160.045 0.413) h1.00/1.00 g0/0 w a137/-0 f137 l137/-0 as140/120 st20 thr1.00 501:0 s0 k0 d0 f0 t6 m126 player 7: (95.138 -164.284 0.012) h1.00/0.10 g0/0 w a-103/4 f-103 l-103/4 as139/120 st4 thr1.00 501:0 s0 k0 d0 f0 t7 m126 player 8: (101.301 -154.077 0.538) h0.97/0.00 g0/0 w a153/-5 f137 l153/-5 as140/120 st20 thr1.00 501:0 s0 k0 d0 f0 t8 m126 player 9: (41.072 -81.044 1.703) h1.00/0.43 g2/0 w a-30/0 f-30 l-30/0 as139/120 st4 thr1.00 501:0 s1 k1 d0 f0 t9 m125 player 10: (82.451 -152.136 -0.030) h1.00/0.74 g0/0 w a-160/-2 f110 l180/-2 as139/120 st9 thr1.00 501:0 s0 k0 d0 f0 t10 m125 player 11: (86.886 -147.628 0.343) h0.20/0.00 g0/0 w a-135/-5 f-135 l-135/-5 as139/120 st6 thr1.00 501:0 s0 k0 d0 f0 t11 m125 player 12: (44.781 -79.344 0.467) h1.00/0.46 g0/0 w a-11/-3 f-11 l-11/-3 as139/120 st7 thr1.00 501:0 s0 k0 d0 f0 t12 m125 player 13: (42.926 -83.940 0.130) h1.00/1.00 g0/0 w a19/-1 f19 l19/-1 as139/120 st4 thr1.00 501:0 s0 k0 d0 f0 t13 m124 player 14: (92.505 -174.042 0.709) h1.00/1.00 g0/0 w a91/-7 f108 l91/-7 as140/120 st20 thr1.00 501:0 s0 k0 d0 f0 t14 m124 player 15: (43.677 -70.488 0.153) h1.00/0.73 g0/0 w a-56/-4 f-56 l-56/-4 as139/120 st7 thr1.00 501:0 s0 k0 d0 f0 t15 m124 player 16: (46.876 -74.657 -0.054) h1.00/1.00 g0/0 w a126/1 f126 l126/1 as139/120 st7 thr1.00 501:0 s0 k0 d0 f0 t16 m124 player 17: (52.748 -80.880 0.140) h0.80/0
chupathingyce: bots: bot 23 at (33.0 -75.6 0.2) yaw 48 fight, target 22 (seen), shield 1.00, kills 0 deaths 0
chupathingyce: network test: tick 780 player 0: (37.236 -89.637 0.030) h1.00/1.00 g0/0 w a63/0 f63 l63/0 as139/120 st4 thr1.00 501:0 s1 k1 d1 f0 t0 m0 player 1: (81.630 -162.849 0.246) h1.00/1.00 g0/0 w a105/1 f108 l105/1 as140/120 st20 thr1.00 501:0 s0 k0 d1 f0 t1 m127 player 2: (86.417 -173.963 0.355) h1.00/1.00 g0/0 w a7/-4 f7 l7/-4 as139/120 st6 thr1.00 501:0 s0 k0 d0 f0 t2 m127 player 3: (53.944 -75.635 0.077) h1.00/0.74 g0/0 w a-83/-0 f-83 l-83/-0 as139/120 st7 thr1.00 501:0 s0 k0 d1 f0 t3 m127 player 4: (84.587 -141.000 1.672) h1.00/1.00 riding g0/0 w a-117/-4 f0 l-117/-4 as28/120 st0 thr0.50 501:0 s0 k0 d0 f0 t4 m127 player 5: (93.803 -152.669 0.639) h1.00/1.00 g0/0 w a-0/-6 f-8 l-0/-6 as140/120 st20 thr1.00 501:0 s1 k1 d0 f0 t5 m126 player 6: (108.949 -158.877 0.146) h1.00/1.00 g0/0 w a137/-2 f137 l137/-2 as139/120 st7 thr1.00 501:0 s0 k0 d0 f0 t6 m126 player 7: (95.737 -164.273 0.010) h1.00/0.10 g0/0 w a-115/0 f-115 l-115/0 as139/120 st6 thr1.00 501:0 s0 k0 d0 f0 t7 m126 player 8: (101.753 -152.477 -0.059) h0.97/0.00 g0/0 w a180/3 f180 l180/3 as139/120 st7 thr1.00 501:0 s0 k0 d0 f0 t8 m126 player 9: (42.025 -81.584 1.703) h1.00/0.43 g2/0 w a-30/0 f-30 l-30/0 as139/120 st4 thr0.35 501:0 s1 k1 d0 f0 t9 m125 player 10: (82.043 -150.682 0.597) h1.00/0.74 g0/0 w a-155/-4 f-160 l-155/-4 as140/120 st20 thr1.00 501:0 s0 k0 d0 f0 t10 m125 player 11: (87.938 -149.279 0.594) h0.20/0.00 g0/0 w a-165/-1 f-165 l-165/-1 as139/120 st6 thr1.00 501:0 s0 k0 d0 f0 t11 m125 player 12: (44.521 -79.344 0.623) h1.00/0.46 g0/0 w a-9/-3 f-9 l-9/-3 as139/120 st4 thr1.00 501:0 s0 k0 d0 f0 t12 m125 player 13: (44.773 -83.669 0.065) h1.00/1.00 g0/0 w a16/-0 f16 l16/-0 as139/120 st4 thr1.00 501:0 s0 k0 d0 f0 t13 m124 player 14: (90.615 -173.513 0.257) h1.00/0.88 g0/0 w a59/-3 f59 l59/-3 as139/120 st10 thr1.00 501:0 s0 k0 d0 f0 t14 m124 player 15: (42.575 -72.112 0.077) h1.00/0.73 g0/0 w a-20/-3 f-20 l-20/-3 as139/120 st7 thr1.00 501:0 s0 k0 d0 f0 t15 m124 player 16: (47.577 -74.057 -0.022) h1.00/1.00 g0/0 w a158/-1 f158 l158/-1 as139/120 st6 thr1.
chupathingyce: bots: bot 9 inventory slot 1 now weapon 494
chupathingyce: network test: tick 810 player 0: (37.347 -87.829 0.042) h1.00/1.00 g0/0 w a50/-2 f50 l50/-2 as139/120 st4 thr1.00 501:0 s1 k1 d1 f0 t0 m0 player 1: (81.894 -160.875 0.074) h1.00/1.00 g0/0 w a111/-0 f111 l111/-0 as139/120 st4 thr1.00 501:0 s0 k0 d1 f0 t1 m127 player 2: (86.517 -171.985 0.187) h1.00/1.00 g0/0 w a-15/9 f-15 l-15/9 as139/120 st6 thr1.00 501:0 s0 k0 d0 f0 t2 m127 player 3: (52.626 -76.280 0.066) h1.00/0.61 g0/0 w a-44/8 f-44 l-44/8 as139/120 st6 thr1.00 501:0 s0 k0 d1 f0 t3 m127 player 4: (86.982 -145.435 0.927) h1.00/1.00 riding g0/0 w a-147/-2 f0 l-147/-2 as28/120 st0 thr0.50 501:0 s0 k0 d0 f0 t4 m127 player 5: (94.089 -154.133 0.130) h1.00/1.00 g0/0 w a25/-3 f25 l25/-3 as139/120 st7 thr1.00 501:0 s1 k1 d0 f0 t5 m126 player 6: (110.002 -157.299 0.374) h1.00/1.00 g0/0 w a142/-4 f137 l142/-4 as140/120 st20 thr1.00 501:0 s0 k0 d0 f0 t6 m126 player 7: (96.618 -165.324 0.318) h1.00/0.10 g0/0 w a-132/-3 f-132 l-132/-3 as139/120 st6 thr1.00 501:0 s0 k0 d0 f0 t7 m126 player 8: (101.271 -150.557 -0.051) h0.97/0.00 g0/0 w a-155/1 f-155 l-155/1 as139/120 st7 thr1.00 501:0 s0 k0 d0 f0 t8 m126 player 9: (43.502 -82.152 2.158) h1.00/0.43 g1/0 w a11/-6 f6 l11/-6 as-1/120 st33 thr1.00 501:0 494:12 s1 k1 d0 f0 t9 m125 player 10: (81.302 -149.090 0.454) h1.00/0.74 g0/0 w a-87/-2 f-88 l-87/-2 as140/120 st20 thr1.00 501:0 s0 k0 d0 f0 t10 m125 player 11: (87.890 -151.252 1.276) h0.20/0.00 g0/0 w a166/-9 f180 l166/-9 as140/120 st20 thr1.00 501:0 s0 k0 d0 f0 t11 m125 player 12: (46.146 -79.556 0.127) h1.00/0.46 g0/0 w a77/-5 f77 l77/-5 as139/120 st7 thr1.00 501:0 s0 k0 d0 f0 t12 m125 player 13: (46.850 -83.882 0.033) h1.00/1.00 g0/0 w a98/-1 f98 l98/-1 as139/120 st7 thr1.00 501:0 s0 k0 d0 f0 t13 m124 player 14: (89.769 -172.963 0.876) h1.00/0.60 g0/0 w a51/-9 f54 l51/-9 as140/120 st20 thr1.00 501:0 s0 k0 d0 f0 t14 m124 player 15: (41.931 -73.807 0.149) h1.00/0.73 g0/0 w a-21/-3 f-21 l-21/-3 as139/120 st7 thr1.00 501:0 s0 k0 d0 f0 t15 m124 player 16: (46.864 -75.915 0.022) h1.00/1.00 g0/0 w a158/0 f158 l158/0 as139/120 st
chupathingyce: network test: tick 840 player 0: (39.033 -86.381 0.227) h1.00/0.87 g0/0 w a36/-3 f36 l36/-3 as139/120 st4 thr1.00 501:0 s1 k1 d1 f0 t0 m0 player 1: (83.098 -159.217 -0.033) h1.00/1.00 g0/0 w a123/-0 f123 l123/-0 as139/120 st6 thr1.00 501:0 s0 k0 d1 f0 t1 m127 player 2: (86.224 -172.807 0.224) h1.00/1.00 g0/0 w a2/-3 f2 l2/-3 as139/120 st5 thr1.00 501:0 s0 k0 d0 f0 t2 m127 player 3: (53.819 -74.860 0.620) h1.00/0.47 g0/0 w a-39/-5 f-39 l-39/-5 as140/120 st20 thr1.00 501:0 s0 k0 d1 f0 t3 m127 player 4: (84.872 -148.366 0.387) h1.00/1.00 riding g0/0 w a-105/1 f0 l-105/1 as28/120 st0 thr0.00 501:0 s0 k0 d0 f0 t4 m127 player 5: (94.315 -154.041 0.130) h1.00/0.86 g0/0 w a40/-2 f40 l40/-2 as139/120 st7 thr1.00 501:0 s1 k1 d0 f0 t5 m126 player 6: (108.886 -156.116 0.099) h1.00/1.00 g0/0 w a140/-0 f140 l140/-0 as139/120 st4 thr1.00 501:0 s0 k0 d0 f0 t6 m126 player 7: (97.684 -166.969 0.439) h1.00/0.10 g0/0 w a-175/-7 f-134 l-175/-7 as140/120 st20 thr1.00 501:0 s0 k0 d0 f0 t7 m126 player 8: (100.178 -148.892 0.064) h0.97/0.00 g0/0 w a-141/-0 f-141 l-141/-0 as139/120 st7 thr1.00 501:0 s0 k0 d0 f0 t8 m126 player 9: (43.938 -81.633 1.935) h1.00/0.45 g1/0 w a42/-34 f6 l42/-34 as161/120 st20 thr1.00 501:0 494:12 s1 k1 d0 f0 t9 m125 player 10: (81.072 -148.588 0.147) h1.00/0.74 g0/0 w a-107/-3 f-88 l-107/-3 as140/120 st20 thr1.00 501:0 s0 k0 d0 f0 t10 m125 player 11: (87.123 -152.924 0.125) h0.20/0.00 g0/0 w a146/-0 f146 l146/-0 as139/120 st7 thr1.00 501:0 s0 k0 d0 f0 t11 m125 player 12: (46.073 -79.630 0.126) h1.00/0.33 g0/0 w a80/-2 f80 l80/-2 as139/120 st6 thr1.00 501:0 s0 k0 d0 f0 t12 m125 player 13: (48.343 -83.594 0.028) h1.00/1.00 g0/0 w a119/-0 f119 l119/-0 as139/120 st6 thr1.00 501:0 s0 k0 d0 f0 t13 m124 player 14: (89.138 -172.542 0.220) h1.00/0.45 g0/0 w a178/-3 f114 l173/-3 as139/120 st5 thr1.00 501:0 s0 k0 d0 f0 t14 m124 player 15: (41.902 -73.669 0.111) h1.00/0.60 g0/0 w a-26/-2 f-26 l-26/-2 as139/120 st6 thr1.00 501:0 s0 k0 d0 f0 t15 m124 player 16: (46.858 -76.026 0.252) h1.00/1.00 g0/0 w a155/-1 f155 l155/-1 as
chupathingyce: network test: tick 870 player 0: (41.020 -85.211 0.132) h1.00/0.74 g0/0 w a29/-7 f29 l29/-7 as139/120 st4 thr1.00 501:0 s1 k1 d1 f0 t0 m0 player 1: (81.877 -159.892 0.015) h1.00/1.00 g0/0 w a113/-1 f113 l113/-1 as139/120 st6 thr1.00 501:0 s0 k0 d1 f0 t1 m127 player 2: (86.151 -174.249 0.383) h1.00/0.87 g0/0 w a26/-4 f26 l26/-4 as139/120 st7 thr1.00 501:0 s0 k0 d0 f0 t2 m127 player 3: (55.440 -73.413 0.347) h1.00/0.47 g0/0 w a-66/-2 f-66 l-66/-2 as139/120 st6 thr1.00 501:0 s0 k0 d1 f0 t3 m127 player 4: (84.167 -148.988 0.372) h1.00/1.00 riding g0/0 w a-88/2 f0 l-88/2 as28/120 st0 thr0.00 501:0 s0 k0 d0 f0 t4 m127 player 5: (94.429 -153.747 0.122) h1.00/0.74 g0/0 w a47/-2 f47 l47/-2 as139/120 st6 thr1.00 501:0 s1 k1 d0 f0 t5 m126 player 6: (106.756 -155.693 0.719) h1.00/1.00 g0/0 w a134/-4 f140 l134/-4 as140/120 st20 thr1.00 501:0 s0 k0 d0 f0 t6 m126 player 7: (97.544 -168.913 0.222) h1.00/0.16 g0/0 w a165/1 f165 l165/1 as139/120 st6 thr1.00 501:0 s0 k0 d0 f0 t7 m126 player 8: (99.759 -148.428 0.100) h0.84/0.00 g0/0 w a-135/-1 f-135 l-135/-1 as139/120 st6 thr1.00 501:0 s0 k0 d0 f0 t8 m126 player 9: (44.966 -80.496 1.703) h1.00/0.70 g1/0 w a-67/-16 f-67 l-67/-16 as160/120 st6 thr1.00 501:0 494:10 s1 k1 d0 f0 t9 m125 player 10: (81.390 -149.866 0.046) h1.00/0.74 g0/0 w a-162/-2 f-105 l-162/-2 as139/120 st7 thr1.00 501:0 s0 k0 d0 f0 t10 m125 player 11: (87.970 -153.845 0.049) h0.20/0.16 g0/0 w a150/-1 f150 l150/-1 as139/120 st5 thr1.00 501:0 s0 k0 d0 f0 t11 m125 player 12: (45.176 -79.022 0.610) h1.00/0.20 g0/0 w a63/-4 f73 l63/-4 as140/120 st20 thr1.00 501:0 s0 k0 d0 f0 t12 m125 player 13: (46.564 -84.384 0.599) h1.00/1.00 g0/0 w a106/-0 f112 l106/-0 as140/120 st20 thr1.00 501:0 s0 k0 d0 f0 t13 m124 player 14: (89.273 -172.397 0.215) h1.00/0.18 g0/0 w a-152/-0 f-152 l-152/-0 as139/120 st7 thr1.00 501:0 s0 k0 d0 f0 t14 m124 player 15: (42.751 -71.877 0.068) h1.00/0.60 g0/0 w a-27/3 f-27 l-27/3 as139/120 st6 thr1.00 501:0 s0 k0 d0 f0 t15 m124 player 16: (47.703 -74.213 0.373) h1.00/1.00 g0/0 w a154/-5 f154 l154/-5 as1
chupathingyce: network test: tick 900 player 0: (43.080 -84.113 0.115) h1.00/0.00 g0/0 w a-17/-12 f10 l-17/-12 as139/120 st4 thr1.00 501:0 s2 k2 d1 f0 t0 m0 player 1: (79.870 -159.779 0.025) h1.00/1.00 g0/0 w a103/1 f103 l103/1 as139/120 st6 thr1.00 501:0 s0 k0 d1 f0 t1 m127 player 2: (87.782 -175.228 0.470) h1.00/0.87 g0/0 w a87/-7 f87 l87/-7 as139/120 st7 thr1.00 501:0 s0 k0 d0 f0 t2 m127 player 3: (55.465 -73.262 0.360) h1.00/0.47 g0/0 w a-77/-2 f-77 l-77/-2 as139/120 st7 thr1.00 501:0 s0 k0 d1 f0 t3 m127 player 4: (84.097 -149.074 0.371) h1.00/1.00 riding g0/0 w a-47/1 f0 l-64/1 as28/120 st0 thr0.00 501:0 s0 k0 d0 f0 t4 m127 player 5: (95.221 -154.251 0.126) h1.00/0.74 g0/0 w a51/-2 f51 l51/-2 as139/120 st7 thr1.00 501:0 s1 k1 d0 f0 t5 m126 player 6: (104.944 -156.109 0.167) h1.00/1.00 g0/0 w a122/-2 f122 l122/-2 as139/120 st6 thr1.00 501:0 s0 k0 d0 f0 t6 m126 player 7: (96.698 -170.698 0.664) h1.00/0.41 g0/0 w a142/-6 f163 l142/-6 as140/120 st20 thr1.00 501:0 s0 k0 d0 f0 t7 m126 player 8: (100.219 -148.116 0.098) h0.60/0.00 g0/0 w a-129/-0 f-129 l-129/-0 as139/120 st5 thr1.00 501:0 s0 k0 d0 f0 t8 m126 player 9: (46.328 -80.699 0.272) h1.00/0.95 g1/0 w a-168/-14 f-78 l-148/-14 as161/120 st20 thr1.00 501:0 494:8 s1 k1 d0 f0 t9 m125 player 10: (81.867 -149.906 0.037) h0.73/0.00 g0/0 w a-164/-0 f-148 l-164/-0 as139/120 st5 thr1.00 501:0 s0 k0 d0 f0 t10 m125 player 11: (89.460 -154.791 0.072) h0.20/0.41 g0/0 w a147/-0 f147 l147/-0 as139/120 st5 thr1.00 501:0 s0 k0 d0 f0 t11 m125 player 12: (45.390 -78.902 0.323) h1.00/0.20 g0/0 w a-66/5 f-66 l-66/5 as139/120 st5 thr1.00 501:0 s0 k0 d0 f0 t12 m125 player 13: (44.671 -84.626 0.027) h1.00/1.00 g0/0 w a146/-4 f124 l146/-4 as139/120 st5 thr1.00 501:0 s0 k0 d0 f0 t13 m124 player 14: (87.642 -171.413 0.165) h1.00/0.18 g0/0 w a-92/2 f-92 l-92/2 as139/120 st7 thr1.00 501:0 s0 k0 d0 f0 t14 m124 player 15: (42.657 -72.017 0.312) h1.00/0.60 g0/0 w a-28/-4 f-28 l-28/-4 as140/120 st20 thr1.00 501:0 s0 k0 d0 f0 t15 m124 player 16: (47.485 -74.524 -0.020) h1.00/1.00 g0/0 w a152/1 f152 l152/1 
chupathingyce: bots: bot 1 at (79.9 -159.8 0.0) yaw 102 fight, target 20 (seen), shield 1.00, kills 0 deaths 1
chupathingyce: bots: bot 2 at (88.2 -175.2 0.5) yaw 105 fight, target 14 (seen), shield 0.87, kills 0 deaths 0
chupathingyce: bots: bot 3 at (54.5 -73.7 0.3) yaw -58 fight, target 17 (seen), shield 0.47, kills 0 deaths 1
chupathingyce: bots: bot 4 at (84.3 -149.1 0.4) yaw -149 vehicle, target 20 (seen), shield 0.98, kills 0 deaths 0
chupathingyce: bots: bot 5 at (94.9 -153.9 0.1) yaw 42 fight, target 8 (seen), shield 0.74, kills 1 deaths 0
chupathingyce: network test: tick 930 player 0: (44.957 -84.749 0.019) h1.00/0.00 g0/0 w a-14/-9 f-14 l-14/-9 as139/120 st4 thr1.00 501:0 s2 k2 d1 f0 t0 m0 player 1: (78.951 -159.974 0.066) h1.00/1.00 g0/0 w a90/-2 f90 l90/-2 as139/120 st7 thr1.00 501:0 s0 k0 d1 f0 t1 m127 player 2: (89.488 -174.333 0.343) h1.00/0.87 g0/0 w a143/-5 f143 l143/-5 as139/120 st7 thr1.00 501:0 s0 k0 d0 f0 t2 m127 player 3: (54.876 -73.508 0.301) h1.00/0.47 g0/0 w a-68/-1 f-68 l-68/-1 as139/120 st6 thr1.00 501:0 s0 k0 d1 f0 t3 m127 player 4: (84.071 -149.144 0.372) h1.00/0.98 riding g0/0 w a-144/2 f0 l-144/2 as28/120 st0 thr0.00 501:0 s0 k0 d0 f0 t4 m127 player 5: (94.871 -153.894 0.126) h1.00/0.74 g0/0 w a42/-1 f42 l42/-1 as139/120 st7 thr1.00 501:0 s1 k1 d0 f0 t5 m126 player 6: (103.079 -156.784 0.109) h1.00/1.00 g0/0 w a97/-0 f97 l97/-0 as139/120 st6 thr1.00 501:0 s0 k0 d0 f0 t6 m126 player 7: (96.749 -170.291 0.279) h1.00/0.66 g0/0 w a135/-6 f172 l135/-6 as139/120 st7 thr1.00 501:0 s0 k0 d0 f0 t7 m126 player 8: (102.080 -147.415 0.222) h0.60/0.00 g0/0 w a-137/-1 f-137 l-137/-1 as139/120 st5 thr1.00 501:0 s0 k0 d0 f0 t8 m126 player 9: (47.401 -82.090 0.698) h1.00/0.87 g1/0 w a124/-5 f-123 l124/-5 as161/120 st20 thr1.00 501:0 494:8 s1 k1 d0 f0 t9 m125 player 10: (83.155 -149.582 0.032) h0.60/0.00 g0/0 w a-142/-1 f-142 l-142/-1 as139/120 st5 thr1.00 501:0 s0 k0 d0 f0 t10 m125 player 11: (90.829 -155.840 0.117) h0.20/0.66 g0/0 w a142/-1 f142 l142/-1 as139/120 st5 thr1.00 501:0 s0 k0 d0 f0 t11 m125 player 12: (45.232 -78.906 0.485) h1.00/0.20 g0/0 w a-55/1 f-65 l-55/1 as140/120 st20 thr1.00 501:0 s0 k0 d0 f0 t12 m125 player 13: (46.201 -85.005 -0.005) h1.00/1.00 g0/0 w a172/-12 f172 l172/-12 as139/120 st5 thr1.00 501:0 s0 k0 d0 f0 t13 m124 player 14: (86.253 -172.014 0.188) h0.78/0.00 g0/0 w a-39/0 f-44 l-39/0 as139/120 st7 thr1.00 501:0 s0 k0 d0 f0 t14 m124 player 15: (41.918 -73.459 0.326) h1.00/0.60 g0/0 w a-32/-5 f-28 l-32/-5 as140/120 st20 thr1.00 501:0 s0 k0 d0 f0 t15 m124 player 16: (46.539 -76.272 0.081) h1.00/1.00 g0/0 w a150/3 f150 l150/3 a
chupathingyce: bots: bot 6 at (102.7 -156.8 0.1) yaw 92 fight, target 8 (seen), shield 1.00, kills 0 deaths 0
chupathingyce: bots: bot 7 at (97.3 -169.7 0.3) yaw 134 fight, target 18 (seen), shield 0.76, kills 0 deaths 0
chupathingyce: bots: bot 8 at (103.2 -147.0 0.3) yaw -138 retreat, target 5 (seen), shield 0.00, kills 0 deaths 0
chupathingyce: bots: bot 9 at (47.3 -83.0 0.0) yaw -79 fight, target 13 (seen), shield 0.74, kills 1 deaths 0
chupathingyce: network test: tick 960 player 0: (47.058 -85.216 0.379) h0.86/0.00 g0/0 w a-2/-35 f-8 l-2/-35 as140/120 st20 thr1.00 501:0 s2 k2 d1 f0 t0 m0 player 1: (81.089 -159.686 0.508) h1.00/1.00 g0/0 w a111/-7 f91 l111/-7 as140/120 st20 thr1.00 501:0 s0 k0 d1 f0 t1 m127 player 2: (89.776 -174.109 0.711) h1.00/0.87 g0/0 w a161/-7 f165 l161/-7 as140/120 st20 thr1.00 501:0 s0 k0 d0 f0 t2 m127 player 3: (56.950 -73.123 0.827) h1.00/0.47 g0/0 w a-87/-8 f-76 l-87/-8 as140/120 st20 thr1.00 501:0 s0 k0 d1 f0 t3 m127 player 4: (84.070 -149.147 0.372) h1.00/0.98 riding g0/0 w a-153/4 f0 l-153/4 as28/120 st0 thr0.00 501:0 s0 k0 d0 f0 t4 m127 player 5: (96.393 -153.813 0.125) h1.00/0.74 g0/0 w a47/1 f47 l47/1 as139/120 st4 thr1.00 501:0 s1 k1 d0 f0 t5 m126 player 6: (101.260 -156.442 0.081) h1.00/1.00 g0/0 w a78/1 f78 l78/1 as139/120 st4 thr1.00 501:0 s0 k0 d0 f0 t6 m126 player 7: (98.118 -168.869 0.178) h1.00/0.91 g0/0 w a137/-3 f137 l137/-3 as139/120 st7 thr1.00 501:0 s0 k0 d0 f0 t7 m126 player 8: (103.369 -146.270 0.440) h0.60/0.00 g0/0 w a-134/-2 f-134 l-134/-2 as139/120 st5 thr1.00 501:0 s0 k0 d0 f0 t8 m126 player 9: (47.218 -82.857 0.047) h1.00/0.74 g1/0 w a-71/-5 f-108 l-71/-5 as160/120 st5 thr1.00 501:0 494:8 s1 k1 d0 f0 t9 m125 player 10: (83.175 -149.592 0.032) h0.22/0.00 g0/0 w a-139/-2 f-137 l-139/-2 as139/120 st9 thr1.00 501:0 s0 k0 d0 f0 t10 m125 player 11: (91.383 -155.982 0.129) h0.20/0.91 g0/0 w a143/-1 f143 l143/-1 as139/120 st5 thr1.00 501:0 s0 k0 d0 f0 t11 m125 player 12: (45.776 -79.367 0.134) h1.00/0.08 g0/0 w a84/-2 f84 l84/-2 as139/120 st5 thr1.00 501:0 s0 k0 d0 f0 t12 m125 player 13: (48.185 -85.195 0.026) h1.00/1.00 g0/0 w a-176/3 f-176 l-176/3 as139/120 st5 thr1.00 501:0 s0 k0 d0 f0 t13 m124 player 14: (85.183 -172.193 0.180) h0.65/0.00 g0/0 w a-21/4 f-21 l-21/4 as139/120 st5 thr1.00 501:0 s0 k0 d0 f0 t14 m124 player 15: (42.807 -72.602 0.045) h1.00/0.60 g0/0 w a-51/-1 f-51 l-51/-1 as139/120 st6 thr1.00 501:0 s0 k0 d0 f0 t15 m124 player 16: (46.124 -76.554 0.191) h1.00/0.72 g0/0 w a-95/-5 f-95 l-95/-5 as14
chupathingyce: bots: bot 10 at (83.2 -149.6 0.0) yaw -138 retreat, target 20 (seen), shield 0.00, kills 0 deaths 0
chupathingyce: bots: bot 11 at (91.3 -155.6 0.1) yaw 144 fight, target 10 (seen), shield 0.99, kills 0 deaths 0
chupathingyce: bots: bot 12 at (45.6 -80.4 0.8) yaw 88 fight, target 16 (seen), shield 0.00, kills 0 deaths 0
chupathingyce: bots: bot 21 inventory slot 0 now weapon 501
chupathingyce: bots: bot 13 at (49.7 -85.0 0.1) yaw -165 fight, target 0 (seen), shield 0.85, kills 0 deaths 0
chupathingyce: network test: tick 990 player 0: (49.248 -85.056 0.073) h0.72/0.00 g0/0 w a17/-38 f-8 l17/-38 as140/120 st20 thr1.00 501:0 s2 k2 d1 f0 t0 m0 player 1: (81.086 -160.084 0.032) h1.00/1.00 g0/0 w a127/-0 f127 l127/-0 as139/120 st6 thr1.00 501:0 s0 k0 d1 f0 t1 m127 player 2: (88.808 -175.756 0.476) h1.00/0.87 g0/0 w a132/-4 f165 l132/-4 as139/120 st6 thr1.00 501:0 s0 k0 d0 f0 t2 m127 player 3: (56.514 -73.076 0.446) h1.00/0.35 g0/0 w a-91/-2 f-91 l-91/-2 as139/120 st7 thr1.00 501:0 s0 k0 d1 f0 t3 m127 player 4: (84.068 -149.150 0.371) h1.00/0.96 riding g0/0 w a148/7 f0 l159/7 as28/120 st0 thr0.00 501:0 s0 k0 d0 f0 t4 m127 player 5: (96.799 -154.045 0.131) h1.00/0.60 g0/0 w a-34/-3 f-34 l-34/-3 as139/120 st4 thr1.00 501:0 s1 k1 d0 f0 t5 m126 player 6: (100.393 -156.604 0.127) h1.00/1.00 g0/0 w a76/1 f80 l76/1 as139/120 st4 thr1.00 501:0 s0 k0 d0 f0 t6 m126 player 7: (98.511 -168.367 0.119) h1.00/1.00 g0/0 w a126/-2 f126 l126/-2 as139/120 st6 thr1.00 501:0 s0 k0 d0 f0 t7 m126 player 8: (103.696 -144.410 0.674) h0.48/0.00 g0/0 w a-126/-4 f-126 l-126/-4 as139/120 st5 thr1.00 501:0 s0 k0 d0 f0 t8 m126 player 9: (46.079 -83.076 0.072) h1.00/0.74 g1/0 w a-28/-2 f-28 l-28/-2 as160/120 st6 thr1.00 501:0 494:8 s1 k1 d0 f0 t9 m125 player 10: (83.180 -148.517 0.049) h0.10/0.00 g0/0 w a-28/-5 f-81 l-28/-5 as139/120 st5 thr1.00 501:0 s0 k0 d0 f0 t10 m125 player 11: (91.758 -154.483 0.106) h0.20/1.00 g0/0 w a144/-2 f144 l144/-2 as139/120 st7 thr1.00 501:0 s0 k0 d0 f0 t11 m125 player 12: (45.324 -81.017 0.644) h0.84/0.00 g0/0 w a-6/-20 f84 l14/-20 as140/120 st20 thr1.00 501:0 s0 k0 d0 f0 t12 m125 player 13: (49.960 -84.875 0.081) h1.00/0.71 g0/0 w a-167/1 f-167 l-167/1 as139/120 st5 thr1.00 501:0 s0 k0 d0 f0 t13 m124 player 14: (84.341 -170.471 0.110) h0.52/0.00 g0/0 w a-49/2 f-47 l-49/2 as139/120 st9 thr1.00 501:0 s0 k0 d0 f0 t14 m124 player 15: (43.857 -71.836 -0.006) h1.00/0.60 g0/0 w a-76/2 f-76 l-76/2 as139/120 st7 thr1.00 501:0 s0 k0 d0 f0 t15 m124 player 16: (44.922 -76.213 0.423) h1.00/0.59 g0/0 w a-10/-3 f-59 l-10/-3 as140
chupathingyce: bots: bot 14 at (84.3 -170.4 0.1) yaw -51 retreat, target 2 (seen), shield 0.00, kills 0 deaths 0
chupathingyce: bots: bot 15 at (43.3 -72.0 0.0) yaw -71 fight, target 16 (seen), shield 0.60, kills 0 deaths 0
chupathingyce: bots: bot 16 at (44.7 -76.2 1.0) yaw 10 fight, target 21 (seen), shield 0.46, kills 0 deaths 0
chupathingyce: bots: bot 17 at (55.0 -79.0 0.2) yaw 92 fight, target 3 (seen), shield 0.26, kills 0 deaths 0
chupathingyce: bots: bot 18 at (95.8 -162.5 -0.3) yaw -119 retreat, target 2, shield 0.00, kills 0 deaths 0
chupathingyce: network test: tick 1020 player 0: dead s2 k2 d2 f0 t0 m0 player 1: (79.266 -161.315 0.117) h1.00/1.00 g0/0 w a121/-0 f121 l121/-0 as139/120 st6 thr1.00 501:0 s0 k0 d1 f0 t1 m127 player 2: (88.720 -175.808 0.483) h0.96/0.00 g0/0 w a131/-3 f131 l131/-3 as139/120 st7 thr1.00 501:0 s0 k0 d0 f0 t2 m127 player 3: (54.319 -73.082 0.298) h1.00/0.35 g0/0 w a-88/-3 f-88 l-88/-3 as139/120 st7 thr1.00 501:0 s0 k0 d1 f0 t3 m127 player 4: (84.165 -149.203 0.370) h1.00/0.93 riding g0/0 w a139/3 f0 l158/3 as28/120 st0 thr0.00 501:0 s0 k0 d0 f0 t4 m127 player 5: (97.239 -154.185 0.116) h1.00/0.49 g0/0 w a-31/-2 f-31 l-31/-2 as139/120 st7 thr1.00 501:0 s1 k1 d0 f0 t5 m126 player 6: (100.202 -155.872 0.086) h1.00/1.00 g0/0 w a117/-3 f92 l117/-3 as139/120 st7 thr1.00 501:0 s0 k0 d0 f0 t6 m126 player 7: (96.748 -168.158 0.201) h1.00/1.00 g0/0 w a174/2 f174 l174/2 as139/120 st4 thr1.00 501:0 s0 k0 d0 f0 t7 m126 player 8: (104.870 -143.097 0.897) h0.48/0.00 g0/0 w a-125/-3 f-125 l-125/-3 as139/120 st5 thr1.00 501:0 s0 k0 d0 f0 t8 m126 player 9: (46.490 -83.077 0.059) h1.00/0.74 g1/0 w a26/-1 f1 l26/-1 as160/120 st6 thr1.00 501:0 494:6 s3 k3 d0 f0 t9 m125 player 10: (81.954 -147.267 0.082) h0.10/0.00 g0/0 w a-40/-3 f-40 l-40/-3 as139/120 st5 thr1.00 501:0 s0 k0 d0 f0 t10 m125 player 11: (91.271 -153.237 0.173) h0.20/1.00 g0/0 w a-169/-0 f-169 l-169/-0 as139/120 st4 thr1.00 501:0 s0 k0 d0 f0 t11 m125 player 12: dead s0 k0 d1 f0 t12 m125 player 13: dead s1 k1 d1 f0 t13 m124 player 14: (82.844 -169.495 0.131) h0.40/0.00 g0/0 w a-47/2 f-48 l-47/2 as139/120 st9 thr1.00 501:0 s0 k0 d0 f0 t14 m124 player 15: (42.041 -72.617 0.111) h1.00/0.66 g0/0 w a-55/8 f-55 l-55/8 as139/120 st7 thr1.00 501:0 s0 k0 d0 f0 t15 m124 player 16: (44.628 -76.030 0.758) h1.00/0.32 g0/0 w a16/-7 f-59 l11/-7 as140/120 st20 thr1.00 501:0 s0 k0 d0 f0 t16 m124 player 17: (54.424 -79.033 0.181) h0.80/0.26 g0/0 w a92/0 f92 l92/0 as139/120 st6 thr1.00 501:0 s0 k0 d0 f0 t17 m123 player 18: (95.833 -162.448 -0.287) h0.41/0.00 g0/0 w a-119/3 f-119 l-119/3 as139/120 st5 thr1.
chupathingyce: bots: bot 19 at (86.7 -166.6 0.5) yaw -147 fight, target 14 (seen), shield 1.00, kills 0 deaths 0
chupathingyce: bots: bot 20 at (75.3 -155.4 0.3) yaw -56 retreat, target 1 (seen), shield 0.00, kills 0 deaths 0
chupathingyce: bots: bot 21 at (50.8 -74.2 0.2) yaw 25 fight, target 3 (seen), shield 1.00, kills 0 deaths 1
chupathingyce: bots: bot 18 inventory slot 1 now weapon 3ed
chupathingyce: bots: bot 22 at (43.6 -65.0 1.5) yaw -172 fight, target 23 (seen), shield 1.00, kills 0 deaths 0
chupathingyce: network test: tick 1050 player 0: dead s2 k2 d2 f0 t0 m0 player 1: (80.123 -160.603 0.069) h1.00/1.00 g0/0 w a136/0 f136 l136/0 as139/120 st7 thr1.00 501:0 s0 k0 d1 f0 t1 m127 player 2: (88.976 -175.492 0.450) h0.96/0.00 g0/0 w a140/-2 f140 l140/-2 as139/120 st4 thr1.00 501:0 s0 k0 d0 f0 t2 m127 player 3: (54.418 -72.299 0.367) h0.53/0.00 g0/0 w a-146/-6 f-146 l-146/-6 as139/120 st5 thr1.00 501:0 s0 k0 d1 f0 t3 m127 player 4: (84.165 -149.203 0.370) h1.00/0.68 riding g0/0 w a153/4 f0 l158/4 as28/120 st0 thr0.00 501:0 s0 k0 d0 f0 t4 m127 player 5: (97.776 -152.966 0.044) h1.00/0.21 g0/0 w a-17/-5 f-17 l-17/-5 as139/120 st6 thr1.00 501:0 s1 k1 d0 f0 t5 m126 player 6: (100.944 -154.027 0.050) h1.00/1.00 g0/0 w a163/-1 f163 l163/-1 as139/120 st7 thr1.00 501:0 s0 k0 d0 f0 t6 m126 player 7: (95.799 -166.816 0.528) h1.00/1.00 g0/0 w a173/-2 f173 l173/-2 as140/120 st20 thr1.00 501:0 s0 k0 d0 f0 t7 m126 player 8: (105.621 -142.507 0.972) h0.48/0.00 g0/0 w a-126/-5 f-126 l-126/-5 as139/120 st4 thr1.00 501:0 s0 k0 d0 f0 t8 m126 player 9: (45.462 -81.616 0.115) h1.00/0.74 g1/0 w a51/0 f51 l51/0 as160/120 st6 thr1.00 501:0 494:5 s4 k4 d0 f0 t9 m125 player 10: (79.983 -147.170 0.232) h0.10/0.00 g0/0 w a-25/-3 f-25 l-25/-3 as139/120 st5 thr1.00 501:0 s0 k0 d0 f0 t10 m125 player 11: (89.237 -153.153 0.343) h0.20/1.00 g0/0 w a-141/-2 f-141 l-141/-2 as139/120 st4 thr1.00 501:0 s0 k0 d0 f0 t11 m125 player 12: dead s0 k0 d1 f0 t12 m125 player 13: dead s1 k1 d1 f0 t13 m124 player 14: (80.921 -169.097 0.181) h0.40/0.00 g0/0 w a-39/1 f-39 l-39/1 as139/120 st5 thr1.00 501:0 s0 k0 d0 f0 t14 m124 player 15: (40.862 -73.939 0.708) h1.00/0.91 g0/0 w a-4/-3 f-25 l-4/-3 as140/120 st20 thr1.00 501:0 s0 k0 d0 f0 t15 m124 player 16: (44.438 -75.339 0.100) h1.00/0.32 g0/0 w a5/-1 f5 l5/-1 as139/120 st7 thr1.00 501:0 s0 k0 d0 f0 t16 m124 player 17: dead s0 k0 d1 f0 t17 m123 player 18: (95.621 -161.604 -0.287) h0.41/0.00 g0/0 w a-87/6 f-87 l-87/6 as160/120 st6 thr1.00 501:0 3ed:0 s0 k0 d0 f0 t18 m123 player 19: (85.750 -165.347 0.119) h1.00/1.00 g
chupathingyce: bots: bot 23 at (33.6 -66.4 0.3) yaw 4 fight, target 22 (seen), shield 1.00, kills 0 deaths 0
chupathingyce: network test: tick 1080 player 0: dead s2 k2 d2 f0 t0 m0 player 1: (81.424 -158.838 -0.043) h1.00/1.00 g0/0 w a149/2 f149 l149/2 as139/120 st7 thr1.00 501:0 s0 k0 d1 f0 t1 m127 player 2: (87.069 -174.938 0.467) h0.96/0.00 g0/0 w a143/-2 f143 l143/-2 as139/120 st4 thr1.00 501:0 s0 k0 d0 f0 t2 m127 player 3: (54.671 -70.174 0.547) h0.53/0.00 g0/0 w a-110/0 f-110 l-110/0 as139/120 st5 thr1.00 501:0 s0 k0 d1 f0 t3 m127 player 4: (84.165 -149.203 0.370) h1.00/0.53 riding g0/0 w a170/4 f0 l170/4 as28/120 st0 thr0.00 501:0 s0 k0 d0 f0 t4 m127 player 5: (97.913 -153.280 0.031) h1.00/0.06 g0/0 w a9/3 f9 l9/3 as139/120 st6 thr1.00 501:0 s1 k1 d0 f0 t5 m126 player 6: (101.420 -152.649 0.278) h1.00/1.00 g0/0 w a-173/-8 f163 l-173/-8 as140/120 st20 thr1.00 501:0 s0 k0 d0 f0 t6 m126 player 7: (94.807 -166.610 0.221) h1.00/1.00 g0/0 w a-180/-3 f173 l-180/-3 as140/120 st20 thr1.00 501:0 s0 k0 d0 f0 t7 m126 player 8: (104.044 -143.635 0.785) h0.48/0.00 g0/0 w a-123/-4 f-123 l-123/-4 as139/120 st4 thr1.00 501:0 s0 k0 d0 f0 t8 m126 player 9: (45.433 -80.807 0.128) h1.00/0.74 g1/0 w a33/3 f33 l33/3 as160/120 st6 thr1.00 501:0 494:4 s4 k4 d0 f0 t9 m125 player 10: (80.098 -148.352 0.145) h0.10/0.00 g0/0 w a-32/-1 f-32 l-32/-1 as139/120 st4 thr1.00 501:0 s0 k0 d0 f0 t10 m125 player 11: (88.632 -154.223 0.063) h0.20/1.00 g0/0 w a-145/-1 f-145 l-145/-1 as139/120 st6 thr1.00 501:0 s0 k0 d0 f0 t11 m125 player 12: dead s0 k0 d1 f0 t12 m125 player 13: dead s1 k1 d1 f0 t13 m124 player 14: (78.952 -168.748 0.224) h0.40/0.00 g0/0 w a-38/1 f-38 l-38/1 as139/120 st5 thr1.00 501:0 s0 k0 d0 f0 t14 m124 player 15: (40.662 -73.648 0.138) h1.00/1.00 g0/0 w a-10/2 f-25 l-10/2 as140/120 st21 thr1.00 501:0 s0 k0 d0 f0 t15 m124 player 16: (45.100 -76.830 0.977) h1.00/0.32 g0/0 w a7/-3 f4 l7/-3 as140/120 st20 thr1.00 501:0 s0 k0 d0 f0 t16 m124 player 17: dead s0 k0 d1 f0 t17 m123 player 18: (96.232 -162.379 -0.287) h0.41/0.00 g0/0 w a-101/12 f-101 l-101/12 as160/120 st4 thr1.00 501:0 3ed:0 s0 k0 d0 f0 t18 m123 player 19: (86.350 -166.555 0.119) h1.00/1.00
chupathingyce: bots: bot 12 inventory slot 0 now weapon 501
chupathingyce: bots: bot 12 seeking vehicle -495910910
chupathingyce: network test: tick 1110 player 0: dead s2 k2 d2 f0 t0 m0 player 1: (81.525 -156.854 -0.119) h1.00/1.00 g0/0 w a151/3 f151 l151/3 as139/120 st7 thr1.00 501:0 s0 k0 d1 f0 t1 m127 player 2: (86.660 -173.119 0.261) h0.84/0.00 g0/0 w a151/-1 f151 l151/-1 as139/120 st7 thr1.00 501:0 s0 k0 d0 f0 t2 m127 player 3: (53.929 -68.116 0.675) h0.53/0.00 g0/0 w a-91/-5 f-91 l-91/-5 as139/120 st5 thr1.00 501:0 s0 k0 d1 f0 t3 m127 player 4: (84.165 -149.203 0.370) h1.00/0.53 riding g0/0 w a169/21 f0 l169/21 as28/120 st0 thr0.00 501:0 s0 k0 d0 f0 t4 m127 player 5: (97.942 -154.096 0.510) h1.00/0.06 g0/0 w a7/-11 f15 l7/-11 as140/120 st20 thr1.00 501:0 s1 k1 d0 f0 t5 m126 player 6: (101.852 -153.557 -0.062) h1.00/1.00 g0/0 w a-172/7 f-172 l-172/7 as139/120 st7 thr1.00 501:0 s0 k0 d0 f0 t6 m126 player 7: (94.687 -167.998 0.133) h1.00/0.68 g0/0 w a168/-1 f168 l168/-1 as139/120 st6 thr1.00 501:0 s0 k0 d0 f0 t7 m126 player 8: (102.871 -144.530 0.608) h0.48/0.00 g0/0 w a-82/-3 f-82 l-82/-3 as139/120 st4 thr1.00 501:0 s0 k0 d0 f0 t8 m126 player 9: (45.815 -80.238 0.794) h1.00/0.74 g1/0 w a87/-18 f74 l87/-18 as161/120 st20 thr1.00 501:0 494:4 s4 k4 d0 f0 t9 m125 player 10: (82.056 -148.794 0.677) h0.10/0.00 g0/0 w a-44/-4 f-35 l-44/-4 as140/120 st20 thr1.00 501:0 s0 k0 d0 f0 t10 m125 player 11: (89.323 -156.076 0.094) h0.20/1.00 g0/0 w a-172/-3 f-172 l-172/-3 as139/120 st6 thr1.00 501:0 s0 k0 d0 f0 t11 m125 player 12: (104.863 -161.844 0.037) h1.00/1.00 g0/0 w a110/-2 f110 l110/-2 as139/120 st6 thr1.00 501:0 s0 k0 d1 f0 t12 m125 player 13: dead s1 k1 d1 f0 t13 m124 player 14: (78.064 -168.369 0.334) h0.27/0.00 g0/0 w a-30/-1 f-31 l-30/-1 as140/120 st20 thr1.00 501:0 s0 k0 d0 f0 t14 m124 player 15: (42.637 -73.041 0.677) h1.00/1.00 g0/0 w a-55/-6 f-16 l-55/-6 as140/120 st20 thr1.00 501:0 s0 k0 d0 f0 t15 m124 player 16: (45.887 -77.538 0.134) h1.00/0.32 g0/0 w a-91/12 f-86 l-91/12 as139/120 st5 thr1.00 501:0 s0 k0 d0 f0 t16 m124 player 17: dead s0 k0 d1 f0 t17 m123 player 18: (94.832 -162.260 -0.287) h0.41/0.00 g0/0 w a-92/2 f-92 l-92/2 as
chupathingyce: bots: bot 13 inventory slot 0 now weapon 501
chupathingyce: bots: bot 17 inventory slot 0 now weapon 501
chupathingyce: bots: bot 17 seeking vehicle -495910910
chupathingyce: network test: tick 1140 player 0: (105.389 -157.729 0.200) h1.00/1.00 g0/0 w a-138/-7 f-138 l-138/-7 as139/120 st4 thr1.00 501:0 s2 k2 d2 f0 t0 m0 player 1: (82.468 -154.870 -0.125) h1.00/1.00 g0/0 w a163/3 f163 l163/3 as139/120 st7 thr1.00 501:0 s0 k0 d1 f0 t1 m127 player 2: (87.983 -171.849 0.188) h0.84/0.00 g0/0 w a109/-3 f109 l109/-3 as139/120 st7 thr1.00 501:0 s0 k0 d0 f0 t2 m127 player 3: (53.016 -66.134 0.910) h0.53/0.00 g0/0 w a-97/-4 f-97 l-97/-4 as139/120 st5 thr1.00 501:0 s0 k0 d1 f0 t3 m127 player 4: (84.165 -149.203 0.370) h1.00/0.53 riding g0/0 w a-143/6 f0 l-143/6 as28/120 st0 thr0.00 501:0 s0 k0 d0 f0 t4 m127 player 5: (97.637 -152.997 0.057) h0.96/0.00 g0/0 w a14/-5 f14 l14/-5 as139/120 st7 thr1.00 501:0 s1 k1 d0 f0 t5 m126 player 6: (101.517 -152.097 -0.060) h1.00/0.88 g0/0 w a-166/-1 f-166 l-166/-1 as139/120 st6 thr1.00 501:0 s0 k0 d0 f0 t6 m126 player 7: (94.525 -169.778 0.191) h1.00/0.68 g0/0 w a169/-2 f169 l169/-2 as139/120 st7 thr1.00 501:0 s0 k0 d0 f0 t7 m126 player 8: (103.944 -145.073 0.615) h0.48/0.00 g0/0 w a-107/-6 f-107 l-107/-6 as139/120 st6 thr1.00 501:0 s0 k0 d0 f0 t8 m126 player 9: (46.739 -80.405 0.106) h1.00/0.61 g1/0 w a82/-3 f82 l82/-3 as160/120 st7 thr1.00 501:0 494:4 s4 k4 d0 f0 t9 m125 player 10: (83.293 -149.811 0.024) h0.10/0.00 g0/0 w a-55/0 f-55 l-55/0 as139/120 st4 thr1.00 501:0 s0 k0 d0 f0 t10 m125 player 11: (89.041 -158.031 0.117) h0.20/1.00 g0/0 w a156/-3 f156 l156/-3 as139/120 st6 thr1.00 501:0 s0 k0 d0 f0 t11 m125 player 12: (102.844 -162.171 0.258) h1.00/1.00 g0/0 w a97/-2 f97 l97/-2 as139/120 st4 thr1.00 501:0 s0 k0 d1 f0 t12 m125 player 13: (36.880 -90.170 0.070) h1.00/1.00 g0/0 w a165/0 f108 l165/0 as139/120 st4 thr1.00 501:0 s1 k1 d1 f0 t13 m124 player 14: (79.082 -167.029 0.208) h0.27/0.00 g0/0 w a-28/-1 f-28 l-28/-1 as139/120 st4 thr1.00 501:0 s0 k0 d0 f0 t14 m124 player 15: (44.248 -72.625 -0.058) h1.00/1.00 g0/0 w a-55/-1 f-16 l-55/-1 as140/120 st21 thr1.00 501:0 s0 k0 d0 f0 t15 m124 player 16: (47.226 -76.989 0.134) h1.00/0.32 g0/0 w a-97/-3 f-97 l-97
chupathingyce: network test: tick 1170 player 0: (103.772 -159.122 0.206) h1.00/0.75 g0/0 w a-146/-3 f-146 l-146/-3 as139/120 st8 thr1.00 501:0 s2 k2 d2 f0 t0 m0 player 1: (82.946 -152.749 0.533) h1.00/1.00 g0/0 w a79/1 f169 l99/1 as140/120 st20 thr1.00 501:0 s0 k0 d1 f0 t1 m127 player 2: (89.706 -170.850 0.153) h0.84/0.00 g0/0 w a130/-3 f130 l130/-3 as139/120 st7 thr1.00 501:0 s0 k0 d0 f0 t2 m127 player 3: (54.081 -64.426 1.216) h0.53/0.00 g0/0 w a-106/-5 f-106 l-106/-5 as139/120 st5 thr1.00 501:0 s0 k0 d1 f0 t3 m127 player 4: (84.165 -149.203 0.370) h1.00/0.53 riding g0/0 w a-77/26 f0 l-77/26 as28/120 st0 thr0.00 501:0 s0 k0 d0 f0 t4 m127 player 5: (97.841 -154.349 0.323) h0.83/0.00 g0/0 w a8/-6 f8 l8/-6 as140/120 st20 thr1.00 501:0 s1 k1 d0 f0 t5 m126 player 6: (101.790 -153.814 -0.065) h1.00/0.88 g0/0 w a-173/2 f-173 l-173/2 as139/120 st6 thr1.00 501:0 s0 k0 d0 f0 t6 m126 player 7: (94.462 -169.872 0.192) h1.00/0.68 g0/0 w a165/-1 f165 l165/-1 as139/120 st6 thr1.00 501:0 s0 k0 d0 f0 t7 m126 player 8: (105.775 -145.857 0.492) h0.48/0.20 g0/0 w a-115/-6 f-115 l-115/-6 as139/120 st6 thr1.00 501:0 s0 k0 d0 f0 t8 m126 player 9: (48.448 -80.905 0.091) h1.00/0.61 g1/0 w a66/2 f66 l66/2 as160/120 st6 thr1.00 501:0 494:3 s5 k5 d0 f0 t9 m125 player 10: (84.676 -150.854 0.648) h0.10/0.17 g0/0 w a165/-24 f-105 l-175/-24 as140/120 st20 thr1.00 501:0 s0 k0 d0 f0 t10 m125 player 11: (88.608 -158.832 0.116) h0.20/1.00 g0/0 w a132/2 f132 l132/2 as139/120 st7 thr1.00 501:0 s0 k0 d0 f0 t11 m125 player 12: (100.994 -161.311 0.379) h1.00/1.00 g0/0 w a39/-7 f86 l39/-7 as140/120 st20 thr1.00 501:0 s0 k0 d1 f0 t12 m125 player 13: (35.052 -88.981 0.104) h1.00/1.00 g0/0 w a95/1 f95 l95/1 as139/120 st4 thr1.00 501:0 s1 k1 d1 f0 t13 m124 player 14: (80.871 -166.392 0.233) h0.27/0.00 g0/0 w a-26/-1 f-26 l-26/-1 as139/120 st6 thr1.00 501:0 s0 k0 d0 f0 t14 m124 player 15: (45.776 -71.381 0.018) h1.00/1.00 g0/0 w a-43/1 f-43 l-43/1 as139/120 st6 thr1.00 501:0 s0 k0 d0 f0 t15 m124 player 16: dead s0 k0 d1 f0 t16 m124 player 17: (92.057 -150.528 1.080) h1.
chupathingyce: network test: tick 1200 player 0: (102.036 -160.326 0.125) h1.00/0.50 g0/0 w a-132/-6 f-132 l-132/-6 as139/120 st4 thr1.00 501:0 s2 k2 d2 f0 t0 m0 player 1: (82.335 -151.608 -0.021) h1.00/1.00 g0/0 w a-12/-2 f23 l-12/-2 as139/120 st7 thr1.00 501:0 s0 k0 d1 f0 t1 m127 player 2: (90.481 -169.375 0.099) h0.84/0.00 g0/0 w a178/-2 f178 l178/-2 as139/120 st6 thr1.00 501:0 s0 k0 d0 f0 t2 m127 player 3: (55.229 -63.422 1.420) h0.53/0.00 g0/0 w a-106/-7 f-106 l-106/-7 as139/120 st4 thr1.00 501:0 s0 k0 d1 f0 t3 m127 player 4: (84.165 -149.203 0.370) h1.00/0.53 riding g0/0 w a-66/1 f0 l-66/1 as28/120 st0 thr0.00 501:0 s0 k0 d0 f0 t4 m127 player 5: (98.496 -154.918 0.773) h0.69/0.00 g0/0 w a-11/-10 f8 l-11/-10 as140/120 st20 thr1.00 501:0 s1 k1 d0 f0 t5 m126 player 6: (101.784 -155.800 0.399) h1.00/0.88 g0/0 w a166/6 f171 l166/6 as140/120 st20 thr1.00 501:0 s0 k0 d0 f0 t6 m126 player 7: (94.349 -170.125 0.199) h1.00/0.54 g0/0 w a167/-3 f167 l167/-3 as139/120 st7 thr1.00 501:0 s0 k0 d0 f0 t7 m126 player 8: (107.474 -146.841 1.027) h0.48/0.45 g0/0 w a-123/-5 f-116 l-123/-5 as140/120 st20 thr1.00 501:0 s0 k0 d0 f0 t8 m126 player 9: (47.388 -80.194 0.103) h1.00/0.61 g1/0 w a40/-3 f40 l40/-3 as160/120 st6 thr1.00 501:0 494:1 s5 k5 d0 f0 t9 m125 player 10: (85.661 -152.273 -0.033) h0.10/0.42 g0/0 w a110/-0 f131 l110/-0 as139/120 st7 thr1.00 501:0 s0 k0 d0 f0 t10 m125 player 11: (89.455 -158.027 0.122) h0.20/1.00 g0/0 w a136/-2 f136 l136/-2 as139/120 st6 thr1.00 501:0 s0 k0 d0 f0 t11 m125 player 12: (100.496 -162.003 0.129) h1.00/0.87 g0/0 w a47/-4 f47 l47/-4 as139/120 st5 thr1.00 501:0 s0 k0 d1 f0 t12 m125 player 13: (34.010 -87.048 -0.046) h1.00/1.00 g0/0 w a93/0 f93 l93/0 as139/120 st4 thr1.00 501:0 s1 k1 d1 f0 t13 m124 player 14: (81.922 -164.820 0.569) h0.27/0.00 g0/0 w a-28/-5 f-25 l-28/-5 as140/120 st20 thr1.00 501:0 s0 k0 d0 f0 t14 m124 player 15: (47.334 -70.144 0.177) h1.00/1.00 g0/0 w a-56/-2 f-56 l-56/-2 as139/120 st6 thr1.00 501:0 s0 k0 d0 f0 t15 m124 player 16: dead s0 k0 d1 f0 t16 m124 player 17: (93.248 -151.093 0.
chupathingyce: bots: bot 1 at (82.3 -151.6 -0.0) yaw -10 fight, target 10 (seen), shield 1.00, kills 0 deaths 1
chupathingyce: bots: bot 2 at (90.5 -169.6 0.1) yaw 177 retreat, target 19 (seen), shield 0.00, kills 0 deaths 0
chupathingyce: bots: bot 3 at (55.5 -64.4 1.2) yaw -102 fight, target 21 (seen), shield 0.00, kills 0 deaths 1
chupathingyce: bots: bot 4 at (84.4 -149.2 0.4) yaw -46 vehicle, target 10 (seen), shield 0.26, kills 0 deaths 0
chupathingyce: bots: bot 5 at (98.5 -154.2 0.1) yaw -52 retreat, target 6 (seen), shield 0.00, kills 1 deaths 0
chupathingyce: network test: tick 1230 player 0: (100.885 -162.138 0.115) h1.00/0.24 g0/0 w a-139/-6 f-139 l-139/-6 as139/120 st8 thr1.00 501:0 s2 k2 d2 f0 t0 m0 player 1: (81.957 -151.876 -0.025) h1.00/1.00 g0/0 w a8/2 f8 l8/2 as139/120 st6 thr1.00 501:0 s0 k0 d1 f0 t1 m127 player 2: (91.688 -169.228 0.111) h0.56/0.00 g0/0 w a170/-3 f170 l170/-3 as139/120 st5 thr1.00 501:0 s0 k0 d0 f0 t2 m127 player 3: (55.944 -65.598 1.074) h0.53/0.10 g0/0 w a-102/-5 f-102 l-102/-5 as139/120 st4 thr1.00 501:0 s0 k0 d1 f0 t3 m127 player 4: (84.165 -149.203 0.370) h1.00/0.26 riding g0/0 w a-42/6 f0 l-62/6 as28/120 st0 thr0.00 501:0 s0 k0 d0 f0 t4 m127 player 5: (98.473 -154.056 0.042) h0.69/0.00 g0/0 w a-52/-1 f-52 l-52/-1 as139/120 st5 thr1.00 501:0 s1 k1 d0 f0 t5 m126 player 6: (100.815 -157.505 0.148) h1.00/0.88 g0/0 w a126/-4 f137 l126/-4 as139/120 st6 thr1.00 501:0 s0 k0 d0 f0 t6 m126 player 7: (94.690 -169.104 0.172) h1.00/0.54 g0/0 w a-175/-5 f-175 l-175/-5 as139/120 st6 thr1.00 501:0 s0 k0 d0 f0 t7 m126 player 8: (107.935 -147.849 0.467) h0.48/0.70 g0/0 w a-127/-2 f-127 l-127/-2 as140/120 st20 thr1.00 501:0 s0 k0 d0 f0 t8 m126 player 9: (46.703 -78.558 0.134) h1.00/0.61 g1/0 w a7/-1 f7 l7/-1 as139/120 st6 thr1.00 501:0 494:0 s5 k5 d0 f0 t9 m125 player 10: (87.092 -151.299 0.333) h0.10/0.30 g0/0 w a141/-6 f141 l141/-6 as139/120 st7 thr1.00 501:0 s0 k0 d0 f0 t10 m125 player 11: (88.061 -159.459 0.357) h0.20/1.00 g0/0 w a130/-2 f130 l130/-2 as140/120 st20 thr1.00 501:0 s0 k0 d0 f0 t11 m125 player 12: (99.452 -163.324 0.124) h1.00/0.45 g0/0 w a39/-5 f39 l39/-5 as139/120 st9 thr1.00 501:0 s0 k0 d1 f0 t12 m125 player 13: (34.404 -85.025 -0.084) h1.00/1.00 g0/0 w a95/1 f95 l95/1 as139/120 st4 thr1.00 501:0 s1 k1 d1 f0 t13 m124 player 14: (82.661 -164.772 0.112) h0.14/0.00 g0/0 w a-27/-1 f-27 l-27/-1 as139/120 st4 thr1.00 501:0 s0 k0 d0 f0 t14 m124 player 15: (49.049 -69.125 0.300) h1.00/1.00 g0/0 w a-62/-2 f-62 l-62/-2 as139/120 st6 thr1.00 501:0 s0 k0 d0 f0 t15 m124 player 16: dead s0 k0 d1 f0 t16 m124 player 17: (95.229 -150.268 0.218) h1.0
chupathingyce: bots: bot 6 at (100.8 -157.6 0.1) yaw 120 fight, target 5 (seen), shield 0.88, kills 0 deaths 0
chupathingyce: bots: bot 7 at (95.0 -169.6 0.2) yaw 168 fight, target 2 (seen), shield 0.54, kills 0 deaths 0
chupathingyce: bots: bot 8 at (107.1 -148.4 0.6) yaw -124 fight, target 6 (seen), shield 0.86, kills 0 deaths 0
chupathingyce: bots: bot 9 at (46.8 -77.0 0.1) yaw -15 fight, target 21 (seen), shield 0.61, kills 5 deaths 0
chupathingyce: network test: tick 1260 player 0: (99.220 -163.582 0.123) h0.29/0.00 g0/0 w a-139/-6 f-139 l-139/-6 as139/120 st4 thr1.00 501:0 s3 k3 d2 f0 t0 m0 player 1: (82.204 -152.410 -0.037) h1.00/0.86 g0/0 w a26/4 f26 l26/4 as139/120 st7 thr1.00 501:0 s0 k0 d1 f0 t1 m127 player 2: (92.032 -168.986 0.111) h0.29/0.00 g0/0 w a-16/-1 f11 l-16/-1 as139/120 st5 thr1.00 501:0 s0 k0 d0 f0 t2 m127 player 3: (56.773 -67.804 1.597) h0.53/0.35 g0/0 w a-98/-8 f-97 l-98/-8 as140/120 st20 thr1.00 501:0 s0 k0 d1 f0 t3 m127 player 4: (84.165 -149.203 0.370) h1.00/0.09 riding g0/0 w a-42/10 f0 l-62/10 as28/120 st0 thr0.00 501:0 s0 k0 d0 f0 t4 m127 player 5: (98.456 -152.197 -0.022) h0.55/0.00 g0/0 w a-61/4 f-61 l-61/4 as139/120 st5 thr1.00 501:0 s1 k1 d0 f0 t5 m126 player 6: (101.300 -157.509 0.584) h1.00/0.62 g0/0 w a119/-7 f119 l119/-7 as140/120 st20 thr1.00 501:0 s0 k0 d0 f0 t6 m126 player 7: (95.570 -170.242 0.241) h1.00/0.54 g0/0 w a162/-4 f162 l162/-4 as139/120 st7 thr1.00 501:0 s0 k0 d0 f0 t7 m126 player 8: (106.466 -148.751 0.164) h0.48/0.95 g0/0 w a-122/0 f-127 l-122/0 as140/120 st21 thr1.00 501:0 s0 k0 d0 f0 t8 m126 player 9: (46.855 -76.776 0.134) h1.00/0.61 g0/0 w a-17/-1 f-8 l-17/-1 as-1/120 st33 thr1.00 501:0 494:0 s5 k5 d0 f0 t9 m125 player 10: (87.513 -149.533 0.475) h0.10/0.30 g0/0 w a-155/-6 f-155 l-155/-6 as139/120 st7 thr1.00 501:0 s0 k0 d0 f0 t10 m125 player 11: (86.494 -160.385 0.372) h0.20/1.00 g0/0 w a118/-5 f130 l118/-5 as140/120 st20 thr1.00 501:0 s0 k0 d0 f0 t11 m125 player 12: dead s0 k0 d2 f0 t12 m125 player 13: (33.134 -83.058 -0.034) h1.00/1.00 g0/0 w a90/1 f90 l90/1 as139/120 st4 thr1.00 501:0 s1 k1 d1 f0 t13 m124 player 14: (84.338 -164.032 0.101) h0.14/0.00 g0/0 w a-67/-1 f-67 l-67/-1 as139/120 st7 thr1.00 501:0 s0 k0 d0 f0 t14 m124 player 15: (50.860 -69.832 0.292) h1.00/1.00 g0/0 w a-65/-1 f-65 l-65/-1 as139/120 st4 thr1.00 501:0 s0 k0 d0 f0 t15 m124 player 16: dead s0 k0 d1 f0 t16 m124 player 17: (97.075 -149.082 0.060) h1.00/1.00 g0/0 w a-64/-3 f-64 l-64/-3 as139/120 st6 thr1.00 501:0 s0 k0 d1 f0 t17 
chupathingyce: bots: bot 10 at (87.4 -149.4 0.4) yaw -148 fight, target 1 (seen), shield 0.30, kills 0 deaths 0
chupathingyce: bots: bot 16 inventory slot 0 now weapon 501
chupathingyce: bots: bot 11 at (86.2 -160.5 0.1) yaw 87 fight, target 10 (seen), shield 1.00, kills 0 deaths 0
chupathingyce: bots: bot 13 at (32.2 -81.4 0.2) yaw 84 fight, target 23 (seen), shield 1.00, kills 1 deaths 1
chupathingyce: network test: tick 1290 player 0: (97.532 -164.932 0.318) h0.29/0.00 g0/0 w a-104/-3 f-104 l-104/-3 as139/120 st4 thr1.00 501:0 s3 k3 d2 f0 t0 m0 player 1: (82.638 -153.139 -0.066) h1.00/0.73 g0/0 w a47/2 f47 l47/2 as139/120 st6 thr1.00 501:0 s0 k0 d1 f0 t1 m127 player 2: (90.769 -167.592 0.088) h0.15/0.00 g0/0 w a-15/0 f-15 l-15/0 as139/120 st5 thr1.00 501:0 s0 k0 d0 f0 t2 m127 player 3: (56.957 -69.710 0.777) h0.53/0.60 g0/0 w a-160/-7 f-97 l-160/-7 as140/120 st21 thr1.00 501:0 s0 k0 d1 f0 t3 m127 player 4: (84.165 -149.203 0.370) h1.00/0.09 riding g0/0 w a-42/8 f0 l-62/8 as28/120 st0 thr0.00 501:0 s0 k0 d0 f0 t4 m127 player 5: (97.953 -152.241 0.026) h0.41/0.00 g0/0 w a78/8 f78 l78/8 as139/120 st5 thr1.00 501:0 s1 k1 d0 f0 t5 m126 player 6: (102.826 -156.523 0.170) h1.00/0.62 g0/0 w a135/-3 f119 l135/-3 as140/120 st20 thr1.00 501:0 s0 k0 d0 f0 t6 m126 player 7: (96.045 -168.939 0.207) h1.00/0.42 g0/0 w a165/-3 f165 l165/-3 as139/120 st7 thr1.00 501:0 s0 k0 d0 f0 t7 m126 player 8: (104.613 -148.342 0.299) h0.48/1.00 g0/0 w a-105/-1 f-105 l-105/-1 as139/120 st7 thr1.00 501:0 s0 k0 d0 f0 t8 m126 player 9: (47.730 -75.232 0.029) h1.00/0.61 g0/0 w a-40/-1 f-40 l-40/-1 as139/120 st6 thr1.00 501:0 494:0 s5 k5 d0 f0 t9 m125 player 10: (86.971 -148.680 0.335) h0.10/0.17 g0/0 w a-132/-5 f-132 l-132/-5 as139/120 st5 thr1.00 501:0 s0 k0 d0 f0 t10 m125 player 11: (86.909 -159.342 0.104) h0.20/1.00 g0/0 w a89/1 f89 l89/1 as139/120 st4 thr1.00 501:0 s0 k0 d0 f0 t11 m125 player 12: dead s0 k0 d2 f0 t12 m125 player 13: (32.038 -81.000 0.480) h1.00/1.00 g0/0 w a101/3 f85 l101/3 as140/120 st20 thr1.00 501:0 s1 k1 d1 f0 t13 m124 player 14: (83.566 -163.525 0.093) h0.14/0.00 g0/0 w a-83/-2 f-83 l-83/-2 as139/120 st5 thr1.00 501:0 s0 k0 d0 f0 t14 m124 player 15: (52.488 -71.266 0.343) h1.00/1.00 g0/0 w a-80/-1 f-80 l-80/-1 as139/120 st4 thr1.00 501:0 s0 k0 d0 f0 t15 m124 player 16: (31.168 -75.820 0.918) h1.00/1.00 g0/0 w a-78/-6 f-70 l-78/-6 as140/120 st20 thr1.00 501:0 s0 k0 d1 f0 t16 m124 player 17: (98.918 -148.283 0.539) h1.0
chupathingyce: bots: bot 14 at (83.5 -163.5 0.1) yaw -85 retreat, target 19 (seen), shield 0.00, kills 0 deaths 0
chupathingyce: bots: bot 15 at (52.9 -71.7 0.3) yaw -84 fight, target 21 (seen), shield 1.00, kills 0 deaths 0
chupathingyce: bots: bot 16 at (32.2 -75.7 0.9) yaw -96 fight, target 13 (seen), shield 1.00, kills 0 deaths 1
chupathingyce: bots: bot 17 at (98.9 -147.7 0.1) yaw -110 fight, target 5 (seen), shield 1.00, kills 0 deaths 1
chupathingyce: bots: bot 18 at (93.9 -162.3 -0.3) yaw -100 roam, target -1, shield 1.00, kills 0 deaths 0
chupathingyce: network test: tick 1320 player 0: (96.439 -166.725 0.439) h0.03/0.00 g0/0 w a-103/-16 f-104 l-103/-16 as140/120 st20 thr1.00 501:0 s3 k3 d2 f0 t0 m0 player 1: (83.417 -153.713 -0.086) h0.88/0.00 g0/0 w a57/3 f57 l57/3 as139/120 st7 thr1.00 501:0 s0 k0 d1 f0 t1 m127 player 2: (88.979 -168.348 0.086) h0.15/0.00 g0/0 w a11/3 f11 l11/3 as139/120 st5 thr1.00 501:0 s0 k0 d0 f0 t2 m127 player 3: (55.815 -68.529 0.782) h0.53/0.85 g0/0 w a-130/-8 f-130 l-130/-8 as139/120 st7 thr1.00 501:0 s0 k0 d1 f0 t3 m127 player 4: (84.165 -149.203 0.370) h1.00/0.09 riding g0/0 w a-42/9 f0 l-62/9 as28/120 st0 thr0.00 501:0 s0 k0 d0 f0 t4 m127 player 5: (96.555 -153.564 0.121) h0.41/0.00 g0/0 w a70/-2 f70 l70/-2 as139/120 st5 thr1.00 501:0 s1 k1 d0 f0 t5 m126 player 6: (102.960 -156.395 0.073) h1.00/0.48 g0/0 w a156/-1 f153 l156/-1 as139/120 st7 thr1.00 501:0 s0 k0 d0 f0 t6 m126 player 7: (96.008 -168.599 0.194) h1.00/0.30 g0/0 w a76/6 f76 l76/6 as139/120 st5 thr1.00 501:0 s0 k0 d0 f0 t7 m126 player 8: (102.633 -148.143 0.167) h0.48/1.00 g0/0 w a-88/-2 f-88 l-88/-2 as139/120 st7 thr1.00 501:0 s0 k0 d0 f0 t8 m126 player 9: (48.553 -73.956 0.035) h1.00/0.84 g0/0 w a23/1 f23 l23/1 as139/120 st6 thr1.00 501:0 494:0 s5 k5 d0 f0 t9 m125 player 10: (87.378 -146.916 0.490) h0.10/0.03 g0/0 w a-122/-5 f-122 l-122/-5 as139/120 st5 thr1.00 501:0 s0 k0 d0 f0 t10 m125 player 11: (87.992 -157.458 0.445) h0.20/1.00 g0/0 w a93/0 f92 l93/0 as140/120 st20 thr1.00 501:0 s0 k0 d0 f0 t11 m125 player 12: dead s0 k0 d2 f0 t12 m125 player 13: (31.630 -79.306 0.022) h1.00/0.88 g0/0 w a70/1 f85 l70/1 as139/120 st7 thr1.00 501:0 s1 k1 d1 f0 t13 m124 player 14: (82.659 -161.822 0.104) h0.14/0.00 g0/0 w a-83/-1 f-83 l-83/-1 as139/120 st5 thr1.00 501:0 s0 k0 d0 f0 t14 m124 player 15: (52.730 -72.320 0.276) h1.00/0.76 g0/0 w a-156/-5 f-156 l-156/-5 as139/120 st6 thr1.00 501:0 s0 k0 d0 f0 t15 m124 player 16: (33.113 -75.669 0.185) h1.00/1.00 g0/0 w a-111/-5 f-70 l-111/-5 as140/120 st21 thr1.00 501:0 s0 k0 d1 f0 t16 m124 player 17: (98.705 -147.637 0.119) h1.00/1.00 g0
chupathingyce: bots: bot 19 at (84.0 -169.2 0.1) yaw 99 fight, target 14 (seen), shield 0.60, kills 0 deaths 0
chupathingyce: bots: bot 20 at (76.6 -147.1 0.8) yaw -41 fight, target 1 (seen), shield 1.00, kills 0 deaths 0
chupathingyce: bots: bot 21 at (53.6 -83.6 0.1) yaw 94 fight, target 15 (seen), shield 0.00, kills 0 deaths 1
chupathingyce: bots: bot 22 at (42.3 -73.9 0.1) yaw 171 fight, target 23 (seen), shield 1.00, kills 0 deaths 0
chupathingyce: network test: tick 1350 player 0: (95.802 -168.800 0.261) h0.03/0.00 g0/0 w a-134/-12 f-134 l-134/-12 as139/120 st4 thr1.00 501:0 s3 k3 d2 f0 t0 m0 player 1: (85.437 -154.502 0.452) h0.73/0.00 g0/0 w a78/-0 f63 l78/-0 as140/120 st20 thr1.00 501:0 s0 k0 d1 f0 t1 m127 player 2: (87.561 -167.798 0.097) h0.02/0.00 g0/0 w a-148/-4 f-90 l-148/-4 as139/120 st9 thr1.00 501:0 s0 k0 d0 f0 t2 m127 player 3: (53.831 -67.648 0.713) h0.53/1.00 g0/0 w a-101/-7 f-101 l-101/-7 as139/120 st7 thr1.00 501:0 s0 k0 d1 f0 t3 m127 player 4: (84.165 -149.203 0.370) h1.00/0.09 riding g0/0 w a138/8 f0 l158/8 as28/120 st0 thr0.00 501:0 s0 k0 d0 f0 t4 m127 player 5: (96.221 -154.009 0.129) h0.14/0.00 g0/0 w a65/-1 f65 l65/-1 as139/120 st6 thr1.00 501:0 s1 k1 d0 f0 t5 m126 player 6: (103.266 -155.571 0.034) h1.00/0.48 g0/0 w a168/-0 f168 l168/-0 as139/120 st6 thr1.00 501:0 s0 k0 d0 f0 t6 m126 player 7: (94.873 -170.097 0.214) h0.62/0.00 g0/0 w a57/-8 f57 l57/-8 as139/120 st5 thr1.00 501:0 s0 k0 d0 f0 t7 m126 player 8: (102.385 -148.281 0.135) h0.48/0.87 g0/0 w a174/-3 f174 l174/-3 as139/120 st7 thr1.00 501:0 s0 k0 d0 f0 t8 m126 player 9: (48.314 -72.827 0.001) h1.00/0.85 g0/0 w a-16/0 f-15 l-16/0 as139/120 st11 thr1.00 501:0 494:0 s5 k5 d0 f0 t9 m125 player 10: (87.518 -145.179 0.765) h0.03/0.00 g0/0 w a-104/-2 f-104 l-104/-2 as139/120 st5 thr1.00 501:0 s0 k0 d0 f0 t10 m125 player 11: (88.930 -155.612 0.246) h0.20/1.00 g0/0 w a160/1 f92 l160/1 as140/120 st20 thr1.00 501:0 s0 k0 d0 f0 t11 m125 player 12: dead s0 k0 d2 f0 t12 m125 player 13: (33.405 -79.323 0.075) h1.00/0.74 g0/0 w a107/1 f107 l107/1 as139/120 st7 thr1.00 501:0 s1 k1 d1 f0 t13 m124 player 14: (83.135 -159.962 0.011) h0.14/0.00 g0/0 w a-77/-1 f-77 l-77/-1 as139/120 st5 thr1.00 501:0 s0 k0 d0 f0 t14 m124 player 15: (52.759 -74.109 0.133) h1.00/0.76 g0/0 w a164/-3 f164 l164/-3 as139/120 st6 thr1.00 501:0 s0 k0 d0 f0 t15 m124 player 16: (32.043 -75.458 0.306) h1.00/1.00 g0/0 w a-71/-5 f-71 l-71/-5 as139/120 st6 thr1.00 501:0 s0 k0 d1 f0 t16 m124 player 17: (99.010 -147.936 0.134) 
chupathingyce: bots: bot 23 at (33.3 -72.3 0.5) yaw -110 fight, target 16 (seen), shield 0.71, kills 0 deaths 0
chupathingyce: bots: bot 12 inventory slot 0 now weapon 501
chupathingyce: bots: bot 18 seeking weapon -444530526
chupathingyce: network test: tick 1380 player 0: (94.209 -170.367 0.596) h0.03/0.00 g0/0 w a-167/-31 f-133 l-167/-31 as140/120 st20 thr1.00 501:0 s3 k3 d2 f0 t0 m0 player 1: (85.527 -155.365 -0.057) h0.73/0.00 g0/0 w a14/1 f14 l14/1 as139/120 st5 thr1.00 501:0 s0 k0 d1 f0 t1 m127 player 2: (88.594 -168.797 0.086) h0.02/0.00 g0/0 w a-145/-2 f-145 l-145/-2 as139/120 st6 thr1.00 501:0 s0 k0 d0 f0 t2 m127 player 3: (51.640 -67.542 1.094) h0.53/1.00 g0/0 w a-88/-2 f-89 l-88/-2 as140/120 st20 thr1.00 501:0 s0 k0 d1 f0 t3 m127 player 4: (84.165 -149.203 0.370) h1.00/0.09 riding g0/0 w a138/9 f0 l158/9 as28/120 st0 thr0.00 501:0 s0 k0 d0 f0 t4 m127 player 5: (96.649 -154.205 0.133) h0.02/0.00 g0/0 w a61/-2 f61 l61/-2 as139/120 st7 thr1.00 501:0 s1 k1 d0 f0 t5 m126 player 6: (103.128 -156.194 0.067) h1.00/0.48 g0/0 w a137/-1 f150 l137/-1 as139/120 st7 thr1.00 501:0 s0 k0 d0 f0 t6 m126 player 7: (92.973 -170.448 0.171) h0.62/0.00 g0/0 w a2/17 f2 l2/17 as139/120 st5 thr1.00 501:0 s0 k0 d0 f0 t7 m126 player 8: (103.367 -147.461 0.577) h0.48/0.73 g0/0 w a-151/-8 f176 l-151/-8 as140/120 st20 thr1.00 501:0 s0 k0 d0 f0 t8 m126 player 9: (47.814 -74.445 -0.001) h1.00/0.85 g0/0 w a-19/7 f-19 l-19/7 as139/120 st7 thr1.00 501:0 494:0 s5 k5 d0 f0 t9 m125 player 10: (88.777 -143.704 1.141) h0.03/0.00 g0/0 w a-104/-6 f-104 l-104/-6 as139/120 st5 thr1.00 501:0 s0 k0 d0 f0 t10 m125 player 11: (89.401 -154.346 0.332) h0.20/0.88 g0/0 w a-167/-6 f-167 l-167/-6 as139/120 st6 thr1.00 501:0 s0 k0 d0 f0 t11 m125 player 12: (35.728 -89.097 0.592) h1.00/1.00 g0/0 w a100/0 f102 l100/0 as140/120 st20 thr1.00 501:0 s0 k0 d2 f0 t12 m125 player 13: (35.048 -78.906 0.200) h1.00/0.74 g0/0 w a109/7 f109 l109/7 as139/120 st4 thr1.00 501:0 s1 k1 d1 f0 t13 m124 player 14: (81.810 -158.485 -0.066) h0.14/0.00 g0/0 w a-73/0 f-73 l-73/0 as139/120 st5 thr1.00 501:0 s0 k0 d0 f0 t14 m124 player 15: (52.213 -75.896 0.726) h1.00/0.61 g0/0 w a161/-11 f163 l161/-11 as140/120 st20 thr1.00 501:0 s0 k0 d0 f0 t15 m124 player 16: (33.793 -74.748 0.914) h1.00/0.71 g0/0 w a1/-2 f-67 l1/-2
chupathingyce: network test: tick 1410 player 0: dead s3 k3 d3 f0 t0 m0 player 1: (84.305 -156.659 -0.087) h0.73/0.00 g0/0 w a-170/-4 f112 l171/-4 as139/120 st5 thr1.00 501:0 s0 k0 d1 f0 t1 m127 player 2: (89.428 -170.575 0.137) h0.02/0.00 g0/0 w a-177/-2 f-177 l-177/-2 as139/120 st6 thr1.00 501:0 s0 k0 d0 f0 t2 m127 player 3: (49.466 -67.858 0.680) h0.53/1.00 g0/0 w a-77/-5 f-89 l-77/-5 as140/120 st20 thr1.00 501:0 s0 k0 d1 f0 t3 m127 player 4: (84.117 -149.244 0.370) h1.00/0.09 riding g0/0 w a136/10 f0 l156/10 as28/120 st0 thr0.50 501:0 s0 k0 d0 f0 t4 m127 player 5: (95.838 -153.508 0.760) h0.02/0.00 g0/0 w a24/-11 f50 l24/-11 as140/120 st20 thr1.00 501:0 s1 k1 d0 f0 t5 m126 player 6: (104.658 -154.937 0.125) h1.00/0.48 g0/0 w a136/-4 f136 l136/-4 as139/120 st7 thr1.00 501:0 s0 k0 d0 f0 t6 m126 player 7: (92.533 -171.008 0.183) h0.62/0.00 g0/0 w a172/-4 f172 l172/-4 as139/120 st5 thr1.00 501:0 s1 k1 d0 f0 t7 m126 player 8: (104.333 -148.242 0.964) h0.48/0.73 g0/0 w a-138/-14 f-143 l-138/-14 as140/120 st20 thr1.00 501:0 s0 k0 d0 f0 t8 m126 player 9: (47.312 -76.166 0.038) h1.00/0.85 g0/0 w a-15/-1 f-15 l-15/-1 as139/120 st7 thr1.00 501:0 494:0 s5 k5 d0 f0 t9 m125 player 10: (90.255 -142.361 1.189) h0.03/0.00 g0/0 w a-112/-5 f-112 l-112/-5 as139/120 st5 thr1.00 501:0 s0 k0 d0 f0 t10 m125 player 11: (89.492 -154.609 0.453) h0.20/0.76 g0/0 w a-160/-8 f-167 l-160/-8 as140/120 st20 thr1.00 501:0 s0 k0 d0 f0 t11 m125 player 12: (34.456 -87.018 -0.035) h1.00/1.00 g0/0 w a90/-1 f102 l90/-1 as140/120 st20 thr1.00 501:0 s0 k0 d2 f0 t12 m125 player 13: (34.662 -78.802 0.128) h1.00/0.74 g0/0 w a81/-2 f81 l81/-2 as139/120 st7 thr1.00 501:0 s1 k1 d1 f0 t13 m124 player 14: (81.516 -156.930 -0.118) h0.14/0.12 g0/0 w a9/-2 f9 l9/-2 as139/120 st5 thr1.00 501:0 s0 k0 d0 f0 t14 m124 player 15: (51.775 -77.351 0.118) h1.00/0.61 g0/0 w a165/-3 f165 l165/-3 as139/120 st6 thr1.00 501:0 s0 k0 d0 f0 t15 m124 player 16: (35.390 -74.495 0.089) h1.00/0.71 g0/0 w a23/-3 f-67 l3/-3 as140/120 st21 thr1.00 501:0 s0 k0 d1 f0 t16 m124 player 17: (100.656 -151.
chupathingyce: bots: bot 18 inventory slot 1 now weapon 396
chupathingyce: network test: tick 1440 player 0: dead s3 k3 d3 f0 t0 m0 player 1: (85.674 -156.652 -0.040) h0.23/0.00 g0/0 w a-178/-3 f-178 l-178/-3 as139/120 st5 thr1.00 501:0 s0 k0 d1 f0 t1 m127 player 2: (88.944 -172.467 0.755) h0.02/0.00 g0/0 w a152/-5 f158 l152/-5 as140/120 st20 thr1.00 501:0 s0 k0 d0 f0 t2 m127 player 3: (49.657 -69.252 0.293) h0.53/1.00 g0/0 w a-80/-1 f-80 l-80/-1 as139/120 st4 thr1.00 501:0 s0 k0 d1 f0 t3 m127 player 4: (83.149 -149.666 0.385) h1.00/0.20 riding g0/0 w a90/7 f0 l110/7 as28/120 st0 thr0.50 501:0 s0 k0 d0 f0 t4 m127 player 5: (95.269 -152.971 0.104) h0.02/0.00 g0/0 w a6/-3 f6 l6/-3 as139/120 st6 thr1.00 501:0 s1 k1 d0 f0 t5 m126 player 6: (105.570 -153.183 0.741) h1.00/0.48 g0/0 w a169/-13 f160 l169/-13 as140/120 st20 thr1.00 501:0 s0 k0 d0 f0 t6 m126 player 7: (94.224 -171.984 0.273) h0.62/0.00 g0/0 w a-175/3 f-175 l-175/3 as139/120 st5 thr1.00 501:0 s1 k1 d0 f0 t7 m126 player 8: (104.659 -148.816 0.251) h0.48/0.73 g0/0 w a-134/-6 f-134 l-134/-6 as139/120 st7 thr1.00 501:0 s0 k0 d0 f0 t8 m126 player 9: (47.127 -76.999 0.134) h1.00/0.85 g0/0 w a-27/-2 f-27 l-27/-2 as139/120 st6 thr1.00 501:0 494:0 s5 k5 d0 f0 t9 m125 player 10: (90.991 -140.817 1.203) h0.03/0.00 g0/0 w a-110/-5 f-110 l-110/-5 as139/120 st4 thr1.00 501:0 s0 k0 d0 f0 t10 m125 player 11: (88.654 -153.443 0.223) h0.20/0.76 g0/0 w a-136/-6 f-136 l-136/-6 as139/120 st7 thr1.00 501:0 s0 k0 d0 f0 t11 m125 player 12: (36.049 -86.820 -0.085) h1.00/1.00 g0/0 w a10/1 f10 l10/1 as139/120 st4 thr1.00 501:0 s0 k0 d2 f0 t12 m125 player 13: (34.518 -78.659 0.121) h1.00/0.74 g0/0 w a71/-2 f71 l71/-2 as139/120 st7 thr1.00 501:0 s1 k1 d1 f0 t13 m124 player 14: (80.435 -156.891 -0.087) h0.14/0.15 g0/0 w a-0/-1 f-0 l-0/-1 as139/120 st7 thr1.00 501:0 s0 k0 d0 f0 t14 m124 player 15: (51.191 -79.260 0.143) h1.00/0.61 g0/0 w a154/-2 f154 l154/-2 as139/120 st6 thr1.00 501:0 s0 k0 d0 f0 t15 m124 player 16: (36.525 -74.980 0.132) h1.00/0.71 g0/0 w a81/-3 f81 l81/-3 as139/120 st6 thr1.00 501:0 s0 k0 d1 f0 t16 m124 player 17: (101.329 -152.581 -0.066) 
chupathingyce: network test: tick 1470 player 0: dead s3 k3 d3 f0 t0 m0 player 1: (87.619 -156.516 0.045) h0.23/0.00 g0/0 w a-176/-2 f-176 l-176/-2 as139/120 st5 thr1.00 501:0 s0 k0 d1 f0 t1 m127 player 2: (88.580 -173.488 0.302) h0.02/0.00 g0/0 w a136/-6 f136 l136/-6 as139/120 st7 thr1.00 501:0 s0 k0 d0 f0 t2 m127 player 3: (50.421 -70.369 0.213) h0.53/1.00 g0/0 w a-90/-1 f-90 l-90/-1 as139/120 st6 thr1.00 501:0 s0 k0 d1 f0 t3 m127 player 4: (81.851 -149.730 0.402) h1.00/0.45 riding g0/0 w a155/21 f0 l155/21 as28/120 st0 thr0.00 501:0 s0 k0 d0 f0 t4 m127 player 5: (95.707 -151.096 0.072) h0.02/0.00 g0/0 w a-31/-4 f-31 l-31/-4 as139/120 st6 thr1.00 501:0 s1 k1 d0 f0 t5 m126 player 6: (105.771 -151.513 0.152) h1.00/0.48 g0/0 w a-145/-4 f-178 l-145/-4 as139/120 st6 thr1.00 501:0 s0 k0 d0 f0 t6 m126 player 7: (95.935 -172.049 0.417) h0.62/0.00 g0/0 w a-169/-2 f-169 l-169/-2 as139/120 st5 thr1.00 501:0 s1 k1 d0 f0 t7 m126 player 8: (102.908 -147.905 0.213) h0.48/0.73 g0/0 w a-104/-4 f-104 l-104/-4 as139/120 st7 thr1.00 501:0 s0 k0 d0 f0 t8 m126 player 9: (48.326 -75.758 0.730) h1.00/0.85 g0/0 w a-63/-8 f-45 l-63/-8 as140/120 st20 thr1.00 501:0 494:0 s5 k5 d0 f0 t9 m125 player 10: (90.692 -142.136 1.128) h0.03/0.00 g0/0 w a-102/-5 f-102 l-102/-5 as139/120 st4 thr1.00 501:0 s0 k0 d0 f0 t10 m125 player 11: (87.519 -152.684 0.580) h0.20/0.76 g0/0 w a-92/-10 f-95 l-92/-10 as140/120 st20 thr1.00 501:0 s0 k0 d0 f0 t11 m125 player 12: (38.020 -85.131 0.356) h1.00/1.00 g0/0 w a9/-1 f9 l9/-1 as140/120 st20 thr1.00 501:0 s0 k0 d2 f0 t12 m125 player 13: (35.017 -78.926 0.567) h1.00/0.74 g0/0 w a80/-9 f69 l80/-9 as140/120 st20 thr1.00 501:0 s1 k1 d1 f0 t13 m124 player 14: (80.382 -156.726 -0.082) h0.14/0.01 g0/0 w a3/0 f3 l3/0 as139/120 st6 thr1.00 501:0 s0 k0 d0 f0 t14 m124 player 15: (50.702 -80.045 0.130) h1.00/0.61 g0/0 w a119/6 f119 l119/6 as139/120 st7 thr1.00 501:0 s0 k0 d0 f0 t15 m124 player 16: (35.017 -74.044 0.080) h1.00/0.56 g0/0 w a56/-3 f56 l56/-3 as139/120 st6 thr1.00 501:0 s0 k0 d1 f0 t16 m124 player 17: (101.372 -154.757 -0.07
chupathingyce: network test: tick 1500 player 0: dead s3 k3 d3 f0 t0 m0 player 1: (89.334 -157.725 0.116) h0.23/0.00 g0/0 w a162/-2 f162 l162/-2 as139/120 st7 thr1.00 501:0 s0 k0 d1 f0 t1 m127 player 2: (89.998 -172.148 0.204) h0.02/0.00 g0/0 w a137/4 f137 l137/4 as139/120 st7 thr1.00 501:0 s0 k0 d0 f0 t2 m127 player 3: (52.621 -70.353 0.701) h0.53/1.00 g0/0 w a-91/-4 f-90 l-91/-4 as140/120 st20 thr1.00 501:0 s0 k0 d1 f0 t3 m127 player 4: (81.993 -149.758 0.395) h1.00/0.46 riding g0/0 w a-179/7 f0 l161/8 as28/120 st0 thr0.00 501:0 s0 k0 d0 f0 t4 m127 player 5: (97.034 -149.671 0.309) h0.02/0.00 g0/0 w a-53/-2 f-53 l-53/-2 as140/120 st20 thr1.00 501:0 s1 k1 d0 f0 t5 m126 player 6: (106.061 -151.902 0.137) h1.00/0.51 g0/0 w a-134/-2 f-134 l-134/-2 as139/120 st7 thr1.00 501:0 s0 k0 d0 f0 t6 m126 player 7: (96.650 -170.858 0.333) h0.62/0.00 g0/0 w a-171/-2 f-171 l-171/-2 as139/120 st7 thr1.00 501:0 s1 k1 d0 f0 t7 m126 player 8: (100.924 -147.818 0.101) h0.48/0.73 g0/0 w a-83/-2 f-83 l-83/-2 as139/120 st7 thr1.00 501:0 s0 k0 d0 f0 t8 m126 player 9: (48.416 -75.679 0.103) h1.00/0.85 g0/0 w a-41/-1 f-41 l-41/-1 as139/120 st7 thr1.00 501:0 494:0 s5 k5 d0 f0 t9 m125 player 10: (89.354 -143.843 1.135) h0.03/0.00 g0/0 w a-91/-4 f-91 l-91/-4 as139/120 st4 thr1.00 501:0 s0 k0 d0 f0 t10 m125 player 11: (88.229 -152.525 0.387) h0.20/0.76 g0/0 w a-78/-6 f-95 l-78/-6 as140/120 st21 thr1.00 501:0 s0 k0 d0 f0 t11 m125 player 12: (40.106 -84.362 0.365) h1.00/1.00 g0/0 w a1/-1 f9 l1/-1 as140/120 st20 thr1.00 501:0 s0 k0 d2 f0 t12 m125 player 13: (35.231 -78.906 0.312) h1.00/0.74 g0/0 w a83/-5 f83 l83/-5 as139/120 st4 thr1.00 501:0 s1 k1 d1 f0 t13 m124 player 14: (80.665 -154.758 -0.054) h0.14/0.01 g0/0 w a-17/-0 f-17 l-17/-0 as139/120 st6 thr1.00 501:0 s0 k0 d0 f0 t14 m124 player 15: (52.336 -78.908 0.162) h1.00/0.61 g0/0 w a138/-2 f138 l138/-2 as139/120 st7 thr1.00 501:0 s0 k0 d0 f0 t15 m124 player 16: (35.469 -73.955 0.086) h1.00/0.56 g0/0 w a86/-3 f86 l86/-3 as139/120 st7 thr1.00 501:0 s0 k0 d1 f0 t16 m124 player 17: (101.889 -156.753 0.094) h0
chupathingyce: bots: bot 1 at (89.3 -157.7 0.1) yaw 162 fight, target 14 (seen), shield 0.00, kills 0 deaths 1
chupathingyce: bots: bot 2 at (90.3 -171.8 0.2) yaw 142 fight, target 19 (seen), shield 0.00, kills 0 deaths 0
chupathingyce: bots: bot 3 at (53.6 -70.4 0.5) yaw -97 fight, target 15 (seen), shield 1.00, kills 0 deaths 1
chupathingyce: bots: bot 4 at (81.8 -149.9 0.5) yaw -167 vehicle, target 20 (seen), shield 0.30, kills 0 deaths 0
chupathingyce: network test: tick 1530 player 0: (104.690 -161.875 0.042) h1.00/1.00 g0/0 w a134/-7 f134 l134/-7 as139/120 st4 thr1.00 501:0 s3 k3 d3 f0 t0 m0 player 1: (90.559 -156.558 0.123) h0.23/0.00 g0/0 w a97/3 f97 l97/3 as139/120 st7 thr1.00 501:0 s0 k0 d1 f0 t1 m127 player 2: (91.092 -170.489 0.149) h0.02/0.01 g0/0 w a156/-3 f156 l156/-3 as139/120 st7 thr1.00 501:0 s0 k0 d0 f0 t2 m127 player 3: (54.737 -70.587 0.522) h0.53/1.00 g0/0 w a-104/-4 f-104 l-104/-4 as139/120 st7 thr1.00 501:0 s0 k0 d1 f0 t3 m127 player 4: (81.993 -149.758 0.395) h1.00/0.30 riding g0/0 w a-179/4 f0 l161/4 as28/120 st0 thr0.00 501:0 s0 k0 d0 f0 t4 m127 player 5: dead s1 k1 d1 f0 t5 m126 player 6: (104.370 -150.853 0.103) h1.00/0.76 g0/0 w a-112/-1 f-112 l-112/-1 as139/120 st7 thr1.00 501:0 s0 k0 d0 f0 t6 m126 player 7: (96.190 -168.960 0.212) h0.62/0.18 g0/0 w a-165/-3 f-165 l-165/-3 as139/120 st7 thr1.00 501:0 s1 k1 d0 f0 t7 m126 player 8: (100.922 -147.925 0.088) h0.48/0.73 g0/0 w a-39/-1 f-39 l-39/-1 as139/120 st6 thr1.00 501:0 s1 k1 d0 f0 t8 m126 player 9: (47.813 -77.319 0.134) h1.00/0.87 g0/0 w a-0/-2 f-0 l-0/-2 as139/120 st7 thr1.00 501:0 494:0 s5 k5 d0 f0 t9 m125 player 10: (88.369 -145.770 0.909) h0.03/0.19 g0/0 w a-79/-6 f-79 l-79/-6 as139/120 st4 thr1.00 501:0 s0 k0 d0 f0 t10 m125 player 11: (90.145 -152.276 0.479) h0.20/0.76 g0/0 w a-86/-7 f-86 l-86/-7 as139/120 st6 thr1.00 501:0 s0 k0 d0 f0 t11 m125 player 12: (41.128 -84.426 0.133) h1.00/1.00 g0/0 w a3/-1 f3 l3/-1 as139/120 st4 thr1.00 501:0 s0 k0 d2 f0 t12 m125 player 13: (35.454 -78.906 0.448) h1.00/0.97 g0/0 w a87/-6 f87 l87/-6 as139/120 st4 thr1.00 501:0 s1 k1 d1 f0 t13 m124 player 14: (80.479 -155.857 0.408) h0.08/0.00 g0/0 w a-5/-2 f-8 l-5/-2 as140/120 st20 thr1.00 501:0 s0 k0 d0 f0 t14 m124 player 15: (53.009 -77.074 0.100) h1.00/0.61 g0/0 w a-178/-1 f-178 l-178/-1 as139/120 st7 thr1.00 501:0 s0 k0 d0 f0 t15 m124 player 16: (37.662 -73.816 0.132) h1.00/0.56 g0/0 w a97/-3 f97 l97/-3 as139/120 st7 thr1.00 501:0 s0 k0 d1 f0 t16 m124 player 17: (101.252 -158.758 0.154) h0.66/0.
chupathingyce: bots: bot 6 at (104.1 -150.7 0.1) yaw -107 fight, target 17 (seen), shield 0.80, kills 0 deaths 0
chupathingyce: bots: bot 7 at (96.0 -168.2 0.2) yaw -161 fight, target 2 (seen), shield 0.28, kills 1 deaths 0
chupathingyce: bots: bot 8 at (101.7 -147.4 0.2) yaw -63 fight, target 6 (seen), shield 0.86, kills 1 deaths 0
chupathingyce: bots: bot 9 at (47.6 -77.0 0.1) yaw 19 fight, target 15 (seen), shield 1.00, kills 5 deaths 0
chupathingyce: network test: tick 1560 player 0: (102.778 -160.470 0.124) h1.00/0.87 g0/0 w a140/-7 f140 l140/-7 as139/120 st4 thr1.00 501:0 s3 k3 d3 f0 t0 m0 player 1: (90.535 -155.871 0.113) h0.23/0.00 g0/0 w a77/7 f77 l77/7 as139/120 st6 thr1.00 501:0 s0 k0 d1 f0 t1 m127 player 2: (92.167 -170.795 0.164) h0.02/0.26 g0/0 w a161/1 f161 l161/1 as139/120 st5 thr1.00 501:0 s0 k0 d0 f0 t2 m127 player 3: (53.145 -70.210 0.455) h0.53/1.00 g0/0 w a-98/-5 f-98 l-98/-5 as139/120 st7 thr1.00 501:0 s0 k0 d1 f0 t3 m127 player 4: (81.993 -149.758 0.395) h1.00/0.30 riding g0/0 w a-179/3 f0 l161/4 as28/120 st0 thr0.00 501:0 s0 k0 d0 f0 t4 m127 player 5: dead s1 k1 d1 f0 t5 m126 player 6: (102.493 -150.428 -0.019) h1.00/1.00 g0/0 w a-98/-0 f-98 l-98/-0 as139/120 st6 thr1.00 501:0 s0 k0 d0 f0 t6 m126 player 7: (95.350 -167.219 0.125) h0.62/0.42 g0/0 w a-137/-2 f-137 l-137/-2 as139/120 st7 thr1.00 501:0 s1 k1 d0 f0 t7 m126 player 8: (101.196 -147.546 0.532) h0.48/0.96 g0/0 w a-68/-11 f-68 l-68/-11 as140/120 st20 thr1.00 501:0 s1 k1 d0 f0 t8 m126 player 9: (47.538 -76.780 0.111) h1.00/1.00 g0/0 w a18/-2 f18 l18/-2 as139/120 st6 thr1.00 501:0 494:0 s5 k5 d0 f0 t9 m125 player 10: (87.418 -147.189 0.492) h0.03/0.44 g0/0 w a-69/-3 f-69 l-69/-3 as139/120 st6 thr1.00 501:0 s0 k0 d0 f0 t10 m125 player 11: (91.695 -152.162 0.761) h0.20/0.76 g0/0 w a-105/-11 f-101 l-105/-11 as140/120 st20 thr1.00 501:0 s0 k0 d0 f0 t11 m125 player 12: (41.128 -84.426 0.133) h1.00/1.00 g0/0 w a2/1 f2 l2/1 as139/120 st4 thr1.00 501:0 s0 k0 d2 f0 t12 m125 player 13: (35.576 -78.906 0.523) h1.00/1.00 g0/0 w a89/-7 f89 l89/-7 as139/120 st4 thr1.00 501:0 s1 k1 d1 f0 t13 m124 player 14: (80.807 -157.632 -0.103) h0.08/0.00 g0/0 w a9/-0 f-8 l9/-0 as140/120 st21 thr1.00 501:0 s0 k0 d0 f0 t14 m124 player 15: (52.594 -75.359 0.090) h0.95/0.00 g0/0 w a-163/-1 f-163 l-163/-1 as139/120 st6 thr1.00 501:0 s0 k0 d0 f0 t15 m124 player 16: (39.819 -73.469 0.145) h1.00/0.56 g0/0 w a100/5 f100 l100/5 as139/120 st7 thr1.00 501:0 s0 k0 d1 f0 t16 m124 player 17: (101.464 -159.160 0.165) h0.52/0.
chupathingyce: bots: bot 10 at (87.4 -147.2 0.5) yaw -72 fight, target 1 (seen), shield 0.47, kills 0 deaths 0
chupathingyce: bots: bot 11 at (91.8 -152.1 1.0) yaw -119 fight, target 1 (seen), shield 0.77, kills 0 deaths 0
chupathingyce: bots: bot 12 at (41.2 -84.4 0.8) yaw 1 fight, target 21 (seen), shield 1.00, kills 0 deaths 2
chupathingyce: bots: bot 13 at (35.6 -78.9 0.6) yaw -7 roam, target -1, shield 1.00, kills 1 deaths 1
chupathingyce: network test: tick 1590 player 0: (101.262 -158.641 0.155) h1.00/0.01 g0/0 w a129/-4 f129 l129/-4 as139/120 st4 thr1.00 501:0 s3 k3 d3 f0 t0 m0 player 1: (88.698 -154.710 0.047) h0.23/0.00 g0/0 w a45/5 f45 l45/5 as139/120 st6 thr1.00 501:0 s0 k0 d1 f0 t1 m127 player 2: (93.571 -172.073 0.257) h0.02/0.17 g0/0 w a173/-0 f173 l173/-0 as139/120 st5 thr1.00 501:0 s0 k0 d0 f0 t2 m127 player 3: (54.231 -70.302 1.090) h0.53/1.00 g0/0 w a-100/-4 f-95 l-100/-4 as140/120 st20 thr1.00 501:0 s0 k0 d1 f0 t3 m127 player 4: (81.888 -149.463 0.405) h1.00/0.30 riding g0/0 w a-163/5 f0 l177/6 as28/120 st0 thr0.50 501:0 s0 k0 d0 f0 t4 m127 player 5: dead s1 k1 d1 f0 t5 m126 player 6: (103.370 -150.598 0.038) h1.00/0.88 g0/0 w a-104/0 f-104 l-104/0 as139/120 st7 thr1.00 501:0 s1 k1 d0 f0 t6 m126 player 7: (93.651 -166.467 0.085) h0.62/0.67 g0/0 w a-93/0 f-93 l-93/0 as139/120 st6 thr1.00 501:0 s1 k1 d0 f0 t7 m126 player 8: (99.655 -148.673 0.332) h0.48/1.00 g0/0 w a-30/-8 f-68 l-30/-8 as140/120 st20 thr1.00 501:0 s1 k1 d0 f0 t8 m126 player 9: (47.509 -75.014 0.002) h1.00/1.00 g0/0 w a-16/6 f-16 l-16/6 as139/120 st6 thr1.00 501:0 494:0 s5 k5 d0 f0 t9 m125 player 10: (88.501 -146.924 0.778) h0.03/0.69 g0/0 w a-88/-6 f-88 l-88/-6 as139/120 st7 thr1.00 501:0 s0 k0 d0 f0 t10 m125 player 11: (91.669 -151.898 0.455) h0.20/0.94 g0/0 w a-135/-10 f-101 l-135/-10 as140/120 st20 thr1.00 501:0 s0 k0 d0 f0 t11 m125 player 12: (41.367 -84.433 0.667) h1.00/1.00 g0/0 w a2/-2 f1 l2/-2 as140/120 st20 thr1.00 501:0 s0 k0 d2 f0 t12 m125 player 13: (35.919 -79.002 0.733) h1.00/1.00 g0/0 w a-19/0 f11 l-19/0 as139/120 st4 thr1.00 501:0 s1 k1 d1 f0 t13 m124 player 14: (81.334 -159.403 0.562) h0.08/0.00 g0/0 w a30/-4 f16 l30/-4 as140/120 st20 thr1.00 501:0 s0 k0 d0 f0 t14 m124 player 15: (53.068 -76.602 0.680) h0.39/0.00 g0/0 w a165/-9 f-172 l165/-9 as140/120 st20 thr1.00 501:0 s0 k0 d0 f0 t15 m124 player 16: (41.666 -73.065 0.625) h1.00/0.44 g0/0 w a10/-21 f100 l30/-21 as140/120 st20 thr1.00 501:0 s0 k0 d1 f0 t16 m124 player 17: dead s0 k0 d2 f0 t17 m123 pla
chupathingyce: bots: bot 14 at (81.3 -159.4 0.6) yaw 33 fight, target 1 (seen), shield 0.00, kills 0 deaths 0
chupathingyce: bots: bot 15 at (53.3 -76.8 0.4) yaw 157 retreat, target 9 (seen), shield 0.00, kills 0 deaths 0
chupathingyce: bots: bot 16 at (42.1 -72.7 0.1) yaw -51 fight, target 22 (seen), shield 0.44, kills 0 deaths 1
chupathingyce: bots: bot 5 inventory slot 0 now weapon 501
chupathingyce: bots: bot 18 at (92.7 -160.3 0.4) yaw -170 roam, target -1, shield 1.00, kills 0 deaths 0
chupathingyce: network test: tick 1620 player 0: (101.090 -158.062 0.152) h0.92/0.00 g0/0 w a-78/-35 f-78 l-78/-35 as139/120 st4 thr1.00 501:0 s3 k3 d3 f0 t0 m0 player 1: (87.300 -153.018 0.475) h0.23/0.07 g0/0 w a37/3 f38 l37/3 as140/120 st20 thr1.00 501:0 s0 k0 d1 f0 t1 m127 player 2: (95.195 -171.463 0.281) h0.02/0.05 g0/0 w a-170/-1 f-170 l-170/-1 as139/120 st5 thr1.00 501:0 s0 k0 d0 f0 t2 m127 player 3: (56.351 -70.872 0.601) h0.53/1.00 g0/0 w a-109/-5 f-109 l-109/-5 as139/120 st6 thr1.00 501:0 s0 k0 d1 f0 t3 m127 player 4: (81.269 -148.473 0.453) h1.00/0.30 riding g0/0 w a59/5 f0 l79/6 as28/120 st0 thr0.00 501:0 s0 k0 d0 f0 t4 m127 player 5: (40.572 -90.281 0.108) h1.00/1.00 g0/0 w a81/-2 f81 l81/-2 as139/120 st6 thr1.00 501:0 s1 k1 d1 f0 t5 m126 player 6: (101.821 -150.199 0.348) h1.00/0.61 g0/0 w a-177/-8 f-145 l-177/-8 as140/120 st20 thr1.00 501:0 s1 k1 d0 f0 t6 m126 player 7: (95.205 -166.430 0.106) h0.62/0.92 g0/0 w a-91/-1 f-91 l-91/-1 as139/120 st6 thr1.00 501:0 s1 k1 d0 f0 t7 m126 player 8: (98.903 -150.293 0.043) h0.48/1.00 g0/0 w a1/2 f1 l1/2 as139/120 st5 thr1.00 501:0 s1 k1 d0 f0 t8 m126 player 9: (48.215 -73.448 0.645) h1.00/1.00 g0/0 w a-36/-6 f-26 l-36/-6 as140/120 st20 thr1.00 501:0 494:0 s5 k5 d0 f0 t9 m125 player 10: (86.805 -147.020 0.340) h0.03/0.94 g0/0 w a-84/-1 f-84 l-84/-1 as139/120 st6 thr1.00 501:0 s0 k0 d0 f0 t10 m125 player 11: (90.572 -150.549 0.798) h0.20/1.00 g0/0 w a-143/-8 f-143 l-143/-8 as139/120 st7 thr1.00 501:0 s0 k0 d0 f0 t11 m125 player 12: (41.504 -85.869 0.131) h1.00/1.00 g0/0 w a-4/-1 f-4 l-4/-1 as139/120 st7 thr1.00 501:0 s0 k0 d2 f0 t12 m125 player 13: (37.609 -79.340 1.744) h1.00/1.00 g0/0 w a25/-4 f25 l25/-4 as139/120 st4 thr1.00 501:0 s1 k1 d1 f0 t13 m124 player 14: (81.108 -160.749 0.071) h0.08/0.00 g0/0 w a52/2 f52 l52/2 as139/120 st5 thr1.00 501:0 s0 k0 d0 f0 t14 m124 player 15: (54.022 -77.944 0.134) h0.39/0.00 g0/0 w a143/3 f143 l143/3 as139/120 st5 thr1.00 501:0 s0 k0 d0 f0 t15 m124 player 16: (42.403 -72.157 0.091) h1.00/0.33 g0/0 w a-56/-2 f-56 l-56/-2 as139/120 st6 
chupathingyce: bots: bot 19 at (86.9 -173.5 0.3) yaw 14 fight, target 2 (seen), shield 0.30, kills 0 deaths 0
chupathingyce: bots: bot 20 at (74.7 -153.4 0.3) yaw -52 fight, target 14 (seen), shield 1.00, kills 0 deaths 0
chupathingyce: bots: bot 21 at (50.5 -87.5 0.1) yaw 62 retreat, target 15 (seen), shield 0.00, kills 0 deaths 1
chupathingyce: bots: bot 22 at (45.6 -74.2 -0.1) yaw 157 fight, target 16 (seen), shield 0.88, kills 0 deaths 0
chupathingyce: network test: tick 1650 player 0: (100.617 -159.616 0.207) h0.92/0.00 g0/0 w a-178/14 f-178 l-178/14 as139/120 st4 thr1.00 501:0 s3 k3 d3 f0 t0 m0 player 1: (86.256 -151.108 0.169) h0.23/0.32 g0/0 w a-1/3 f38 l-1/3 as140/120 st20 thr1.00 501:0 s0 k0 d1 f0 t1 m127 player 2: dead s0 k0 d1 f0 t2 m127 player 3: (57.366 -71.251 0.642) h0.53/1.00 g0/0 w a-105/-4 f-105 l-105/-4 as139/120 st7 thr1.00 501:0 s0 k0 d1 f0 t3 m127 player 4: (81.093 -148.297 0.463) h1.00/0.30 riding g0/0 w a72/8 f0 l92/9 as28/120 st0 thr0.00 501:0 s0 k0 d0 f0 t4 m127 player 5: (39.425 -90.150 0.074) h1.00/1.00 g0/0 w a45/-2 f45 l45/-2 as139/120 st5 thr1.00 501:0 s1 k1 d1 f0 t5 m126 player 6: (101.140 -150.214 0.041) h1.00/0.49 g0/0 w a171/8 f-145 l171/8 as140/120 st20 thr1.00 501:0 s1 k1 d0 f0 t6 m126 player 7: (96.023 -167.281 0.148) h0.62/1.00 g0/0 w a-144/-0 f-144 l-144/-0 as139/120 st4 thr1.00 501:0 s2 k2 d0 f0 t7 m126 player 8: (97.777 -149.581 0.716) h0.48/0.84 g0/0 w a-8/-10 f2 l-8/-10 as140/120 st20 thr1.00 501:0 s1 k1 d0 f0 t8 m126 player 9: (48.908 -72.353 0.029) h1.00/1.00 g0/0 w a-42/-0 f-42 l-42/-0 as139/120 st6 thr1.00 501:0 494:0 s5 k5 d0 f0 t9 m125 player 10: (88.509 -147.326 0.768) h0.03/1.00 g0/0 w a-118/-8 f-118 l-118/-8 as139/120 st6 thr1.00 501:0 s0 k0 d0 f0 t10 m125 player 11: (90.674 -151.395 0.639) h0.20/1.00 g0/0 w a179/-7 f179 l179/-7 as139/120 st6 thr1.00 501:0 s0 k0 d0 f0 t11 m125 player 12: (41.549 -88.059 0.143) h1.00/1.00 g0/0 w a-135/-4 f-67 l-126/-4 as139/120 st5 thr1.00 501:0 s0 k0 d2 f0 t12 m125 player 13: (39.814 -79.613 1.324) h1.00/1.00 g0/0 w a25/-3 f24 l25/-3 as140/120 st20 thr1.00 501:0 s1 k1 d1 f0 t13 m124 player 14: (79.300 -161.600 0.128) h0.08/0.00 g0/0 w a56/0 f56 l56/0 as139/120 st5 thr1.00 501:0 s0 k0 d0 f0 t14 m124 player 15: (55.845 -78.503 0.234) h0.39/0.00 g0/0 w a138/-3 f138 l138/-3 as139/120 st5 thr1.00 501:0 s0 k0 d0 f0 t15 m124 player 16: (42.049 -72.867 0.104) h1.00/0.19 g0/0 w a-21/-4 f-21 l-21/-4 as139/120 st7 thr1.00 501:0 s0 k0 d1 f0 t16 m124 player 17: dead s0 k0 d2 f0 t17 m123 pla
chupathingyce: bots: bot 23 at (38.3 -73.7 0.1) yaw 8 fight, target 16 (seen), shield 0.00, kills 0 deaths 0
chupathingyce: bots: bot 13 seeking weapon -444923756
chupathingyce: bots: bot 13 inventory slot 1 now weapon 396
chupathingyce: exiting after debug.exit_after
chupathingyce: frame stats: 28305 frames written to /tmp/jobsbench/lobby_r24_parallel/frames.csv
