chupathingyce: settings: /tmp/jobsbench/lobby_r32_off/saves/config.toml
chupathingyce: settings: added graphics.texture_cache_mb (new in this version) at its default
chupathingyce: save root: /tmp/jobsbench/lobby_r32_off/saves
chupathingyce: data root: /Users/noahlopez/Library/Application Support/ChupathingyCE (the game's log: debug.txt there)
chupathingyce: ChupathingyCE 0.7.1d-dev (dev, debug config, commit 80b829aa, built 2026-10-09) macOS arm64
chupathingyce: OpenCE network version 24 (joins 11-24); Delta 1, wire chupa-24a, legacy table: built in; protocol auto
chupathingyce: Following OpenCE network version 24 (built in)
chupathingyce: features: infection off, bots on
chupathingyce: anti-aliasing: off
chupathingyce: screen: 640x480 drawn at 1280x960
chupathingyce: OpenGL 4.1 Metal - 90.5 on Apple M2 Pro
chupathingyce: cannot map the visibility test results; tests read their queries
chupathingyce: shader cache: 105 shaders and 93 programs made ready in 267 ms (/tmp/jobsbench/lobby_r32_off/saves/shader_cache.bin)
chupathingyce: screen: 738x480 drawn at 2560x1662
chupathingyce: high-res hud: 69 of 104 bitmaps in this map (35 not in it)
chupathingyce: Delta: legacy table 5 from Delta List: announcing 25, joining 11 to 25; following OpenCE build-169
chupathingyce: network test: host:bloodgulch:slayer
chupathingyce: high-res text: ui\small_ui drawn with Overpass-750.ttf
chupathingyce: jobs: off (legacy paths), 0 workers (8 performance cores), 130 KiB of graph arenas
chupathingyce: network test: hosting bloodgulch
chupathingyce: Delta Peer: hosting with Delta on port 5160
chupathingyce: Delta Peer: every machine of the game shares capabilities 0x13
chupathingyce: high-res text: ui\large_ui drawn with Overpass-900.ttf
chupathingyce: network test: game 1, slayer
chupathingyce: network test: starting the game
chupathingyce: high-res hud: 70 of 104 bitmaps in this map (34 not in it)
chupathingyce: shadow maps: 128x128
chupathingyce: network test: player 0 is named Player
chupathingyce: network test: tick 30 player 0: (41.102 -90.282 0.125) h1.00/1.00 g0/0 w a99/0 f99 l99/0 as140/120 st0 thr0.00 501:0 s0 k0 d0 f0 t0 m0 | items 35 (+41 -0 !0 x0) | playing to 15 | sent 5 received 3 corrected 0 | hits 0 dealt 0 rejected 0 replayed 0 | local 0 camera (41.1 -90.3 0.7) respawn 0
chupathingyce: bots: Bot 1 joined (spartan)
chupathingyce: bots: bot 1 inventory slot 0 now weapon 501
chupathingyce: bots: bot 1 seeking vehicle -495910910
chupathingyce: network test: player 1 is named Bot 1
chupathingyce: network test: tick 60 player 0: (41.102 -90.282 0.125) h1.00/1.00 g0/0 w a99/0 f99 l99/0 as140/120 st0 thr0.00 501:0 s0 k0 d0 f0 t0 m0 player 1: (99.584 -148.290 0.112) h1.00/1.00 g0/0 w a56/0 f56 l56/0 as139/120 st4 thr1.00 501:0 s0 k0 d0 f0 t1 m127 | items 35 (+43 -0 !0 x0) | playing to 15 | sent 10 received 5 corrected 0 | hits 0 dealt 0 rejected 0 replayed 0 | local 0 camera (41.1 -90.3 0.7) respawn 0
chupathingyce: bots: Bot 2 joined (spartan)
chupathingyce: bots: bot 2 inventory slot 0 now weapon 501
chupathingyce: bots: navigation graph of 70 nodes and 438 links
chupathingyce: network test: player 2 is named Bot 2
chupathingyce: network test: tick 90 player 0: (41.102 -90.282 0.125) h1.00/1.00 g0/0 w a99/0 f99 l99/0 as140/120 st0 thr0.00 501:0 s0 k0 d0 f0 t0 m0 player 1: (100.820 -146.461 0.260) h1.00/1.00 g0/0 w a56/0 f56 l56/0 as139/120 st4 thr0.35 501:0 s0 k0 d0 f0 t1 m127 player 2: (96.367 -170.230 0.265) h1.00/1.00 g0/0 w a-155/0 f-155 l-155/0 as139/120 st4 thr1.00 501:0 s0 k0 d0 f0 t2 m127 | items 35 (+45 -0 !0 x0) | playing to 15 | sent 14 received 7 corrected 0 | hits 0 dealt 0 rejected 0 replayed 0 | local 0 camera (41.1 -90.3 0.7) respawn 0
chupathingyce: bots: Bot 3 joined (spartan)
chupathingyce: bots: bot 3 inventory slot 0 now weapon 501
chupathingyce: network test: player 3 is named Bot 3
chupathingyce: network test: tick 120 player 0: (41.102 -90.282 0.125) h1.00/1.00 g0/0 w a99/0 f99 l99/0 as140/120 st0 thr0.00 501:0 s0 k0 d0 f0 t0 m0 player 1: (101.271 -145.796 0.364) h1.00/1.00 g0/0 w a56/0 f56 l56/0 as139/120 st4 thr0.35 501:0 s0 k0 d0 f0 t1 m127 player 2: (95.164 -169.748 0.666) h1.00/1.00 g0/0 w a127/-2 f127 l127/-2 as140/120 st20 thr1.00 501:0 s0 k0 d0 f0 t2 m127 player 3: (86.328 -158.182 0.050) h1.00/1.00 g0/0 w a-53/2 f-53 l-53/2 as139/120 st4 thr1.00 501:0 s0 k0 d0 f0 t3 m127 | items 35 (+47 -0 !0 x0) | playing to 15 | sent 19 received 9 corrected 0 | hits 0 dealt 0 rejected 0 replayed 0 | local 0 camera (41.1 -90.3 0.7) respawn 0
chupathingyce: bots: Bot 4 joined (spartan)
chupathingyce: bots: bot 1 entered vehicle -495910910 seat 0
chupathingyce: bots: bot 4 inventory slot 0 now weapon 501
chupathingyce: network test: player 4 is named Bot 4
chupathingyce: network test: tick 150 player 0: (41.102 -90.282 0.125) h1.00/1.00 g0/0 w a99/0 f99 l99/0 as140/120 st0 thr0.00 501:0 s0 k0 d0 f0 t0 m0 player 1: (102.046 -144.524 0.957) h1.00/1.00 riding g0/0 w a131/0 f-0 l131/0 as139/120 st26 thr0.50 501:0 s0 k0 d0 f0 t1 m127 player 2: (94.931 -167.586 0.252) h1.00/1.00 g0/0 w a128/-2 f127 l128/-2 as140/120 st20 thr1.00 501:0 s0 k0 d0 f0 t2 m127 player 3: (88.347 -158.972 0.113) h1.00/1.00 g0/0 w a-54/1 f-54 l-54/1 as139/120 st4 thr1.00 501:0 s0 k0 d0 f0 t3 m127 player 4: (29.747 -77.277 0.187) h1.00/1.00 g0/0 w a-49/-0 f-49 l-49/-0 as139/120 st4 thr1.00 501:0 s0 k0 d0 f0 t4 m127 | items 35 (+49 -0 !0 x0) | playing to 15 | sent 23 received 11 corrected 0 | hits 0 dealt 0 rejected 0 replayed 0 | local 0 camera (41.1 -90.3 0.7) respawn 0
chupathingyce: bots: Bot 5 joined (spartan)
chupathingyce: bots: bot 5 inventory slot 0 now weapon 501
chupathingyce: network test: player 5 is named Bot 5
chupathingyce: network test: tick 180 player 0: (41.102 -90.282 0.125) h1.00/1.00 g0/0 w a99/0 f99 l99/0 as140/120 st0 thr0.00 501:0 s0 k0 d0 f0 t0 m0 player 1: (100.680 -143.165 1.057) h1.00/1.00 riding g0/0 w a131/0 f-0 l131/0 as28/120 st0 thr0.50 501:0 s0 k0 d0 f0 t1 m127 player 2: (93.710 -165.761 0.089) h1.00/1.00 g0/0 w a129/-0 f129 l129/-0 as139/120 st4 thr1.00 501:0 s0 k0 d0 f0 t2 m127 player 3: (89.791 -160.627 0.130) h1.00/1.00 g0/0 w a-52/-0 f-52 l-52/-0 as139/120 st4 thr1.00 501:0 s0 k0 d0 f0 t3 m127 player 4: (30.182 -79.403 0.058) h1.00/1.00 g0/0 w a-46/-0 f-46 l-46/-0 as139/120 st4 thr1.00 501:0 s0 k0 d0 f0 t4 m127 player 5: (98.893 -149.944 0.059) h1.00/1.00 g0/0 w a-51/0 f-51 l-51/0 as139/120 st4 thr1.00 501:0 s0 k0 d0 f0 t5 m126 | items 35 (+51 -0 !0 x0) | playing to 15 | sent 28 received 13 corrected 0 | hits 0 dealt 0 rejected 0 replayed 0 | local 0 camera (41.1 -90.3 0.7) respawn 0
chupathingyce: bots: Bot 6 joined (spartan)
chupathingyce: bots: bot 6 inventory slot 0 now weapon 501
chupathingyce: network test: player 6 is named Bot 6
chupathingyce: network test: tick 210 player 0: (41.102 -90.282 0.125) h1.00/1.00 g0/0 w a99/0 f99 l99/0 as140/120 st0 thr0.00 501:0 s0 k0 d0 f0 t0 m0 player 1: (97.932 -140.598 0.687) h1.00/1.00 riding g0/0 w a131/0 f-0 l131/0 as28/120 st0 thr0.50 501:0 s0 k0 d0 f0 t1 m127 player 2: (92.804 -164.433 0.129) h1.00/1.00 g0/0 w a141/-3 f141 l141/-3 as139/120 st7 thr1.00 501:0 s0 k0 d0 f0 t2 m127 player 3: (90.038 -162.385 0.158) h1.00/1.00 g0/0 w a-40/-3 f-40 l-40/-3 as139/120 st7 thr1.00 501:0 s0 k0 d0 f0 t3 m127 player 4: (30.962 -81.277 0.036) h1.00/1.00 g0/0 w a-42/0 f-42 l-42/0 as139/120 st4 thr1.00 501:0 s0 k0 d0 f0 t4 m127 player 5: (100.292 -151.701 -0.069) h1.00/1.00 g0/0 w a-51/0 f-51 l-51/0 as139/120 st4 thr1.00 501:0 s0 k0 d0 f0 t5 m126 player 6: (92.385 -149.872 0.512) h1.00/1.00 g0/0 w a-14/-5 f-14 l-14/-5 as139/120 st7 thr1.00 501:0 s0 k0 d0 f0 t6 m126 | items 35 (+53 -0 !0 x0) | playing to 15 | sent 32 received 15 corrected 0 | hits 0 dealt 0 rejected 0 replayed 0 | local 0 camera (41.1 -90.3 0.7) respawn 0
chupathingyce: bots: Bot 7 joined (spartan)
chupathingyce: bots: bot 7 inventory slot 0 now weapon 501
chupathingyce: network test: player 7 is named Bot 7
chupathingyce: network test: tick 240 player 0: (41.102 -90.282 0.125) h1.00/0.86 g0/0 w a164/50 f176 l164/45 as140/120 st0 thr0.00 501:0 s0 k0 d0 f0 t0 m0 player 1: (97.698 -140.861 0.714) h1.00/1.00 riding g0/0 w a131/0 f-0 l131/0 as28/120 st0 thr0.50 501:0 s0 k0 d0 f0 t1 m127 player 2: (92.281 -165.679 0.089) h1.00/0.85 g0/0 w a155/-3 f155 l155/-3 as139/120 st6 thr1.00 501:0 s0 k0 d0 f0 t2 m127 player 3: (89.139 -164.095 0.135) h1.00/1.00 g0/0 w a-25/-4 f-25 l-25/-4 as139/120 st6 thr1.00 501:0 s0 k0 d0 f0 t3 m127 player 4: (32.967 -81.861 -0.002) h1.00/1.00 g0/0 w a-45/-0 f-45 l-45/-0 as139/120 st4 thr1.00 501:0 s0 k0 d0 f0 t4 m127 player 5: (101.409 -153.372 -0.068) h1.00/1.00 g0/0 w a-68/0 f-68 l-68/0 as139/120 st7 thr1.00 501:0 s0 k0 d0 f0 t5 m126 player 6: (91.979 -151.787 1.076) h1.00/1.00 g0/0 w a-9/-8 f-14 l-9/-8 as140/120 st20 thr1.00 501:0 s0 k0 d0 f0 t6 m126 player 7: (105.039 -162.133 0.023) h1.00/1.00 g0/0 w a96/-1 f96 l96/-1 as139/120 st7 thr1.00 501:0 s0 k0 d0 f0 t7 m126 | items 35 (+55 -0 !0 x0) | playing to 15 | sent 43 received 17 corrected 0 | hits 0 dealt 0 rejected 0 replayed 0 | local 0 camera (41.1 -90.3 0.7) respawn 0
chupathingyce: bots: Bot 8 joined (spartan)
chupathingyce: bots: bot 8 inventory slot 0 now weapon 501
chupathingyce: network test: player 8 is named Bot 8
chupathingyce: network test: tick 270 player 0: (39.714 -89.113 0.088) h1.00/0.86 g0/0 w a124/-5 f124 l124/-5 as139/120 st4 thr1.00 501:0 s0 k0 d0 f0 t0 m0 player 1: (96.734 -141.085 0.425) h1.00/1.00 riding g0/0 w a130/0 f-0 l130/0 as28/120 st0 thr0.50 501:0 s0 k0 d0 f0 t1 m127 player 2: (90.995 -167.159 0.735) h1.00/0.85 g0/0 w a102/-1 f137 l102/-1 as140/120 st20 thr1.00 501:0 s0 k0 d0 f0 t2 m127 player 3: (90.303 -163.080 0.773) h1.00/1.00 g0/0 w a-78/-2 f-55 l-78/-2 as140/120 st20 thr1.00 501:0 s0 k0 d0 f0 t3 m127 player 4: (34.876 -81.869 0.102) h1.00/1.00 g0/0 w a-54/-2 f-54 l-54/-2 as139/120 st6 thr1.00 501:0 s0 k0 d0 f0 t4 m127 player 5: (99.799 -154.461 -0.001) h1.00/1.00 g0/0 w a-47/-1 f-47 l-47/-1 as139/120 st7 thr1.00 501:0 s0 k0 d0 f0 t5 m126 player 6: (91.970 -152.361 0.236) h1.00/1.00 g0/0 w a-14/-2 f-14 l-14/-2 as139/120 st6 thr1.00 501:0 s0 k0 d0 f0 t6 m126 player 7: (106.629 -161.056 0.075) h1.00/1.00 g0/0 w a134/-1 f134 l134/-1 as139/120 st7 thr1.00 501:0 s0 k0 d0 f0 t7 m126 player 8: (97.755 -169.597 0.251) h1.00/1.00 g0/0 w a44/-3 f65 l44/-3 as139/120 st4 thr1.00 501:0 s0 k0 d0 f0 t8 m126 | items 35 (+57 -0 !0 x0) | playing to 15 | sent 47 received 19 corrected 0 | hits 0 dealt 0 rejected 0 replayed 0 | local 0 camera (39.7 -89.1 0.7) respawn 0
chupathingyce: bots: Bot 9 joined (spartan)
chupathingyce: bots: bot 9 inventory slot 0 now weapon 501
chupathingyce: network test: player 9 is named Bot 9
chupathingyce: network test: tick 300 player 0: (38.518 -87.214 0.598) h0.96/0.00 g0/0 w a127/-5 f121 l127/-5 as140/120 st20 thr1.00 501:0 s0 k0 d0 f0 t0 m0 player 1: (94.550 -139.007 0.697) h1.00/1.00 riding g0/0 w a130/0 f-0 l130/0 as28/120 st0 thr0.50 501:0 s0 k0 d0 f0 t1 m127 player 2: (90.354 -167.944 0.088) h1.00/0.85 g0/0 w a76/-0 f76 l76/-0 as139/120 st7 thr1.00 501:0 s0 k0 d0 f0 t2 m127 player 3: (91.492 -163.286 0.141) h1.00/1.00 g0/0 w a-103/-3 f-89 l-103/-3 as139/120 st6 thr1.00 501:0 s0 k0 d0 f0 t3 m127 player 4: (34.166 -82.292 0.047) h1.00/1.00 g0/0 w a-49/4 f-49 l-49/4 as139/120 st7 thr1.00 501:0 s0 k0 d0 f0 t4 m127 player 5: (99.283 -155.461 0.120) h1.00/1.00 g0/0 w a-27/2 f-27 l-27/2 as139/120 st7 thr1.00 501:0 s0 k0 d0 f0 t5 m126 player 6: (92.851 -150.594 0.850) h1.00/1.00 g0/0 w a-36/-6 f-32 l-36/-6 as140/120 st20 thr1.00 501:0 s0 k0 d0 f0 t6 m126 player 7: (107.740 -159.405 0.410) h1.00/1.00 g0/0 w a154/-3 f137 l154/-3 as140/120 st20 thr1.00 501:0 s0 k0 d0 f0 t7 m126 player 8: (99.815 -169.019 0.138) h1.00/1.00 g0/0 w a51/1 f51 l51/1 as139/120 st4 thr1.00 501:0 s0 k0 d0 f0 t8 m126 player 9: (98.669 -149.653 0.080) h1.00/1.00 g0/0 w a-24/-1 f-111 l-41/-1 as139/120 st4 thr1.00 501:0 s0 k0 d0 f0 t9 m125 | items 35 (+59 -0 !0 x0) | playing to 15 | sent 52 received 21 corrected 0 | hits 0 dealt 0 rejected 0 replayed 0 | local 0 camera (38.5 -87.2 1.2) respawn 0
chupathingyce: bots: Bot 10 joined (spartan)
chupathingyce: bots: bot 1 at (94.5 -139.2 0.7) yaw 130 vehicle, target -1, shield 1.00, kills 0 deaths 0
chupathingyce: bots: bot 2 at (90.5 -168.0 0.1) yaw 75 fight, target 3 (seen), shield 0.85, kills 0 deaths 0
chupathingyce: bots: bot 3 at (92.1 -163.8 0.1) yaw -115 fight, target 2 (seen), shield 1.00, kills 0 deaths 0
chupathingyce: bots: bot 4 at (34.4 -82.1 0.1) yaw -56 fight, target 0 (seen), shield 1.00, kills 0 deaths 0
chupathingyce: bots: bot 5 at (99.6 -156.0 0.8) yaw -9 fight, target 7 (seen), shield 0.87, kills 0 deaths 0
chupathingyce: network test: player 10 is named Bot 10
chupathingyce: network test: tick 330 player 0: (36.664 -86.418 0.701) h0.96/0.00 g0/0 w a111/-8 f113 l111/-8 as140/120 st20 thr1.00 501:0 s0 k0 d0 f0 t0 m0 player 1: (90.871 -134.640 1.068) h1.00/1.00 riding g0/0 w a130/0 f-0 l130/0 as28/120 st0 thr0.50 501:0 s0 k0 d0 f0 t1 m127 player 2: (89.327 -167.286 0.433) h1.00/0.85 g0/0 w a43/-3 f46 l43/-3 as140/120 st20 thr1.00 501:0 s0 k0 d0 f0 t2 m127 player 3: (92.798 -164.573 0.372) h1.00/1.00 g0/0 w a-137/-1 f-137 l-137/-1 as140/120 st20 thr1.00 501:0 s0 k0 d0 f0 t3 m127 player 4: (34.972 -81.777 0.110) h1.00/1.00 g0/0 w a-66/6 f-66 l-66/6 as139/120 st6 thr1.00 501:0 s0 k0 d0 f0 t4 m127 player 5: (99.640 -156.058 0.753) h1.00/0.87 g0/0 w a-9/-5 f-23 l-9/-5 as140/120 st20 thr1.00 501:0 s0 k0 d0 f0 t5 m126 player 6: (93.849 -149.316 0.222) h1.00/1.00 g0/0 w a-49/2 f-32 l-49/2 as140/120 st20 thr1.00 501:0 s0 k0 d0 f0 t6 m126 player 7: (108.359 -157.511 0.094) h1.00/1.00 g0/0 w a169/4 f169 l169/4 as139/120 st7 thr1.00 501:0 s0 k0 d0 f0 t7 m126 player 8: (101.813 -168.179 0.029) h1.00/1.00 g0/0 w a57/-1 f57 l57/-1 as139/120 st4 thr1.00 501:0 s0 k0 d0 f0 t8 m126 player 9: (100.544 -149.666 0.015) h1.00/1.00 g0/0 w a-97/6 f-97 l-97/6 as139/120 st6 thr1.00 501:0 s0 k0 d0 f0 t9 m125 player 10: dead s0 k0 d0 f0 t10 m125 | items 35 (+59 -0 !0 x0) | playing to 15 | sent 58 received 22 corrected 0 | hits 0 dealt 0 rejected 0 replayed 0 | local 0 camera (36.7 -86.4 1.3) respawn 0
chupathingyce: bots: Bot 11 joined (spartan)
chupathingyce: bots: bot 10 inventory slot 0 now weapon 501
chupathingyce: bots: bot 11 inventory slot 0 now weapon 501
chupathingyce: bots: bot 6 at (94.0 -149.1 0.0) yaw -49 fight, target 5 (seen), shield 1.00, kills 0 deaths 0
chupathingyce: bots: bot 7 at (108.5 -156.7 0.1) yaw 176 fight, target 5 (seen), shield 1.00, kills 0 deaths 0
chupathingyce: bots: bot 8 at (101.8 -167.2 0.0) yaw 67 fight, target 10 (seen), shield 1.00, kills 0 deaths 0
chupathingyce: bots: bot 9 at (102.1 -149.9 0.6) yaw -109 fight, target 5 (seen), shield 1.00, kills 0 deaths 0
chupathingyce: network test: player 11 is named Bot 11
chupathingyce: network test: tick 360 player 0: (34.969 -85.375 -0.101) h0.96/0.00 g0/0 w a95/-12 f113 l95/-12 as140/120 st21 thr1.00 501:0 s0 k0 d0 f0 t0 m0 player 1: (86.734 -129.660 0.934) h1.00/1.00 riding g0/0 w a130/0 f-0 l130/0 as28/120 st0 thr0.50 501:0 s0 k0 d0 f0 t1 m127 player 2: (88.341 -165.611 0.233) h1.00/0.85 g0/0 w a-3/1 f46 l-3/1 as140/120 st20 thr1.00 501:0 s0 k0 d0 f0 t2 m127 player 3: (93.881 -165.885 0.386) h1.00/1.00 g0/0 w a179/-2 f-137 l179/-2 as140/120 st20 thr1.00 501:0 s0 k0 d0 f0 t3 m127 player 4: (34.165 -81.943 0.055) h1.00/0.85 g0/0 w a-78/-5 f-79 l-78/-5 as139/120 st7 thr1.00 501:0 s0 k0 d0 f0 t4 m127 player 5: (100.148 -155.493 0.064) h1.00/0.75 g0/0 w a-1/-1 f-1 l-1/-1 as139/120 st6 thr1.00 501:0 s0 k0 d0 f0 t5 m126 player 6: (95.209 -148.246 0.045) h1.00/1.00 g0/0 w a-55/-1 f-55 l-55/-1 as139/120 st7 thr1.00 501:0 s0 k0 d0 f0 t6 m126 player 7: (108.477 -155.519 0.098) h1.00/1.00 g0/0 w a179/-2 f179 l179/-2 as139/120 st7 thr1.00 501:0 s0 k0 d0 f0 t7 m126 player 8: (101.107 -166.867 0.006) h1.00/1.00 g0/0 w a62/-1 f62 l62/-1 as139/120 st6 thr1.00 501:0 s0 k0 d0 f0 t8 m126 player 9: (102.296 -149.971 0.458) h1.00/1.00 g0/0 w a-111/-5 f-98 l-111/-5 as140/120 st20 thr1.00 501:0 s0 k0 d0 f0 t9 m125 player 10: (104.228 -161.630 0.064) h1.00/1.00 g0/0 w a54/-1 f54 l54/-1 as139/120 st7 thr1.00 501:0 s0 k0 d0 f0 t10 m125 player 11: (29.365 -83.006 0.204) h1.00/1.00 g0/0 w a10/-3 f10 l10/-3 as139/120 st7 thr1.00 501:0 s0 k0 d0 f0 t11 m125 | items 35 (+63 -0 !0 x0) | playing to 15 | sent 68 received 25 corrected 0 | hits 0 dealt 0 rejected 0 replayed 0 | local 0 camera (35.0 -85.4 0.5) respawn 0
chupathingyce: bots: Bot 12 joined (spartan)
chupathingyce: bots: bot 10 at (104.4 -161.7 0.1) yaw 57 fight, target 7 (seen), shield 1.00, kills 0 deaths 0
chupathingyce: bots: bot 12 inventory slot 0 now weapon 501
chupathingyce: bots: bot 11 at (29.5 -83.5 0.2) yaw 18 fight, target 4 (seen), shield 1.00, kills 0 deaths 0
chupathingyce: bots: bot 12 at (30.1 -76.0 0.4) yaw -57 fight, target 4 (seen), shield 1.00, kills 0 deaths 0
chupathingyce: network test: player 12 is named Bot 12
chupathingyce: network test: tick 390 player 0: (34.051 -83.910 -0.039) h0.69/0.00 g0/0 w a91/-3 f90 l91/-3 as139/120 st8 thr1.00 501:0 s0 k0 d0 f0 t0 m0 player 1: (85.475 -128.798 0.963) h1.00/1.00 riding g0/0 w a129/0 f-0 l129/0 as28/120 st0 thr0.50 501:0 s0 k0 d0 f0 t1 m127 player 2: (88.338 -166.473 0.108) h1.00/0.85 g0/0 w a15/-1 f15 l15/-1 as139/120 st7 thr1.00 501:0 s0 k0 d0 f0 t2 m127 player 3: (93.994 -164.936 0.128) h1.00/1.00 g0/0 w a-167/-2 f-167 l-167/-2 as139/120 st7 thr1.00 501:0 s0 k0 d0 f0 t3 m127 player 4: (33.646 -81.048 0.121) h1.00/0.71 g0/0 w a-80/-5 f-80 l-80/-5 as139/120 st5 thr1.00 501:0 s0 k0 d0 f0 t4 m127 player 5: (100.199 -156.021 0.096) h1.00/0.75 g0/0 w a18/4 f18 l18/4 as139/120 st6 thr1.00 501:0 s0 k0 d0 f0 t5 m126 player 6: (94.033 -149.119 0.636) h1.00/1.00 g0/0 w a-50/-5 f-55 l-50/-5 as140/120 st20 thr1.00 501:0 s0 k0 d0 f0 t6 m126 player 7: (108.211 -153.548 0.662) h1.00/1.00 g0/0 w a-163/-6 f-177 l-163/-6 as140/120 st20 thr1.00 501:0 s0 k0 d0 f0 t7 m126 player 8: (102.079 -167.455 0.009) h1.00/1.00 g0/0 w a53/-1 f55 l53/-1 as139/120 st7 thr1.00 501:0 s0 k0 d0 f0 t8 m126 player 9: (101.687 -149.674 -0.025) h1.00/1.00 g0/0 w a-104/-0 f-104 l-104/-0 as139/120 st7 thr1.00 501:0 s0 k0 d0 f0 t9 m125 player 10: (106.029 -162.456 0.004) h1.00/1.00 g0/0 w a75/4 f75 l75/4 as139/120 st7 thr1.00 501:0 s0 k0 d0 f0 t10 m125 player 11: (29.160 -82.477 0.221) h1.00/1.00 g0/0 w a16/-4 f16 l16/-4 as139/120 st6 thr1.00 501:0 s0 k0 d0 f0 t11 m125 player 12: (30.807 -75.611 0.407) h1.00/1.00 g0/0 w a-61/-5 f-61 l-61/-5 as139/120 st6 thr1.00 501:0 s0 k0 d0 f0 t12 m125 | items 35 (+65 -0 !0 x0) | playing to 15 | sent 82 received 27 corrected 0 | hits 0 dealt 0 rejected 0 replayed 0 | local 0 camera (34.1 -83.9 0.6) respawn 0
chupathingyce: bots: Bot 13 joined (spartan)
chupathingyce: bots: bot 13 inventory slot 0 now weapon 501
chupathingyce: bots: bot 13 seeking vehicle -496041984
chupathingyce: network test: player 13 is named Bot 13
chupathingyce: network test: tick 420 player 0: (33.818 -81.807 0.039) h0.44/0.00 g0/0 w a99/1 f99 l99/1 as139/120 st4 thr1.00 501:0 s0 k0 d0 f0 t0 m0 player 1: (84.766 -128.777 0.826) h1.00/1.00 riding g0/0 w a129/0 f-0 l129/0 as28/120 st0 thr0.50 501:0 s0 k0 d0 f0 t1 m127 player 2: (89.303 -168.192 0.087) h1.00/1.00 g0/0 w a46/2 f46 l46/2 as139/120 st7 thr1.00 501:0 s0 k0 d0 f0 t2 m127 player 3: (92.646 -164.340 0.474) h1.00/1.00 g0/0 w a-134/-5 f-137 l-134/-5 as140/120 st20 thr1.00 501:0 s0 k0 d0 f0 t3 m127 player 4: (33.291 -79.080 0.456) h1.00/0.71 g0/0 w a-79/-13 f-80 l-79/-13 as140/120 st20 thr1.00 501:0 s0 k0 d0 f0 t4 m127 player 5: (99.840 -154.856 0.467) h1.00/0.75 g0/0 w a18/-3 f19 l18/-3 as140/120 st20 thr1.00 501:0 s0 k0 d0 f0 t5 m126 player 6: (93.161 -150.056 0.206) h1.00/1.00 g0/0 w a-34/0 f-34 l-34/0 as139/120 st6 thr1.00 501:0 s0 k0 d0 f0 t6 m126 player 7: (107.795 -152.197 0.063) h1.00/1.00 g0/0 w a-161/1 f-161 l-161/1 as139/120 st6 thr1.00 501:0 s0 k0 d0 f0 t7 m126 player 8: (103.651 -168.520 0.049) h1.00/1.00 g0/0 w a64/-1 f64 l64/-1 as139/120 st6 thr1.00 501:0 s0 k0 d0 f0 t8 m126 player 9: (99.712 -149.402 0.057) h1.00/1.00 g0/0 w a-91/2 f-91 l-91/2 as139/120 st7 thr1.00 501:0 s0 k0 d0 f0 t9 m125 player 10: (106.793 -161.941 0.011) h1.00/1.00 g0/0 w a84/-1 f84 l84/-1 as139/120 st7 thr1.00 501:0 s0 k0 d0 f0 t10 m125 player 11: (28.584 -80.561 0.635) h1.00/1.00 g0/0 w a18/-1 f18 l18/-1 as140/120 st20 thr1.00 501:0 s0 k0 d0 f0 t11 m125 player 12: (31.808 -75.145 0.943) h1.00/1.00 g0/0 w a-70/-5 f-71 l-70/-5 as140/120 st20 thr1.00 501:0 s0 k0 d0 f0 t12 m125 player 13: (40.014 -89.812 0.095) h1.00/1.00 g0/0 w a124/2 f124 l124/2 as139/120 st4 thr1.00 501:0 s0 k0 d0 f0 t13 m124 | items 35 (+67 -0 !0 x0) | playing to 15 | sent 91 received 29 corrected 0 | hits 0 dealt 0 rejected 0 replayed 0 | local 0 camera (33.8 -81.8 0.7) respawn 0
chupathingyce: bots: Bot 14 joined (spartan)
chupathingyce: bots: bot 14 inventory slot 0 now weapon 501
chupathingyce: network test: player 14 is named Bot 14
chupathingyce: network test: tick 450 player 0: (33.412 -79.922 0.075) h0.17/0.00 g0/0 w a100/-0 f100 l100/-0 as139/120 st8 thr1.00 501:0 s0 k0 d0 f0 t0 m0 player 1: (82.767 -127.213 0.775) h1.00/1.00 riding g0/0 w a128/0 f-0 l128/0 as28/120 st0 thr0.50 501:0 s0 k0 d0 f0 t1 m127 player 2: (91.125 -168.888 0.098) h1.00/1.00 g0/0 w a90/3 f90 l90/3 as139/120 st7 thr1.00 501:0 s0 k0 d0 f0 t2 m127 player 3: (90.888 -163.535 0.274) h1.00/1.00 g0/0 w a-89/-4 f-137 l-89/-4 as140/120 st20 thr1.00 501:0 s0 k0 d0 f0 t3 m127 player 4: (32.971 -77.561 0.159) h1.00/0.00 g0/0 w a-80/-4 f-80 l-80/-4 as139/120 st5 thr1.00 501:0 s0 k0 d0 f0 t4 m127 player 5: (100.019 -155.435 0.069) h0.81/0.00 g0/0 w a10/-2 f-5 l10/-2 as140/120 st21 thr1.00 501:0 s0 k0 d0 f0 t5 m126 player 6: (94.457 -148.567 0.741) h1.00/1.00 g0/0 w a-14/-12 f-43 l-14/-12 as140/120 st20 thr1.00 501:0 s0 k0 d0 f0 t6 m126 player 7: (108.263 -154.016 0.079) h1.00/0.87 g0/0 w a-169/-0 f-169 l-169/-0 as139/120 st6 thr1.00 501:0 s0 k0 d0 f0 t7 m126 player 8: (102.297 -167.737 0.012) h1.00/1.00 g0/0 w a52/3 f52 l52/3 as139/120 st6 thr1.00 501:0 s0 k0 d0 f0 t8 m126 player 9: (98.427 -149.562 0.092) h1.00/1.00 g0/0 w a-75/-1 f-75 l-75/-1 as139/120 st6 thr1.00 501:0 s0 k0 d0 f0 t9 m125 player 10: (107.517 -161.008 0.522) h1.00/1.00 g0/0 w a84/-5 f84 l84/-5 as140/120 st20 thr1.00 501:0 s0 k0 d0 f0 t10 m125 player 11: (28.048 -78.636 0.254) h1.00/1.00 g0/0 w a13/-4 f18 l13/-4 as140/120 st21 thr1.00 501:0 s0 k0 d0 f0 t11 m125 player 12: (31.551 -75.207 0.398) h1.00/1.00 g0/0 w a-61/-8 f-61 l-61/-8 as139/120 st5 thr1.00 501:0 s0 k0 d0 f0 t12 m125 player 13: (38.750 -88.675 0.057) h1.00/1.00 g0/0 w a119/0 f119 l119/0 as139/120 st4 thr1.00 501:0 s0 k0 d0 f0 t13 m124 player 14: (97.440 -168.619 0.211) h1.00/1.00 g0/0 w a10/-4 f10 l10/-4 as139/120 st6 thr1.00 501:0 s0 k0 d0 f0 t14 m124 | items 35 (+69 -0 !0 x0) | playing to 15 | sent 112 received 31 corrected 0 | hits 0 dealt 0 rejected 0 replayed 0 | local 0 camera (33.4 -79.9 0.7) respawn 0
chupathingyce: bots: Bot 15 joined (spartan)
chupathingyce: bots: bot 15 inventory slot 0 now weapon 501
chupathingyce: network test: player 15 is named Bot 15
chupathingyce: network test: tick 480 player 0: dead s1 k1 d1 f0 t0 m0 player 1: (79.007 -122.842 0.671) h1.00/1.00 riding g0/0 w a128/0 f-0 l128/0 as28/120 st0 thr0.50 501:0 s0 k0 d0 f0 t1 m127 player 2: (92.942 -168.164 0.107) h1.00/1.00 g0/0 w a133/-1 f133 l133/-1 as139/120 st7 thr1.00 501:0 s0 k0 d0 f0 t2 m127 player 3: (89.075 -164.215 0.134) h1.00/1.00 g0/0 w a-48/-2 f-48 l-48/-2 as139/120 st7 thr1.00 501:0 s0 k0 d0 f0 t3 m127 player 4: dead s1 k1 d1 f0 t4 m127 player 5: (99.656 -155.114 0.072) h0.69/0.00 g0/0 w a-5/-1 f-5 l-5/-1 as139/120 st5 thr1.00 501:0 s0 k0 d0 f0 t5 m126 player 6: (95.433 -146.872 0.033) h1.00/1.00 g0/0 w a-38/-2 f-38 l-38/-2 as139/120 st6 thr1.00 501:0 s0 k0 d0 f0 t6 m126 player 7: (108.335 -156.009 0.113) h0.96/0.00 g0/0 w a176/-2 f176 l176/-2 as139/120 st6 thr1.00 501:0 s0 k0 d0 f0 t7 m126 player 8: (101.190 -166.190 -0.008) h1.00/1.00 g0/0 w a57/-1 f57 l57/-1 as139/120 st4 thr1.00 501:0 s0 k0 d0 f0 t8 m126 player 9: (98.383 -149.529 0.095) h1.00/1.00 g0/0 w a-76/-1 f-76 l-76/-1 as139/120 st7 thr1.00 501:0 s0 k0 d0 f0 t9 m125 player 10: (107.079 -160.628 0.013) h1.00/1.00 g0/0 w a77/-0 f77 l77/-0 as139/120 st6 thr1.00 501:0 s0 k0 d0 f0 t10 m125 player 11: (27.851 -77.485 0.271) h1.00/1.00 g0/0 w a4/-4 f4 l4/-4 as139/120 st7 thr1.00 501:0 s0 k0 d0 f0 t11 m125 player 12: (30.349 -75.016 0.594) h1.00/1.00 g0/0 w a-41/-13 f-41 l-41/-13 as139/120 st7 thr1.00 501:0 s0 k0 d0 f0 t12 m125 player 13: (38.203 -86.896 0.159) h1.00/1.00 g0/0 w a138/-1 f132 l138/-1 as139/120 st4 thr1.00 501:0 s0 k0 d0 f0 t13 m124 player 14: (97.596 -168.605 0.199) h1.00/1.00 g0/0 w a31/-4 f31 l31/-4 as139/120 st7 thr1.00 501:0 s0 k0 d0 f0 t14 m124 player 15: (85.305 -161.000 0.102) h1.00/1.00 g0/0 w a-38/-2 f-38 l-38/-2 as139/120 st6 thr1.00 501:0 s0 k0 d0 f0 t15 m124 | items 35 (+71 -0 !0 x0) | playing to 15 | sent 135 received 35 corrected 0 | hits 0 dealt 0 rejected 0 replayed 0 | local 0 camera (33.1 -78.4 0.5) respawn 88
chupathingyce: bots: Bot 16 joined (spartan)
chupathingyce: bots: bot 16 inventory slot 0 now weapon 501
chupathingyce: network test: player 16 is named Bot 16
chupathingyce: network test: tick 510 player 0: dead s1 k1 d1 f0 t0 m0 player 1: (74.965 -117.905 0.582) h1.00/1.00 riding g0/0 w a128/0 f-0 l128/0 as28/120 st0 thr0.50 501:0 s0 k0 d0 f0 t1 m127 player 2: (92.397 -169.017 0.116) h1.00/0.89 g0/0 w a146/-2 f146 l146/-2 as139/120 st6 thr1.00 501:0 s0 k0 d0 f0 t2 m127 player 3: (87.853 -165.794 0.122) h1.00/1.00 g0/0 w a-34/-1 f-34 l-34/-1 as139/120 st7 thr1.00 501:0 s0 k0 d0 f0 t3 m127 player 4: dead s1 k1 d1 f0 t4 m127 player 5: (98.213 -153.876 0.034) h0.55/0.00 g0/0 w a-17/-0 f-17 l-17/-0 as139/120 st5 thr1.00 501:0 s0 k0 d0 f0 t5 m126 player 6: (96.730 -146.128 0.036) h1.00/1.00 g0/0 w a-93/-2 f-93 l-93/-2 as139/120 st7 thr1.00 501:0 s0 k0 d0 f0 t6 m126 player 7: (109.286 -157.500 0.076) h0.96/0.00 g0/0 w a-148/6 f-148 l-148/6 as139/120 st6 thr1.00 501:0 s0 k0 d0 f0 t7 m126 player 8: (102.838 -165.137 0.554) h1.00/1.00 g0/0 w a49/-3 f51 l49/-3 as140/120 st20 thr1.00 501:0 s0 k0 d0 f0 t8 m126 player 9: (96.481 -150.135 0.067) h1.00/1.00 g0/0 w a-65/-2 f-65 l-65/-2 as139/120 st7 thr1.00 501:0 s0 k0 d0 f0 t9 m125 player 10: (105.403 -159.609 0.659) h1.00/1.00 g0/0 w a34/-10 f49 l34/-10 as140/120 st20 thr1.00 501:0 s0 k0 d0 f0 t10 m125 player 11: (29.248 -78.593 0.144) h1.00/1.00 g0/0 w a58/1 f58 l58/1 as139/120 st6 thr1.00 501:0 s0 k0 d0 f0 t11 m125 player 12: (31.023 -75.901 0.322) h1.00/0.85 g0/0 w a-124/-5 f-124 l-124/-5 as139/120 st7 thr1.00 501:0 s0 k0 d0 f0 t12 m125 player 13: (36.096 -86.394 0.636) h1.00/1.00 g0/0 w a131/-4 f135 l131/-4 as140/120 st20 thr1.00 501:0 s0 k0 d0 f0 t13 m124 player 14: (99.012 -170.003 0.231) h1.00/1.00 g0/0 w a51/1 f51 l51/1 as139/120 st7 thr1.00 501:0 s0 k0 d0 f0 t14 m124 player 15: (86.845 -160.054 0.107) h1.00/1.00 g0/0 w a-77/-1 f-77 l-77/-1 as139/120 st7 thr1.00 501:0 s0 k0 d0 f0 t15 m124 player 16: (51.611 -82.701 0.108) h1.00/1.00 g0/0 w a-167/1 f-167 l-167/1 as139/120 st4 thr1.00 501:0 s0 k0 d0 f0 t16 m124 | items 36 (+73 -0 !0 x0) | playing to 15 | sent 148 received 38 corrected 0 | hits 0 dealt 0 rejected 0 replayed 0 | local 0 camer
chupathingyce: bots: Bot 17 joined (spartan)
chupathingyce: bots: bot 17 inventory slot 0 now weapon 501
chupathingyce: network test: player 17 is named Bot 17
chupathingyce: network test: tick 540 player 0: dead s1 k1 d1 f0 t0 m0 player 1: (71.414 -114.324 2.060) h1.00/1.00 riding g0/0 w a127/0 f-0 l127/0 as28/120 st0 thr0.50 501:0 s0 k0 d0 f0 t1 m127 player 2: (91.190 -170.607 0.155) h1.00/0.89 g0/0 w a135/-2 f135 l135/-2 as139/120 st6 thr1.00 501:0 s0 k0 d0 f0 t2 m127 player 3: (87.536 -166.352 0.117) h1.00/1.00 g0/0 w a-46/-2 f-46 l-46/-2 as139/120 st6 thr1.00 501:0 s0 k0 d0 f0 t3 m127 player 4: dead s1 k1 d1 f0 t4 m127 player 5: (96.478 -153.752 0.124) h0.42/0.00 g0/0 w a-22/2 f-22 l-22/2 as139/120 st5 thr1.00 501:0 s0 k0 d0 f0 t5 m126 player 6: (97.161 -146.311 0.596) h1.00/1.00 g0/0 w a-113/-7 f-104 l-113/-7 as140/120 st20 thr1.00 501:0 s0 k0 d0 f0 t6 m126 player 7: (109.568 -159.437 0.648) h0.96/0.00 g0/0 w a164/-6 f179 l164/-6 as140/120 st20 thr1.00 501:0 s0 k0 d0 f0 t7 m126 player 8: (104.739 -165.013 0.027) h1.00/1.00 g0/0 w a49/3 f49 l49/3 as139/120 st7 thr1.00 501:0 s0 k0 d0 f0 t8 m126 player 9: (94.939 -151.014 0.072) h1.00/1.00 g0/0 w a-60/-2 f-60 l-60/-2 as139/120 st6 thr1.00 501:0 s0 k0 d0 f0 t9 m125 player 10: (104.702 -157.873 0.220) h1.00/1.00 g0/0 w a-14/3 f4 l-14/3 as139/120 st6 thr1.00 501:0 s0 k0 d0 f0 t10 m125 player 11: (27.849 -77.569 0.272) h1.00/0.00 g0/0 w a53/4 f53 l53/4 as139/120 st6 thr1.00 501:0 s0 k0 d0 f0 t11 m125 player 12: (29.820 -75.023 0.667) h1.00/0.72 g0/0 w a-128/-10 f-128 l-128/-10 as139/120 st7 thr1.00 501:0 s0 k0 d0 f0 t12 m125 player 13: (34.048 -85.673 -0.068) h1.00/1.00 g0/0 w a127/1 f127 l127/1 as139/120 st4 thr1.00 501:0 s0 k0 d0 f0 t13 m124 player 14: (100.636 -171.166 0.324) h1.00/1.00 g0/0 w a55/-4 f55 l55/-4 as139/120 st7 thr1.00 501:0 s0 k0 d0 f0 t14 m124 player 15: (86.737 -160.068 0.107) h1.00/1.00 g0/0 w a-84/-2 f-84 l-84/-2 as139/120 st6 thr1.00 501:0 s0 k0 d0 f0 t15 m124 player 16: (49.970 -84.127 0.072) h1.00/1.00 g0/0 w a-173/-1 f-173 l-173/-1 as139/120 st4 thr1.00 501:0 s0 k0 d0 f0 t16 m124 player 17: (41.411 -90.260 0.135) h1.00/1.00 g0/0 w a37/-1 f37 l37/-1 as139/120 st4 thr1.00 501:0 s0 k0 d0 f0 t17 m123 | items 37 (
chupathingyce: bots: Bot 18 joined (spartan)
chupathingyce: bots: bot 18 inventory slot 0 now weapon 501
chupathingyce: network test: player 18 is named Bot 18
chupathingyce: network test: tick 570 player 0: dead s1 k1 d1 f0 t0 m0 player 1: (68.518 -111.680 2.820) h1.00/1.00 riding g0/0 w a125/0 f-0 l125/0 as28/120 st0 thr0.50 501:0 s0 k0 d0 f0 t1 m127 player 2: (91.224 -170.602 0.155) h1.00/0.89 g0/0 w a133/-2 f133 l133/-2 as139/120 st7 thr1.00 501:0 s0 k0 d0 f0 t2 m127 player 3: (87.188 -166.525 0.116) h1.00/0.87 g0/0 w a-48/-1 f-48 l-48/-1 as139/120 st7 thr1.00 501:0 s0 k0 d0 f0 t3 m127 player 4: dead s1 k1 d1 f0 t4 m127 player 5: (95.625 -154.603 0.045) h0.29/0.00 g0/0 w a78/6 f78 l78/6 as139/120 st5 thr1.00 501:0 s0 k0 d0 f0 t5 m126 player 6: (98.895 -147.290 0.127) h1.00/1.00 g0/0 w a-123/4 f-123 l-123/4 as139/120 st6 thr1.00 501:0 s0 k0 d0 f0 t6 m126 player 7: (108.699 -161.152 -0.003) h0.96/0.00 g0/0 w a122/1 f146 l122/1 as139/120 st6 thr1.00 501:0 s0 k0 d0 f0 t7 m126 player 8: (106.368 -166.163 0.090) h1.00/1.00 g0/0 w a64/-2 f64 l64/-2 as139/120 st7 thr1.00 501:0 s0 k0 d0 f0 t8 m126 player 9: (96.680 -150.684 0.605) h1.00/1.00 g0/0 w a-101/-9 f-90 l-101/-9 as140/120 st20 thr1.00 501:0 s0 k0 d0 f0 t9 m125 player 10: (105.889 -156.319 0.211) h1.00/1.00 g0/0 w a-56/-4 f-56 l-56/-4 as139/120 st6 thr1.00 501:0 s0 k0 d0 f0 t10 m125 player 11: (26.269 -76.349 0.393) h1.00/0.00 g0/0 w a53/6 f53 l53/6 as139/120 st6 thr1.00 501:0 s0 k0 d0 f0 t11 m125 player 12: (28.266 -73.815 0.832) h1.00/0.72 g0/0 w a-128/-10 f-128 l-128/-10 as139/120 st6 thr1.00 501:0 s0 k0 d0 f0 t12 m125 player 13: (32.050 -84.858 0.604) h1.00/1.00 g0/0 w a131/-6 f126 l131/-6 as140/120 st20 thr1.00 501:0 s0 k0 d0 f0 t13 m124 player 14: (101.811 -171.945 0.399) h1.00/1.00 g0/0 w a52/-4 f52 l52/-4 as139/120 st6 thr1.00 501:0 s0 k0 d0 f0 t14 m124 player 15: (88.725 -160.051 0.362) h1.00/1.00 g0/0 w a-101/-2 f-101 l-101/-2 as140/120 st20 thr1.00 501:0 s0 k0 d0 f0 t15 m124 player 16: (48.156 -85.260 0.026) h1.00/1.00 g0/0 w a-156/0 f-169 l-156/0 as139/120 st7 thr1.00 501:0 s0 k0 d0 f0 t16 m124 player 17: (42.969 -91.305 0.173) h1.00/1.00 g0/0 w a49/-2 f49 l49/-2 as139/120 st7 thr1.00 501:0 s0 k0 d0 f0 t17 m123 player 
chupathingyce: bots: Bot 19 joined (spartan)
chupathingyce: bots: bot 4 inventory slot 0 now weapon 501
chupathingyce: bots: bot 4 seeking vehicle -496041984
chupathingyce: bots: bot 19 inventory slot 0 now weapon 501
chupathingyce: network test: player 19 is named Bot 19
chupathingyce: network test: tick 600 player 0: (37.895 -69.546 0.180) h1.00/1.00 g0/0 w a-60/-9 f-60 l-60/-9 as139/120 st4 thr1.00 501:0 s1 k1 d1 f0 t0 m0 player 1: (66.156 -108.617 2.525) h1.00/1.00 riding g0/0 w a130/-4 f-0 l130/-4 as28/120 st0 thr0.50 501:0 s0 k0 d0 f0 t1 m127 player 2: (91.223 -170.755 0.762) h1.00/0.75 g0/0 w a138/-8 f143 l138/-8 as140/120 st20 thr1.00 501:0 s0 k0 d0 f0 t2 m127 player 3: (87.015 -166.686 0.115) h1.00/0.87 g0/0 w a-41/6 f-41 l-41/6 as139/120 st6 thr1.00 501:0 s0 k0 d0 f0 t3 m127 player 4: (37.507 -89.545 0.019) h1.00/1.00 g0/0 w a146/0 f146 l146/0 as139/120 st7 thr1.00 501:0 s1 k1 d1 f0 t4 m127 player 5: (95.256 -155.797 -0.178) h0.29/0.00 g0/0 w a59/0 f59 l59/0 as139/120 st5 thr1.00 501:0 s0 k0 d0 f0 t5 m126 player 6: (100.476 -148.441 0.647) h1.00/1.00 g0/0 w a-134/-11 f-130 l-134/-11 as140/120 st20 thr1.00 501:0 s0 k0 d0 f0 t6 m126 player 7: (106.784 -161.557 0.003) h0.96/0.00 g0/0 w a83/7 f83 l83/7 as139/120 st6 thr1.00 501:0 s0 k0 d0 f0 t7 m126 player 8: (108.307 -166.404 0.058) h1.00/1.00 g0/0 w a103/-3 f103 l103/-3 as139/120 st7 thr1.00 501:0 s0 k0 d0 f0 t8 m126 player 9: (98.174 -150.790 0.044) h1.00/1.00 g0/0 w a-121/-4 f-90 l-121/-4 as139/120 st6 thr1.00 501:0 s0 k0 d0 f0 t9 m125 player 10: (107.792 -155.807 0.826) h1.00/1.00 g0/0 w a-97/-10 f-74 l-97/-10 as140/120 st20 thr1.00 501:0 s0 k0 d0 f0 t10 m125 player 11: (26.846 -76.951 0.349) h1.00/0.00 g0/0 w a54/5 f54 l54/5 as139/120 st7 thr1.00 501:0 s0 k0 d0 f0 t11 m125 player 12: (28.702 -74.274 0.848) h1.00/0.58 g0/0 w a-127/-10 f-127 l-127/-10 as139/120 st11 thr1.00 501:0 s0 k0 d0 f0 t12 m125 player 13: (30.376 -85.025 0.105) h1.00/1.00 g0/0 w a111/-2 f111 l111/-2 as139/120 st7 thr1.00 501:0 s0 k0 d0 f0 t13 m124 player 14: (100.572 -170.430 0.959) h1.00/1.00 g0/0 w a28/-6 f39 l28/-6 as140/120 st20 thr1.00 501:0 s0 k0 d0 f0 t14 m124 player 15: (89.997 -160.570 0.480) h1.00/1.00 g0/0 w a-117/-5 f-101 l-117/-5 as140/120 st20 thr1.00 501:0 s0 k0 d0 f0 t15 m124 player 16: (46.367 -84.906 0.468) h1.00/1.00 g0/0 w a-108/-4 f-128 l-10
chupathingyce: bots: Bot 20 joined (spartan)
chupathingyce: bots: bot 1 at (66.2 -108.8 2.6) yaw 130 vehicle, target 16 (seen), shield 1.00, kills 0 deaths 0
chupathingyce: bots: bot 2 at (91.1 -170.9 0.6) yaw 130 fight, target 3 (seen), shield 0.75, kills 0 deaths 0
chupathingyce: bots: bot 3 at (87.2 -166.4 0.1) yaw -53 fight, target 2 (seen), shield 0.87, kills 0 deaths 0
chupathingyce: bots: bot 4 at (38.0 -89.4 0.5) yaw 145 fight, target 13 (seen), shield 1.00, kills 1 deaths 1
chupathingyce: bots: bot 5 at (95.3 -156.7 -0.3) yaw 64 fight, target 9, shield 0.00, kills 0 deaths 0
chupathingyce: bots: bot 20 inventory slot 0 now weapon 501
chupathingyce: network test: player 20 is named Bot 20
chupathingyce: network test: tick 630 player 0: (36.632 -71.127 0.055) h1.00/1.00 g0/0 w a-158/-0 f-158 l-158/-0 as139/120 st4 thr1.00 501:0 s1 k1 d1 f0 t0 m0 player 1: (62.687 -104.674 1.978) h1.00/1.00 riding g0/0 w a131/-2 f-0 l131/-2 as28/120 st0 thr0.50 501:0 s0 k0 d0 f0 t1 m127 player 2: (90.105 -171.753 0.194) h1.00/0.75 g0/0 w a129/4 f129 l129/4 as139/120 st7 thr1.00 501:0 s0 k0 d0 f0 t2 m127 player 3: (86.434 -167.068 0.722) h1.00/0.87 g0/0 w a-52/-6 f-53 l-52/-6 as140/120 st20 thr1.00 501:0 s0 k0 d0 f0 t3 m127 player 4: (38.233 -89.410 0.678) h1.00/1.00 g0/0 w a145/-6 f146 l145/-6 as140/120 st20 thr1.00 501:0 s1 k1 d1 f0 t4 m127 player 5: (95.367 -156.693 -0.287) h0.29/0.00 g0/0 w a64/2 f64 l64/2 as139/120 st4 thr1.00 501:0 s0 k0 d0 f0 t5 m126 player 6: (101.433 -149.156 0.007) h1.00/1.00 g0/0 w a-127/2 f-130 l-127/2 as140/120 st21 thr1.00 501:0 s0 k0 d0 f0 t6 m126 player 7: (105.015 -160.690 0.076) h0.96/0.00 g0/0 w a52/-1 f52 l52/-1 as139/120 st6 thr1.00 501:0 s0 k0 d0 f0 t7 m126 player 8: (109.902 -165.403 0.071) h1.00/0.87 g0/0 w a136/-2 f136 l136/-2 as139/120 st7 thr1.00 501:0 s0 k0 d0 f0 t8 m126 player 9: (99.502 -151.793 0.404) h1.00/1.00 g0/0 w a55/-7 f44 l55/-7 as140/120 st20 thr1.00 501:0 s0 k0 d0 f0 t9 m125 player 10: (108.891 -155.795 0.094) h1.00/1.00 g0/0 w a-127/-1 f-127 l-127/-1 as139/120 st7 thr1.00 501:0 s0 k0 d0 f0 t10 m125 player 11: (28.744 -77.289 0.853) h1.00/0.00 g0/0 w a110/-7 f95 l110/-7 as140/120 st20 thr1.00 501:0 s0 k0 d0 f0 t11 m125 player 12: (27.464 -73.954 0.566) h1.00/0.58 g0/0 w a-70/3 f-70 l-70/3 as139/120 st6 thr1.00 501:0 s0 k0 d0 f0 t12 m125 player 13: (31.622 -84.728 0.025) h1.00/0.86 g0/0 w a103/-3 f103 l103/-3 as139/120 st6 thr1.00 501:0 s0 k0 d0 f0 t13 m124 player 14: (100.052 -168.646 0.097) h1.00/1.00 g0/0 w a19/-1 f19 l19/-1 as139/120 st4 thr1.00 501:0 s0 k0 d0 f0 t14 m124 player 15: (89.343 -160.418 0.126) h1.00/1.00 g0/0 w a-111/4 f-111 l-111/4 as139/120 st6 thr1.00 501:0 s0 k0 d0 f0 t15 m124 player 16: (46.066 -84.841 0.633) h1.00/0.74 g0/0 w a-113/-5 f-112 l-113/-5 as
chupathingyce: bots: Bot 21 joined (spartan)
chupathingyce: bots: bot 6 at (101.4 -149.1 0.0) yaw -124 fight, target 9 (seen), shield 1.00, kills 0 deaths 0
chupathingyce: bots: bot 7 at (104.5 -160.3 0.1) yaw 53 fight, target 10 (seen), shield 0.00, kills 0 deaths 0
chupathingyce: bots: bot 8 at (110.6 -164.6 0.1) yaw 146 fight, target 7 (seen), shield 0.87, kills 0 deaths 0
chupathingyce: bots: bot 9 at (99.4 -152.5 0.2) yaw 79 fight, target 6 (seen), shield 1.00, kills 0 deaths 0
chupathingyce: network test: player 21 is named Bot 21
chupathingyce: network test: tick 660 player 0: (34.868 -72.498 0.682) h1.00/1.00 g0/0 w a-136/-5 f-138 l-136/-5 as140/120 st20 thr1.00 501:0 s1 k1 d1 f0 t0 m0 player 1: (58.588 -100.147 0.967) h1.00/1.00 riding g0/0 w a128/0 f-0 l128/0 as28/120 st0 thr0.50 501:0 s0 k0 d0 f0 t1 m127 player 2: (90.844 -170.819 0.163) h1.00/0.75 g0/0 w a151/-2 f151 l151/-2 as139/120 st6 thr1.00 501:0 s0 k0 d0 f0 t2 m127 player 3: (85.387 -167.819 0.107) h1.00/0.87 g0/0 w a-27/-0 f-27 l-27/-0 as139/120 st6 thr1.00 501:0 s0 k0 d0 f0 t3 m127 player 4: (38.144 -90.098 0.228) h1.00/1.00 g0/0 w a146/-1 f146 l146/-1 as139/120 st6 thr1.00 501:0 s1 k1 d1 f0 t4 m127 player 5: (95.256 -155.819 -0.182) h0.29/0.00 g0/0 w a106/4 f106 l106/4 as139/120 st4 thr1.00 501:0 s0 k0 d0 f0 t5 m126 player 6: (99.867 -148.560 0.090) h1.00/1.00 g0/0 w a-98/-1 f-98 l-98/-1 as139/120 st7 thr1.00 501:0 s0 k0 d0 f0 t6 m126 player 7: (103.828 -160.134 0.143) h0.71/0.00 g0/0 w a57/-2 f57 l57/-2 as139/120 st5 thr1.00 501:0 s0 k0 d0 f0 t7 m126 player 8: (110.403 -164.856 0.082) h1.00/0.73 g0/0 w a145/-1 f145 l145/-1 as139/120 st6 thr1.00 501:0 s0 k0 d0 f0 t8 m126 player 9: (99.362 -152.547 -0.010) h1.00/1.00 g0/0 w a81/-2 f44 l81/-2 as140/120 st20 thr1.00 501:0 s0 k0 d0 f0 t9 m125 player 10: (107.297 -154.588 0.126) h1.00/1.00 g0/0 w a-123/-1 f-123 l-123/-1 as139/120 st7 thr1.00 501:0 s0 k0 d0 f0 t10 m125 player 11: (30.250 -76.927 0.196) h1.00/0.00 g0/0 w a111/11 f95 l111/11 as139/120 st6 thr1.00 501:0 s0 k0 d0 f0 t11 m125 player 12: (29.069 -73.297 1.149) h1.00/0.44 g0/0 w a-69/-15 f-69 l-69/-15 as139/120 st6 thr1.00 501:0 s0 k0 d0 f0 t12 m125 player 13: (29.904 -84.310 0.147) h1.00/0.73 g0/0 w a44/-6 f48 l44/-6 as139/120 st10 thr1.00 501:0 s0 k0 d0 f0 t13 m124 player 14: (102.090 -168.868 0.492) h1.00/1.00 g0/0 w a25/-3 f24 l25/-3 as140/120 st20 thr1.00 501:0 s0 k0 d0 f0 t14 m124 player 15: (90.391 -161.663 0.382) h1.00/1.00 g0/0 w a-128/-2 f-128 l-128/-2 as140/120 st20 thr1.00 501:0 s0 k0 d0 f0 t15 m124 player 16: (47.388 -85.343 -0.006) h1.00/0.74 g0/0 w a-108/1 f-108 l-108/
chupathingyce: bots: Bot 22 joined (spartan)
chupathingyce: bots: bot 21 inventory slot 0 now weapon 501
chupathingyce: bots: bot 10 at (107.1 -154.5 0.1) yaw -119 fight, target 7 (seen), shield 1.00, kills 0 deaths 0
chupathingyce: bots: bot 22 inventory slot 0 now weapon 501
chupathingyce: bots: bot 11 at (29.8 -77.0 0.2) yaw 92 fight, target 12 (seen), shield 0.00, kills 0 deaths 0
chupathingyce: bots: bot 12 at (29.8 -73.0 1.1) yaw -91 fight, target 11 (seen), shield 0.44, kills 0 deaths 0
chupathingyce: bots: bot 13 at (28.9 -83.1 0.2) yaw 35 fight, target 18 (seen), shield 0.73, kills 0 deaths 0
chupathingyce: network test: player 22 is named Bot 22
chupathingyce: network test: tick 690 player 0: (33.327 -73.379 0.378) h1.00/1.00 g0/0 w a170/8 f170 l170/8 as139/120 st4 thr1.00 501:0 s1 k1 d1 f0 t0 m0 player 1: (54.646 -96.402 0.285) h1.00/1.00 riding g0/0 w a132/0 f-0 l132/0 as28/120 st0 thr0.50 501:0 s0 k0 d0 f0 t1 m127 player 2: (89.707 -172.118 0.206) h1.00/0.75 g0/0 w a130/3 f130 l130/3 as139/120 st6 thr1.00 501:0 s0 k0 d0 f0 t2 m127 player 3: (85.660 -167.240 0.676) h1.00/0.87 g0/0 w a-50/-4 f-46 l-50/-4 as140/120 st20 thr1.00 501:0 s0 k0 d0 f0 t3 m127 player 4: (36.986 -91.344 0.349) h1.00/1.00 g0/0 w a133/-2 f146 l133/-2 as140/120 st20 thr1.00 501:0 s1 k1 d1 f0 t4 m127 player 5: (95.255 -154.999 -0.029) h0.29/0.00 g0/0 w a64/5 f64 l64/5 as139/120 st6 thr1.00 501:0 s0 k0 d0 f0 t5 m126 player 6: (97.937 -148.903 0.767) h1.00/1.00 g0/0 w a-50/-13 f-73 l-50/-13 as140/120 st20 thr1.00 501:0 s0 k0 d0 f0 t6 m126 player 7: (104.085 -162.102 0.055) h0.71/0.00 g0/0 w a80/-1 f80 l80/-1 as139/120 st5 thr1.00 501:0 s0 k0 d0 f0 t7 m126 player 8: (109.192 -166.420 0.048) h1.00/0.73 g0/0 w a139/-1 f139 l139/-1 as139/120 st6 thr1.00 501:0 s0 k0 d0 f0 t8 m126 player 9: (100.884 -152.188 -0.070) h1.00/1.00 g0/0 w a130/10 f130 l130/10 as139/120 st6 thr1.00 501:0 s0 k0 d0 f0 t9 m125 player 10: (105.446 -153.868 0.223) h1.00/1.00 g0/0 w a-100/-1 f-100 l-100/-1 as139/120 st7 thr1.00 501:0 s0 k0 d0 f0 t10 m125 player 11: (30.334 -77.018 0.197) h1.00/0.00 g0/0 w a103/10 f103 l103/10 as139/120 st6 thr1.00 501:0 s0 k0 d0 f0 t11 m125 player 12: (29.127 -73.075 1.169) h1.00/0.44 g0/0 w a-75/-15 f-75 l-75/-15 as139/120 st7 thr1.00 501:0 s0 k0 d0 f0 t12 m125 player 13: (28.707 -82.757 0.252) h1.00/0.73 g0/0 w a58/-2 f45 l58/-2 as139/120 st6 thr1.00 501:0 s0 k0 d0 f0 t13 m124 player 14: (103.690 -168.885 0.079) h1.00/1.00 g0/0 w a25/-3 f24 l25/-3 as140/120 st21 thr1.00 501:0 s0 k0 d0 f0 t14 m124 player 15: (90.569 -162.658 0.397) h1.00/1.00 g0/0 w a-135/-0 f-128 l-135/-0 as140/120 st20 thr1.00 501:0 s0 k0 d0 f0 t15 m124 player 16: (49.277 -85.994 0.073) h1.00/0.74 g0/0 w a-110/5 f-110 l-110/5 as1
chupathingyce: bots: Bot 23 joined (spartan)
chupathingyce: bots: bot 14 at (103.7 -168.9 0.1) yaw 25 fight, target 8 (seen), shield 1.00, kills 0 deaths 0
chupathingyce: bots: bot 23 inventory slot 0 now weapon 501
chupathingyce: bots: bot 15 at (90.5 -162.7 0.2) yaw -137 fight, target 3 (seen), shield 1.00, kills 0 deaths 0
chupathingyce: bots: bot 16 at (49.9 -86.2 0.1) yaw -114 fight, target 17 (seen), shield 0.74, kills 0 deaths 0
chupathingyce: bots: bot 17 at (46.4 -92.9 1.4) yaw 66 fight, target 16 (seen), shield 0.87, kills 0 deaths 0
chupathingyce: bots: bot 18 at (30.6 -79.1 0.0) yaw 172 fight, target 11 (seen), shield 0.85, kills 0 deaths 0
chupathingyce: network test: player 23 is named Bot 23
chupathingyce: network test: tick 720 player 0: (31.258 -73.482 0.786) h1.00/1.00 g0/0 w a-179/-12 f-179 l-179/-12 as139/120 st4 thr1.00 501:0 s1 k1 d1 f0 t0 m0 player 1: (51.798 -93.049 0.609) h1.00/1.00 riding g0/0 w a176/14 f-0 l176/14 as28/120 st0 thr0.00 501:0 s0 k0 d0 f0 t1 m127 player 2: (88.080 -173.271 0.299) h1.00/0.75 g0/0 w a120/-3 f120 l120/-3 as139/120 st6 thr1.00 501:0 s0 k0 d0 f0 t2 m127 player 3: (84.949 -167.816 0.107) h1.00/0.87 g0/0 w a-59/1 f-57 l-59/1 as139/120 st6 thr1.00 501:0 s0 k0 d0 f0 t3 m127 player 4: (35.339 -90.901 0.206) h1.00/1.00 g0/0 w a132/0 f132 l132/0 as139/120 st4 thr1.00 501:0 s1 k1 d1 f0 t4 m127 player 5: (95.033 -154.186 0.134) h0.29/0.00 g0/0 w a70/-2 f70 l70/-2 as139/120 st6 thr1.00 501:0 s0 k0 d0 f0 t5 m126 player 6: (96.497 -150.217 0.067) h1.00/1.00 g0/0 w a-32/-3 f-32 l-32/-3 as139/120 st7 thr1.00 501:0 s0 k0 d0 f0 t6 m126 player 7: (104.886 -163.893 0.009) h0.71/0.00 g0/0 w a98/4 f98 l98/4 as139/120 st5 thr1.00 501:0 s0 k0 d0 f0 t7 m126 player 8: (109.483 -168.130 0.126) h1.00/0.73 g0/0 w a-153/2 f-153 l-153/2 as139/120 st6 thr1.00 501:0 s0 k0 d0 f0 t8 m126 player 9: (100.665 -152.364 -0.075) h1.00/0.88 g0/0 w a151/0 f151 l151/0 as139/120 st7 thr1.00 501:0 s0 k0 d0 f0 t9 m125 player 10: (103.454 -153.837 0.559) h1.00/1.00 g0/0 w a-81/-4 f-97 l-81/-4 as140/120 st20 thr1.00 501:0 s0 k0 d0 f0 t10 m125 player 11: (29.950 -77.279 0.765) h0.51/0.00 g0/0 w a127/-6 f112 l127/-6 as140/120 st20 thr1.00 501:0 s0 k0 d0 f0 t11 m125 player 12: (27.420 -73.952 0.554) h1.00/0.44 g0/0 w a-54/2 f-54 l-54/2 as139/120 st7 thr1.00 501:0 s0 k0 d0 f0 t12 m125 player 13: (27.161 -82.083 0.364) h1.00/0.73 g0/0 w a60/3 f60 l60/3 as139/120 st7 thr1.00 501:0 s0 k0 d0 f0 t13 m124 player 14: (104.601 -170.533 0.553) h1.00/1.00 g0/0 w a25/-5 f25 l25/-5 as140/120 st20 thr1.00 501:0 s0 k0 d0 f0 t14 m124 player 15: (89.443 -161.791 0.162) h1.00/1.00 g0/0 w a-127/-1 f-127 l-127/-1 as139/120 st7 thr1.00 501:0 s0 k0 d0 f0 t15 m124 player 16: (49.143 -85.870 0.067) h1.00/0.61 g0/0 w a-113/11 f-113 l-113/11 as139/120
chupathingyce: bots: Bot 24 joined (spartan)
chupathingyce: bots: bot 19 at (47.5 -79.2 0.1) yaw -81 fight, target 16 (seen), shield 1.00, kills 0 deaths 0
chupathingyce: bots: bot 24 inventory slot 0 now weapon 501
chupathingyce: bots: bot 20 at (97.2 -145.5 0.0) yaw -99 fight, target 6 (seen), shield 1.00, kills 0 deaths 0
chupathingyce: bots: bot 21 at (89.4 -155.6 0.7) yaw -92 fight, target 15 (seen), shield 1.00, kills 0 deaths 0
chupathingyce: bots: bot 22 at (98.1 -167.8 0.1) yaw -29 fight, target 14 (seen), shield 1.00, kills 0 deaths 0
chupathingyce: network test: player 24 is named Bot 24
chupathingyce: network test: tick 750 player 0: (29.084 -73.867 1.631) h1.00/1.00 g0/0 w a152/-34 f-165 l152/-34 as140/120 st20 thr1.00 501:0 s1 k1 d1 f0 t0 m0 player 1: (50.958 -91.868 0.651) h1.00/0.00 riding g0/0 w a129/-1 f-0 l149/-0 as28/120 st0 thr0.00 501:0 s0 k0 d0 f0 t1 m127 player 2: (86.178 -173.773 0.328) h1.00/0.75 g0/0 w a89/3 f89 l89/3 as139/120 st6 thr1.00 501:0 s0 k0 d0 f0 t2 m127 player 3: (86.709 -167.334 0.748) h1.00/0.99 g0/0 w a-92/-5 f-70 l-92/-5 as140/120 st20 thr1.00 501:0 s0 k0 d0 f0 t3 m127 player 4: (35.380 -88.918 0.407) h1.00/1.00 g0/0 w a136/-1 f136 l136/-1 as140/120 st20 thr1.00 501:0 s1 k1 d1 f0 t4 m127 player 5: (93.345 -153.194 0.778) h0.29/0.24 g0/0 w a47/-10 f58 l47/-10 as140/120 st20 thr1.00 501:0 s0 k0 d0 f0 t5 m126 player 6: (96.819 -149.512 0.063) h1.00/0.59 g0/0 w a-44/2 f-42 l-44/2 as139/120 st11 thr1.00 501:0 s0 k0 d0 f0 t6 m126 player 7: (104.276 -165.684 0.024) h0.58/0.00 g0/0 w a97/-0 f97 l97/-0 as139/120 st5 thr1.00 501:0 s0 k0 d0 f0 t7 m126 player 8: (109.490 -168.400 0.133) h1.00/0.73 g0/0 w a-138/2 f-138 l-138/2 as139/120 st7 thr1.00 501:0 s0 k0 d0 f0 t8 m126 player 9: (100.306 -152.956 0.461) h1.00/0.88 g0/0 w a136/-6 f147 l136/-6 as140/120 st20 thr1.00 501:0 s0 k0 d0 f0 t9 m125 player 10: (103.043 -154.765 0.004) h1.00/1.00 g0/0 w a144/4 f144 l144/4 as139/120 st6 thr1.00 501:0 s0 k0 d0 f0 t10 m125 player 11: (29.853 -76.625 0.206) h0.11/0.00 g0/0 w a-77/-5 f-113 l-77/-5 as139/120 st5 thr1.00 501:0 s0 k0 d0 f0 t11 m125 player 12: (27.827 -73.593 0.719) h1.00/0.44 g0/0 w a-9/30 f-9 l-9/30 as139/120 st5 thr1.00 501:0 s0 k0 d0 f0 t12 m125 player 13: (28.906 -82.703 0.502) h1.00/0.73 g0/0 w a80/-3 f80 l80/-3 as140/120 st20 thr1.00 501:0 s0 k0 d0 f0 t13 m124 player 14: (105.590 -172.265 0.353) h1.00/1.00 g0/0 w a42/-5 f25 l42/-5 as140/120 st20 thr1.00 501:0 s0 k0 d0 f0 t14 m124 player 15: (89.859 -161.940 0.153) h1.00/1.00 g0/0 w a-121/5 f-121 l-121/5 as139/120 st6 thr1.00 501:0 s0 k0 d0 f0 t15 m124 player 16: (47.333 -85.103 -0.009) h1.00/0.61 g0/0 w a-111/3 f-111 l-111/3 as139/1
chupathingyce: bots: Bot 25 joined (spartan)
chupathingyce: bots: bot 23 at (36.3 -67.2 0.9) yaw -137 fight, target 0 (seen), shield 1.00, kills 0 deaths 0
chupathingyce: bots: bot 24 at (40.7 -92.0 0.1) yaw -1 fight, target 17 (seen), shield 1.00, kills 0 deaths 0
chupathingyce: bots: bot 25 inventory slot 0 now weapon 501
chupathingyce: bots: bot 25 at (52.1 -82.2 0.1) yaw 72 roam, target -1, shield 1.00, kills 0 deaths 0
chupathingyce: network test: player 25 is named Bot 25
chupathingyce: network test: tick 780 player 0: (27.100 -73.673 0.535) h1.00/0.87 g0/0 w a116/-15 f-165 l116/-15 as140/120 st21 thr1.00 501:0 s1 k1 d1 f0 t0 m0 player 1: (50.856 -91.543 0.644) h1.00/0.00 riding g0/0 w a137/5 f-0 l157/6 as28/120 st0 thr0.00 501:0 s0 k0 d0 f0 t1 m127 player 2: (84.315 -173.120 0.204) h1.00/0.82 g0/0 w a59/-2 f59 l59/-2 as139/120 st6 thr1.00 501:0 s0 k0 d0 f0 t2 m127 player 3: (87.713 -167.278 0.289) h1.00/1.00 g0/0 w a-119/-0 f-119 l-119/-0 as139/120 st7 thr1.00 501:0 s0 k0 d0 f0 t3 m127 player 4: (36.411 -87.919 0.314) h1.00/1.00 g0/0 w a141/0 f136 l141/0 as140/120 st20 thr1.00 501:0 s1 k1 d1 f0 t4 m127 player 5: (92.747 -152.938 0.093) h0.29/0.49 g0/0 w a37/-2 f37 l37/-2 as139/120 st7 thr1.00 501:0 s0 k0 d0 f0 t5 m126 player 6: (96.568 -149.822 0.065) h1.00/0.17 g0/0 w a-58/-3 f-58 l-58/-3 as139/120 st10 thr1.00 501:0 s0 k0 d0 f0 t6 m126 player 7: (105.412 -166.636 0.074) h0.58/0.00 g0/0 w a-111/1 f-149 l-111/1 as139/120 st7 thr1.00 501:0 s0 k0 d0 f0 t7 m126 player 8: (107.829 -167.311 0.340) h1.00/0.73 g0/0 w a-120/-3 f-120 l-120/-3 as140/120 st20 thr1.00 501:0 s0 k0 d0 f0 t8 m126 player 9: (99.109 -154.144 0.015) h1.00/0.88 g0/0 w a124/-1 f147 l124/-1 as139/120 st7 thr1.00 501:0 s0 k0 d0 f0 t9 m125 player 10: (103.159 -154.478 0.012) h1.00/1.00 g0/0 w a175/-3 f175 l175/-3 as139/120 st6 thr1.00 501:0 s0 k0 d0 f0 t10 m125 player 11: (30.583 -74.964 0.578) h0.11/0.00 g0/0 w a-87/-8 f-87 l-87/-8 as139/120 st5 thr1.00 501:0 s0 k0 d0 f0 t11 m125 player 12: (26.617 -72.316 0.434) h1.00/0.44 g0/0 w a-71/3 f-71 l-71/3 as139/120 st5 thr1.00 501:0 s0 k0 d0 f0 t12 m125 player 13: (30.441 -83.270 0.516) h0.88/0.00 g0/0 w a82/-13 f38 l82/-13 as140/120 st20 thr1.00 501:0 s0 k0 d0 f0 t13 m124 player 14: (105.099 -172.166 0.141) h1.00/1.00 g0/0 w a60/-0 f60 l60/-0 as139/120 st6 thr1.00 501:0 s0 k0 d0 f0 t14 m124 player 15: (91.493 -163.056 0.751) h1.00/1.00 g0/0 w a-130/-7 f-121 l-130/-7 as140/120 st20 thr1.00 501:0 s0 k0 d0 f0 t15 m124 player 16: (48.662 -85.706 0.619) h1.00/0.61 g0/0 w a-123/-4 f-115 l-123
chupathingyce: bots: Bot 26 joined (spartan)
chupathingyce: bots: bot 26 inventory slot 0 now weapon 501
chupathingyce: network test: player 26 is named Bot 26
chupathingyce: network test: tick 810 player 0: (26.437 -71.681 0.429) h1.00/0.87 g0/0 w a102/-12 f102 l102/-12 as139/120 st4 thr1.00 501:0 s1 k1 d1 f0 t0 m0 player 1: (50.856 -91.543 0.644) h1.00/0.00 riding g0/0 w a137/0 f-0 l157/1 as28/120 st0 thr0.00 501:0 s0 k0 d0 f0 t1 m127 player 2: (84.151 -172.924 0.190) h1.00/1.00 g0/0 w a71/1 f71 l71/1 as139/120 st7 thr1.00 501:0 s0 k0 d0 f0 t2 m127 player 3: (86.024 -166.387 0.410) h1.00/1.00 g0/0 w a-107/-3 f-119 l-107/-3 as140/120 st20 thr1.00 501:0 s0 k0 d0 f0 t3 m127 player 4: (35.626 -88.710 0.175) h1.00/1.00 g0/0 w a123/-1 f123 l123/-1 as139/120 st6 thr1.00 501:0 s1 k1 d1 f0 t4 m127 player 5: (92.464 -152.649 0.751) h0.29/0.74 g0/0 w a34/-7 f41 l34/-7 as140/120 st20 thr1.00 501:0 s0 k0 d0 f0 t5 m126 player 6: (97.875 -149.095 0.085) h0.79/0.00 g0/0 w a-62/-4 f-62 l-62/-4 as139/120 st11 thr1.00 501:0 s0 k0 d0 f0 t6 m126 player 7: (104.046 -166.990 0.388) h0.43/0.00 g0/0 w a9/-1 f9 l9/-1 as140/120 st20 thr1.00 501:0 s0 k0 d0 f0 t7 m126 player 8: (106.623 -166.534 0.247) h1.00/0.61 g0/0 w a-172/-5 f-120 l-172/-5 as140/120 st20 thr1.00 501:0 s0 k0 d0 f0 t8 m126 player 9: (100.373 -153.456 -0.084) h1.00/0.60 g0/0 w a121/0 f121 l121/0 as139/120 st7 thr1.00 501:0 s0 k0 d0 f0 t9 m125 player 10: (102.431 -156.194 0.028) h1.00/0.88 g0/0 w a131/-5 f131 l131/-5 as139/120 st6 thr1.00 501:0 s0 k0 d0 f0 t10 m125 player 11: dead s0 k0 d1 f0 t11 m125 player 12: (26.301 -70.447 0.493) h1.00/0.29 g0/0 w a-86/-12 f-86 l-86/-12 as139/120 st5 thr1.00 501:0 s0 k0 d0 f0 t12 m125 player 13: (32.078 -82.994 0.011) h0.88/0.00 g0/0 w a133/-1 f133 l133/-1 as139/120 st7 thr1.00 501:0 s0 k0 d0 f0 t13 m124 player 14: (103.576 -171.300 0.826) h1.00/1.00 g0/0 w a56/-6 f59 l56/-6 as140/120 st20 thr1.00 501:0 s0 k0 d0 f0 t14 m124 player 15: (92.474 -164.787 0.113) h1.00/1.00 g0/0 w a-165/3 f-165 l-165/3 as139/120 st6 thr1.00 501:0 s0 k0 d0 f0 t15 m124 player 16: (49.751 -86.202 0.158) h1.00/0.61 g0/0 w a-147/-0 f-147 l-147/-0 as139/120 st7 thr1.00 501:0 s0 k0 d0 f0 t16 m124 player 17: (43.143 -90.466 0.171) h1.
chupathingyce: bots: Bot 27 joined (spartan)
chupathingyce: bots: bot 27 inventory slot 0 now weapon 501
chupathingyce: network test: player 27 is named Bot 27
chupathingyce: network test: tick 840 player 0: (26.278 -69.563 0.627) h1.00/0.74 g0/0 w a86/-1 f86 l86/-1 as139/120 st4 thr1.00 501:0 s1 k1 d1 f0 t0 m0 player 1: (50.856 -91.543 0.644) h1.00/0.00 riding g0/0 w a137/5 f-0 l157/6 as28/120 st0 thr0.00 501:0 s0 k0 d0 f0 t1 m127 player 2: (84.118 -172.933 0.190) h1.00/1.00 g0/0 w a73/-3 f73 l73/-3 as139/120 st6 thr1.00 501:0 s0 k0 d0 f0 t2 m127 player 3: (86.414 -166.369 0.121) h1.00/0.87 g0/0 w a-107/-0 f-107 l-107/-0 as139/120 st6 thr1.00 501:0 s0 k0 d0 f0 t3 m127 player 4: (33.620 -89.444 0.403) h1.00/1.00 g0/0 w a95/-5 f121 l95/-5 as140/120 st20 thr1.00 501:0 s1 k1 d1 f0 t4 m127 player 5: (92.052 -152.219 0.253) h0.29/0.99 g0/0 w a22/-5 f22 l22/-5 as139/120 st7 thr1.00 501:0 s0 k0 d0 f0 t5 m126 player 6: (96.890 -150.199 0.067) h0.79/0.00 g0/0 w a-23/-4 f-23 l-23/-4 as139/120 st6 thr1.00 501:0 s0 k0 d0 f0 t6 m126 player 7: (102.343 -167.569 0.189) h0.43/0.00 g0/0 w a9/-5 f9 l9/-5 as140/120 st20 thr1.00 501:0 s0 k0 d0 f0 t7 m126 player 8: (106.894 -167.044 0.095) h1.00/0.61 g0/0 w a-172/1 f-172 l-172/1 as139/120 st6 thr1.00 501:0 s0 k0 d0 f0 t8 m126 player 9: (101.703 -152.024 -0.057) h1.00/0.60 g0/0 w a158/0 f158 l158/0 as139/120 st7 thr1.00 501:0 s0 k0 d0 f0 t9 m125 player 10: (100.538 -156.520 0.113) h1.00/0.88 g0/0 w a78/-4 f78 l78/-4 as139/120 st6 thr1.00 501:0 s0 k0 d0 f0 t10 m125 player 11: dead s0 k0 d1 f0 t11 m125 player 12: (26.196 -68.478 1.091) h1.00/0.29 g0/0 w a-86/-34 f-86 l-86/-34 as140/120 st20 thr1.00 501:0 s0 k0 d0 f0 t12 m125 player 13: (33.097 -81.287 0.023) h0.88/0.00 g0/0 w a151/-0 f151 l151/-0 as139/120 st7 thr1.00 501:0 s0 k0 d0 f0 t13 m124 player 14: (103.594 -171.403 0.296) h1.00/1.00 g0/0 w a53/-4 f53 l53/-4 as139/120 st7 thr1.00 501:0 s0 k0 d0 f0 t14 m124 player 15: (92.657 -166.674 0.086) h1.00/0.86 g0/0 w a177/-1 f177 l177/-1 as139/120 st6 thr1.00 501:0 s0 k0 d0 f0 t15 m124 player 16: (49.198 -85.050 0.494) h1.00/0.61 g0/0 w a-152/1 f-148 l-152/1 as140/120 st20 thr1.00 501:0 s0 k0 d0 f0 t16 m124 player 17: (42.148 -88.732 0.715) h1.00/0.75 g0/0 w 
chupathingyce: bots: Bot 28 joined (spartan)
chupathingyce: bots: bot 28 inventory slot 0 now weapon 501
chupathingyce: network test: player 28 is named Bot 28
chupathingyce: network test: tick 870 player 0: (26.031 -67.360 0.973) h0.89/0.00 g0/0 w a95/-2 f95 l95/-2 as139/120 st4 thr1.00 501:0 s1 k1 d1 f0 t0 m0 player 1: (50.856 -91.543 0.644) h1.00/0.00 riding g0/0 w a137/0 f-0 l157/1 as28/120 st0 thr0.00 501:0 s0 k0 d0 f0 t1 m127 player 2: (82.480 -171.836 0.169) h1.00/1.00 g0/0 w a42/-2 f42 l42/-2 as139/120 st6 thr1.00 501:0 s0 k0 d0 f0 t2 m127 player 3: (87.903 -167.301 0.101) h1.00/0.87 g0/0 w a-38/-4 f-65 l-38/-4 as139/120 st5 thr1.00 501:0 s0 k0 d0 f0 t3 m127 player 4: (34.185 -89.479 0.178) h1.00/1.00 g0/0 w a90/2 f90 l90/2 as139/120 st7 thr1.00 501:0 s1 k1 d1 f0 t4 m127 player 5: (93.180 -153.812 0.116) h0.29/1.00 g0/0 w a48/-2 f48 l48/-2 as139/120 st7 thr1.00 501:0 s0 k0 d0 f0 t5 m126 player 6: (97.044 -149.378 0.062) h0.38/0.00 g0/0 w a-10/5 f-15 l-10/5 as139/120 st9 thr1.00 501:0 s0 k0 d0 f0 t6 m126 player 7: (102.209 -167.528 0.202) h0.28/0.00 g0/0 w a-9/6 f-9 l-9/6 as139/120 st7 thr1.00 501:0 s0 k0 d0 f0 t7 m126 player 8: (107.083 -168.609 0.538) h1.00/0.61 g0/0 w a170/-9 f-174 l170/-9 as140/120 st20 thr1.00 501:0 s0 k0 d0 f0 t8 m126 player 9: (102.272 -150.125 0.514) h1.00/0.46 g0/0 w a169/-7 f163 l169/-7 as140/120 st20 thr1.00 501:0 s0 k0 d0 f0 t9 m125 player 10: (99.730 -155.731 0.108) h1.00/0.88 g0/0 w a66/4 f66 l66/4 as139/120 st7 thr1.00 501:0 s0 k0 d0 f0 t10 m125 player 11: dead s0 k0 d1 f0 t11 m125 player 12: (25.895 -66.509 1.108) h0.06/0.00 g0/0 w a-78/-31 f-78 l-78/-31 as139/120 st5 thr1.00 501:0 s0 k0 d0 f0 t12 m125 player 13: (33.920 -79.711 0.542) h0.88/0.00 g0/0 w a161/0 f151 l161/0 as140/120 st20 thr1.00 501:0 s0 k0 d0 f0 t13 m124 player 14: (103.341 -171.044 0.322) h1.00/1.00 g0/0 w a37/2 f37 l37/2 as139/120 st6 thr1.00 501:0 s0 k0 d0 f0 t14 m124 player 15: (92.771 -166.572 0.671) h1.00/0.86 g0/0 w a-144/-11 f-140 l-144/-11 as140/120 st20 thr1.00 501:0 s0 k0 d0 f0 t15 m124 player 16: (48.169 -84.077 0.014) h1.00/0.47 g0/0 w a-16/1 f-14 l-16/1 as139/120 st10 thr1.00 501:0 s0 k0 d0 f0 t16 m124 player 17: (41.292 -86.927 0.128) h1.00/0.75 g0/0 w a23/-3 f23
chupathingyce: bots: Bot 29 joined (spartan)
chupathingyce: bots: bot 29 inventory slot 0 now weapon 501
chupathingyce: network test: player 29 is named Bot 29
chupathingyce: network test: tick 900 player 0: (26.588 -65.421 1.145) h0.76/0.00 g0/0 w a42/-14 f42 l42/-14 as139/120 st4 thr1.00 501:0 s1 k1 d1 f0 t0 m0 player 1: (50.639 -91.652 0.664) h1.00/0.00 riding g0/0 w a123/-1 f-0 l143/0 as28/120 st0 thr0.50 501:0 s0 k0 d0 f0 t1 m127 player 2: (81.350 -170.189 0.196) h1.00/1.00 g0/0 w a30/-3 f30 l30/-3 as139/120 st6 thr1.00 501:0 s0 k0 d0 f0 t2 m127 player 3: (87.218 -166.831 0.112) h1.00/0.19 g0/0 w a-31/-3 f-31 l-31/-3 as139/120 st6 thr1.00 501:0 s0 k0 d0 f0 t3 m127 player 4: (34.220 -89.102 0.144) h1.00/1.00 g0/0 w a95/-1 f95 l95/-1 as139/120 st6 thr1.00 501:0 s1 k1 d1 f0 t4 m127 player 5: (92.997 -153.787 0.114) h0.29/1.00 g0/0 w a64/-2 f64 l64/-2 as139/120 st6 thr1.00 501:0 s0 k0 d0 f0 t5 m126 player 6: (95.666 -148.434 0.053) h0.25/0.00 g0/0 w a-12/-2 f-12 l-12/-2 as139/120 st5 thr1.00 501:0 s0 k0 d0 f0 t6 m126 player 7: (102.301 -166.133 0.323) h0.28/0.00 g0/0 w a-44/2 f-12 l-44/2 as140/120 st20 thr1.00 501:0 s0 k0 d0 f0 t7 m126 player 8: (106.293 -170.266 0.703) h1.00/0.61 g0/0 w a135/-3 f145 l135/-3 as140/120 st20 thr1.00 501:0 s0 k0 d0 f0 t8 m126 player 9: (102.320 -149.897 -0.029) h1.00/0.34 g0/0 w a168/-2 f168 l168/-2 as139/120 st6 thr1.00 501:0 s0 k0 d0 f0 t9 m125 player 10: (101.619 -156.253 0.048) h1.00/0.88 g0/0 w a82/-2 f82 l82/-2 as139/120 st6 thr1.00 501:0 s0 k0 d0 f0 t10 m125 player 11: dead s0 k0 d1 f0 t11 m125 player 12: dead s0 k0 d1 f0 t12 m125 player 13: (33.744 -80.232 0.089) h0.88/0.00 g0/0 w a149/-0 f149 l149/-0 as139/120 st6 thr1.00 501:0 s0 k0 d0 f0 t13 m124 player 14: (102.945 -169.163 0.085) h1.00/1.00 g0/0 w a-13/7 f-13 l-13/7 as139/120 st6 thr1.00 501:0 s0 k0 d0 f0 t14 m124 player 15: (92.581 -165.875 0.088) h1.00/0.86 g0/0 w a-137/-2 f-137 l-137/-2 as139/120 st7 thr1.00 501:0 s0 k0 d0 f0 t15 m124 player 16: (47.838 -84.219 0.007) h1.00/0.04 g0/0 w a-41/-1 f-41 l-41/-1 as139/120 st7 thr1.00 501:0 s0 k0 d0 f0 t16 m124 player 17: (41.125 -86.596 0.130) h1.00/0.75 g0/0 w a18/-2 f18 l18/-2 as139/120 st7 thr1.00 501:0 s0 k0 d0 f0 t17 m123 player 18: (27.
chupathingyce: bots: Bot 30 joined (spartan)
chupathingyce: bots: bot 1 at (50.8 -91.7 0.7) yaw 111 vehicle, target 16 (seen), shield 0.00, kills 0 deaths 0
chupathingyce: bots: bot 2 at (81.1 -169.8 0.2) yaw 26 fight, target 3 (seen), shield 1.00, kills 0 deaths 0
chupathingyce: bots: bot 11 inventory slot 0 now weapon 501
chupathingyce: bots: bot 3 at (87.7 -166.3 0.1) yaw -56 fight, target 26 (seen), shield 0.19, kills 0 deaths 0
chupathingyce: bots: bot 4 at (32.7 -89.1 0.1) yaw 87 fight, target 13 (seen), shield 1.00, kills 1 deaths 1
chupathingyce: bots: bot 30 inventory slot 0 now weapon 501
chupathingyce: bots: bot 5 at (93.5 -153.9 0.1) yaw 81 fight, target 6 (seen), shield 0.86, kills 0 deaths 0
chupathingyce: network test: player 30 is named Bot 30
chupathingyce: network test: tick 930 player 0: (28.520 -64.603 1.666) h0.49/0.00 g0/0 w a29/-13 f20 l29/-13 as140/120 st20 thr1.00 501:0 s1 k1 d1 f0 t0 m0 player 1: (50.280 -91.818 0.701) h1.00/0.13 riding g0/0 w a114/-1 f-0 l121/-1 as28/120 st0 thr0.00 501:0 s0 k0 d0 f0 t1 m127 player 2: (80.532 -168.403 0.174) h1.00/1.00 g0/0 w a18/-2 f18 l18/-2 as139/120 st7 thr1.00 501:0 s0 k0 d0 f0 t2 m127 player 3: (87.280 -166.416 0.117) h1.00/0.05 g0/0 w a-64/-3 f-64 l-64/-3 as139/120 st7 thr1.00 501:0 s0 k0 d0 f0 t3 m127 player 4: (32.540 -89.134 0.126) h1.00/1.00 g0/0 w a85/-2 f85 l85/-2 as139/120 st7 thr1.00 501:0 s1 k1 d1 f0 t4 m127 player 5: (93.601 -153.881 0.121) h0.29/0.86 g0/0 w a81/-2 f81 l81/-2 as139/120 st7 thr1.00 501:0 s0 k0 d0 f0 t5 m126 player 6: (94.339 -146.943 0.024) h0.25/0.00 g0/0 w a-22/-1 f-22 l-22/-1 as139/120 st5 thr1.00 501:0 s0 k0 d0 f0 t6 m126 player 7: (102.608 -165.014 -0.007) h0.14/0.00 g0/0 w a-62/-2 f-62 l-62/-2 as139/120 st6 thr1.00 501:0 s0 k0 d0 f0 t7 m126 player 8: (105.213 -171.368 0.127) h1.00/0.61 g0/0 w a114/-2 f122 l114/-2 as139/120 st6 thr1.00 501:0 s0 k0 d0 f0 t8 m126 player 9: (102.377 -150.023 -0.025) h1.00/0.21 g0/0 w a158/-0 f158 l158/-0 as139/120 st7 thr1.00 501:0 s0 k0 d0 f0 t9 m125 player 10: (100.187 -155.962 0.093) h1.00/0.88 g0/0 w a71/-3 f71 l71/-3 as139/120 st6 thr1.00 501:0 s0 k0 d0 f0 t10 m125 player 11: (104.358 -161.470 0.670) h1.00/1.00 g0/0 w a-119/-11 f-127 l-119/-11 as140/120 st20 thr1.00 501:0 s0 k0 d1 f0 t11 m125 player 12: dead s0 k0 d1 f0 t12 m125 player 13: (33.329 -80.894 0.047) h0.88/0.00 g0/0 w a126/5 f126 l126/5 as139/120 st7 thr1.00 501:0 s0 k0 d0 f0 t13 m124 player 14: (104.193 -167.830 0.035) h1.00/0.86 g0/0 w a-69/-1 f-69 l-69/-1 as139/120 st6 thr1.00 501:0 s0 k0 d0 f0 t14 m124 player 15: (90.887 -164.834 0.107) h1.00/0.86 g0/0 w a-114/-3 f-114 l-114/-3 as139/120 st7 thr1.00 501:0 s0 k0 d0 f0 t15 m124 player 16: (47.365 -84.990 -0.008) h0.93/0.00 g0/0 w a8/-1 f8 l8/-1 as139/120 st6 thr1.00 501:0 s0 k0 d0 f0 t16 m124 player 17: (41.849 -88.354 0.153) h1.00/0.6
chupathingyce: bots: Bot 31 joined (spartan)
chupathingyce: bots: bot 6 at (94.1 -146.7 0.1) yaw -21 retreat, target 9 (seen), shield 0.00, kills 0 deaths 0
chupathingyce: bots: bot 7 at (103.3 -164.6 -0.0) yaw -63 fight, target 14 (seen), shield 0.00, kills 0 deaths 0
chupathingyce: bots: bot 8 at (104.0 -171.7 0.3) yaw 93 fight, target 7 (seen), shield 0.61, kills 0 deaths 0
chupathingyce: bots: bot 9 at (102.2 -150.4 -0.0) yaw 153 fight, target 6 (seen), shield 0.00, kills 0 deaths 0
chupathingyce: network test: player 31 is named Bot 31
chupathingyce: network test: tick 960 player 0: (30.630 -63.875 0.750) h0.49/0.00 g0/0 w a14/-10 f20 l14/-10 as140/120 st21 thr1.00 501:0 s1 k1 d1 f0 t0 m0 player 1: (50.183 -91.759 0.703) h1.00/0.38 riding g0/0 w a110/3 f-0 l114/3 as28/120 st0 thr0.50 501:0 s0 k0 d0 f0 t1 m127 player 2: (80.573 -168.637 0.179) h1.00/1.00 g0/0 w a18/-2 f18 l18/-2 as139/120 st6 thr1.00 501:0 s0 k0 d0 f0 t2 m127 player 3: (87.612 -166.447 0.115) h0.67/0.00 g0/0 w a-99/-2 f-99 l-99/-2 as139/120 st5 thr1.00 501:0 s0 k0 d0 f0 t3 m127 player 4: (34.387 -89.271 0.156) h1.00/1.00 g0/0 w a89/-2 f89 l89/-2 as139/120 st6 thr1.00 501:0 s1 k1 d1 f0 t4 m127 player 5: (95.518 -153.734 0.122) h0.29/0.86 g0/0 w a106/1 f106 l106/1 as139/120 st6 thr1.00 501:0 s0 k0 d0 f0 t5 m126 player 6: (92.900 -146.004 0.496) h0.25/0.00 g0/0 w a39/-6 f39 l39/-6 as139/120 st5 thr1.00 501:0 s0 k0 d0 f0 t6 m126 player 7: (104.289 -164.121 -0.001) h0.02/0.00 g0/0 w a-64/8 f-64 l-64/8 as139/120 st6 thr1.00 501:0 s0 k0 d0 f0 t7 m126 player 8: (103.267 -171.654 0.331) h1.00/0.61 g0/0 w a84/-3 f84 l84/-3 as139/120 st6 thr1.00 501:0 s0 k0 d0 f0 t8 m126 player 9: (102.045 -150.567 -0.045) h0.95/0.00 g0/0 w a153/2 f153 l153/2 as139/120 st4 thr1.00 501:0 s0 k0 d0 f0 t9 m125 player 10: (98.638 -154.817 0.118) h1.00/0.88 g0/0 w a53/-3 f53 l53/-3 as139/120 st6 thr1.00 501:0 s0 k0 d0 f0 t10 m125 player 11: (104.005 -160.726 0.103) h1.00/1.00 g0/0 w a-84/-4 f-84 l-84/-4 as139/120 st6 thr1.00 501:0 s0 k0 d1 f0 t11 m125 player 12: dead s0 k0 d1 f0 t12 m125 player 13: (34.465 -79.683 0.119) h0.88/0.11 g0/0 w a137/3 f137 l137/3 as139/120 st10 thr1.00 501:0 s0 k0 d0 f0 t13 m124 player 14: (106.143 -167.963 0.726) h1.00/0.86 g0/0 w a-126/-8 f-97 l-126/-8 as140/120 st20 thr1.00 501:0 s0 k0 d0 f0 t14 m124 player 15: (89.191 -163.992 0.136) h1.00/0.86 g0/0 w a-125/-4 f-125 l-125/-4 as139/120 st5 thr1.00 501:0 s0 k0 d0 f0 t15 m124 player 16: (47.064 -83.013 0.666) h0.93/0.00 g0/0 w a10/-8 f10 l10/-8 as140/120 st20 thr1.00 501:0 s0 k0 d0 f0 t16 m124 player 17: (43.171 -89.695 0.171) h1.00/0.49 g0/0 w a5
chupathingyce: bots: bot 31 inventory slot 0 now weapon 501
chupathingyce: bots: bot 10 at (98.5 -154.7 0.1) yaw 53 fight, target 9 (seen), shield 0.89, kills 0 deaths 0
chupathingyce: bots: bot 11 at (104.2 -160.7 0.1) yaw -77 fight, target 7 (seen), shield 0.88, kills 0 deaths 1
chupathingyce: bots: bot 13 at (33.3 -80.2 0.1) yaw 126 fight, target 18 (seen), shield 0.11, kills 0 deaths 0
chupathingyce: network test: tick 990 player 0: (32.801 -63.414 1.300) h0.24/0.00 g0/0 w a15/-16 f14 l15/-16 as140/120 st20 thr1.00 501:0 s1 k1 d1 f0 t0 m0 player 1: (49.143 -91.133 0.704) h1.00/0.63 riding g0/0 w a84/1 f-0 l84/1 as28/120 st0 thr0.50 501:0 s0 k0 d0 f0 t1 m127 player 2: (79.309 -168.290 0.205) h1.00/1.00 g0/0 w a56/-3 f56 l56/-3 as139/120 st6 thr1.00 501:0 s0 k0 d0 f0 t2 m127 player 3: (88.183 -165.156 0.129) h0.41/0.00 g0/0 w a-124/-2 f-124 l-124/-2 as139/120 st5 thr1.00 501:0 s0 k0 d0 f0 t3 m127 player 4: (32.918 -89.265 0.770) h1.00/1.00 g0/0 w a91/-6 f90 l91/-6 as140/120 st20 thr1.00 501:0 s1 k1 d1 f0 t4 m127 player 5: (94.111 -153.644 0.769) h0.29/0.86 g0/0 w a2/-16 f44 l2/-16 as140/120 st20 thr1.00 501:0 s0 k0 d0 f0 t5 m126 player 6: (91.830 -147.111 0.737) h0.11/0.00 g0/0 w a57/-6 f57 l57/-6 as139/120 st5 thr1.00 501:0 s0 k0 d0 f0 t6 m126 player 7: dead s0 k0 d1 f0 t7 m126 player 8: (101.914 -170.778 0.243) h1.00/0.69 g0/0 w a17/-3 f17 l17/-3 as139/120 st7 thr1.00 501:0 s0 k0 d0 f0 t8 m126 player 9: (101.669 -151.471 -0.055) h0.95/0.00 g0/0 w a-152/-1 f-152 l-152/-1 as139/120 st6 thr1.00 501:0 s0 k0 d0 f0 t9 m125 player 10: (97.271 -153.386 0.093) h1.00/1.00 g0/0 w a27/-4 f27 l27/-4 as139/120 st6 thr1.00 501:0 s0 k0 d0 f0 t10 m125 player 11: (103.485 -160.679 0.121) h1.00/0.88 g0/0 w a-146/-1 f-123 l-146/-1 as139/120 st7 thr1.00 501:0 s0 k0 d1 f0 t11 m125 player 12: dead s0 k0 d1 f0 t12 m125 player 13: (32.873 -80.025 0.052) h0.88/0.11 g0/0 w a126/6 f126 l126/6 as139/120 st4 thr1.00 501:0 s0 k0 d0 f0 t13 m124 player 14: (107.492 -169.177 0.086) h1.00/0.73 g0/0 w a-162/1 f-162 l-162/1 as139/120 st6 thr1.00 501:0 s0 k0 d0 f0 t14 m124 player 15: (90.348 -163.577 0.130) h1.00/0.71 g0/0 w a-144/-3 f-144 l-144/-3 as139/120 st5 thr1.00 501:0 s0 k0 d0 f0 t15 m124 player 16: (46.833 -81.030 0.099) h0.93/0.00 g0/0 w a2/3 f2 l2/3 as139/120 st6 thr1.00 501:0 s0 k0 d0 f0 t16 m124 player 17: (44.903 -90.381 0.126) h1.00/0.34 g0/0 w a78/-1 f78 l78/-1 as139/120 st6 thr1.00 501:0 s0 k0 d0 f0 t17 m123 player 18: (27.077 -
chupathingyce: bots: bot 14 at (107.5 -169.2 0.1) yaw -165 fight, target 8 (seen), shield 0.73, kills 0 deaths 0
chupathingyce: bots: bot 15 at (90.8 -163.3 0.1) yaw -142 fight, target 3 (seen), shield 0.71, kills 0 deaths 0
chupathingyce: bots: bot 12 inventory slot 0 now weapon 501
chupathingyce: bots: bot 16 at (46.8 -80.0 0.1) yaw 23 fight, target 19 (seen), shield 0.00, kills 0 deaths 0
chupathingyce: bots: bot 17 at (44.7 -90.0 0.1) yaw 79 fight, target 16 (seen), shield 0.06, kills 0 deaths 0
chupathingyce: bots: bot 18 at (28.0 -70.8 0.4) yaw 46 fight, target 23 (seen), shield 0.07, kills 0 deaths 0
chupathingyce: network test: tick 1020 player 0: dead s1 k1 d2 f0 t0 m0 player 1: (48.393 -88.153 0.421) h1.00/0.88 riding g0/0 w a78/5 f-0 l78/5 as28/120 st0 thr0.50 501:0 s0 k0 d0 f0 t1 m127 player 2: (80.156 -168.355 0.183) h1.00/1.00 g0/0 w a91/-3 f91 l91/-3 as139/120 st7 thr1.00 501:0 s0 k0 d0 f0 t2 m127 player 3: (87.210 -165.186 0.132) h0.14/0.00 g0/0 w a42/-2 f41 l42/-2 as139/120 st9 thr1.00 501:0 s0 k0 d0 f0 t3 m127 player 4: (31.648 -88.381 0.376) h1.00/1.00 g0/0 w a80/-2 f81 l80/-2 as140/120 st20 thr1.00 501:0 s1 k1 d1 f0 t4 m127 player 5: (92.885 -152.788 0.092) h0.29/0.73 g0/0 w a16/-2 f16 l16/-2 as139/120 st6 thr1.00 501:0 s0 k0 d0 f0 t5 m126 player 6: (91.901 -148.920 0.699) h0.11/0.00 g0/0 w a76/-3 f76 l76/-3 as139/120 st6 thr1.00 501:0 s0 k0 d0 f0 t6 m126 player 7: dead s0 k0 d1 f0 t7 m126 player 8: (102.394 -172.475 0.423) h1.00/0.94 g0/0 w a22/-0 f22 l22/-0 as139/120 st6 thr1.00 501:0 s0 k0 d0 f0 t8 m126 player 9: (101.907 -151.789 0.581) h0.81/0.00 g0/0 w a-180/-7 f-176 l-180/-7 as140/120 st20 thr1.00 501:0 s0 k0 d0 f0 t9 m125 player 10: (96.983 -151.810 0.089) h1.00/0.86 g0/0 w a-2/4 f-2 l-2/4 as139/120 st11 thr1.00 501:0 s0 k0 d0 f0 t10 m125 player 11: (102.722 -160.981 0.113) h1.00/0.88 g0/0 w a-63/2 f-63 l-63/2 as139/120 st4 thr1.00 501:0 s0 k0 d1 f0 t11 m125 player 12: (42.665 -67.641 1.025) h1.00/1.00 g0/0 w a-104/-9 f-105 l-104/-9 as140/120 st20 thr1.00 501:0 s0 k0 d1 f0 t12 m125 player 13: (33.382 -78.762 0.074) h0.88/0.11 g0/0 w a51/3 f51 l51/3 as139/120 st4 thr1.00 501:0 s0 k0 d0 f0 t13 m124 player 14: (107.759 -170.215 0.588) h1.00/0.60 g0/0 w a-157/-2 f-162 l-157/-2 as140/120 st20 thr1.00 501:0 s0 k0 d0 f0 t14 m124 player 15: (90.411 -162.181 0.142) h1.00/0.71 g0/0 w a-139/-3 f-139 l-139/-3 as139/120 st7 thr1.00 501:0 s0 k0 d0 f0 t15 m124 player 16: (46.465 -79.999 0.116) h0.82/0.00 g0/0 w a45/26 f45 l45/26 as139/120 st5 thr1.00 501:0 s0 k0 d0 f0 t16 m124 player 17: (44.463 -89.451 0.120) h1.00/0.06 g0/0 w a77/-1 f77 l77/-1 as139/120 st4 thr1.00 501:0 s0 k0 d0 f0 t17 m123 player 18: (28.075 -70.
chupathingyce: bots: bot 19 at (47.0 -79.2 0.6) yaw -126 fight, target 16 (seen), shield 0.00, kills 0 deaths 0
chupathingyce: bots: bot 20 at (92.9 -140.3 1.0) yaw -102 fight, target 6 (seen), shield 1.00, kills 0 deaths 0
chupathingyce: bots: bot 21 at (86.5 -162.1 0.1) yaw -2 fight, target 15 (seen), shield 0.87, kills 0 deaths 0
chupathingyce: bots: bot 22 at (98.4 -166.9 0.5) yaw -18 fight, target 14 (seen), shield 0.74, kills 1 deaths 0
chupathingyce: network test: tick 1050 player 0: dead s1 k1 d2 f0 t0 m0 player 1: (49.332 -83.112 0.403) h1.00/1.00 riding g0/0 w a86/2 f-0 l86/2 as28/120 st0 thr0.00 501:0 s0 k0 d0 f0 t1 m127 player 2: (82.133 -168.212 0.778) h1.00/1.00 g0/0 w a93/-12 f95 l93/-12 as140/120 st20 thr1.00 501:0 s0 k0 d0 f0 t2 m127 player 3: dead s0 k0 d1 f0 t3 m127 player 4: (30.399 -86.690 0.284) h1.00/1.00 g0/0 w a66/-3 f81 l66/-3 as140/120 st20 thr1.00 501:0 s1 k1 d1 f0 t4 m127 player 5: (93.084 -150.861 0.151) h0.29/0.73 g0/0 w a-23/-3 f-23 l-23/-3 as139/120 st6 thr1.00 501:0 s0 k0 d0 f0 t5 m126 player 6: (90.031 -148.569 1.336) h0.11/0.00 g0/0 w a78/-2 f78 l78/-2 as140/120 st20 thr1.00 501:0 s0 k0 d0 f0 t6 m126 player 7: dead s0 k0 d1 f0 t7 m126 player 8: (102.133 -171.894 0.404) h1.00/1.00 g0/0 w a20/-4 f20 l20/-4 as139/120 st7 thr1.00 501:0 s0 k0 d0 f0 t8 m126 player 9: (101.678 -150.541 -0.050) h0.81/0.00 g0/0 w a-155/-1 f-155 l-155/-1 as139/120 st7 thr1.00 501:0 s0 k0 d0 f0 t9 m125 player 10: (97.087 -152.738 0.109) h1.00/0.74 g0/0 w a25/-3 f25 l25/-3 as139/120 st6 thr1.00 501:0 s0 k0 d0 f0 t10 m125 player 11: (102.011 -162.277 0.581) h1.00/0.88 g0/0 w a-53/-3 f-56 l-53/-3 as140/120 st20 thr1.00 501:0 s0 k0 d1 f0 t11 m125 player 12: (41.169 -67.333 0.649) h1.00/1.00 g0/0 w a-94/-5 f-94 l-94/-5 as139/120 st7 thr1.00 501:0 s0 k0 d1 f0 t12 m125 player 13: (34.777 -77.405 0.125) h0.88/0.11 g0/0 w a88/4 f88 l88/4 as139/120 st4 thr1.00 501:0 s0 k0 d0 f0 t13 m124 player 14: (107.561 -169.696 0.093) h1.00/0.17 g0/0 w a-158/1 f-162 l-158/1 as140/120 st21 thr1.00 501:0 s0 k0 d0 f0 t14 m124 player 15: (90.908 -162.811 0.438) h1.00/0.44 g0/0 w a174/-4 f-149 l174/-4 as140/120 st20 thr1.00 501:0 s1 k1 d0 f0 t15 m124 player 16: (45.210 -81.541 0.655) h0.82/0.00 g0/0 w a60/-12 f57 l60/-12 as140/120 st20 thr1.00 501:0 s0 k0 d0 f0 t16 m124 player 17: (42.645 -88.791 0.337) h1.00/0.06 g0/0 w a72/1 f72 l72/1 as139/120 st6 thr1.00 501:0 s0 k0 d0 f0 t17 m123 player 18: (29.737 -71.062 1.042) h1.00/0.12 g0/0 w a53/2 f53 l53/2 as139/120 st7 thr1.00 501:0 s0 k0
chupathingyce: bots: bot 23 at (34.9 -64.0 1.0) yaw -123 fight, target 18 (seen), shield 0.72, kills 3 deaths 0
chupathingyce: bots: bot 24 at (40.9 -93.0 0.8) yaw 75 fight, target 17 (seen), shield 1.00, kills 0 deaths 0
chupathingyce: bots: bot 7 inventory slot 0 now weapon 501
chupathingyce: bots: bot 25 at (50.0 -78.2 0.1) yaw 179 fight, target 19 (seen), shield 0.00, kills 0 deaths 0
chupathingyce: bots: bot 26 at (85.4 -169.0 0.1) yaw 157 fight, target 2 (seen), shield 0.45, kills 0 deaths 0
chupathingyce: network test: tick 1080 player 0: dead s1 k1 d2 f0 t0 m0 player 1: (50.335 -81.230 0.462) h1.00/1.00 riding g0/0 w a146/1 f-0 l138/1 as28/120 st0 thr0.00 501:0 s0 k0 d0 f0 t1 m127 player 2: (83.569 -168.133 0.092) h1.00/0.87 g0/0 w a86/-2 f86 l86/-2 as139/120 st7 thr1.00 501:0 s0 k0 d0 f0 t2 m127 player 3: dead s0 k0 d1 f0 t3 m127 player 4: (31.545 -85.289 0.022) h1.00/1.00 g0/0 w a70/3 f70 l70/3 as139/120 st4 thr1.00 501:0 s1 k1 d1 f0 t4 m127 player 5: (92.942 -151.234 0.166) h0.29/0.73 g0/0 w a-5/-4 f-5 l-5/-4 as139/120 st6 thr1.00 501:0 s0 k0 d0 f0 t5 m126 player 6: (88.273 -148.091 0.923) h0.11/0.00 g0/0 w a59/-3 f78 l59/-3 as140/120 st20 thr1.00 501:0 s0 k0 d0 f0 t6 m126 player 7: (106.328 -158.152 0.158) h1.00/1.00 g0/0 w a-135/-1 f-135 l-135/-1 as139/120 st6 thr1.00 501:0 s0 k0 d1 f0 t7 m126 player 8: (103.039 -173.210 0.358) h1.00/1.00 g0/0 w a56/-4 f56 l56/-4 as139/120 st6 thr1.00 501:0 s0 k0 d0 f0 t8 m126 player 9: (100.742 -148.779 0.049) h0.81/0.00 g0/0 w a-148/-1 f-148 l-148/-1 as139/120 st7 thr1.00 501:0 s0 k0 d0 f0 t9 m125 player 10: (96.597 -151.752 0.086) h1.00/0.48 g0/0 w a34/-2 f33 l34/-2 as139/120 st11 thr1.00 501:0 s0 k0 d0 f0 t10 m125 player 11: (101.970 -162.244 0.081) h1.00/0.88 g0/0 w a-53/-1 f-56 l-53/-1 as140/120 st21 thr1.00 501:0 s0 k0 d1 f0 t11 m125 player 12: (41.377 -67.506 0.772) h1.00/1.00 g0/0 w a-110/-3 f-110 l-110/-3 as139/120 st6 thr1.00 501:0 s0 k0 d1 f0 t12 m125 player 13: (34.902 -75.514 0.764) h0.88/0.11 g0/0 w a29/-4 f92 l29/-4 as140/120 st20 thr1.00 501:0 s0 k0 d0 f0 t13 m124 player 14: (106.403 -168.262 0.086) h1.00/0.05 g0/0 w a-124/2 f-124 l-124/2 as139/120 st7 thr1.00 501:0 s0 k0 d0 f0 t14 m124 player 15: (91.357 -164.471 0.345) h1.00/0.44 g0/0 w a154/-1 f-149 l154/-1 as140/120 st20 thr1.00 501:0 s1 k1 d0 f0 t15 m124 player 16: (44.308 -83.073 0.105) h0.69/0.00 g0/0 w a38/-0 f57 l38/-0 as139/120 st5 thr1.00 501:0 s0 k0 d0 f0 t16 m124 player 17: (40.854 -87.914 0.458) h1.00/0.06 g0/0 w a55/-5 f69 l55/-5 as140/120 st20 thr1.00 501:0 s0 k0 d0 f0 t17 m123 player 18: (3
chupathingyce: bots: bot 27 at (84.0 -164.6 0.1) yaw -96 fight, target 2 (seen), shield 0.74, kills 0 deaths 0
chupathingyce: bots: bot 28 at (85.1 -156.5 0.2) yaw 35 fight, target 5 (seen), shield 1.00, kills 0 deaths 0
chupathingyce: bots: bot 29 at (38.9 -73.6 0.1) yaw 57 fight, target 12 (seen), shield 0.86, kills 0 deaths 0
chupathingyce: bots: bot 30 at (37.6 -90.5 0.0) yaw 10 fight, target 24 (seen), shield 1.00, kills 0 deaths 0
chupathingyce: network test: tick 1110 player 0: dead s1 k1 d2 f0 t0 m0 player 1: (50.693 -80.937 0.470) h1.00/0.83 riding g0/0 w a123/3 f-0 l123/3 as28/120 st0 thr0.00 501:0 s0 k0 d0 f0 t1 m127 player 2: (85.462 -168.331 0.608) h1.00/0.74 g0/0 w a84/-8 f84 l84/-8 as140/120 st20 thr1.00 501:0 s0 k0 d0 f0 t2 m127 player 3: dead s0 k0 d1 f0 t3 m127 player 4: (31.819 -83.294 0.034) h1.00/1.00 g0/0 w a73/-1 f73 l73/-1 as139/120 st4 thr1.00 501:0 s1 k1 d1 f0 t4 m127 player 5: (93.761 -149.451 0.047) h0.29/0.73 g0/0 w a-38/5 f-38 l-38/5 as139/120 st6 thr1.00 501:0 s0 k0 d0 f0 t5 m126 player 6: (88.166 -146.890 0.693) h0.11/0.00 g0/0 w a-25/-7 f-25 l-25/-7 as139/120 st7 thr1.00 501:0 s0 k0 d0 f0 t6 m126 player 7: (106.378 -158.185 0.155) h1.00/1.00 g0/0 w a-134/-2 f-134 l-134/-2 as139/120 st7 thr1.00 501:0 s0 k0 d1 f0 t7 m126 player 8: (101.441 -172.162 0.415) h1.00/1.00 g0/0 w a58/-2 f58 l58/-2 as139/120 st6 thr1.00 501:0 s0 k0 d0 f0 t8 m126 player 9: (101.006 -148.741 0.041) h0.81/0.00 g0/0 w a-125/6 f-125 l-125/6 as139/120 st6 thr1.00 501:0 s0 k0 d0 f0 t9 m125 player 10: (97.869 -152.936 0.718) h1.00/0.33 g0/0 w a54/-10 f49 l54/-10 as140/120 st20 thr1.00 501:0 s0 k0 d0 f0 t10 m125 player 11: (103.315 -161.497 0.091) h1.00/0.61 g0/0 w a-76/1 f-75 l-76/1 as139/120 st7 thr1.00 501:0 s0 k0 d1 f0 t11 m125 player 12: (43.265 -68.625 1.000) h1.00/1.00 g0/0 w a-124/-10 f-112 l-124/-10 as140/120 st20 thr1.00 501:0 s0 k0 d1 f0 t12 m125 player 13: (34.454 -73.601 0.160) h0.88/0.11 g0/0 w a-0/-3 f-0 l-0/-3 as139/120 st6 thr1.00 501:0 s0 k0 d0 f0 t13 m124 player 14: (104.732 -167.166 0.373) h1.00/0.05 g0/0 w a-122/-1 f-122 l-122/-1 as140/120 st20 thr1.00 501:0 s0 k0 d0 f0 t14 m124 player 15: (91.467 -164.716 0.103) h1.00/0.44 g0/0 w a143/-2 f143 l143/-2 as139/120 st7 thr1.00 501:0 s1 k1 d0 f0 t15 m124 player 16: (43.115 -84.352 0.104) h0.69/0.00 g0/0 w a41/-2 f41 l41/-2 as139/120 st5 thr1.00 501:0 s0 k0 d0 f0 t16 m124 player 17: (39.468 -86.665 0.214) h1.00/0.06 g0/0 w a33/-3 f33 l33/-3 as139/120 st7 thr1.00 501:0 s0 k0 d0 f0 t17 m123 player 1
chupathingyce: bots: bot 31 at (93.9 -172.8 0.3) yaw 23 fight, target 22 (seen), shield 1.00, kills 0 deaths 0
chupathingyce: network test: tick 1140 player 0: (30.850 -76.882 0.185) h1.00/1.00 g0/0 w a-40/-7 f-24 l-40/-7 as139/120 st4 thr1.00 501:0 s1 k1 d2 f0 t0 m0 player 1: (50.701 -80.932 0.470) h1.00/0.43 riding g0/0 w a114/2 f-0 l114/2 as28/120 st0 thr0.00 501:0 s0 k0 d0 f0 t1 m127 player 2: (87.450 -168.559 0.087) h1.00/0.74 g0/0 w a83/-2 f84 l83/-2 as140/120 st21 thr1.00 501:0 s0 k0 d0 f0 t2 m127 player 3: dead s0 k0 d1 f0 t3 m127 player 4: (32.901 -81.497 0.454) h1.00/1.00 g0/0 w a80/0 f80 l80/0 as140/120 st20 thr1.00 501:0 s1 k1 d1 f0 t4 m127 player 5: (95.248 -148.129 0.044) h0.29/0.73 g0/0 w a-57/-2 f-57 l-57/-2 as139/120 st6 thr1.00 501:0 s0 k0 d0 f0 t5 m126 player 6: dead s0 k0 d1 f0 t6 m126 player 7: (104.633 -156.852 0.202) h1.00/1.00 g0/0 w a-123/-3 f-123 l-123/-3 as139/120 st7 thr1.00 501:0 s0 k0 d1 f0 t7 m126 player 8: (101.357 -171.134 0.271) h1.00/0.86 g0/0 w a-176/2 f-176 l-176/2 as139/120 st7 thr1.00 501:0 s0 k0 d0 f0 t8 m126 player 9: (102.493 -150.065 -0.018) h0.81/0.00 g0/0 w a-141/-2 f-141 l-141/-2 as139/120 st6 thr1.00 501:0 s0 k0 d0 f0 t9 m125 player 10: (98.189 -153.119 0.005) h1.00/0.19 g0/0 w a37/-3 f41 l37/-3 as139/120 st6 thr1.00 501:0 s0 k0 d0 f0 t10 m125 player 11: (101.388 -162.058 0.101) h1.00/0.48 g0/0 w a-72/2 f-72 l-72/2 as139/120 st7 thr1.00 501:0 s0 k0 d1 f0 t11 m125 player 12: (42.245 -68.387 0.472) h1.00/1.00 g0/0 w a-106/-6 f-106 l-106/-6 as139/120 st7 thr1.00 501:0 s0 k0 d1 f0 t12 m125 player 13: (34.788 -71.683 0.575) h0.86/0.00 g0/0 w a25/-0 f-11 l25/-0 as140/120 st20 thr1.00 501:0 s0 k0 d0 f0 t13 m124 player 14: (102.968 -166.240 0.280) h1.00/0.05 g0/0 w a-110/-3 f-122 l-110/-3 as140/120 st20 thr1.00 501:0 s0 k0 d0 f0 t14 m124 player 15: (91.901 -163.695 0.140) h1.00/0.44 g0/0 w a159/-2 f159 l159/-2 as139/120 st7 thr1.00 501:0 s1 k1 d0 f0 t15 m124 player 16: (42.665 -86.263 0.068) h0.55/0.00 g0/0 w a76/-2 f52 l76/-2 as139/120 st8 thr1.00 501:0 s0 k0 d0 f0 t16 m124 player 17: (40.362 -88.062 0.106) h1.00/0.06 g0/0 w a36/-4 f36 l36/-4 as139/120 st7 thr1.00 501:0 s0 k0 d0 f0 t17 m123 playe
chupathingyce: bots: bot 3 inventory slot 0 now weapon 501
chupathingyce: network test: tick 1170 player 0: (31.809 -78.947 0.737) h1.00/0.84 g0/0 w a-49/-19 f-64 l-49/-19 as140/120 st20 thr1.00 501:0 s1 k1 d2 f0 t0 m0 player 1: (50.701 -80.932 0.470) h1.00/0.38 riding g0/0 w a141/1 f-0 l133/1 as28/120 st0 thr0.00 501:0 s0 k0 d0 f0 t1 m127 player 2: (88.740 -168.691 0.086) h1.00/0.60 g0/0 w a75/4 f75 l75/4 as139/120 st6 thr1.00 501:0 s0 k0 d0 f0 t2 m127 player 3: (92.170 -148.747 0.662) h1.00/1.00 g0/0 w a16/-2 f16 l16/-2 as139/120 st6 thr1.00 501:0 s0 k0 d1 f0 t3 m127 player 4: (32.719 -79.952 0.046) h1.00/1.00 g0/0 w a130/20 f80 l130/20 as140/120 st21 thr1.00 501:0 s1 k1 d1 f0 t4 m127 player 5: (97.113 -147.444 0.610) h0.29/0.73 g0/0 w a-81/-9 f-75 l-81/-9 as140/120 st20 thr1.00 501:0 s0 k0 d0 f0 t5 m126 player 6: dead s0 k0 d1 f0 t6 m126 player 7: (104.860 -156.935 0.390) h1.00/1.00 g0/0 w a-120/-1 f-120 l-120/-1 as139/120 st6 thr1.00 501:0 s0 k0 d1 f0 t7 m126 player 8: (100.643 -169.290 0.846) h1.00/0.73 g0/0 w a-156/-10 f-158 l-156/-10 as140/120 st20 thr1.00 501:0 s0 k0 d0 f0 t8 m126 player 9: (103.075 -151.937 0.015) h0.81/0.00 g0/0 w a179/-1 f179 l179/-1 as139/120 st6 thr1.00 501:0 s0 k0 d0 f0 t9 m125 player 10: (97.645 -151.843 0.054) h0.95/0.00 g0/0 w a1/-3 f1 l1/-3 as139/120 st7 thr1.00 501:0 s0 k0 d0 f0 t10 m125 player 11: (101.937 -162.150 0.336) h1.00/0.48 g0/0 w a-101/-6 f-101 l-101/-6 as140/120 st20 thr1.00 501:0 s0 k0 d1 f0 t11 m125 player 12: (40.072 -68.147 1.185) h1.00/1.00 g0/0 w a-87/-12 f-96 l-87/-12 as140/120 st20 thr1.00 501:0 s0 k0 d1 f0 t12 m125 player 13: (35.091 -70.463 0.268) h0.86/0.00 g0/0 w a25/7 f-11 l25/7 as140/120 st20 thr1.00 501:0 s0 k0 d0 f0 t13 m124 player 14: (101.025 -165.776 -0.008) h1.00/0.05 g0/0 w a-97/11 f-97 l-97/11 as139/120 st7 thr1.00 501:0 s0 k0 d0 f0 t14 m124 player 15: (91.179 -162.974 0.141) h1.00/0.44 g0/0 w a172/-3 f172 l172/-3 as139/120 st7 thr1.00 501:0 s1 k1 d0 f0 t15 m124 player 16: (43.185 -84.887 0.082) h0.55/0.00 g0/0 w a-141/-1 f-141 l-141/-1 as139/120 st5 thr1.00 501:0 s0 k0 d0 f0 t16 m124 player 17: (39.487 -87.658 0.13
chupathingyce: network test: tick 1200 player 0: (33.508 -80.665 0.063) h1.00/0.10 g0/0 w a-9/-27 f-52 l-9/-27 as139/120 st4 thr1.00 501:0 s1 k1 d2 f0 t0 m0 player 1: (50.702 -80.921 0.470) h1.00/0.19 riding g0/0 w a138/0 f-0 l133/0 as28/120 st0 thr0.50 501:0 s0 k0 d0 f0 t1 m127 player 2: (87.407 -167.325 0.106) h1.00/0.60 g0/0 w a16/2 f16 l16/2 as139/120 st6 thr1.00 501:0 s0 k0 d0 f0 t2 m127 player 3: (92.046 -146.566 0.707) h1.00/1.00 g0/0 w a-6/-6 f-6 l-6/-6 as139/120 st6 thr1.00 501:0 s0 k0 d1 f0 t3 m127 player 4: (34.389 -80.321 0.115) h0.84/0.00 g0/0 w a-158/-14 f-158 l-158/-14 as139/120 st5 thr1.00 501:0 s1 k1 d1 f0 t4 m127 player 5: (99.094 -147.572 0.137) h0.29/0.82 g0/0 w a-104/-1 f-97 l-104/-1 as139/120 st6 thr1.00 501:0 s0 k0 d0 f0 t5 m126 player 6: dead s0 k0 d1 f0 t6 m126 player 7: (106.693 -157.977 0.512) h1.00/1.00 g0/0 w a-122/-3 f-120 l-122/-3 as140/120 st20 thr1.00 501:0 s0 k0 d1 f0 t7 m126 player 8: (100.176 -168.206 0.047) h1.00/0.31 g0/0 w a-156/1 f-155 l-156/1 as139/120 st10 thr1.00 501:0 s0 k0 d0 f0 t8 m126 player 9: (103.064 -153.464 0.494) h0.81/0.04 g0/0 w a-180/-5 f177 l-180/-5 as140/120 st20 thr1.00 501:0 s0 k0 d0 f0 t9 m125 player 10: (97.635 -153.564 0.114) h0.81/0.00 g0/0 w a2/4 f2 l2/4 as140/120 st20 thr1.00 501:0 s0 k0 d0 f0 t10 m125 player 11: (103.904 -162.683 0.351) h1.00/0.48 g0/0 w a-148/-7 f-101 l-148/-7 as140/120 st20 thr1.00 501:0 s0 k0 d1 f0 t11 m125 player 12: (38.529 -68.427 0.301) h1.00/0.87 g0/0 w a129/4 f-153 l149/4 as139/120 st11 thr1.00 501:0 s0 k0 d1 f0 t12 m125 player 13: (36.191 -71.540 0.056) h0.86/0.00 g0/0 w a53/2 f53 l53/2 as139/120 st7 thr1.00 501:0 s0 k0 d0 f0 t13 m124 player 14: (99.847 -164.855 0.037) h1.00/0.05 g0/0 w a-85/-3 f-85 l-85/-3 as139/120 st7 thr1.00 501:0 s0 k0 d0 f0 t14 m124 player 15: (90.661 -162.377 0.138) h1.00/0.16 g0/0 w a151/-2 f151 l151/-2 as139/120 st7 thr1.00 501:0 s1 k1 d0 f0 t15 m124 player 16: (44.203 -83.406 0.094) h0.41/0.00 g0/0 w a-151/5 f-151 l-151/5 as139/120 st5 thr1.00 501:0 s0 k0 d0 f0 t16 m124 player 17: (38.693 -86.487 0.829) h1.0
chupathingyce: bots: bot 1 at (50.5 -81.0 0.5) yaw 138 vehicle, target 19 (seen), shield 0.19, kills 0 deaths 0
chupathingyce: bots: bot 2 at (87.3 -166.9 0.1) yaw 4 fight, target 27 (seen), shield 0.60, kills 0 deaths 0
chupathingyce: bots: bot 3 at (92.0 -146.5 0.7) yaw -8 fight, target 5 (seen), shield 1.00, kills 0 deaths 1
chupathingyce: bots: bot 5 at (100.3 -147.9 0.8) yaw -122 fight, target 10 (seen), shield 1.00, kills 0 deaths 0
chupathingyce: network test: tick 1230 player 0: (34.444 -79.843 0.118) h0.09/0.00 g0/0 w a41/-9 f70 l41/-9 as139/120 st4 thr1.00 501:0 s2 k2 d2 f0 t0 m0 player 1: (50.744 -80.212 0.481) h1.00/0.05 riding g0/0 w a115/2 f-0 l115/2 as28/120 st0 thr0.00 501:0 s0 k0 d0 f0 t1 m127 player 2: (87.352 -166.036 0.121) h1.00/0.47 g0/0 w a-25/-3 f-25 l-25/-3 as139/120 st7 thr1.00 501:0 s0 k0 d0 f0 t2 m127 player 3: (91.902 -147.672 0.722) h1.00/1.00 g0/0 w a-2/-0 f-2 l-2/-0 as139/120 st7 thr1.00 501:0 s0 k0 d1 f0 t3 m127 player 4: dead s1 k1 d2 f0 t4 m127 player 5: (100.346 -147.909 0.784) h0.29/1.00 g0/0 w a-122/-7 f-108 l-122/-7 as140/120 st20 thr1.00 501:0 s0 k0 d0 f0 t5 m126 player 6: dead s0 k0 d1 f0 t6 m126 player 7: (106.180 -157.662 0.174) h1.00/1.00 g0/0 w a-120/-3 f-120 l-120/-3 as139/120 st7 thr1.00 501:0 s0 k0 d1 f0 t7 m126 player 8: (101.017 -169.704 0.118) h1.00/0.05 g0/0 w a-148/4 f-148 l-148/4 as139/120 st6 thr1.00 501:0 s0 k0 d0 f0 t8 m126 player 9: (102.878 -155.287 0.000) h0.81/0.29 g0/0 w a163/0 f163 l163/0 as139/120 st6 thr1.00 501:0 s0 k0 d0 f0 t9 m125 player 10: (96.598 -153.210 0.114) h0.68/0.00 g0/0 w a-16/-3 f-16 l-16/-3 as139/120 st5 thr1.00 501:0 s0 k0 d0 f0 t10 m125 player 11: (103.920 -161.727 0.071) h1.00/0.36 g0/0 w a-147/1 f-147 l-147/1 as139/120 st7 thr1.00 501:0 s0 k0 d1 f0 t11 m125 player 12: (40.379 -68.689 0.457) h1.00/0.87 g0/0 w a85/3 f85 l85/3 as139/120 st6 thr1.00 501:0 s0 k0 d1 f0 t12 m125 player 13: (37.837 -72.674 0.454) h0.86/0.00 g0/0 w a57/0 f57 l57/0 as140/120 st20 thr1.00 501:0 s0 k0 d0 f0 t13 m124 player 14: (98.066 -165.456 0.425) h1.00/0.05 g0/0 w a-56/-4 f-56 l-56/-4 as140/120 st20 thr1.00 501:0 s0 k0 d0 f0 t14 m124 player 15: (90.401 -161.680 0.138) h0.92/0.00 g0/0 w a124/8 f127 l124/8 as139/120 st7 thr1.00 501:0 s1 k1 d0 f0 t15 m124 player 16: (45.196 -83.858 0.053) h0.27/0.00 g0/0 w a-157/0 f-157 l-157/0 as139/120 st6 thr1.00 501:0 s0 k0 d0 f0 t16 m124 player 17: (38.636 -86.533 0.209) h1.00/0.17 g0/0 w a22/-2 f22 l22/-2 as139/120 st7 thr1.00 501:0 s0 k0 d0 f0 t17 m123 player 18: (
chupathingyce: bots: bot 7 at (105.4 -157.2 0.2) yaw -119 fight, target 11 (seen), shield 1.00, kills 0 deaths 1
chupathingyce: bots: bot 8 at (101.6 -170.7 0.2) yaw -149 fight, target 22 (seen), shield 0.00, kills 0 deaths 0
chupathingyce: bots: bot 6 inventory slot 0 now weapon 501
chupathingyce: bots: bot 9 at (102.8 -154.5 -0.0) yaw -53 fight, target 7 (seen), shield 0.51, kills 0 deaths 0
chupathingyce: network test: tick 1260 player 0: (35.775 -79.119 0.645) h0.09/0.00 g0/0 w a5/-1 f5 l5/-1 as139/120 st4 thr1.00 501:0 s2 k2 d2 f0 t0 m0 player 1: (50.693 -79.375 0.489) h1.00/0.05 riding g0/0 w a137/1 f-0 l137/1 as28/120 st0 thr0.50 501:0 s0 k0 d0 f0 t1 m127 player 2: (86.810 -167.886 0.101) h1.00/0.47 g0/0 w a-15/-3 f-15 l-15/-3 as139/120 st6 thr1.00 501:0 s0 k0 d0 f0 t2 m127 player 3: (92.097 -149.854 0.619) h1.00/1.00 g0/0 w a14/-5 f14 l14/-5 as139/120 st7 thr1.00 501:0 s0 k0 d1 f0 t3 m127 player 4: dead s1 k1 d2 f0 t4 m127 player 5: (100.186 -147.483 0.128) h0.29/0.87 g0/0 w a-132/-1 f-132 l-132/-1 as139/120 st7 thr1.00 501:0 s0 k0 d0 f0 t5 m126 player 6: (29.180 -81.218 0.174) h1.00/1.00 g0/0 w a43/0 f43 l43/0 as139/120 st6 thr1.00 501:0 s0 k0 d1 f0 t6 m126 player 7: (104.244 -156.626 0.163) h1.00/1.00 g0/0 w a-117/-3 f-117 l-117/-3 as139/120 st7 thr1.00 501:0 s0 k0 d1 f0 t7 m126 player 8: (101.991 -171.323 0.321) h0.96/0.00 g0/0 w a-149/10 f-149 l-149/10 as139/120 st6 thr1.00 501:0 s0 k0 d0 f0 t8 m126 player 9: (102.623 -154.241 -0.021) h0.81/0.54 g0/0 w a-55/1 f-55 l-55/1 as139/120 st5 thr1.00 501:0 s0 k0 d0 f0 t9 m125 player 10: (95.364 -152.836 0.102) h0.68/0.00 g0/0 w a-154/0 f-138 l-154/0 as139/120 st5 thr1.00 501:0 s0 k0 d0 f0 t10 m125 player 11: (102.543 -160.105 0.146) h1.00/0.36 g0/0 w a-131/1 f-131 l-131/1 as139/120 st6 thr1.00 501:0 s0 k0 d1 f0 t11 m125 player 12: (38.737 -68.142 0.345) h1.00/0.87 g0/0 w a62/16 f62 l62/16 as139/120 st6 thr1.00 501:0 s0 k0 d1 f0 t12 m125 player 13: (39.438 -73.445 0.254) h0.86/0.00 g0/0 w a-33/4 f57 l-13/4 as140/120 st20 thr1.00 501:0 s0 k0 d0 f0 t13 m124 player 14: (96.619 -166.736 0.226) h1.00/0.21 g0/0 w a-41/-1 f-56 l-41/-1 as140/120 st20 thr1.00 501:0 s0 k0 d0 f0 t14 m124 player 15: (90.380 -161.623 0.138) h0.80/0.00 g0/0 w a97/3 f97 l97/3 as139/120 st7 thr1.00 501:0 s1 k1 d0 f0 t15 m124 player 16: (45.332 -84.348 0.031) h0.27/0.00 g0/0 w a-147/0 f-147 l-147/0 as139/120 st7 thr1.00 501:0 s0 k0 d0 f0 t16 m124 player 17: (39.452 -88.340 0.396) h1.00/0.17 g0/0 
chupathingyce: bots: bot 10 at (95.5 -152.7 0.1) yaw -149 retreat, target 28 (seen), shield 0.00, kills 0 deaths 0
chupathingyce: bots: bot 11 at (102.7 -160.2 0.1) yaw -132 fight, target 14 (seen), shield 0.36, kills 0 deaths 1
chupathingyce: bots: bot 12 at (38.7 -68.1 0.3) yaw 69 fight, target 23 (seen), shield 0.74, kills 0 deaths 1
chupathingyce: bots: bot 13 at (39.2 -72.6 0.1) yaw -65 retreat, target 29 (seen), shield 0.00, kills 0 deaths 0
chupathingyce: network test: tick 1290 player 0: (37.352 -78.929 1.610) h0.09/0.00 g0/0 w a26/-15 f26 l26/-15 as139/120 st4 thr1.00 501:0 s2 k2 d2 f0 t0 m0 player 1: (50.684 -79.299 0.489) h1.00/0.02 riding g0/0 w a51/8 f-0 l58/8 as28/120 st0 thr0.00 501:0 s0 k0 d0 f0 t1 m127 player 2: (87.242 -166.750 0.113) h1.00/0.35 g0/0 w a-19/-2 f-19 l-19/-2 as139/120 st7 thr1.00 501:0 s0 k0 d0 f0 t2 m127 player 3: (92.374 -151.737 1.142) h1.00/1.00 g0/0 w a2/-18 f-31 l2/-18 as140/120 st20 thr1.00 501:0 s0 k0 d1 f0 t3 m127 player 4: dead s1 k1 d2 f0 t4 m127 player 5: (100.300 -147.594 0.119) h0.29/0.87 g0/0 w a-135/-2 f-135 l-135/-2 as139/120 st6 thr1.00 501:0 s0 k0 d0 f0 t5 m126 player 6: (27.946 -79.411 0.263) h1.00/1.00 g0/0 w a30/-2 f30 l30/-2 as139/120 st6 thr1.00 501:0 s0 k0 d1 f0 t6 m126 player 7: (102.127 -156.369 0.044) h1.00/1.00 g0/0 w a-77/-1 f-77 l-77/-1 as139/120 st7 thr1.00 501:0 s0 k0 d1 f0 t7 m126 player 8: (102.578 -172.258 0.404) h0.84/0.00 g0/0 w a-166/2 f-168 l-166/2 as139/120 st11 thr1.00 501:0 s0 k0 d0 f0 t8 m126 player 9: (101.289 -153.438 -0.070) h0.81/0.79 g0/0 w a-74/-1 f-74 l-74/-1 as139/120 st7 thr1.00 501:0 s0 k0 d0 f0 t9 m125 player 10: (96.364 -151.479 0.080) h0.42/0.00 g0/0 w a-149/-2 f-149 l-149/-2 as139/120 st5 thr1.00 501:0 s0 k0 d0 f0 t10 m125 player 11: (103.571 -161.166 0.100) h1.00/0.36 g0/0 w a-143/-1 f-143 l-143/-1 as139/120 st7 thr1.00 501:0 s0 k0 d1 f0 t11 m125 player 12: (39.606 -68.238 0.535) h1.00/0.74 g0/0 w a97/2 f97 l97/2 as139/120 st7 thr1.00 501:0 s0 k0 d1 f0 t12 m125 player 13: (39.243 -72.233 0.143) h0.72/0.00 g0/0 w a-68/-8 f-68 l-68/-8 as139/120 st5 thr1.00 501:0 s0 k0 d0 f0 t13 m124 player 14: (97.414 -165.920 0.086) h1.00/0.31 g0/0 w a-50/1 f-50 l-50/1 as139/120 st10 thr1.00 501:0 s0 k0 d0 f0 t14 m124 player 15: (90.189 -161.266 0.139) h0.80/0.00 g0/0 w a92/0 f92 l92/0 as139/120 st6 thr1.00 501:0 s1 k1 d0 f0 t15 m124 player 16: (44.056 -83.139 0.113) h0.27/0.00 g0/0 w a-116/1 f-116 l-116/1 as139/120 st6 thr1.00 501:0 s0 k0 d0 f0 t16 m124 player 17: (40.896 -89.676 0.304) h1.00/0.1
chupathingyce: bots: bot 14 at (97.4 -165.9 0.1) yaw -50 fight, target 8 (seen), shield 0.31, kills 0 deaths 0
chupathingyce: bots: bot 15 at (89.7 -161.3 0.1) yaw 81 fight, target 21 (seen), shield 0.00, kills 1 deaths 0
chupathingyce: bots: bot 16 at (44.8 -83.5 0.4) yaw -122 fight, target 17 (seen), shield 0.00, kills 0 deaths 0
chupathingyce: bots: bot 17 at (40.6 -89.5 0.1) yaw -158 fight, target 30 (seen), shield 0.17, kills 0 deaths 0
chupathingyce: bots: bot 4 inventory slot 0 now weapon 501
chupathingyce: bots: bot 18 at (33.8 -74.2 0.2) yaw 39 fight, target 12 (seen), shield 1.00, kills 0 deaths 0
chupathingyce: network test: tick 1320 player 0: (38.944 -77.670 1.703) h0.09/0.00 g0/0 w a51/-11 f51 l51/-11 as139/120 st4 thr1.00 501:0 s2 k2 d2 f0 t0 m0 player 1: (50.623 -79.387 0.490) h1.00/0.02 riding g0/0 w a54/13 f-0 l57/13 as28/120 st0 thr0.00 501:0 s0 k0 d0 f0 t1 m127 player 2: (86.741 -167.997 0.100) h1.00/0.21 g0/0 w a-54/-7 f-54 l-54/-7 as139/120 st5 thr1.00 501:0 s0 k0 d0 f0 t2 m127 player 3: (92.628 -152.438 0.080) h1.00/0.86 g0/0 w a-110/-6 f-99 l-110/-6 as139/120 st5 thr1.00 501:0 s0 k0 d1 f0 t3 m127 player 4: (85.201 -157.723 -0.023) h1.00/1.00 g0/0 w a-43/-1 f-43 l-43/-1 as139/120 st7 thr1.00 501:0 s1 k1 d2 f0 t4 m127 player 5: (100.993 -148.361 0.059) h0.29/0.87 g0/0 w a-132/-2 f-132 l-132/-2 as139/120 st7 thr1.00 501:0 s0 k0 d0 f0 t5 m126 player 6: (26.885 -77.486 0.941) h1.00/1.00 g0/0 w a26/-7 f29 l26/-7 as140/120 st20 thr1.00 501:0 s0 k0 d1 f0 t6 m126 player 7: (100.617 -157.204 0.143) h1.00/0.86 g0/0 w a-56/-2 f-55 l-56/-2 as139/120 st6 thr1.00 501:0 s0 k0 d1 f0 t7 m126 player 8: (102.361 -170.532 0.227) h0.70/0.00 g0/0 w a-117/5 f-117 l-117/5 as139/120 st5 thr1.00 501:0 s0 k0 d0 f0 t8 m126 player 9: (100.691 -153.692 -0.081) h0.81/1.00 g0/0 w a-89/2 f-89 l-89/2 as139/120 st6 thr1.00 501:0 s0 k0 d0 f0 t9 m125 player 10: (98.352 -151.659 -0.001) h0.42/0.00 g0/0 w a-157/-1 f-157 l-157/-1 as139/120 st5 thr1.00 501:0 s0 k0 d0 f0 t10 m125 player 11: (102.624 -160.134 0.145) h0.97/0.00 g0/0 w a-131/-2 f-131 l-131/-2 as139/120 st7 thr1.00 501:0 s0 k0 d1 f0 t11 m125 player 12: (41.657 -67.595 0.763) h1.00/0.74 g0/0 w a125/-3 f102 l125/-3 as140/120 st20 thr1.00 501:0 s0 k0 d1 f0 t12 m125 player 13: (38.923 -70.591 0.160) h0.58/0.00 g0/0 w a-73/-6 f-73 l-73/-6 as139/120 st5 thr1.00 501:0 s0 k0 d0 f0 t13 m124 player 14: (97.984 -165.484 0.085) h1.00/0.19 g0/0 w a-52/-0 f-52 l-52/-0 as139/120 st7 thr1.00 501:0 s0 k0 d0 f0 t14 m124 player 15: (88.371 -160.810 0.122) h0.80/0.00 g0/0 w a61/-1 f61 l61/-1 as139/120 st6 thr1.00 501:0 s1 k1 d0 f0 t15 m124 player 16: (45.578 -84.095 0.736) h0.27/0.00 g0/0 w a-132/-6 f-119
chupathingyce: bots: bot 19 at (42.3 -73.9 0.1) yaw 137 fight, target 13 (seen), shield 0.42, kills 0 deaths 0
chupathingyce: bots: bot 20 at (95.4 -144.0 0.6) yaw -40 fight, target 5 (seen), shield 1.00, kills 0 deaths 0
chupathingyce: bots: bot 21 at (90.3 -157.8 0.7) yaw -145 fight, target 15 (seen), shield 0.00, kills 0 deaths 0
chupathingyce: bots: bot 22 at (102.0 -175.2 0.5) yaw 83 fight, target 8 (seen), shield 0.19, kills 1 deaths 0
chupathingyce: network test: tick 1350 player 0: (40.030 -75.807 1.783) h0.09/0.00 g0/0 w a79/-16 f79 l79/-16 as139/120 st4 thr1.00 501:0 1dc:60 s2 k2 d2 f0 t0 m0 player 1: (50.623 -79.387 0.490) h0.92/0.00 riding g0/0 w a41/0 f-0 l57/0 as28/120 st0 thr0.00 501:0 s0 k0 d0 f0 t1 m127 player 2: (85.613 -167.760 0.107) h1.00/0.10 g0/0 w a-44/6 f-44 l-44/6 as139/120 st7 thr1.00 501:0 s0 k0 d0 f0 t2 m127 player 3: (93.791 -151.996 0.079) h1.00/0.72 g0/0 w a-136/-2 f-136 l-136/-2 as139/120 st6 thr1.00 501:0 s0 k0 d1 f0 t3 m127 player 4: (85.019 -157.963 -0.022) h1.00/1.00 g0/0 w a3/5 f3 l3/5 as139/120 st7 thr1.00 501:0 s1 k1 d2 f0 t4 m127 player 5: (99.155 -147.725 0.140) h0.29/0.87 g0/0 w a-86/-6 f-86 l-86/-6 as139/120 st5 thr1.00 501:0 s0 k0 d0 f0 t5 m126 player 6: (26.148 -75.424 0.447) h1.00/1.00 g0/0 w a12/1 f12 l12/1 as139/120 st6 thr1.00 501:0 s0 k0 d1 f0 t6 m126 player 7: (102.418 -156.605 0.061) h1.00/0.86 g0/0 w a-82/-1 f-82 l-82/-1 as139/120 st6 thr1.00 501:0 s0 k0 d1 f0 t7 m126 player 8: (103.057 -168.929 0.069) h0.57/0.00 g0/0 w a-98/3 f-98 l-98/3 as139/120 st5 thr1.00 501:0 s0 k0 d0 f0 t8 m126 player 9: (101.112 -153.704 -0.074) h0.81/1.00 g0/0 w a-70/0 f-70 l-70/0 as139/120 st7 thr1.00 501:0 s0 k0 d0 f0 t9 m125 player 10: (99.638 -150.614 0.004) h0.16/0.00 g0/0 w a157/-1 f-155 l157/-1 as139/120 st9 thr1.00 501:0 s0 k0 d0 f0 t10 m125 player 11: (102.881 -160.313 0.136) h0.67/0.00 g0/0 w a-134/-1 f-134 l-134/-1 as139/120 st9 thr1.00 501:0 s0 k0 d1 f0 t11 m125 player 12: (41.291 -67.737 0.603) h1.00/0.74 g0/0 w a118/1 f118 l118/1 as139/120 st6 thr1.00 501:0 s0 k0 d1 f0 t12 m125 player 13: (38.551 -68.945 0.261) h0.43/0.00 g0/0 w a-70/-4 f-70 l-70/-4 as139/120 st5 thr1.00 501:0 s0 k0 d0 f0 t13 m124 player 14: (97.470 -165.779 0.091) h0.96/0.00 g0/0 w a-141/-2 f-141 l-141/-2 as139/120 st7 thr1.00 501:0 s0 k0 d0 f0 t14 m124 player 15: (87.055 -159.390 0.105) h0.80/0.00 g0/0 w a30/4 f30 l30/4 as139/120 st6 thr1.00 501:0 s1 k1 d0 f0 t15 m124 player 16: (46.957 -85.542 -0.019) h0.27/0.00 g0/0 w a-138/1 f-138 l-138/1 as139/120 
chupathingyce: bots: bot 23 at (39.3 -64.3 0.8) yaw -65 fight, target 12 (seen), shield 0.02, kills 3 deaths 0
chupathingyce: bots: bot 24 at (34.5 -94.1 0.2) yaw 13 fight, target 30 (seen), shield 1.00, kills 0 deaths 0
chupathingyce: bots: bot 25 at (54.4 -77.9 0.7) yaw -129 fight, target 16 (seen), shield 1.00, kills 0 deaths 0
chupathingyce: bots: bot 26 at (88.9 -171.7 0.2) yaw 146 fight, target 2 (seen), shield 0.74, kills 0 deaths 0
chupathingyce: network test: tick 1380 player 0: (40.126 -74.958 1.703) h0.09/0.00 g0/0 w a80/-12 f80 l80/-12 as139/120 st5 thr1.00 501:0 1dc:59 s2 k2 d2 f0 t0 m0 player 1: (50.623 -79.387 0.490) h0.75/0.00 riding g0/0 w a37/9 f-0 l57/8 as28/120 st0 thr0.00 501:0 s0 k0 d0 f0 t1 m127 player 2: (84.552 -168.811 0.586) h1.00/0.10 g0/0 w a-36/-7 f-39 l-36/-7 as140/120 st20 thr1.00 501:0 s0 k0 d0 f0 t2 m127 player 3: (93.236 -150.855 0.095) h1.00/0.72 g0/0 w a-148/2 f-148 l-148/2 as139/120 st7 thr1.00 501:0 s0 k0 d1 f0 t3 m127 player 4: (83.918 -157.282 -0.094) h1.00/1.00 g0/0 w a-7/0 f-7 l-7/0 as139/120 st6 thr1.00 501:0 s1 k1 d2 f0 t4 m127 player 5: (98.517 -146.538 0.722) h0.29/0.87 g0/0 w a-76/-12 f-74 l-76/-12 as140/120 st20 thr1.00 501:0 s0 k0 d0 f0 t5 m126 player 6: (26.739 -74.535 1.149) h1.00/1.00 g0/0 w a6/-6 f9 l6/-6 as140/120 st20 thr1.00 501:0 s0 k0 d1 f0 t6 m126 player 7: (101.598 -157.162 0.148) h1.00/0.71 g0/0 w a-42/-2 f-42 l-42/-2 as139/120 st7 thr1.00 501:0 s0 k0 d1 f0 t7 m126 player 8: (104.379 -167.442 0.043) h0.57/0.00 g0/0 w a-111/3 f-111 l-111/3 as139/120 st5 thr1.00 501:0 s0 k0 d0 f0 t8 m126 player 9: (101.417 -153.645 -0.069) h0.81/0.87 g0/0 w a-83/1 f-83 l-83/1 as139/120 st6 thr1.00 501:0 s0 k0 d0 f0 t9 m125 player 10: (99.618 -151.091 -0.017) h0.02/0.00 g0/0 w a102/8 f101 l102/8 as139/120 st7 thr1.00 501:0 s0 k0 d0 f0 t10 m125 player 11: (104.441 -159.315 0.172) h0.67/0.00 g0/0 w a-92/-2 f-92 l-92/-2 as139/120 st5 thr1.00 501:0 s0 k0 d1 f0 t11 m125 player 12: (40.865 -67.954 0.565) h1.00/0.07 g0/0 w a99/2 f101 l99/2 as139/120 st10 thr1.00 501:0 s0 k0 d1 f0 t12 m125 player 13: (37.251 -68.947 0.193) h0.43/0.00 g0/0 w a15/4 f15 l15/4 as139/120 st5 thr1.00 501:0 s0 k0 d0 f0 t13 m124 player 14: (95.790 -164.743 0.736) h0.96/0.00 g0/0 w a-108/-7 f-116 l-108/-7 as140/120 st20 thr1.00 501:0 s0 k0 d0 f0 t14 m124 player 15: (86.247 -159.228 0.095) h0.51/0.00 g0/0 w a17/-1 f17 l17/-1 as139/120 st5 thr1.00 501:0 s1 k1 d0 f0 t15 m124 player 16: (47.215 -85.715 0.500) h0.27/0.00 g0/0 w a-154/-3 f-156 l-154/-3 as140/1
chupathingyce: bots: bot 27 at (87.9 -166.3 0.2) yaw -83 fight, target 26 (seen), shield 0.17, kills 0 deaths 0
chupathingyce: bots: bot 28 at (89.3 -152.5 0.5) yaw 24 fight, target 3 (seen), shield 0.61, kills 1 deaths 0
chupathingyce: bots: bot 29 at (40.5 -75.2 -0.1) yaw 94 fight, target 12 (seen), shield 0.25, kills 0 deaths 0
chupathingyce: bots: bot 30 at (42.5 -92.9 0.1) yaw 141 fight, target 17 (seen), shield 0.86, kills 0 deaths 0
chupathingyce: network test: tick 1410 player 0: (40.007 -75.459 1.783) h0.09/0.18 g0/0 w a93/-12 f93 l93/-12 as139/120 st4 thr1.00 501:0 1dc:58 s2 k2 d2 f0 t0 m0 player 1: (50.623 -79.387 0.490) h0.75/0.00 riding g0/0 w a37/0 f-0 l57/0 as28/120 st0 thr0.00 501:0 s0 k0 d0 f0 t1 m127 player 2: (84.994 -168.438 0.101) h1.00/0.10 g0/0 w a-60/1 f-60 l-60/1 as139/120 st7 thr1.00 501:0 s0 k0 d0 f0 t2 m127 player 3: (93.489 -151.556 0.075) h1.00/0.72 g0/0 w a-176/5 f-176 l-176/5 as139/120 st7 thr1.00 501:0 s0 k0 d1 f0 t3 m127 player 4: (84.883 -155.242 -0.080) h1.00/1.00 g0/0 w a-43/1 f-43 l-43/1 as139/120 st7 thr1.00 501:0 s1 k1 d2 f0 t4 m127 player 5: (98.062 -146.218 0.082) h0.29/0.72 g0/0 w a-53/-4 f-53 l-53/-4 as139/120 st7 thr1.00 501:0 s0 k0 d0 f0 t5 m126 player 6: (28.253 -73.699 0.843) h1.00/1.00 g0/0 w a-1/-5 f-1 l-1/-5 as139/120 st4 thr1.00 501:0 s0 k0 d1 f0 t6 m126 player 7: (101.427 -156.600 0.092) h1.00/0.71 g0/0 w a-12/-1 f-12 l-12/-1 as139/120 st6 thr1.00 501:0 s0 k0 d1 f0 t7 m126 player 8: (106.036 -166.522 0.088) h0.45/0.00 g0/0 w a-132/4 f-132 l-132/4 as139/120 st5 thr1.00 501:0 s0 k0 d0 f0 t8 m126 player 9: (102.978 -153.568 0.476) h0.81/0.87 g0/0 w a-116/-10 f-95 l-116/-10 as140/120 st20 thr1.00 501:0 s0 k0 d0 f0 t9 m125 player 10: (101.421 -150.322 -0.045) h0.02/0.00 g0/0 w a125/-0 f125 l125/-0 as139/120 st7 thr1.00 501:0 s0 k0 d0 f0 t10 m125 player 11: (105.465 -157.369 0.205) h0.67/0.00 g0/0 w a-89/-2 f-89 l-89/-2 as139/120 st5 thr1.00 501:0 s0 k0 d1 f0 t11 m125 player 12: (39.060 -67.996 0.388) h1.00/0.07 g0/0 w a90/4 f90 l90/4 as139/120 st6 thr1.00 501:0 s0 k0 d1 f0 t12 m125 player 13: (36.057 -70.522 0.024) h0.43/0.00 g0/0 w a38/4 f38 l38/4 as139/120 st5 thr1.00 501:0 s0 k0 d0 f0 t13 m124 player 14: (94.728 -164.857 0.133) h0.96/0.00 g0/0 w a-94/4 f-94 l-94/4 as139/120 st7 thr1.00 501:0 s0 k0 d0 f0 t14 m124 player 15: (85.272 -159.977 0.084) h0.36/0.00 g0/0 w a2/-2 f2 l2/-2 as139/120 st5 thr1.00 501:0 s1 k1 d0 f0 t15 m124 player 16: (46.780 -84.101 0.025) h0.27/0.12 g0/0 w a-142/-1 f-156 l-142/-1 as139/120 
chupathingyce: bots: bot 31 at (94.5 -169.1 0.4) yaw 159 fight, target 27 (seen), shield 0.47, kills 0 deaths 0
chupathingyce: network test: tick 1440 player 0: (40.279 -74.733 1.703) h0.09/0.43 g0/0 w a99/-12 f99 l99/-12 as139/120 st5 thr1.00 501:0 1dc:55 s2 k2 d2 f0 t0 m0 player 1: (50.623 -79.387 0.490) h0.75/0.00 riding g0/0 w a37/7 f-0 l57/6 as28/120 st0 thr0.00 501:0 s0 k0 d0 f0 t1 m127 player 2: (83.884 -169.235 0.744) h0.98/0.00 g0/0 w a-30/-7 f-35 l-30/-7 as140/120 st20 thr1.00 501:0 s0 k0 d0 f0 t2 m127 player 3: (93.360 -150.604 0.529) h1.00/0.72 g0/0 w a-143/-4 f-142 l-143/-4 as140/120 st20 thr1.00 501:0 s0 k0 d1 f0 t3 m127 player 4: (84.060 -156.692 -0.095) h1.00/1.00 g0/0 w a-15/1 f-15 l-15/1 as139/120 st7 thr1.00 501:0 s1 k1 d2 f0 t4 m127 player 5: (98.049 -146.191 0.688) h0.29/0.72 g0/0 w a-63/-9 f-50 l-63/-9 as140/120 st20 thr1.00 501:0 s0 k0 d0 f0 t5 m126 player 6: (28.995 -71.825 1.129) h1.00/1.00 g0/0 w a-11/-7 f-11 l-11/-7 as139/120 st6 thr1.00 501:0 s0 k0 d1 f0 t6 m126 player 7: (101.831 -154.647 -0.068) h1.00/0.57 g0/0 w a-23/1 f-23 l-23/1 as139/120 st5 thr1.00 501:0 s0 k0 d1 f0 t7 m126 player 8: (107.951 -165.951 0.081) h0.45/0.00 g0/0 w a-138/2 f-138 l-138/2 as139/120 st5 thr1.00 501:0 s0 k0 d0 f0 t8 m126 player 9: (103.961 -152.621 0.071) h0.81/0.87 g0/0 w a-134/-6 f-134 l-134/-6 as139/120 st5 thr1.00 501:0 s0 k0 d0 f0 t9 m125 player 10: (100.479 -151.106 -0.048) h0.02/0.00 g0/0 w a118/7 f118 l118/7 as139/120 st6 thr1.00 501:0 s0 k0 d0 f0 t10 m125 player 11: (104.623 -155.832 0.138) h0.55/0.00 g0/0 w a166/-8 f-122 l180/-8 as139/120 st5 thr1.00 501:0 s0 k0 d1 f0 t11 m125 player 12: (39.653 -67.685 0.471) h0.84/0.00 g0/0 w a121/0 f121 l121/0 as139/120 st7 thr1.00 501:0 s0 k0 d1 f0 t12 m125 player 13: (35.366 -71.795 0.040) h0.43/0.00 g0/0 w a-41/-2 f-31 l-41/-2 as139/120 st5 thr1.00 501:0 s0 k0 d0 f0 t13 m124 player 14: (93.351 -164.951 0.368) h0.96/0.00 g0/0 w a-88/-3 f-88 l-88/-3 as140/120 st20 thr1.00 501:0 s0 k0 d0 f0 t14 m124 player 15: (83.740 -159.723 -0.001) h0.36/0.00 g0/0 w a83/-4 f83 l83/-4 as139/120 st5 thr1.00 501:0 s1 k1 d0 f0 t15 m124 player 16: (47.537 -82.251 0.059) h0.27/0.37 g0/0 w a-141/-1 f-14
chupathingyce: network test: tick 1470 player 0: (40.281 -75.915 1.783) h0.09/0.68 g0/0 w a89/-9 f89 l89/-9 as139/120 st4 thr1.00 501:0 1dc:54 s2 k2 d2 f0 t0 m0 player 1: (50.623 -79.387 0.490) h0.61/0.00 riding g0/0 w a37/2 f-0 l57/2 as28/120 st0 thr0.00 501:0 s0 k0 d0 f0 t1 m127 player 2: (83.297 -170.182 0.125) h0.84/0.00 g0/0 w a-1/5 f-1 l-1/5 as139/120 st7 thr1.00 501:0 s0 k0 d0 f0 t2 m127 player 3: (94.118 -151.804 0.223) h1.00/0.72 g0/0 w a-165/-1 f-142 l-165/-1 as140/120 st20 thr1.00 501:0 s0 k0 d1 f0 t3 m127 player 4: (82.497 -157.389 -0.116) h1.00/0.86 g0/0 w a-66/0 f-66 l-66/0 as139/120 st7 thr1.00 501:0 s1 k1 d2 f0 t4 m127 player 5: (98.044 -145.922 0.079) h0.29/0.58 g0/0 w a-61/-3 f-61 l-61/-3 as139/120 st7 thr1.00 501:0 s0 k0 d0 f0 t5 m126 player 6: (29.663 -69.783 0.469) h1.00/1.00 g0/0 w a-23/1 f-23 l-23/1 as139/120 st7 thr1.00 501:0 s0 k0 d1 f0 t6 m126 player 7: (102.138 -153.596 -0.051) h1.00/0.32 g0/0 w a-26/0 f-26 l-26/0 as139/120 st7 thr1.00 501:0 s0 k0 d1 f0 t7 m126 player 8: (108.854 -165.682 0.070) h0.45/0.00 g0/0 w a-147/1 f-147 l-147/1 as139/120 st6 thr1.00 501:0 s0 k0 d0 f0 t8 m126 player 9: (104.634 -151.225 0.120) h0.81/0.87 g0/0 w a-138/-6 f-138 l-138/-6 as139/120 st7 thr1.00 501:0 s0 k0 d0 f0 t9 m125 player 10: (100.743 -150.853 -0.046) h0.02/0.00 g0/0 w a-45/-4 f34 l-25/-4 as139/120 st5 thr1.00 501:0 s0 k0 d0 f0 t10 m125 player 11: (106.567 -155.751 0.175) h0.29/0.00 g0/0 w a152/-4 f150 l152/-4 as139/120 st9 thr1.00 501:0 s0 k0 d1 f0 t11 m125 player 12: (40.999 -66.616 0.701) h0.34/0.00 g0/0 w a166/5 f166 l166/5 as139/120 st5 thr1.00 501:0 s0 k0 d1 f0 t12 m125 player 13: (34.510 -72.503 0.241) h0.31/0.00 g0/0 w a-18/6 f-18 l-18/6 as139/120 st6 thr1.00 501:0 s0 k0 d0 f0 t13 m124 player 14: (91.468 -165.510 0.382) h0.96/0.00 g0/0 w a-61/-5 f-88 l-61/-5 as140/120 st20 thr1.00 501:0 s0 k0 d0 f0 t14 m124 player 15: (84.469 -161.407 0.098) h0.36/0.00 g0/0 w a115/-5 f115 l115/-5 as139/120 st5 thr1.00 501:0 s1 k1 d0 f0 t15 m124 player 16: (48.153 -81.064 0.085) h0.27/0.62 g0/0 w a33/-1 f4 l33/-1 as139/1
chupathingyce: network test: tick 1500 player 0: (40.367 -74.770 1.703) h0.09/0.93 g0/0 w a80/-6 f80 l80/-6 as139/120 st5 thr1.00 501:0 1dc:52 s2 k2 d2 f0 t0 m0 player 1: (50.623 -79.387 0.490) h0.48/0.00 riding g0/0 w a37/2 f-0 l57/1 as28/120 st0 thr0.00 501:0 s0 k0 d0 f0 t1 m127 player 2: (83.649 -171.749 0.136) h0.84/0.00 g0/0 w a23/-1 f23 l23/-1 as139/120 st6 thr1.00 501:0 s0 k0 d0 f0 t2 m127 player 3: (94.652 -153.900 0.363) h1.00/0.72 g0/0 w a-168/-3 f-168 l-168/-3 as140/120 st20 thr1.00 501:0 s0 k0 d1 f0 t3 m127 player 4: (80.552 -158.709 -0.041) h1.00/0.86 g0/0 w a-48/-0 f-48 l-48/-0 as139/120 st7 thr1.00 501:0 s1 k1 d2 f0 t4 m127 player 5: (97.113 -144.953 0.029) h0.29/0.44 g0/0 w a-162/8 f-162 l-162/8 as139/120 st7 thr1.00 501:0 s1 k1 d0 f0 t5 m126 player 6: (29.844 -70.541 0.822) h1.00/1.00 g0/0 w a-15/-5 f-15 l-15/-5 as139/120 st6 thr1.00 501:0 s0 k0 d1 f0 t6 m126 player 7: (101.455 -155.569 -0.018) h1.00/0.20 g0/0 w a-12/-0 f-12 l-12/-0 as139/120 st7 thr1.00 501:0 s0 k0 d1 f0 t7 m126 player 8: (109.561 -167.423 0.116) h0.45/0.00 g0/0 w a-168/-1 f-168 l-168/-1 as139/120 st7 thr1.00 501:0 s0 k0 d0 f0 t8 m126 player 9: (105.534 -151.850 0.160) h0.81/0.87 g0/0 w a-137/-4 f-137 l-137/-4 as139/120 st6 thr1.00 501:0 s0 k0 d0 f0 t9 m125 player 10: dead s0 k0 d1 f0 t10 m125 player 11: (108.097 -157.078 0.120) h0.29/0.00 g0/0 w a165/-2 f165 l165/-2 as139/120 st5 thr1.00 501:0 s0 k0 d1 f0 t11 m125 player 12: (42.976 -66.285 0.769) h0.34/0.00 g0/0 w a-179/-4 f-179 l-179/-4 as139/120 st5 thr1.00 501:0 s0 k0 d1 f0 t12 m125 player 13: (34.973 -71.011 0.826) h0.31/0.00 g0/0 w a-26/-10 f-17 l-26/-10 as140/120 st20 thr1.00 501:0 s0 k0 d0 f0 t13 m124 player 14: (92.205 -165.429 0.481) h0.96/0.00 g0/0 w a-90/-5 f-85 l-90/-5 as140/120 st20 thr1.00 501:0 s0 k0 d0 f0 t14 m124 player 15: (84.709 -163.049 0.105) h0.09/0.00 g0/0 w a131/-4 f131 l131/-4 as139/120 st5 thr1.00 501:0 s1 k1 d0 f0 t15 m124 player 16: (46.763 -82.162 0.071) h0.27/0.87 g0/0 w a34/0 f34 l34/0 as139/120 st5 thr1.00 501:0 s0 k0 d0 f0 t16 m124 player 17: (34.564 -88.26
chupathingyce: bots: bot 1 at (50.6 -79.6 0.6) yaw 37 vehicle, target 25 (seen), shield 0.00, kills 0 deaths 0
chupathingyce: bots: bot 2 at (83.5 -171.4 0.1) yaw 24 fight, target 26 (seen), shield 0.00, kills 0 deaths 0
chupathingyce: bots: bot 3 at (94.8 -154.4 0.9) yaw 177 fight, target 28 (seen), shield 0.72, kills 0 deaths 1
chupathingyce: bots: bot 4 at (79.6 -159.7 0.6) yaw -30 fight, target 15 (seen), shield 0.86, kills 1 deaths 2
chupathingyce: bots: bot 5 at (96.5 -143.2 0.0) yaw -161 fight, target 20 (seen), shield 0.44, kills 1 deaths 0
chupathingyce: network test: tick 1530 player 0: (39.378 -76.325 1.783) h0.09/1.00 g0/0 w a92/-16 f85 l92/-16 as139/120 st6 thr1.00 501:0 1dc:52 s2 k2 d2 f0 t0 m0 player 1: dead s0 k0 d1 f0 t1 m127 player 2: (83.278 -170.875 0.128) h0.84/0.00 g0/0 w a28/-2 f28 l28/-2 as139/120 st7 thr1.00 501:0 s0 k0 d0 f0 t2 m127 player 3: (94.880 -154.330 0.562) h1.00/0.62 g0/0 w a168/-5 f-168 l168/-5 as140/120 st20 thr1.00 501:0 s0 k0 d1 f0 t3 m127 player 4: (79.324 -160.048 0.626) h1.00/0.86 g0/0 w a-31/-5 f-37 l-31/-5 as140/120 st20 thr1.00 501:0 s1 k1 d2 f0 t4 m127 player 5: (96.512 -143.121 0.001) h0.29/0.44 g0/0 w a-161/13 f-161 l-161/13 as139/120 st6 thr1.00 501:0 s1 k1 d0 f0 t5 m126 player 6: (30.078 -69.632 0.479) h1.00/1.00 g0/0 w a-22/-3 f-22 l-22/-3 as139/120 st6 thr1.00 501:0 s0 k0 d1 f0 t6 m126 player 7: (101.193 -157.052 0.149) h1.00/0.07 g0/0 w a-14/-2 f-14 l-14/-2 as139/120 st10 thr1.00 501:0 s0 k0 d1 f0 t7 m126 player 8: (109.335 -165.913 0.061) h0.31/0.00 g0/0 w a-165/-1 f-165 l-165/-1 as139/120 st7 thr1.00 501:0 s0 k0 d0 f0 t8 m126 player 9: (106.804 -153.392 0.501) h0.81/0.87 g0/0 w a-145/-3 f-143 l-145/-3 as140/120 st20 thr1.00 501:0 s0 k0 d0 f0 t9 m125 player 10: dead s0 k0 d1 f0 t10 m125 player 11: (108.019 -158.930 0.055) h0.29/0.00 g0/0 w a166/-1 f166 l166/-1 as139/120 st6 thr1.00 501:0 s0 k0 d1 f0 t11 m125 player 12: (44.859 -67.154 0.645) h0.21/0.00 g0/0 w a-177/-3 f-177 l-177/-3 as139/120 st5 thr1.00 501:0 s0 k0 d1 f0 t12 m125 player 13: (35.514 -69.830 0.065) h0.18/0.00 g0/0 w a27/0 f-17 l27/0 as139/120 st7 thr1.00 501:0 s0 k0 d0 f0 t13 m124 player 14: (94.113 -165.804 0.175) h0.96/0.05 g0/0 w a-130/-3 f-85 l-130/-3 as140/120 st20 thr1.00 501:0 s0 k0 d0 f0 t14 m124 player 15: (85.413 -163.919 0.114) h0.09/0.00 g0/0 w a149/3 f149 l149/3 as139/120 st6 thr1.00 501:0 s1 k1 d0 f0 t15 m124 player 16: (46.014 -82.143 0.089) h0.27/1.00 g0/0 w a51/1 f39 l51/1 as139/120 st4 thr1.00 501:0 s1 k1 d0 f0 t16 m124 player 17: (33.790 -86.793 -0.051) h0.59/0.00 g0/0 w a-65/-1 f-65 l-65/-1 as139/120 st5 thr1.00 501:0 s0 k0 d0 f0 t
chupathingyce: bots: bot 6 at (30.0 -69.7 0.5) yaw -23 fight, target 18 (seen), shield 1.00, kills 0 deaths 1
chupathingyce: bots: bot 7 at (101.4 -156.4 0.1) yaw -27 fight, target 11 (seen), shield 0.07, kills 0 deaths 1
chupathingyce: bots: bot 8 at (108.9 -164.7 0.1) yaw -149 fight, target 22 (seen), shield 0.00, kills 0 deaths 0
chupathingyce: bots: bot 9 at (107.5 -155.0 0.4) yaw -173 fight, target 7 (seen), shield 0.95, kills 0 deaths 0
chupathingyce: network test: tick 1560 player 0: (38.086 -75.413 1.703) h0.09/1.00 g0/0 w a110/-16 f110 l110/-16 as139/120 st4 thr1.00 501:0 1dc:52 s2 k2 d2 f0 t0 m0 player 1: dead s0 k0 d1 f0 t1 m127 player 2: (84.442 -172.484 0.176) h0.84/0.00 g0/0 w a48/2 f48 l48/2 as139/120 st7 thr1.00 501:0 s0 k0 d0 f0 t2 m127 player 3: (95.295 -152.739 0.100) h1.00/0.62 g0/0 w a173/2 f173 l173/2 as139/120 st7 thr1.00 501:0 s0 k0 d1 f0 t3 m127 player 4: (79.266 -159.683 0.038) h1.00/0.86 g0/0 w a-24/-1 f-24 l-24/-1 as139/120 st6 thr1.00 501:0 s1 k1 d2 f0 t4 m127 player 5: (96.399 -142.687 0.512) h0.29/0.17 g0/0 w a175/-4 f-166 l175/-4 as140/120 st20 thr1.00 501:0 s1 k1 d0 f0 t5 m126 player 6: (30.200 -69.211 0.459) h1.00/1.00 g0/0 w a-26/-3 f-26 l-26/-3 as139/120 st7 thr1.00 501:0 s0 k0 d1 f0 t6 m126 player 7: (102.191 -155.338 -0.049) h1.00/0.07 g0/0 w a-42/-0 f-42 l-42/-0 as139/120 st6 thr1.00 501:0 s0 k0 d1 f0 t7 m126 player 8: (108.491 -164.126 0.102) h0.31/0.00 g0/0 w a-143/-1 f-143 l-143/-1 as139/120 st6 thr1.00 501:0 s0 k0 d0 f0 t8 m126 player 9: (107.527 -155.205 0.195) h0.81/0.99 g0/0 w a-176/-5 f-143 l-176/-5 as140/120 st20 thr1.00 501:0 s0 k0 d0 f0 t9 m125 player 10: dead s0 k0 d1 f0 t10 m125 player 11: (107.601 -160.092 0.018) h0.29/0.00 g0/0 w a140/-1 f140 l140/-1 as139/120 st7 thr1.00 501:0 s0 k0 d1 f0 t11 m125 player 12: (46.784 -66.266 0.891) h0.21/0.00 g0/0 w a179/-3 f179 l179/-3 as139/120 st5 thr1.00 501:0 s0 k0 d1 f0 t12 m125 player 13: (36.202 -70.863 0.671) h0.18/0.00 g0/0 w a93/-5 f93 l93/-5 as140/120 st20 thr1.00 501:0 s0 k0 d0 f0 t13 m124 player 14: (94.052 -165.568 0.102) h0.96/0.15 g0/0 w a-114/-2 f-114 l-114/-2 as139/120 st10 thr1.00 501:0 s0 k0 d0 f0 t14 m124 player 15: (85.944 -162.817 0.120) h0.09/0.00 g0/0 w a154/-2 f154 l154/-2 as139/120 st7 thr1.00 501:0 s1 k1 d0 f0 t15 m124 player 16: (46.861 -80.486 0.103) h0.27/1.00 g0/0 w a66/-2 f79 l66/-2 as139/120 st6 thr1.00 501:0 s1 k1 d0 f0 t16 m124 player 17: (33.141 -85.226 -0.041) h0.47/0.00 g0/0 w a-70/-0 f-70 l-70/-0 as139/120 st5 thr1.00 501:0 s0 k0 d0 f0 t1
chupathingyce: bots: bot 11 at (108.1 -159.5 0.0) yaw 140 fight, target 7 (seen), shield 0.00, kills 0 deaths 1
chupathingyce: bots: bot 12 at (47.8 -66.9 0.7) yaw 171 retreat, target 23 (seen), shield 0.00, kills 0 deaths 1
chupathingyce: bots: bot 10 inventory slot 0 now weapon 501
chupathingyce: bots: bot 13 at (36.5 -71.2 0.1) yaw -27 fight, target 18 (seen), shield 0.00, kills 0 deaths 0
chupathingyce: network test: tick 1590 player 0: (37.312 -73.301 1.017) h0.09/1.00 g0/0 w a110/-23 f110 l110/-23 as140/120 st20 thr1.00 501:0 1dc:51 s2 k2 d2 f0 t0 m0 player 1: dead s0 k0 d1 f0 t1 m127 player 2: (86.191 -173.415 0.287) h0.84/0.00 g0/0 w a74/-3 f74 l74/-3 as139/120 st7 thr1.00 501:0 s0 k0 d0 f0 t2 m127 player 3: (95.511 -153.535 0.702) h1.00/0.62 g0/0 w a-176/-6 f-171 l-176/-6 as140/120 st20 thr1.00 501:0 s0 k0 d1 f0 t3 m127 player 4: (80.313 -157.572 0.236) h1.00/0.86 g0/0 w a-28/-1 f-28 l-28/-1 as140/120 st20 thr1.00 501:0 s1 k1 d2 f0 t4 m127 player 5: (97.097 -143.569 0.019) h0.29/0.17 g0/0 w a140/2 f140 l140/2 as139/120 st5 thr1.00 501:0 s1 k1 d0 f0 t5 m126 player 6: (29.618 -71.114 1.031) h1.00/1.00 g0/0 w a-9/-6 f-9 l-9/-6 as139/120 st7 thr1.00 501:0 s0 k0 d1 f0 t6 m126 player 7: (103.640 -153.686 0.046) h1.00/0.07 g0/0 w a-40/-2 f-40 l-40/-2 as139/120 st6 thr1.00 501:0 s0 k0 d1 f0 t7 m126 player 8: (108.870 -164.510 0.102) h0.31/0.00 g0/0 w a-136/1 f-136 l-136/1 as139/120 st7 thr1.00 501:0 s0 k0 d0 f0 t8 m126 player 9: (107.784 -154.072 0.402) h0.81/1.00 g0/0 w a176/-5 f176 l176/-5 as140/120 st20 thr1.00 501:0 s0 k0 d0 f0 t9 m125 player 10: (29.513 -81.149 0.145) h1.00/1.00 g0/0 w a-55/-4 f-55 l-55/-4 as139/120 st6 thr1.00 501:0 s0 k0 d1 f0 t10 m125 player 11: (109.046 -158.433 0.039) h0.29/0.00 g0/0 w a139/-1 f139 l139/-1 as139/120 st7 thr1.00 501:0 s0 k0 d1 f0 t11 m125 player 12: (48.518 -67.218 0.644) h0.21/0.00 g0/0 w a-75/-3 f-113 l-75/-3 as139/120 st5 thr1.00 501:0 s0 k0 d1 f0 t12 m125 player 13: (36.163 -71.056 0.038) h0.05/0.00 g0/0 w a-28/-2 f3 l-28/-2 as139/120 st9 thr1.00 501:0 s0 k0 d0 f0 t13 m124 player 14: (95.519 -166.728 0.117) h0.96/0.15 g0/0 w a-139/-1 f-139 l-139/-1 as139/120 st6 thr1.00 501:0 s0 k0 d0 f0 t14 m124 player 15: (86.814 -161.061 0.112) h0.09/0.00 g0/0 w a152/-1 f152 l152/-1 as139/120 st7 thr1.00 501:0 s1 k1 d0 f0 t15 m124 player 16: (45.912 -78.779 0.134) h0.27/1.00 g0/0 w a26/-1 f26 l26/-1 as139/120 st6 thr1.00 501:0 s1 k1 d0 f0 t16 m124 player 17: (32.299 -85.394 -0.012)
chupathingyce: bots: bot 14 at (95.6 -166.8 0.1) yaw -140 fight, target 31 (seen), shield 0.15, kills 0 deaths 0
chupathingyce: bots: bot 15 at (87.1 -160.6 0.1) yaw 150 fight, target 4 (seen), shield 0.00, kills 1 deaths 0
chupathingyce: bots: bot 16 at (45.8 -77.9 0.1) yaw 26 fight, target 25 (seen), shield 1.00, kills 1 deaths 0
chupathingyce: bots: bot 17 at (32.1 -85.5 -0.0) yaw -80 fight, target 24 (seen), shield 0.00, kills 0 deaths 0
chupathingyce: bots: bot 18 at (39.6 -73.5 0.1) yaw 151 retreat, target 0 (seen), shield 0.00, kills 1 deaths 0
chupathingyce: network test: tick 1620 player 0: (36.107 -71.485 0.051) h0.09/1.00 g0/0 w a84/5 f96 l84/5 as139/120 st4 thr1.00 501:0 1dc:48 s2 k2 d2 f0 t0 m0 player 1: dead s0 k0 d1 f0 t1 m127 player 2: (86.312 -173.985 0.356) h0.70/0.00 g0/0 w a32/-6 f32 l32/-6 as139/120 st5 thr1.00 501:0 s0 k0 d0 f0 t2 m127 player 3: (95.256 -155.617 -0.144) h1.00/0.62 g0/0 w a99/2 f-171 l119/2 as139/120 st4 thr1.00 501:0 s0 k0 d1 f0 t3 m127 player 4: (81.129 -155.784 0.143) h1.00/0.86 g0/0 w a-103/-3 f-28 l-98/-3 as140/120 st20 thr1.00 501:0 s1 k1 d2 f0 t4 m127 player 5: (97.322 -145.505 0.043) h0.29/0.17 g0/0 w a121/2 f121 l121/2 as139/120 st5 thr1.00 501:0 s1 k1 d0 f0 t5 m126 player 6: (29.492 -73.139 1.136) h1.00/1.00 g0/0 w a-4/-7 f-4 l-4/-7 as139/120 st4 thr1.00 501:0 s0 k0 d1 f0 t6 m126 player 7: (104.484 -151.782 0.108) h1.00/0.07 g0/0 w a-5/3 f-5 l-5/3 as139/120 st6 thr1.00 501:0 s0 k0 d1 f0 t7 m126 player 8: (107.283 -163.307 0.056) h0.31/0.00 g0/0 w a-123/1 f-123 l-123/1 as139/120 st7 thr1.00 501:0 s0 k0 d0 f0 t8 m126 player 9: (107.922 -152.077 0.309) h0.81/1.00 g0/0 w a176/-8 f176 l176/-8 as140/120 st20 thr1.00 501:0 s0 k0 d0 f0 t9 m125 player 10: (30.112 -80.793 0.564) h1.00/1.00 g0/0 w a-63/-7 f-71 l-63/-7 as140/120 st20 thr1.00 501:0 s0 k0 d1 f0 t10 m125 player 11: (108.786 -158.504 0.034) h0.29/0.00 g0/0 w a125/-0 f125 l125/-0 as139/120 st6 thr1.00 501:0 s0 k0 d1 f0 t11 m125 player 12: (48.248 -65.759 0.974) h0.21/0.00 g0/0 w a-77/-5 f-77 l-77/-5 as139/120 st6 thr1.00 501:0 s0 k0 d1 f0 t12 m125 player 13: dead s0 k0 d1 f0 t13 m124 player 14: (96.669 -168.250 0.720) h0.96/0.15 g0/0 w a-151/-5 f-140 l-151/-5 as140/120 st20 thr1.00 501:0 s0 k0 d0 f0 t14 m124 player 15: (87.868 -159.481 0.762) h0.09/0.00 g0/0 w a113/-10 f116 l113/-10 as140/120 st20 thr1.00 501:0 s1 k1 d0 f0 t15 m124 player 16: (45.411 -77.210 0.378) h0.27/1.00 g0/0 w a30/-2 f30 l30/-2 as140/120 st20 thr1.00 501:0 s1 k1 d0 f0 t16 m124 player 17: (32.587 -85.433 -0.021) h0.32/0.00 g0/0 w a-84/4 f-84 l-84/4 as139/120 st6 thr1.00 501:0 s0 k0 d0 f0 t17 m123 player 1
chupathingyce: bots: bot 19 at (41.9 -69.0 0.4) yaw -116 fight, target 18 (seen), shield 0.73, kills 0 deaths 0
chupathingyce: bots: bot 20 at (93.2 -140.5 1.0) yaw -54 fight, target 5 (seen), shield 1.00, kills 0 deaths 0
chupathingyce: bots: bot 1 inventory slot 0 now weapon 501
chupathingyce: bots: bot 21 at (85.5 -153.3 -0.1) yaw -4 fight, target 28 (seen), shield 0.66, kills 0 deaths 0
chupathingyce: bots: bot 22 at (100.4 -170.3 0.2) yaw 52 fight, target 8 (seen), shield 1.00, kills 1 deaths 0
chupathingyce: network test: tick 1650 player 0: (35.600 -69.477 0.102) h0.09/1.00 g0/0 w a99/6 f99 l99/6 as139/120 st4 thr1.00 501:0 1dc:47 s2 k2 d2 f0 t0 m0 player 1: (51.444 -81.843 0.103) h1.00/1.00 g0/0 w a140/1 f140 l140/1 as139/120 st6 thr1.00 501:0 s0 k0 d1 f0 t1 m127 player 2: (84.689 -174.648 0.374) h0.70/0.00 g0/0 w a33/-3 f33 l33/-3 as139/120 st5 thr1.00 501:0 s0 k0 d0 f0 t2 m127 player 3: (95.253 -154.542 0.056) h1.00/0.62 g0/0 w a103/2 f103 l103/2 as139/120 st4 thr1.00 501:0 s0 k0 d1 f0 t3 m127 player 4: (79.496 -155.149 -0.019) h1.00/1.00 g0/0 w a-84/-1 f-84 l-84/-1 as139/120 st7 thr1.00 501:0 s1 k1 d2 f0 t4 m127 player 5: (97.564 -147.448 0.065) h0.29/0.17 g0/0 w a129/5 f129 l129/5 as139/120 st5 thr1.00 501:0 s1 k1 d0 f0 t5 m126 player 6: (30.302 -72.488 1.124) h1.00/1.00 g0/0 w a-6/-7 f-6 l-6/-7 as139/120 st6 thr1.00 501:0 s0 k0 d1 f0 t6 m126 player 7: (104.720 -149.595 0.723) h1.00/0.07 g0/0 w a-8/-14 f-5 l-8/-14 as140/120 st20 thr1.00 501:0 s0 k0 d1 f0 t7 m126 player 8: (107.006 -162.306 0.025) h0.18/0.00 g0/0 w a-129/1 f-129 l-129/1 as139/120 st9 thr1.00 501:0 s0 k0 d0 f0 t8 m126 player 9: (108.139 -150.089 0.061) h0.81/1.00 g0/0 w a173/9 f173 l173/9 as139/120 st7 thr1.00 501:0 s0 k0 d0 f0 t9 m125 player 10: (29.036 -81.257 0.187) h1.00/1.00 g0/0 w a-38/-3 f-60 l-38/-3 as139/120 st6 thr1.00 501:0 s0 k0 d1 f0 t10 m125 player 11: (109.171 -158.412 0.041) h0.29/0.03 g0/0 w a117/4 f117 l117/4 as139/120 st7 thr1.00 501:0 s0 k0 d1 f0 t11 m125 player 12: (47.702 -65.752 0.990) h0.21/0.00 g0/0 w a-84/-6 f-84 l-84/-6 as139/120 st7 thr1.00 501:0 s0 k0 d1 f0 t12 m125 player 13: dead s0 k0 d1 f0 t13 m124 player 14: (96.738 -167.961 0.194) h0.96/0.15 g0/0 w a-157/-2 f-157 l-157/-2 as139/120 st7 thr1.00 501:0 s0 k0 d0 f0 t14 m124 player 15: (89.028 -158.708 0.121) h0.09/0.00 g0/0 w a120/-3 f120 l120/-3 as139/120 st6 thr1.00 501:0 s1 k1 d0 f0 t15 m124 player 16: (45.273 -76.923 0.393) h0.27/1.00 g0/0 w a22/-7 f30 l22/-7 as140/120 st20 thr1.00 501:0 s1 k1 d0 f0 t16 m124 player 17: (34.489 -85.441 -0.084) h0.18/0.00 g0/0 w 
chupathingyce: bots: bot 23 at (34.5 -60.9 1.0) yaw -83 retreat, target 0 (seen), shield 0.00, kills 3 deaths 0
chupathingyce: bots: bot 24 at (34.4 -95.3 0.3) yaw 85 fight, target 17 (seen), shield 1.00, kills 0 deaths 0
chupathingyce: bots: bot 25 at (49.3 -76.3 0.2) yaw -161 fight, target 16 (seen), shield 1.00, kills 0 deaths 0
chupathingyce: bots: bot 26 at (87.5 -162.6 0.1) yaw -63 retreat, target 31 (seen), shield 0.00, kills 0 deaths 0
chupathingyce: network test: tick 1680 player 0: (35.871 -67.495 0.257) h0.09/1.00 g0/0 w a95/5 f95 l95/5 as139/120 st4 thr1.00 501:0 1dc:44 s3 k3 d2 f0 t0 m0 player 1: (49.907 -83.358 0.059) h1.00/1.00 g0/0 w a130/-1 f130 l130/-1 as139/120 st6 thr1.00 501:0 s0 k0 d1 f0 t1 m127 player 2: (83.155 -175.570 0.397) h0.70/0.00 g0/0 w a40/-2 f40 l40/-2 as139/120 st5 thr1.00 501:0 s0 k0 d0 f0 t2 m127 player 3: (96.739 -153.802 0.786) h1.00/0.62 g0/0 w a178/-4 f-177 l178/-4 as140/120 st20 thr1.00 501:0 s0 k0 d1 f0 t3 m127 player 4: (77.405 -156.157 0.661) h1.00/1.00 g0/0 w a-35/-9 f-61 l-35/-9 as140/120 st20 thr1.00 501:0 s1 k1 d2 f0 t4 m127 player 5: (98.053 -149.345 0.094) h0.29/0.17 g0/0 w a136/4 f136 l136/4 as139/120 st5 thr1.00 501:0 s1 k1 d0 f0 t5 m126 player 6: (30.125 -71.768 1.183) h1.00/1.00 g0/0 w a35/-8 f35 l35/-8 as139/120 st7 thr1.00 501:0 s0 k0 d1 f0 t6 m126 player 7: (105.155 -147.452 0.422) h1.00/0.07 g0/0 w a-17/0 f-17 l-17/0 as139/120 st6 thr1.00 501:0 s0 k0 d1 f0 t7 m126 player 8: (108.833 -161.667 -0.002) h0.18/0.00 g0/0 w a-133/-0 f-133 l-133/-0 as139/120 st5 thr1.00 501:0 s0 k0 d0 f0 t8 m126 player 9: (108.359 -148.546 0.503) h0.81/0.86 g0/0 w a162/-6 f172 l162/-6 as140/120 st20 thr1.00 501:0 s0 k0 d0 f0 t9 m125 player 10: (30.313 -79.714 0.046) h1.00/1.00 g0/0 w a-45/-2 f-45 l-45/-2 as139/120 st6 thr1.00 501:0 s0 k0 d1 f0 t10 m125 player 11: (109.791 -156.394 0.715) h0.29/0.28 g0/0 w a119/-2 f119 l119/-2 as140/120 st20 thr1.00 501:0 s0 k0 d1 f0 t11 m125 player 12: (48.211 -66.678 0.773) h0.21/0.00 g0/0 w a-84/-4 f-84 l-84/-4 as139/120 st6 thr1.00 501:0 s0 k0 d1 f0 t12 m125 player 13: dead s0 k0 d1 f0 t13 m124 player 14: (96.546 -167.642 0.177) h0.96/0.15 g0/0 w a-162/-2 f-162 l-162/-2 as139/120 st6 thr1.00 501:0 s0 k0 d0 f0 t14 m124 player 15: (88.154 -159.122 0.111) h0.09/0.06 g0/0 w a115/-2 f115 l115/-2 as139/120 st7 thr1.00 501:0 s1 k1 d0 f0 t15 m124 player 16: (45.958 -78.210 0.134) h0.27/0.87 g0/0 w a36/-1 f35 l36/-1 as139/120 st11 thr1.00 501:0 s1 k1 d0 f0 t16 m124 player 17: (35.896 -85.540 -0.075) h0.18
chupathingyce: bots: bot 27 at (82.0 -159.1 -0.0) yaw 151 fight, target 4 (seen), shield 0.77, kills 0 deaths 0
chupathingyce: bots: bot 28 at (92.3 -155.1 0.1) yaw 41 fight, target 5 (seen), shield 0.00, kills 1 deaths 0
chupathingyce: bots: bot 29 at (40.6 -72.9 0.2) yaw 79 fight, target 19 (seen), shield 0.60, kills 1 deaths 0
chupathingyce: bots: bot 30 at (42.1 -85.0 0.1) yaw -179 fight, target 17 (seen), shield 0.28, kills 0 deaths 0
chupathingyce: network test: tick 1710 player 0: (36.175 -65.641 0.446) h0.09/1.00 g0/0 w a-8/-16 f-8 l-8/-16 as139/120 st4 thr1.00 501:0 1dc:43 s3 k3 d2 f0 t0 m0 player 1: (47.965 -84.362 0.537) h1.00/1.00 g0/0 w a109/-6 f127 l109/-6 as140/120 st20 thr1.00 501:0 s0 k0 d1 f0 t1 m127 player 2: (81.906 -176.800 0.473) h0.70/0.00 g0/0 w a36/-2 f36 l36/-2 as139/120 st5 thr1.00 501:0 s0 k0 d0 f0 t2 m127 player 3: (97.415 -153.465 0.079) h1.00/0.72 g0/0 w a64/-4 f116 l64/-4 as139/120 st5 thr1.00 501:0 s0 k0 d1 f0 t3 m127 player 4: (76.446 -158.111 0.211) h1.00/1.00 g0/0 w a5/2 f5 l5/2 as139/120 st7 thr1.00 501:0 s1 k1 d2 f0 t4 m127 player 5: (98.708 -150.756 0.028) h0.29/0.17 g0/0 w a-116/-2 f-131 l-116/-2 as139/120 st5 thr1.00 501:0 s1 k1 d0 f0 t5 m126 player 6: (29.418 -71.105 1.110) h1.00/1.00 g0/0 w a39/-6 f39 l39/-6 as140/120 st20 thr1.00 501:0 s0 k0 d1 f0 t6 m126 player 7: (106.207 -145.534 0.476) h1.00/0.08 g0/0 w a-34/-10 f-34 l-34/-10 as139/120 st6 thr1.00 501:0 s0 k0 d1 f0 t7 m126 player 8: (110.039 -160.418 0.045) h0.18/0.00 g0/0 w a-128/-1 f-128 l-128/-1 as139/120 st5 thr1.00 501:0 s0 k0 d0 f0 t8 m126 player 9: (108.905 -147.453 0.046) h0.81/0.71 g0/0 w a145/5 f145 l145/5 as139/120 st7 thr1.00 501:0 s0 k0 d0 f0 t9 m125 player 10: (32.158 -78.562 0.081) h1.00/1.00 g0/0 w a-71/-3 f-71 l-71/-3 as139/120 st6 thr1.00 501:0 s0 k0 d1 f0 t10 m125 player 11: (110.647 -154.553 0.103) h0.29/0.52 g0/0 w a115/1 f115 l115/1 as139/120 st7 thr1.00 501:0 s0 k0 d1 f0 t11 m125 player 12: (50.378 -66.894 0.682) h0.21/0.21 g0/0 w a-110/-6 f-110 l-110/-6 as139/120 st6 thr1.00 501:0 s0 k0 d1 f0 t12 m125 player 13: (51.900 -76.432 0.084) h1.00/1.00 g0/0 w a-29/-1 f-166 l-29/-1 as140/120 st21 thr1.00 501:0 s0 k0 d1 f0 t13 m124 player 14: (96.768 -168.789 0.224) h0.96/0.15 g0/0 w a178/-4 f178 l178/-4 as139/120 st7 thr1.00 501:0 s0 k0 d0 f0 t14 m124 player 15: (89.270 -159.257 0.124) h0.09/0.31 g0/0 w a127/-2 f127 l127/-2 as139/120 st5 thr1.00 501:0 s1 k1 d0 f0 t15 m124 player 16: (46.096 -78.612 0.134) h0.27/0.72 g0/0 w a71/-2 f71 l71/-2 as139/12
chupathingyce: bots: bot 13 inventory slot 0 now weapon 501
chupathingyce: bots: bot 13 seeking vehicle -495910910
chupathingyce: bots: bot 31 at (92.8 -168.8 0.1) yaw -142 fight, target 2 (seen), shield 0.00, kills 0 deaths 0
chupathingyce: network test: tick 1740 player 0: (37.598 -66.644 0.394) h0.09/1.00 g0/0 w a-71/-4 f-71 l-71/-4 as139/120 st4 thr1.00 501:0 1dc:43 s3 k3 d2 f0 t0 m0 player 1: (45.813 -84.771 0.008) h1.00/1.00 g0/0 w a92/-1 f92 l92/-1 as139/120 st6 thr1.00 501:0 s0 k0 d1 f0 t1 m127 player 2: (80.588 -177.903 0.699) h0.70/0.00 g0/0 w a33/-1 f33 l33/-1 as139/120 st5 thr1.00 501:0 s0 k0 d0 f0 t2 m127 player 3: (98.809 -154.570 0.080) h1.00/0.97 g0/0 w a67/-4 f67 l67/-4 as139/120 st7 thr1.00 501:0 s0 k0 d1 f0 t3 m127 player 4: (77.344 -160.081 0.187) h1.00/1.00 g0/0 w a42/-4 f42 l42/-4 as139/120 st6 thr1.00 501:0 s1 k1 d2 f0 t4 m127 player 5: (100.187 -151.121 -0.039) h0.25/0.00 g0/0 w a-113/-0 f-113 l-113/-0 as139/120 st10 thr1.00 501:0 s1 k1 d0 f0 t5 m126 player 6: (28.380 -69.201 0.663) h1.00/1.00 g0/0 w a18/-2 f18 l18/-2 as140/120 st20 thr1.00 501:0 s0 k0 d1 f0 t6 m126 player 7: (107.522 -143.770 0.955) h1.00/0.33 g0/0 w a-37/-20 f-34 l-37/-20 as140/120 st20 thr1.00 501:0 s0 k0 d1 f0 t7 m126 player 8: (110.121 -158.423 0.051) h0.18/0.00 g0/0 w a-114/-0 f-114 l-114/-0 as139/120 st5 thr1.00 501:0 s0 k0 d0 f0 t8 m126 player 9: (110.101 -145.853 0.027) h0.81/0.71 g0/0 w a140/15 f140 l140/15 as139/120 st7 thr1.00 501:0 s0 k0 d0 f0 t9 m125 player 10: (31.467 -78.542 0.083) h1.00/1.00 g0/0 w a-81/3 f-81 l-81/3 as139/120 st7 thr1.00 501:0 s0 k0 d1 f0 t10 m125 player 11: (110.052 -153.654 0.094) h0.29/0.77 g0/0 w a105/5 f105 l105/5 as139/120 st4 thr1.00 501:0 s0 k0 d1 f0 t11 m125 player 12: (51.490 -67.424 0.645) h0.21/0.46 g0/0 w a-131/-3 f-131 l-131/-3 as139/120 st7 thr1.00 501:0 s0 k0 d1 f0 t12 m125 player 13: (52.110 -78.409 0.635) h1.00/1.00 g0/0 w a179/-6 f-176 l179/-6 as140/120 st20 thr1.00 501:0 s0 k0 d1 f0 t13 m124 player 14: (96.279 -166.886 0.732) h0.96/0.17 g0/0 w a-142/-1 f-173 l-142/-1 as140/120 st20 thr1.00 501:0 s0 k0 d0 f0 t14 m124 player 15: (90.783 -159.726 0.398) h0.09/0.56 g0/0 w a-164/-4 f-164 l-164/-4 as139/120 st5 thr1.00 501:0 s1 k1 d0 f0 t15 m124 player 16: (45.773 -78.220 0.134) h0.27/0.58 g0/0 w a91/2 f91 l91/
chupathingyce: bots: bot 18 inventory slot 0 now weapon 501
chupathingyce: network test: tick 1770 player 0: (38.628 -68.338 0.318) h0.09/1.00 g0/0 w a-85/-5 f-85 l-85/-5 as139/120 st4 thr1.00 501:0 1dc:42 s3 k3 d2 f0 t0 m0 player 1: (45.247 -84.855 0.011) h1.00/1.00 g0/0 w a172/10 f172 l172/10 as139/120 st6 thr1.00 501:0 s1 k1 d1 f0 t1 m127 player 2: (79.831 -179.252 1.356) h0.70/0.00 g0/0 w a32/-6 f32 l32/-6 as139/120 st4 thr1.00 501:0 s0 k0 d0 f0 t2 m127 player 3: (100.926 -155.048 -0.021) h1.00/1.00 g0/0 w a99/-3 f99 l99/-3 as139/120 st7 thr1.00 501:0 s0 k0 d1 f0 t3 m127 player 4: (76.812 -159.494 0.214) h1.00/1.00 g0/0 w a21/2 f21 l21/2 as139/120 st7 thr1.00 501:0 s1 k1 d2 f0 t4 m127 player 5: (100.152 -151.332 -0.047) h0.11/0.00 g0/0 w a-82/-1 f-82 l-82/-1 as139/120 st11 thr1.00 501:0 s1 k1 d0 f0 t5 m126 player 6: (28.228 -67.099 0.677) h1.00/1.00 g0/0 w a-6/-4 f18 l-6/-4 as140/120 st20 thr1.00 501:0 s0 k0 d1 f0 t6 m126 player 7: (107.912 -143.591 0.463) h1.00/0.58 g0/0 w a-17/-8 f-17 l-17/-8 as139/120 st7 thr1.00 501:0 s0 k0 d1 f0 t7 m126 player 8: (111.169 -156.967 0.105) h0.18/0.00 g0/0 w a-113/3 f-113 l-113/3 as139/120 st5 thr1.00 501:0 s0 k0 d0 f0 t8 m126 player 9: (111.226 -144.224 0.112) h0.81/0.71 g0/0 w a165/3 f165 l165/3 as139/120 st7 thr1.00 501:0 s0 k0 d0 f0 t9 m125 player 10: (29.362 -79.144 0.547) h1.00/1.00 g0/0 w a-64/-5 f-68 l-64/-5 as140/120 st20 thr1.00 501:0 s0 k0 d1 f0 t10 m125 player 11: (108.383 -152.299 0.722) h0.29/1.00 g0/0 w a93/-2 f97 l93/-2 as140/120 st20 thr1.00 501:0 s0 k0 d1 f0 t11 m125 player 12: (49.730 -66.246 0.819) h0.21/0.71 g0/0 w a-123/-6 f-123 l-123/-6 as139/120 st7 thr1.00 501:0 s0 k0 d1 f0 t12 m125 player 13: (52.090 -80.064 0.148) h1.00/1.00 g0/0 w a-146/-2 f-176 l-146/-2 as140/120 st21 thr1.00 501:0 s0 k0 d1 f0 t13 m124 player 14: (96.064 -166.418 0.119) h0.96/0.42 g0/0 w a-129/-0 f-129 l-129/-0 as139/120 st6 thr1.00 501:0 s0 k0 d0 f0 t14 m124 player 15: (92.037 -159.695 1.157) h0.09/0.81 g0/0 w a-152/1 f-177 l-152/1 as139/120 st5 thr1.00 501:0 s1 k1 d0 f0 t15 m124 player 16: dead s1 k1 d1 f0 t16 m124 player 17: (31.981 -84.260 0.008) 
chupathingyce: bots: bot 25 seeking vehicle -495910910
chupathingyce: bots: bot 23 inventory slot 0 now weapon 501
chupathingyce: network test: tick 1800 player 0: (38.622 -70.525 0.145) h0.09/1.00 g0/0 w a-107/-5 f-107 l-107/-5 as139/120 st4 thr1.00 501:0 1dc:38 s4 k4 d2 f0 t0 m0 player 1: (44.985 -85.895 0.543) h1.00/1.00 g0/0 w a158/-7 f155 l158/-7 as140/120 st20 thr1.00 501:0 s1 k1 d1 f0 t1 m127 player 2: (80.577 -177.769 0.624) h0.57/0.00 g0/0 w a32/0 f32 l32/0 as139/120 st6 thr1.00 501:0 s0 k0 d0 f0 t2 m127 player 3: (102.559 -153.748 -0.024) h1.00/1.00 g0/0 w a158/-2 f158 l158/-2 as139/120 st6 thr1.00 501:0 s0 k0 d1 f0 t3 m127 player 4: (77.192 -160.338 0.204) h1.00/1.00 g0/0 w a28/-4 f28 l28/-4 as139/120 st6 thr1.00 501:0 s1 k1 d2 f0 t4 m127 player 5: (98.776 -152.477 -0.052) h0.11/0.00 g0/0 w a-22/-1 f-22 l-22/-1 as139/120 st7 thr1.00 501:0 s1 k1 d0 f0 t5 m126 player 6: (29.787 -65.819 0.610) h1.00/1.00 g0/0 w a-26/-4 f-26 l-26/-4 as139/120 st4 thr1.00 501:0 s0 k0 d1 f0 t6 m126 player 7: (108.640 -145.512 0.182) h1.00/0.83 g0/0 w a51/-3 f51 l51/-3 as139/120 st7 thr1.00 501:0 s0 k0 d1 f0 t7 m126 player 8: (111.505 -155.929 0.294) h0.18/0.00 g0/0 w a-103/-1 f-103 l-103/-1 as139/120 st7 thr1.00 501:0 s0 k0 d0 f0 t8 m126 player 9: (110.748 -142.594 0.162) h0.81/0.71 g0/0 w a-128/-2 f-128 l-128/-2 as139/120 st6 thr1.00 501:0 s0 k0 d0 f0 t9 m125 player 10: (27.712 -80.529 0.285) h1.00/1.00 g0/0 w a-26/-5 f-46 l-26/-5 as139/120 st7 thr1.00 501:0 s0 k0 d1 f0 t10 m125 player 11: (107.480 -151.535 0.080) h0.29/1.00 g0/0 w a81/-0 f81 l81/-0 as139/120 st6 thr1.00 501:0 s0 k0 d1 f0 t11 m125 player 12: (47.855 -65.508 1.036) h0.21/0.96 g0/0 w a-99/-7 f-99 l-99/-7 as139/120 st6 thr1.00 501:0 s0 k0 d1 f0 t12 m125 player 13: (51.169 -79.080 0.145) h1.00/1.00 g0/0 w a143/-3 f143 l143/-3 as139/120 st6 thr1.00 501:0 s0 k0 d1 f0 t13 m124 player 14: (97.357 -167.901 0.700) h0.96/0.67 g0/0 w a-149/-1 f-136 l-149/-1 as140/120 st20 thr1.00 501:0 s0 k0 d0 f0 t14 m124 player 15: (92.191 -159.565 1.250) h0.09/1.00 g0/0 w a-122/-2 f-122 l-122/-2 as139/120 st4 thr1.00 501:0 s1 k1 d0 f0 t15 m124 player 16: dead s1 k1 d1 f0 t16 m124 player 17: (32.378 -82.301 -0
chupathingyce: bots: bot 1 at (45.0 -85.9 0.5) yaw 159 fight, target 30 (seen), shield 1.00, kills 1 deaths 1
chupathingyce: bots: bot 2 at (80.4 -177.4 0.5) yaw 30 fight, target 31 (seen), shield 0.00, kills 0 deaths 0
chupathingyce: bots: bot 3 at (102.6 -154.0 -0.0) yaw 172 fight, target 5 (seen), shield 1.00, kills 0 deaths 1
chupathingyce: bots: bot 4 at (76.5 -158.8 0.8) yaw 16 fight, target 27 (seen), shield 1.00, kills 1 deaths 2
chupathingyce: network test: tick 1830 player 0: (37.478 -72.121 0.106) h0.09/1.00 g0/0 w a-162/-4 f-162 l-162/-4 as139/120 st4 thr1.00 501:0 1dc:37 s4 k4 d2 f0 t0 m0 player 1: (45.116 -85.500 -0.011) h1.00/1.00 g0/0 w a-179/-0 f155 l-179/-0 as139/120 st6 thr1.00 501:0 s1 k1 d1 f0 t1 m127 player 2: (79.676 -176.040 0.638) h0.57/0.00 g0/0 w a29/-3 f29 l29/-3 as139/120 st6 thr1.00 501:0 s0 k0 d0 f0 t2 m127 player 3: (102.365 -155.059 -0.041) h1.00/1.00 g0/0 w a165/-0 f165 l165/-0 as139/120 st6 thr1.00 501:0 s1 k1 d1 f0 t3 m127 player 4: (76.361 -158.140 0.850) h1.00/1.00 g0/0 w a9/-10 f25 l9/-10 as140/120 st20 thr1.00 501:0 s1 k1 d2 f0 t4 m127 player 5: dead s1 k1 d1 f0 t5 m126 player 6: (29.413 -67.200 0.465) h1.00/1.00 g0/0 w a-32/-3 f-32 l-32/-3 as139/120 st7 thr1.00 501:0 s0 k0 d1 f0 t6 m126 player 7: (110.586 -146.403 0.125) h1.00/1.00 g0/0 w a86/-1 f86 l86/-1 as139/120 st7 thr1.00 501:0 s0 k0 d1 f0 t7 m126 player 8: (112.517 -156.142 0.415) h0.18/0.02 g0/0 w a-119/0 f-103 l-119/0 as140/120 st20 thr1.00 501:0 s0 k0 d0 f0 t8 m126 player 9: (110.476 -142.704 0.162) h0.81/0.57 g0/0 w a-91/-3 f-91 l-91/-3 as139/120 st7 thr1.00 501:0 s0 k0 d0 f0 t9 m125 player 10: (27.698 -82.669 0.321) h1.00/1.00 g0/0 w a20/-4 f20 l20/-4 as139/120 st7 thr1.00 501:0 s0 k0 d1 f0 t10 m125 player 11: (106.671 -151.410 0.114) h0.29/1.00 g0/0 w a51/-1 f51 l51/-1 as139/120 st7 thr1.00 501:0 s0 k0 d1 f0 t11 m125 player 12: (48.974 -65.681 0.967) h0.21/1.00 g0/0 w a-101/-4 f-101 l-101/-4 as139/120 st7 thr1.00 501:0 s0 k0 d1 f0 t12 m125 player 13: (52.154 -78.286 0.713) h1.00/1.00 g0/0 w a137/-1 f135 l137/-1 as140/120 st20 thr1.00 501:0 s0 k0 d1 f0 t13 m124 player 14: (96.904 -168.409 0.214) h0.96/0.92 g0/0 w a-163/-1 f-163 l-163/-1 as139/120 st7 thr1.00 501:0 s0 k0 d0 f0 t14 m124 player 15: (91.507 -159.288 0.836) h0.09/1.00 g0/0 w a178/-1 f178 l178/-1 as139/120 st4 thr1.00 501:0 s1 k1 d0 f0 t15 m124 player 16: dead s1 k1 d1 f0 t16 m124 player 17: (32.918 -80.456 0.042) h0.08/0.00 g0/0 w a-158/2 f-123 l-158/2 as139/120 st5 thr1.00 501:0 s0 k0 d0 f0 t17 
chupathingyce: bots: bot 6 at (29.2 -67.5 0.4) yaw -29 fight, target 0 (seen), shield 1.00, kills 0 deaths 1
chupathingyce: bots: bot 7 at (111.4 -146.2 0.3) yaw 116 fight, target 9 (seen), shield 1.00, kills 0 deaths 1
chupathingyce: bots: bot 8 at (111.7 -155.7 0.1) yaw -120 fight, target 22 (seen), shield 0.18, kills 0 deaths 0
chupathingyce: bots: bot 9 at (109.0 -143.4 0.3) yaw -34 fight, target 7 (seen), shield 0.57, kills 0 deaths 0
chupathingyce: network test: tick 1860 player 0: (37.478 -70.941 0.074) h0.09/0.88 g0/0 w a29/-4 f29 l29/-4 as139/120 st4 thr1.00 501:0 1dc:37 s4 k4 d2 f0 t0 m0 player 1: (44.662 -87.219 0.553) h1.00/1.00 g0/0 w a151/-9 f169 l151/-9 as140/120 st20 thr1.00 501:0 s1 k1 d1 f0 t1 m127 player 2: (78.849 -174.581 1.228) h0.57/0.00 g0/0 w a32/-8 f29 l32/-8 as140/120 st20 thr1.00 501:0 s0 k0 d0 f0 t2 m127 player 3: (101.374 -156.764 0.112) h1.00/1.00 g0/0 w a137/-1 f137 l137/-1 as139/120 st6 thr1.00 501:0 s1 k1 d1 f0 t3 m127 player 4: (76.626 -155.844 0.154) h1.00/1.00 g0/0 w a-25/-2 f-25 l-25/-2 as139/120 st6 thr1.00 501:0 s1 k1 d2 f0 t4 m127 player 5: dead s1 k1 d1 f0 t5 m126 player 6: (28.557 -69.206 0.407) h1.00/1.00 g0/0 w a-13/-3 f-13 l-13/-3 as139/120 st7 thr1.00 501:0 s0 k0 d1 f0 t6 m126 player 7: (112.367 -145.350 0.356) h1.00/0.88 g0/0 w a150/-2 f150 l150/-2 as139/120 st11 thr1.00 501:0 s0 k0 d1 f0 t7 m126 player 8: (111.117 -155.289 0.105) h0.18/0.27 g0/0 w a-120/-2 f-120 l-120/-2 as139/120 st7 thr1.00 501:0 s0 k0 d0 f0 t8 m126 player 9: (108.848 -143.669 0.298) h0.81/0.57 g0/0 w a-30/-2 f-30 l-30/-2 as139/120 st7 thr1.00 501:0 s0 k0 d0 f0 t9 m125 player 10: (29.264 -82.880 0.576) h1.00/1.00 g0/0 w a-56/-3 f-56 l-56/-3 as140/120 st20 thr1.00 501:0 s1 k1 d1 f0 t10 m125 player 11: (106.309 -151.019 0.132) h0.29/1.00 g0/0 w a43/1 f43 l43/1 as139/120 st6 thr1.00 501:0 s0 k0 d1 f0 t11 m125 player 12: (46.816 -65.669 0.991) h0.21/1.00 g0/0 w a-79/-9 f-79 l-79/-9 as139/120 st7 thr1.00 501:0 s0 k0 d1 f0 t12 m125 player 13: (53.167 -77.272 0.108) h1.00/1.00 g0/0 w a136/-3 f136 l136/-3 as139/120 st6 thr1.00 501:0 s0 k0 d1 f0 t13 m124 player 14: (96.275 -166.935 0.808) h0.96/1.00 g0/0 w a-162/-5 f-162 l-162/-5 as140/120 st20 thr1.00 501:0 s0 k0 d0 f0 t14 m124 player 15: (90.313 -159.399 0.134) h0.09/1.00 g0/0 w a-131/-2 f-131 l-131/-2 as139/120 st6 thr1.00 501:0 s1 k1 d0 f0 t15 m124 player 16: dead s1 k1 d1 f0 t16 m124 player 17: dead s0 k0 d1 f0 t17 m123 player 18: (90.481 -149.628 0.857) h1.00/0.86 g0/0 w a120/-1 f120 l120/-1 as139/
chupathingyce: bots: bot 10 at (29.4 -82.8 0.7) yaw -58 fight, target 24 (seen), shield 1.00, kills 1 deaths 1
chupathingyce: bots: bot 11 at (105.8 -150.5 0.2) yaw 40 fight, target 7 (seen), shield 1.00, kills 0 deaths 1
chupathingyce: bots: bot 16 inventory slot 0 now weapon 501
chupathingyce: bots: bot 12 at (45.7 -66.1 1.3) yaw -58 fight, target 25 (seen), shield 1.00, kills 0 deaths 1
chupathingyce: bots: bot 13 at (51.9 -78.1 0.5) yaw 107 fight, target 25 (seen), shield 1.00, kills 0 deaths 1
chupathingyce: network test: tick 1890 player 0: (38.410 -69.359 0.218) h0.09/0.74 g0/0 w a35/3 f35 l35/3 as139/120 st4 thr1.00 501:0 1dc:36 s4 k4 d2 f0 t0 m0 player 1: (44.499 -87.452 0.024) h1.00/1.00 g0/0 w a157/7 f157 l157/7 as139/120 st7 thr1.00 501:0 s1 k1 d1 f0 t1 m127 player 2: (78.078 -173.357 0.768) h0.57/0.00 g0/0 w a34/-4 f34 l34/-4 as140/120 st20 thr1.00 501:0 s0 k0 d0 f0 t2 m127 player 3: (100.779 -157.649 0.143) h1.00/1.00 g0/0 w a127/-2 f127 l127/-2 as139/120 st6 thr1.00 501:0 s1 k1 d1 f0 t3 m127 player 4: (78.129 -154.104 0.063) h1.00/1.00 g0/0 w a-56/4 f-56 l-56/4 as139/120 st7 thr1.00 501:0 s1 k1 d2 f0 t4 m127 player 5: dead s1 k1 d1 f0 t5 m126 player 6: (28.445 -69.107 0.406) h1.00/1.00 g0/0 w a0/-2 f0 l0/-2 as139/120 st6 thr1.00 501:0 s0 k0 d1 f0 t6 m126 player 7: (112.427 -143.298 0.234) h1.00/0.88 g0/0 w a-167/-2 f-167 l-167/-2 as139/120 st7 thr1.00 501:0 s0 k0 d1 f0 t7 m126 player 8: (109.362 -154.332 0.085) h0.18/0.52 g0/0 w a-112/-0 f-112 l-112/-0 as139/120 st7 thr1.00 501:0 s0 k0 d0 f0 t8 m126 player 9: (108.502 -144.317 0.318) h0.81/0.44 g0/0 w a13/-3 f13 l13/-3 as139/120 st6 thr1.00 501:0 s0 k0 d0 f0 t9 m125 player 10: (31.052 -81.996 0.377) h1.00/1.00 g0/0 w a-70/-5 f-56 l-70/-5 as140/120 st20 thr1.00 501:0 s1 k1 d1 f0 t10 m125 player 11: (106.314 -150.935 0.132) h0.29/1.00 g0/0 w a51/-0 f51 l51/-0 as139/120 st7 thr1.00 501:0 s0 k0 d1 f0 t11 m125 player 12: (44.874 -66.639 1.557) h0.21/1.00 g0/0 w a-48/-12 f-64 l-48/-12 as140/120 st20 thr1.00 501:0 s0 k0 d1 f0 t12 m125 player 13: (51.519 -78.254 0.724) h1.00/1.00 g0/0 w a105/-6 f114 l105/-6 as140/120 st20 thr1.00 501:0 s0 k0 d1 f0 t13 m124 player 14: (95.314 -166.761 0.114) h0.96/1.00 g0/0 w a-172/-1 f-172 l-172/-1 as139/120 st7 thr1.00 501:0 s0 k0 d0 f0 t14 m124 player 15: (90.534 -159.726 0.248) h0.09/1.00 g0/0 w a143/-6 f143 l143/-6 as139/120 st6 thr1.00 501:0 s1 k1 d0 f0 t15 m124 player 16: (105.373 -158.571 0.181) h1.00/1.00 g0/0 w a169/-3 f169 l169/-3 as139/120 st6 thr1.00 501:0 s1 k1 d1 f0 t16 m124 player 17: dead s0 k0 d1 f0 t17 m123 playe
chupathingyce: bots: bot 14 at (95.3 -166.7 0.1) yaw -171 fight, target 31 (seen), shield 1.00, kills 0 deaths 0
chupathingyce: bots: bot 15 at (90.4 -159.6 0.2) yaw 135 fight, target 21 (seen), shield 1.00, kills 1 deaths 0
chupathingyce: bots: bot 16 at (105.1 -159.6 0.6) yaw 156 fight, target 3 (seen), shield 1.00, kills 1 deaths 1
chupathingyce: exiting after debug.exit_after
chupathingyce: frame stats: 29884 frames written to /tmp/jobsbench/lobby_r32_off/frames.csv
