chupathingyce: settings: /tmp/jobsbench/lobby_r32_parallel/saves/config.toml
chupathingyce: settings: added graphics.texture_cache_mb (new in this version) at its default
chupathingyce: save root: /tmp/jobsbench/lobby_r32_parallel/saves
chupathingyce: data root: /Users/noahlopez/Library/Application Support/ChupathingyCE (the game's log: debug.txt there)
chupathingyce: ChupathingyCE 0.7.1d-dev (dev, debug config, commit 80b829aa, built 2026-10-09) macOS arm64
chupathingyce: OpenCE network version 24 (joins 11-24); Delta 1, wire chupa-24a, legacy table: built in; protocol auto
chupathingyce: Following OpenCE network version 24 (built in)
chupathingyce: features: infection off, bots on
chupathingyce: anti-aliasing: off
chupathingyce: screen: 640x480 drawn at 1280x960
chupathingyce: OpenGL 4.1 Metal - 90.5 on Apple M2 Pro
chupathingyce: cannot map the visibility test results; tests read their queries
chupathingyce: shader cache: 105 shaders and 93 programs made ready in 257 ms (/tmp/jobsbench/lobby_r32_parallel/saves/shader_cache.bin)
chupathingyce: screen: 738x480 drawn at 2560x1662
chupathingyce: high-res hud: 69 of 104 bitmaps in this map (35 not in it)
chupathingyce: network test: host:bloodgulch:slayer
chupathingyce: high-res text: ui\small_ui drawn with Overpass-750.ttf
chupathingyce: Delta: legacy table 5 from Delta List: announcing 25, joining 11 to 25; following OpenCE build-169
chupathingyce: jobs: parallel, 2 workers (8 performance cores), 130 KiB of graph arenas
chupathingyce: network test: hosting bloodgulch
chupathingyce: Delta Peer: hosting with Delta on port 5160
chupathingyce: Delta Peer: every machine of the game shares capabilities 0x13
chupathingyce: high-res text: ui\large_ui drawn with Overpass-900.ttf
chupathingyce: network test: game 1, slayer
chupathingyce: network test: starting the game
chupathingyce: high-res hud: 70 of 104 bitmaps in this map (34 not in it)
chupathingyce: shadow maps: 128x128
chupathingyce: network test: player 0 is named Player
chupathingyce: network test: tick 30 player 0: (85.243 -157.767 -0.020) h1.00/1.00 g0/0 w a90/33 f57 l90/33 as140/120 st0 thr0.00 501:0 s0 k0 d0 f0 t0 m0 | items 35 (+41 -0 !0 x0) | playing to 15 | sent 5 received 3 corrected 0 | hits 0 dealt 0 rejected 0 replayed 0 | local 0 camera (85.2 -157.8 0.6) respawn 0
chupathingyce: bots: Bot 1 joined (spartan)
chupathingyce: bots: bot 1 inventory slot 0 now weapon 501
chupathingyce: bots: bot 1 seeking vehicle -496041984
chupathingyce: network test: player 1 is named Bot 1
chupathingyce: network test: tick 60 player 0: (85.883 -157.379 -0.004) h1.00/1.00 g0/0 w a26/1 f26 l26/1 as139/120 st4 thr1.00 501:0 s0 k0 d0 f0 t0 m0 player 1: (35.251 -90.210 0.172) h1.00/1.00 g0/0 w a180/0 f180 l180/0 as139/120 st4 thr1.00 501:0 s0 k0 d0 f0 t1 m127 | items 35 (+43 -0 !0 x0) | playing to 15 | sent 10 received 5 corrected 0 | hits 0 dealt 0 rejected 0 replayed 0 | local 0 camera (85.9 -157.4 0.6) respawn 0
chupathingyce: bots: Bot 2 joined (spartan)
chupathingyce: bots: bot 2 inventory slot 0 now weapon 501
chupathingyce: bots: navigation graph of 70 nodes and 438 links
chupathingyce: network test: player 2 is named Bot 2
chupathingyce: network test: tick 90 player 0: (87.807 -158.315 0.107) h1.00/1.00 g0/0 w a-41/-3 f-41 l-41/-3 as139/120 st4 thr1.00 501:0 s0 k0 d0 f0 t0 m0 player 1: (33.003 -90.206 0.229) h1.00/1.00 g0/0 w a180/0 f180 l180/0 as139/120 st4 thr1.00 501:0 s0 k0 d0 f0 t1 m127 player 2: (50.959 -82.606 0.154) h1.00/1.00 g0/0 w a-157/-0 f-157 l-157/-0 as139/120 st4 thr1.00 501:0 s0 k0 d0 f0 t2 m127 | items 35 (+45 -0 !0 x0) | playing to 15 | sent 14 received 7 corrected 0 | hits 0 dealt 0 rejected 0 replayed 0 | local 0 camera (87.8 -158.3 0.7) respawn 0
chupathingyce: bots: Bot 3 joined (spartan)
chupathingyce: bots: bot 3 inventory slot 0 now weapon 501
chupathingyce: network test: player 3 is named Bot 3
chupathingyce: network test: tick 120 player 0: (89.869 -159.180 0.130) h1.00/1.00 g0/0 w a-27/0 f-27 l-27/0 as139/120 st4 thr1.00 501:0 s0 k0 d0 f0 t0 m0 player 1: (31.104 -90.203 0.205) h1.00/1.00 g0/0 w a180/0 f180 l180/0 as139/120 st4 thr0.35 501:0 s0 k0 d0 f0 t1 m127 player 2: (48.806 -82.296 0.489) h1.00/1.00 g0/0 w a-158/-1 f-157 l-158/-1 as140/120 st20 thr1.00 501:0 s0 k0 d0 f0 t2 m127 player 3: (41.391 -89.288 0.141) h1.00/1.00 g0/0 w a43/2 f43 l43/2 as139/120 st4 thr1.00 501:0 s0 k0 d0 f0 t3 m127 | items 35 (+47 -0 !0 x0) | playing to 15 | sent 19 received 9 corrected 0 | hits 0 dealt 0 rejected 0 replayed 0 | local 0 camera (89.9 -159.2 0.8) respawn 0
chupathingyce: bots: Bot 4 joined (spartan)
chupathingyce: bots: bot 4 inventory slot 0 now weapon 501
chupathingyce: bots: bot 1 entered vehicle -496041984 seat 0
chupathingyce: network test: player 4 is named Bot 4
chupathingyce: network test: tick 150 player 0: (91.578 -159.365 0.879) h1.00/1.00 g0/0 w a-1/3 f-1 l-1/3 as139/120 st4 thr1.00 501:0 s0 k0 d0 f0 t0 m0 player 1: (29.241 -90.639 0.622) h1.00/1.00 riding g0/0 w a-48/0 f0 l-48/0 as139/120 st26 thr0.50 501:0 s0 k0 d0 f0 t1 m127 player 2: (47.379 -81.445 0.082) h1.00/1.00 g0/0 w a-136/-1 f-136 l-136/-1 as139/120 st6 thr1.00 501:0 s0 k0 d0 f0 t2 m127 player 3: (40.382 -87.718 0.106) h1.00/1.00 g0/0 w a41/-0 f41 l41/-0 as139/120 st6 thr1.00 501:0 s0 k0 d0 f0 t3 m127 player 4: (85.253 -162.533 0.112) h1.00/1.00 g0/0 w a26/5 f26 l26/5 as139/120 st7 thr1.00 501:0 s0 k0 d0 f0 t4 m127 | items 35 (+49 -0 !0 x0) | playing to 15 | sent 23 received 11 corrected 0 | hits 0 dealt 0 rejected 0 replayed 0 | local 0 camera (91.6 -159.4 1.5) respawn 0
chupathingyce: bots: Bot 5 joined (spartan)
chupathingyce: bots: bot 5 inventory slot 0 now weapon 501
chupathingyce: bots: bot 5 seeking vehicle -495910910
chupathingyce: network test: player 5 is named Bot 5
chupathingyce: network test: tick 180 player 0: (93.159 -159.035 1.775) h1.00/1.00 g0/0 w a36/-14 f36 l36/-14 as139/120 st4 thr1.00 501:0 s0 k0 d0 f0 t0 m0 player 1: (29.814 -90.777 0.624) h1.00/1.00 riding g0/0 w a23/0 f0 l23/0 as139/120 st26 thr0.50 501:0 s0 k0 d0 f0 t1 m127 player 2: (48.336 -83.033 0.042) h1.00/1.00 g0/0 w a-159/-0 f-159 l-159/-0 as139/120 st6 thr1.00 501:0 s0 k0 d0 f0 t2 m127 player 3: (39.349 -86.068 0.189) h1.00/1.00 g0/0 w a21/-2 f21 l21/-2 as139/120 st7 thr1.00 501:0 s0 k0 d0 f0 t3 m127 player 4: (87.066 -161.869 0.134) h1.00/1.00 g0/0 w a30/6 f30 l30/6 as139/120 st4 thr1.00 501:0 s0 k0 d0 f0 t4 m127 player 5: (105.350 -156.866 0.220) h1.00/1.00 g0/0 w a107/0 f107 l107/0 as139/120 st4 thr1.00 501:0 s0 k0 d0 f0 t5 m126 | items 35 (+51 -0 !0 x0) | playing to 15 | sent 28 received 13 corrected 0 | hits 0 dealt 0 rejected 0 replayed 0 | local 0 camera (93.2 -159.0 2.4) respawn 0
chupathingyce: bots: Bot 6 joined (spartan)
chupathingyce: bots: bot 6 inventory slot 0 now weapon 501
chupathingyce: network test: player 6 is named Bot 6
chupathingyce: network test: tick 210 player 0: (94.886 -157.679 1.703) h1.00/1.00 g0/0 w a91/-15 f78 l91/-15 as139/120 st4 thr1.00 501:0 s0 k0 d0 f0 t0 m0 player 1: (32.061 -90.646 0.612) h1.00/1.00 riding g0/0 w a25/0 f0 l25/0 as28/120 st0 thr0.50 501:0 s0 k0 d0 f0 t1 m127 player 2: (48.886 -84.955 0.046) h1.00/1.00 g0/0 w a-165/0 f-165 l-165/0 as139/120 st6 thr1.00 501:0 s0 k0 d0 f0 t2 m127 player 3: (39.668 -87.270 0.169) h1.00/1.00 g0/0 w a15/-2 f15 l15/-2 as139/120 st6 thr1.00 501:0 s0 k0 d0 f0 t3 m127 player 4: (89.038 -160.786 0.126) h1.00/1.00 g0/0 w a28/10 f28 l28/10 as139/120 st4 thr1.00 501:0 s0 k0 d0 f0 t4 m127 player 5: (104.705 -154.712 0.125) h1.00/1.00 g0/0 w a107/0 f107 l107/0 as139/120 st4 thr1.00 501:0 s0 k0 d0 f0 t5 m126 player 6: (28.795 -81.499 0.214) h1.00/1.00 g0/0 w a-74/0 f-74 l-74/0 as139/120 st7 thr1.00 501:0 s0 k0 d0 f0 t6 m126 | items 35 (+53 -0 !0 x0) | playing to 15 | sent 32 received 15 corrected 0 | hits 0 dealt 0 rejected 0 replayed 0 | local 0 camera (94.9 -157.7 2.3) respawn 0
chupathingyce: bots: Bot 7 joined (spartan)
chupathingyce: bots: bot 7 inventory slot 0 now weapon 501
chupathingyce: network test: player 7 is named Bot 7
chupathingyce: network test: tick 240 player 0: (93.737 -156.263 1.703) h1.00/1.00 g0/0 w a173/-22 f173 l173/-22 as139/120 st4 thr1.00 501:0 s0 k0 d0 f0 t0 m0 player 1: (34.808 -89.270 0.483) h1.00/1.00 riding g0/0 w a26/8 f0 l26/8 as28/120 st0 thr0.00 501:0 s0 k0 d0 f0 t1 m127 player 2: (49.161 -86.706 0.078) h1.00/1.00 g0/0 w a180/4 f180 l180/4 as139/120 st7 thr1.00 501:0 s0 k0 d0 f0 t2 m127 player 3: (39.603 -86.861 0.611) h1.00/0.00 g0/0 w a0/-4 f23 l0/-4 as140/120 st20 thr1.00 501:0 s0 k0 d0 f0 t3 m127 player 4: (90.199 -159.732 0.134) h1.00/1.00 g0/0 w a17/19 f17 l17/19 as139/120 st4 thr1.00 501:0 s0 k0 d0 f0 t4 m127 player 5: (104.059 -152.558 0.078) h1.00/1.00 g0/0 w a107/0 f107 l107/0 as139/120 st4 thr1.00 501:0 s0 k0 d0 f0 t5 m126 player 6: (27.125 -82.487 0.806) h1.00/1.00 g0/0 w a-42/-4 f-66 l-42/-4 as140/120 st20 thr1.00 501:0 s0 k0 d0 f0 t6 m126 player 7: (92.522 -169.502 0.417) h1.00/1.00 g0/0 w a-34/0 f56 l-14/0 as140/120 st20 thr1.00 501:0 s0 k0 d0 f0 t7 m126 | items 35 (+55 -0 !0 x0) | playing to 15 | sent 37 received 17 corrected 0 | hits 0 dealt 0 rejected 0 replayed 0 | local 0 camera (93.7 -156.3 2.3) respawn 0
chupathingyce: bots: Bot 8 joined (spartan)
chupathingyce: bots: bot 8 inventory slot 0 now weapon 501
chupathingyce: network test: player 8 is named Bot 8
chupathingyce: network test: tick 270 player 0: (92.801 -155.915 1.703) h1.00/1.00 g0/0 w a28/-11 f64 l28/-11 as161/120 st0 thr0.00 501:0 494:12 s0 k0 d0 f0 t0 m0 player 1: (35.573 -88.754 0.417) h1.00/0.96 riding g0/0 w a88/2 f0 l88/2 as28/120 st0 thr0.50 501:0 s0 k0 d0 f0 t1 m127 player 2: (48.936 -84.919 0.047) h1.00/1.00 g0/0 w a-163/-1 f-163 l-163/-1 as139/120 st7 thr1.00 501:0 s0 k0 d0 f0 t2 m127 player 3: (39.798 -87.931 0.095) h1.00/0.00 g0/0 w a17/-2 f17 l17/-2 as139/120 st7 thr1.00 501:0 s0 k0 d0 f0 t3 m127 player 4: (91.756 -159.352 0.987) h1.00/1.00 g0/0 w a83/-69 f45 l83/-45 as139/120 st6 thr1.00 501:0 s0 k0 d0 f0 t4 m127 player 5: (103.414 -150.403 0.042) h1.00/1.00 g0/0 w a107/0 f107 l107/0 as139/120 st4 thr1.00 501:0 s0 k0 d0 f0 t5 m126 player 6: (27.695 -82.837 0.319) h1.00/1.00 g0/0 w a-22/-2 f-22 l-22/-2 as139/120 st4 thr1.00 501:0 s0 k0 d0 f0 t6 m126 player 7: (90.990 -170.229 0.135) h1.00/1.00 g0/0 w a-155/0 f-155 l-155/0 as139/120 st4 thr1.00 501:0 s0 k0 d0 f0 t7 m126 player 8: (97.595 -169.647 0.263) h1.00/1.00 g0/0 w a-16/0 f63 l4/0 as139/120 st7 thr1.00 501:0 s0 k0 d0 f0 t8 m126 | items 34 (+57 -0 !0 x0) | playing to 15 | sent 47 received 19 corrected 0 | hits 0 dealt 0 rejected 0 replayed 0 | local 0 camera (92.8 -155.9 2.3) respawn 0
chupathingyce: bots: Bot 9 joined (spartan)
chupathingyce: bots: bot 4 seeking weapon -492109764
chupathingyce: bots: bot 9 inventory slot 0 now weapon 501
chupathingyce: bots: bot 9 seeking vehicle -495910910
chupathingyce: network test: player 9 is named Bot 9
chupathingyce: network test: tick 300 player 0: (93.390 -155.349 1.703) h1.00/1.00 g0/0 w a49/-6 f45 l49/-6 as161/120 st0 thr0.00 501:0 494:12 s0 k0 d0 f0 t0 m0 player 1: (36.160 -88.277 0.357) h1.00/0.96 riding g0/0 w a127/5 f0 l108/3 as28/120 st0 thr0.50 501:0 s0 k0 d0 f0 t1 m127 player 2: (48.002 -83.192 0.559) h1.00/1.00 g0/0 w a-139/-3 f-145 l-139/-3 as140/120 st20 thr1.00 501:0 s0 k0 d0 f0 t2 m127 player 3: (40.761 -89.666 0.119) h1.00/0.00 g0/0 w a40/1 f40 l40/1 as139/120 st7 thr1.00 501:0 s0 k0 d0 f0 t3 m127 player 4: (92.658 -159.552 1.532) h1.00/1.00 g0/0 w a79/0 f72 l79/0 as139/120 st6 thr1.00 501:0 s0 k0 d0 f0 t4 m127 player 5: (102.769 -148.255 0.162) h1.00/1.00 g0/0 w a107/0 f107 l107/0 as139/120 st4 thr1.00 501:0 s0 k0 d0 f0 t5 m126 player 6: (29.857 -82.697 0.728) h1.00/1.00 g0/0 w a-33/-3 f-31 l-33/-3 as140/120 st20 thr1.00 501:0 s0 k0 d0 f0 t6 m126 player 7: (88.959 -171.197 0.163) h1.00/1.00 g0/0 w a-155/0 f-155 l-155/0 as139/120 st4 thr1.00 501:0 s0 k0 d0 f0 t7 m126 player 8: (97.519 -171.465 0.500) h1.00/1.00 g0/0 w a179/-3 f179 l179/-3 as139/120 st6 thr1.00 501:0 s0 k0 d0 f0 t8 m126 player 9: (105.557 -157.574 0.197) h1.00/1.00 g0/0 w a108/0 f-162 l128/0 as139/120 st6 thr1.00 501:0 s0 k0 d0 f0 t9 m125 | items 34 (+59 -0 !0 x0) | playing to 15 | sent 52 received 21 corrected 0 | hits 0 dealt 0 rejected 0 replayed 0 | local 0 camera (93.4 -155.3 2.3) respawn 0
chupathingyce: bots: Bot 10 joined (spartan)
chupathingyce: bots: bot 1 at (36.0 -88.2 0.4) yaw 140 vehicle, target 6 (seen), shield 0.96, kills 0 deaths 0
chupathingyce: bots: bot 2 at (47.8 -82.9 0.7) yaw -133 fight, target 3 (seen), shield 1.00, kills 0 deaths 0
chupathingyce: bots: bot 3 at (41.4 -90.3 0.1) yaw 52 fight, target 2 (seen), shield 0.00, kills 0 deaths 0
chupathingyce: bots: bot 4 at (91.6 -159.3 0.9) yaw 15 scavenge, target 0, shield 1.00, kills 0 deaths 0
chupathingyce: bots: bot 5 at (102.3 -146.5 0.3) yaw 107 scavenge, target -1, shield 1.00, kills 0 deaths 0
chupathingyce: network test: player 10 is named Bot 10
chupathingyce: network test: tick 330 player 0: (93.399 -155.573 1.703) h1.00/1.00 g0/0 w a-88/-41 f-37 l-88/-41 as160/120 st4 thr1.00 501:0 494:12 s0 k0 d0 f0 t0 m0 player 1: (37.022 -87.243 0.369) h1.00/0.96 riding g0/0 w a140/3 f0 l140/3 as28/120 st0 thr0.00 501:0 s0 k0 d0 f0 t1 m127 player 2: (46.946 -82.049 0.071) h1.00/1.00 g0/0 w a-121/-0 f-134 l-121/-0 as139/120 st4 thr1.00 501:0 s0 k0 d0 f0 t2 m127 player 3: (42.071 -90.755 0.157) h0.87/0.00 g0/0 w a61/-1 f61 l61/-1 as139/120 st4 thr1.00 501:0 s0 k0 d0 f0 t3 m127 player 4: (91.946 -159.288 1.102) h1.00/1.00 g0/0 w a16/0 f16 l16/0 as139/120 st4 thr1.00 501:0 s0 k0 d0 f0 t4 m127 player 5: (102.241 -146.491 0.344) h1.00/1.00 g0/0 w a107/0 f107 l107/0 as139/120 st4 thr0.35 501:0 s0 k0 d0 f0 t5 m126 player 6: (31.810 -83.084 0.100) h1.00/1.00 g0/0 w a-41/-2 f-31 l-41/-2 as140/120 st20 thr1.00 501:0 s0 k0 d0 f0 t6 m126 player 7: (86.928 -172.164 0.197) h1.00/1.00 g0/0 w a-155/0 f-155 l-155/0 as139/120 st4 thr1.00 501:0 s0 k0 d0 f0 t7 m126 player 8: (97.073 -173.261 0.714) h1.00/1.00 g0/0 w a173/-3 f173 l173/-3 as139/120 st4 thr1.00 501:0 s0 k0 d0 f0 t8 m126 player 9: (104.504 -156.304 0.153) h1.00/1.00 g0/0 w a102/0 f102 l102/0 as139/120 st4 thr1.00 501:0 s0 k0 d0 f0 t9 m125 player 10: dead s0 k0 d0 f0 t10 m125 | items 34 (+59 -0 !0 x0) | playing to 15 | sent 58 received 22 corrected 0 | hits 0 dealt 0 rejected 0 replayed 0 | local 0 camera (93.4 -155.6 2.3) respawn 0
chupathingyce: bots: Bot 11 joined (spartan)
chupathingyce: bots: bot 10 inventory slot 0 now weapon 501
chupathingyce: bots: bot 10 seeking vehicle -495910910
chupathingyce: bots: bot 11 inventory slot 0 now weapon 501
chupathingyce: bots: bot 6 at (32.0 -83.2 0.0) yaw -40 fight, target 1 (seen), shield 1.00, kills 0 deaths 0
chupathingyce: bots: bot 7 at (86.1 -172.6 0.2) yaw -155 roam, target -1, shield 1.00, kills 0 deaths 0
chupathingyce: bots: bot 8 at (95.8 -173.9 0.7) yaw 174 fight, target 7 (seen), shield 1.00, kills 0 deaths 0
chupathingyce: bots: bot 9 at (105.6 -155.1 0.2) yaw 110 fight, target 5 (seen), shield 1.00, kills 0 deaths 0
chupathingyce: network test: player 11 is named Bot 11
chupathingyce: network test: tick 360 player 0: (93.636 -157.699 1.703) h1.00/0.86 g0/0 w a-91/-15 f-91 l-91/-15 as160/120 st4 thr1.00 501:0 494:12 s0 k0 d0 f0 t0 m0 player 1: (37.201 -86.948 0.394) h1.00/0.96 riding g0/0 w a158/1 f0 l158/1 as28/120 st0 thr0.00 501:0 s0 k0 d0 f0 t1 m127 player 2: (45.187 -81.812 0.121) h1.00/1.00 g0/0 w a-111/-1 f-111 l-111/-1 as139/120 st4 thr1.00 501:0 s0 k0 d0 f0 t2 m127 player 3: (41.618 -91.478 0.139) h0.72/0.00 g0/0 w a68/-0 f68 l68/-0 as139/120 st5 thr1.00 501:0 s0 k0 d0 f0 t3 m127 player 4: (92.721 -159.762 1.617) h1.00/1.00 g0/0 w a67/-3 f69 l67/-3 as140/120 st20 thr1.00 501:0 s0 k0 d0 f0 t4 m127 player 5: (102.006 -145.875 0.402) h1.00/0.87 g0/0 w a105/0 f105 l105/0 as139/120 st4 thr0.35 501:0 s0 k0 d0 f0 t5 m126 player 6: (31.248 -84.583 0.053) h1.00/1.00 g0/0 w a-24/-1 f-24 l-24/-1 as139/120 st7 thr1.00 501:0 s0 k0 d0 f0 t6 m126 player 7: (84.953 -173.041 0.216) h1.00/1.00 g0/0 w a109/5 f160 l109/5 as139/120 st4 thr1.00 501:0 s0 k0 d0 f0 t7 m126 player 8: (95.112 -174.194 0.681) h1.00/1.00 g0/0 w a174/-4 f174 l174/-4 as139/120 st4 thr1.00 501:0 s0 k0 d0 f0 t8 m126 player 9: (105.816 -155.031 0.180) h1.00/1.00 g0/0 w a111/0 f111 l111/0 as139/120 st7 thr1.00 501:0 s0 k0 d0 f0 t9 m125 player 10: (103.418 -161.975 0.074) h1.00/1.00 g0/0 w a72/0 f72 l72/0 as139/120 st6 thr1.00 501:0 s0 k0 d0 f0 t10 m125 player 11: (43.140 -69.478 0.296) h1.00/1.00 g0/0 w a-74/-2 f-74 l-74/-2 as139/120 st4 thr1.00 501:0 s0 k0 d0 f0 t11 m125 | items 34 (+63 -0 !0 x0) | playing to 15 | sent 73 received 25 corrected 0 | hits 0 dealt 0 rejected 0 replayed 0 | local 0 camera (93.6 -157.7 2.3) respawn 0
chupathingyce: bots: Bot 12 joined (spartan)
chupathingyce: bots: bot 10 at (103.2 -161.9 0.1) yaw 68 fight, target 9 (seen), shield 1.00, kills 0 deaths 0
chupathingyce: bots: bot 12 inventory slot 0 now weapon 501
chupathingyce: bots: bot 11 at (43.3 -70.2 0.2) yaw -76 fight, target 2, shield 1.00, kills 0 deaths 0
chupathingyce: bots: bot 5 entered vehicle -495910910 seat 0
chupathingyce: bots: bot 12 at (85.4 -161.9 0.1) yaw -55 fight, target 8 (seen), shield 1.00, kills 0 deaths 0
chupathingyce: network test: player 12 is named Bot 12
chupathingyce: network test: tick 390 player 0: (93.090 -158.741 1.703) h1.00/0.57 g0/0 w a-123/-20 f-123 l-123/-20 as160/120 st5 thr1.00 501:0 494:11 s0 k0 d0 f0 t0 m0 player 1: (37.203 -86.942 0.394) h1.00/0.00 riding g0/0 w a175/1 f0 l170/1 as28/120 st0 thr0.00 501:0 s0 k0 d0 f0 t1 m127 player 2: (44.357 -83.438 0.086) h1.00/0.88 g0/0 w a-112/-0 f-112 l-112/-0 as139/120 st4 thr1.00 501:0 s0 k0 d0 f0 t2 m127 player 3: (40.544 -92.972 0.060) h0.72/0.00 g0/0 w a69/-1 f69 l69/-1 as139/120 st5 thr1.00 501:0 s0 k0 d0 f0 t3 m127 player 4: (92.224 -159.726 1.270) h0.65/0.00 g0/0 w a51/11 f51 l51/11 as139/120 st5 thr1.00 501:0 s0 k0 d0 f0 t4 m127 player 5: (102.263 -144.749 0.934) h1.00/0.87 riding g0/0 w a-64/-2 f-0 l-64/-2 as139/120 st26 thr0.50 501:0 s0 k0 d0 f0 t5 m126 player 6: (30.714 -86.502 0.059) h1.00/1.00 g0/0 w a-8/-1 f-8 l-8/-1 as139/120 st7 thr1.00 501:0 s0 k0 d0 f0 t6 m126 player 7: (84.812 -172.005 0.162) h1.00/1.00 g0/0 w a-23/3 f-23 l-23/3 as139/120 st7 thr1.00 501:0 s0 k0 d0 f0 t7 m126 player 8: (94.019 -175.713 0.848) h1.00/1.00 g0/0 w a158/-5 f158 l158/-5 as139/120 st6 thr1.00 501:0 s0 k0 d0 f0 t8 m126 player 9: (106.410 -153.837 0.133) h1.00/0.88 g0/0 w a-123/-1 f-176 l-123/-1 as139/120 st6 thr1.00 501:0 s0 k0 d0 f0 t9 m125 player 10: (101.634 -161.085 0.118) h1.00/1.00 g0/0 w a58/-1 f58 l58/-1 as139/120 st6 thr1.00 501:0 s0 k0 d0 f0 t10 m125 player 11: (43.709 -71.637 0.025) h1.00/1.00 g0/0 w a-74/-0 f-74 l-74/-0 as139/120 st4 thr1.00 501:0 s0 k0 d0 f0 t11 m125 player 12: (86.293 -162.349 0.125) h1.00/1.00 g0/0 w a-58/2 f-58 l-58/2 as139/120 st4 thr1.00 501:0 s0 k0 d0 f0 t12 m125 | items 34 (+65 -0 !0 x0) | playing to 15 | sent 89 received 27 corrected 0 | hits 0 dealt 0 rejected 0 replayed 0 | local 0 camera (93.1 -158.7 2.3) respawn 0
chupathingyce: bots: Bot 13 joined (spartan)
chupathingyce: bots: bot 13 inventory slot 0 now weapon 501
chupathingyce: network test: player 13 is named Bot 13
chupathingyce: network test: tick 420 player 0: (92.516 -159.550 1.603) h1.00/0.57 g0/0 w a-161/-31 f-161 l-161/-31 as161/120 st20 thr1.00 501:0 494:10 s0 k0 d0 f0 t0 m0 player 1: (37.203 -86.942 0.394) h0.97/0.00 riding g0/0 w a177/1 f0 l170/1 as28/120 st0 thr0.00 501:0 s0 k0 d0 f0 t1 m127 player 2: (44.682 -85.583 -0.011) h1.00/0.88 g0/0 w a-114/-2 f-114 l-114/-2 as139/120 st4 thr1.00 501:0 s0 k0 d0 f0 t2 m127 player 3: (40.600 -94.874 -0.251) h0.72/0.00 g0/0 w a66/1 f66 l66/1 as139/120 st5 thr1.00 501:0 s0 k0 d0 f0 t3 m127 player 4: (91.346 -159.726 0.739) h0.65/0.00 g0/0 w a9/32 f9 l9/32 as139/120 st5 thr1.00 501:0 s0 k0 d0 f0 t4 m127 player 5: (102.351 -144.039 1.040) h1.00/0.87 riding g0/0 w a-65/-3 f-0 l-65/-3 as139/120 st26 thr0.50 501:0 s0 k0 d0 f0 t5 m126 player 6: (30.689 -86.470 0.061) h1.00/1.00 g0/0 w a-4/-1 f-4 l-4/-1 as139/120 st6 thr1.00 501:0 s0 k0 d0 f0 t6 m126 player 7: (84.078 -173.862 0.261) h1.00/1.00 g0/0 w a-23/5 f-23 l-23/5 as139/120 st7 thr1.00 501:0 s0 k0 d0 f0 t7 m126 player 8: (93.302 -177.507 1.331) h1.00/1.00 g0/0 w a160/-7 f160 l160/-7 as139/120 st6 thr1.00 501:0 s0 k0 d0 f0 t8 m126 player 9: (107.789 -155.100 0.116) h1.00/0.88 g0/0 w a-138/-1 f-138 l-138/-1 as139/120 st6 thr1.00 501:0 s0 k0 d0 f0 t9 m125 player 10: (101.422 -160.484 0.129) h1.00/1.00 g0/0 w a40/-1 f40 l40/-1 as139/120 st7 thr1.00 501:0 s0 k0 d0 f0 t10 m125 player 11: (44.294 -73.803 0.011) h1.00/1.00 g0/0 w a-75/-1 f-75 l-75/-1 as139/120 st4 thr1.00 501:0 s0 k0 d0 f0 t11 m125 player 12: (87.350 -163.867 0.699) h1.00/1.00 g0/0 w a-67/3 f-66 l-67/3 as140/120 st20 thr1.00 501:0 s0 k0 d0 f0 t12 m125 player 13: (91.997 -169.578 0.121) h1.00/1.00 g0/0 w a-83/7 f-45 l-83/7 as139/120 st7 thr1.00 501:0 s0 k0 d0 f0 t13 m124 | items 34 (+67 -0 !0 x0) | playing to 15 | sent 97 received 29 corrected 0 | hits 0 dealt 0 rejected 0 replayed 0 | local 0 camera (92.5 -159.6 2.2) respawn 0
chupathingyce: bots: Bot 14 joined (spartan)
chupathingyce: bots: bot 14 inventory slot 0 now weapon 501
chupathingyce: network test: player 14 is named Bot 14
chupathingyce: network test: tick 450 player 0: (90.601 -159.598 0.288) h0.56/0.00 g0/0 w a149/-30 f149 l149/-30 as161/120 st0 thr0.00 501:0 494:10 s0 k0 d0 f0 t0 m0 player 1: (37.203 -86.942 0.394) h0.82/0.00 riding g0/0 w a170/1 f0 l170/1 as28/120 st0 thr0.00 501:0 s0 k0 d0 f0 t1 m127 player 2: (44.835 -87.735 0.021) h1.00/0.88 g0/0 w a-120/-3 f-120 l-120/-3 as139/120 st6 thr1.00 501:0 s0 k0 d0 f0 t2 m127 player 3: (39.656 -96.389 -0.268) h0.72/0.00 g0/0 w a59/1 f59 l59/1 as139/120 st5 thr1.00 501:0 s0 k0 d0 f0 t3 m127 player 4: (90.336 -159.288 0.134) h0.65/0.00 g0/0 w a-50/7 f-50 l-50/7 as139/120 st5 thr1.00 501:0 s0 k0 d0 f0 t4 m127 player 5: (104.276 -143.210 1.232) h1.00/0.87 riding g0/0 w a-148/-2 f-0 l-128/-4 as28/120 st0 thr0.50 501:0 s0 k0 d0 f0 t5 m126 player 6: (30.732 -85.967 0.066) h1.00/1.00 g0/0 w a-11/-2 f-11 l-11/-2 as139/120 st7 thr1.00 501:0 s0 k0 d0 f0 t6 m126 player 7: (83.782 -174.633 0.951) h1.00/1.00 g0/0 w a-23/2 f-23 l-23/2 as140/120 st20 thr1.00 501:0 s0 k0 d0 f0 t7 m126 player 8: (92.911 -178.508 1.534) h1.00/0.87 g0/0 w a158/-4 f157 l158/-4 as139/120 st11 thr1.00 501:0 s0 k0 d0 f0 t8 m126 player 9: (109.083 -156.625 0.105) h1.00/0.88 g0/0 w a-140/-1 f-140 l-140/-1 as139/120 st6 thr1.00 501:0 s0 k0 d0 f0 t9 m125 player 10: (102.716 -162.007 0.078) h1.00/1.00 g0/0 w a41/-1 f41 l41/-1 as139/120 st7 thr1.00 501:0 s0 k0 d0 f0 t10 m125 player 11: (44.882 -75.972 0.114) h1.00/1.00 g0/0 w a-75/-2 f-75 l-75/-2 as139/120 st4 thr1.00 501:0 s0 k0 d0 f0 t11 m125 player 12: (87.148 -165.573 0.128) h1.00/1.00 g0/0 w a-56/-2 f-56 l-56/-2 as139/120 st6 thr1.00 501:0 s0 k0 d0 f0 t12 m125 player 13: (90.047 -170.017 0.116) h1.00/1.00 g0/0 w a-73/9 f-73 l-73/9 as139/120 st7 thr1.00 501:0 s0 k0 d0 f0 t13 m124 player 14: (93.524 -149.254 0.153) h1.00/1.00 g0/0 w a-25/-1 f-25 l-25/-1 as139/120 st4 thr1.00 501:0 s0 k0 d0 f0 t14 m124 | items 34 (+69 -0 !0 x0) | playing to 15 | sent 110 received 31 corrected 0 | hits 0 dealt 0 rejected 0 replayed 0 | local 0 camera (90.6 -159.6 0.9) respawn 0
chupathingyce: bots: Bot 15 joined (spartan)
chupathingyce: bots: bot 15 inventory slot 0 now weapon 501
chupathingyce: network test: player 15 is named Bot 15
chupathingyce: network test: tick 480 player 0: (90.705 -159.671 0.351) h0.56/0.00 g0/0 w a161/-32 f161 l161/-32 as160/120 st5 thr1.00 501:0 494:10 s1 k1 d0 f0 t0 m0 player 1: (37.203 -86.942 0.394) h0.79/0.00 riding g0/0 w a-178/6 f0 l171/6 as28/120 st0 thr0.00 501:0 s0 k0 d0 f0 t1 m127 player 2: (44.923 -89.848 0.113) h1.00/0.88 g0/0 w a-121/-3 f-121 l-121/-3 as139/120 st4 thr1.00 501:0 s0 k0 d0 f0 t2 m127 player 3: (39.470 -98.327 -0.169) h0.72/0.00 g0/0 w a58/0 f58 l58/0 as139/120 st5 thr1.00 501:0 s0 k0 d0 f0 t3 m127 player 4: dead s0 k0 d1 f0 t4 m127 player 5: (105.045 -145.750 0.892) h1.00/0.87 riding g0/0 w a-99/0 f-0 l-118/2 as28/120 st0 thr0.50 501:0 s0 k0 d0 f0 t5 m126 player 6: (30.590 -87.134 0.592) h1.00/1.00 g0/0 w a-1/-5 f1 l-1/-5 as140/120 st20 thr1.00 501:0 s0 k0 d0 f0 t6 m126 player 7: (84.102 -173.808 0.257) h1.00/1.00 g0/0 w a-22/5 f-22 l-22/5 as139/120 st6 thr1.00 501:0 s0 k0 d0 f0 t7 m126 player 8: (93.200 -177.772 1.385) h1.00/0.87 g0/0 w a157/-7 f157 l157/-7 as139/120 st6 thr1.00 501:0 s0 k0 d0 f0 t8 m126 player 9: (110.352 -158.170 0.063) h1.00/0.88 g0/0 w a-146/-2 f-146 l-146/-2 as139/120 st6 thr1.00 501:0 s0 k0 d0 f0 t9 m125 player 10: (103.318 -162.679 0.051) h1.00/1.00 g0/0 w a36/-1 f36 l36/-1 as139/120 st6 thr1.00 501:0 s0 k0 d0 f0 t10 m125 player 11: (46.068 -77.720 0.134) h1.00/1.00 g0/0 w a-96/-0 f-96 l-96/-0 as139/120 st4 thr1.00 501:0 s0 k0 d0 f0 t11 m125 player 12: (85.646 -166.595 0.116) h1.00/1.00 g0/0 w a-57/4 f-57 l-57/4 as139/120 st7 thr1.00 501:0 s0 k0 d0 f0 t12 m125 player 13: (88.555 -170.727 0.665) h1.00/1.00 g0/0 w a-57/5 f-58 l-57/5 as140/120 st20 thr1.00 501:0 s0 k0 d0 f0 t13 m124 player 14: (95.044 -150.289 0.067) h1.00/1.00 g0/0 w a-27/0 f-27 l-27/0 as139/120 st4 thr1.00 501:0 s0 k0 d0 f0 t14 m124 player 15: (85.550 -157.003 -0.036) h1.00/1.00 g0/0 w a-26/1 f-26 l-26/1 as139/120 st6 thr1.00 501:0 s0 k0 d0 f0 t15 m124 | items 34 (+71 -0 !0 x0) | playing to 15 | sent 121 received 35 corrected 0 | hits 0 dealt 0 rejected 0 replayed 0 | local 0 camera (90.7 -159.7 1.0) respawn 0
chupathingyce: bots: Bot 16 joined (spartan)
chupathingyce: bots: bot 16 inventory slot 0 now weapon 501
chupathingyce: network test: player 16 is named Bot 16
chupathingyce: network test: tick 510 player 0: (91.970 -159.494 1.116) h0.44/0.00 g0/0 w a157/-18 f157 l157/-18 as160/120 st5 thr1.00 501:0 494:10 s1 k1 d0 f0 t0 m0 player 1: (37.203 -86.942 0.394) h0.54/0.00 riding g0/0 w a-178/1 f0 l171/2 as28/120 st0 thr0.00 501:0 s0 k0 d0 f0 t1 m127 player 2: (45.545 -91.565 0.313) h1.00/0.88 g0/0 w a-130/-3 f-130 l-130/-3 as139/120 st6 thr1.00 501:0 s0 k0 d0 f0 t2 m127 player 3: (39.342 -99.277 -0.094) h0.72/0.00 g0/0 w a51/2 f51 l51/2 as139/120 st7 thr1.00 501:0 s0 k0 d0 f0 t3 m127 player 4: dead s0 k0 d1 f0 t4 m127 player 5: (101.901 -148.737 0.408) h1.00/0.87 riding g0/0 w a-87/4 f-0 l-87/4 as28/120 st0 thr0.50 501:0 s0 k0 d0 f0 t5 m126 player 6: (30.575 -87.127 0.059) h1.00/1.00 g0/0 w a1/-0 f1 l1/-0 as139/120 st7 thr1.00 501:0 s0 k0 d0 f0 t6 m126 player 7: (83.865 -171.993 0.852) h1.00/1.00 g0/0 w a16/-10 f27 l16/-10 as140/120 st20 thr1.00 501:0 s0 k0 d0 f0 t7 m126 player 8: (91.674 -178.516 1.562) h1.00/0.87 g0/0 w a140/-5 f140 l140/-5 as139/120 st4 thr1.00 501:0 s0 k0 d0 f0 t8 m126 player 9: (109.803 -157.057 0.098) h1.00/0.88 g0/0 w a-153/4 f-153 l-153/4 as139/120 st7 thr1.00 501:0 s0 k0 d0 f0 t9 m125 player 10: (102.363 -160.923 0.674) h1.00/1.00 g0/0 w a28/-6 f27 l28/-6 as140/120 st20 thr1.00 501:0 s0 k0 d0 f0 t10 m125 player 11: (46.961 -79.700 0.116) h1.00/1.00 g0/0 w a-98/1 f-98 l-98/1 as139/120 st4 thr1.00 501:0 s0 k0 d0 f0 t11 m125 player 12: (84.171 -167.934 0.723) h1.00/1.00 g0/0 w a-38/-9 f-53 l-38/-9 as140/120 st20 thr1.00 501:0 s0 k0 d0 f0 t12 m125 player 13: (88.193 -170.900 0.144) h1.00/0.88 g0/0 w a-65/8 f-58 l-65/8 as139/120 st6 thr1.00 501:0 s0 k0 d0 f0 t13 m124 player 14: (96.254 -152.092 0.091) h1.00/1.00 g0/0 w a3/-2 f-10 l3/-2 as139/120 st7 thr1.00 501:0 s0 k0 d0 f0 t14 m124 player 15: (86.727 -155.416 -0.016) h1.00/1.00 g0/0 w a21/-0 f21 l21/-0 as139/120 st4 thr1.00 501:0 s0 k0 d0 f0 t15 m124 player 16: (52.151 -76.979 0.100) h1.00/1.00 g0/0 w a-152/-2 f-152 l-152/-2 as139/120 st6 thr1.00 501:0 s0 k0 d0 f0 t16 m124 | items 35 (+73 -0 !0 x0) | playing to 15 |
chupathingyce: bots: Bot 17 joined (spartan)
chupathingyce: bots: bot 17 inventory slot 0 now weapon 501
chupathingyce: network test: player 17 is named Bot 17
chupathingyce: network test: tick 540 player 0: (93.278 -158.893 1.749) h0.44/0.00 g0/0 w a154/-15 f154 l154/-15 as161/120 st20 thr1.00 501:0 494:10 s1 k1 d0 f0 t0 m0 player 1: (37.203 -86.942 0.394) h0.26/0.00 riding g0/0 w a176/6 f0 l171/7 as28/120 st0 thr0.00 501:0 s0 k0 d0 f0 t1 m127 player 2: (45.363 -91.542 0.447) h1.00/0.88 g0/0 w a-118/-3 f-118 l-118/-3 as139/120 st7 thr1.00 501:0 s0 k0 d0 f0 t2 m127 player 3: (40.693 -100.300 0.034) h0.72/0.18 g0/0 w a63/1 f63 l63/1 as139/120 st6 thr1.00 501:0 s0 k0 d0 f0 t3 m127 player 4: dead s0 k0 d1 f0 t4 m127 player 5: (101.893 -153.185 0.297) h1.00/1.00 riding g0/0 w a-172/3 f-0 l-152/3 as28/120 st0 thr0.00 501:0 s0 k0 d0 f0 t5 m126 player 6: (30.583 -86.400 0.666) h1.00/1.00 g0/0 w a-7/-5 f0 l-7/-5 as140/120 st20 thr1.00 501:0 s0 k0 d0 f0 t6 m126 player 7: (83.636 -170.502 0.113) h1.00/1.00 g0/0 w a96/-7 f84 l96/-7 as139/120 st5 thr1.00 501:0 s0 k0 d0 f0 t7 m126 player 8: (91.319 -176.697 0.856) h1.00/0.87 g0/0 w a140/-6 f140 l140/-6 as139/120 st7 thr1.00 501:0 s0 k0 d0 f0 t8 m126 player 9: (108.878 -155.283 0.086) h1.00/0.88 g0/0 w a-151/-1 f-151 l-151/-1 as139/120 st7 thr1.00 501:0 s0 k0 d0 f0 t9 m125 player 10: (101.438 -159.154 0.164) h1.00/1.00 g0/0 w a29/-2 f29 l29/-2 as139/120 st6 thr1.00 501:0 s0 k0 d0 f0 t10 m125 player 11: (47.820 -81.694 0.071) h1.00/1.00 g0/0 w a-102/-0 f-102 l-102/-0 as139/120 st4 thr1.00 501:0 s0 k0 d0 f0 t11 m125 player 12: (83.481 -168.650 0.094) h1.00/0.84 g0/0 w a-83/-6 f-83 l-83/-6 as139/120 st5 thr1.00 501:0 s0 k0 d0 f0 t12 m125 player 13: (89.842 -170.288 0.684) h1.00/0.88 g0/0 w a-78/-0 f-68 l-78/-0 as140/120 st20 thr1.00 501:0 s0 k0 d0 f0 t13 m124 player 14: (97.403 -153.161 0.080) h1.00/1.00 g0/0 w a4/-2 f4 l4/-2 as139/120 st6 thr1.00 501:0 s0 k0 d0 f0 t14 m124 player 15: (88.166 -156.520 0.072) h1.00/1.00 g0/0 w a17/-1 f17 l17/-1 as139/120 st7 thr1.00 501:0 s0 k0 d0 f0 t15 m124 player 16: (53.123 -78.727 0.727) h1.00/1.00 g0/0 w a-150/-7 f-150 l-150/-7 as140/120 st20 thr1.00 501:0 s0 k0 d0 f0 t16 m124 player 17: (98.000 -169.353 0.219) 
chupathingyce: bots: Bot 18 joined (spartan)
chupathingyce: bots: bot 4 inventory slot 0 now weapon 501
chupathingyce: bots: bot 18 inventory slot 0 now weapon 501
chupathingyce: network test: player 18 is named Bot 18
chupathingyce: network test: tick 570 player 0: (92.529 -159.284 1.669) h0.44/0.00 g0/0 w a-173/-31 f-173 l-173/-31 as160/120 st4 thr1.00 501:0 494:10 s1 k1 d0 f0 t0 m0 player 1: dead s0 k0 d1 f0 t1 m127 player 2: (43.679 -90.675 0.675) h1.00/0.93 g0/0 w a-117/-5 f-118 l-117/-5 as140/120 st20 thr1.00 501:0 s0 k0 d0 f0 t2 m127 player 3: (39.039 -99.442 -0.082) h0.72/0.43 g0/0 w a63/4 f63 l63/4 as139/120 st6 thr1.00 501:0 s0 k0 d0 f0 t3 m127 player 4: (92.026 -150.397 0.589) h1.00/1.00 g0/0 w a-16/-6 f-16 l-16/-6 as139/120 st7 thr1.00 501:0 s0 k0 d1 f0 t4 m127 player 5: (102.352 -154.764 0.317) h1.00/0.98 riding g0/0 w a167/2 f-0 l-173/2 as28/120 st0 thr0.00 501:0 s0 k0 d0 f0 t5 m126 player 6: (31.088 -84.474 0.065) h1.00/1.00 g0/0 w a-24/-2 f-24 l-24/-2 as139/120 st6 thr1.00 501:0 s1 k1 d0 f0 t6 m126 player 7: (84.609 -171.146 0.121) h1.00/0.87 g0/0 w a121/-2 f121 l121/-2 as139/120 st7 thr1.00 501:0 s0 k0 d0 f0 t7 m126 player 8: (91.205 -176.924 0.940) h1.00/0.87 g0/0 w a138/-6 f138 l138/-6 as139/120 st7 thr1.00 501:0 s0 k0 d0 f0 t8 m126 player 9: (107.954 -153.538 0.471) h1.00/0.96 g0/0 w a-152/-3 f-151 l-152/-3 as140/120 st20 thr1.00 501:0 s0 k0 d0 f0 t9 m125 player 10: (100.678 -157.380 0.143) h1.00/1.00 g0/0 w a29/0 f29 l29/0 as139/120 st6 thr1.00 501:0 s0 k0 d0 f0 t10 m125 player 11: (49.352 -82.835 0.057) h1.00/1.00 g0/0 w a-123/4 f-123 l-123/4 as139/120 st6 thr1.00 501:0 s0 k0 d0 f0 t11 m125 player 12: (82.508 -167.948 0.112) h1.00/0.71 g0/0 w a-59/-2 f-59 l-59/-2 as139/120 st7 thr1.00 501:0 s0 k0 d0 f0 t12 m125 player 13: (89.598 -170.197 0.120) h1.00/0.88 g0/0 w a-79/6 f-79 l-79/6 as139/120 st7 thr1.00 501:0 s0 k0 d0 f0 t13 m124 player 14: (97.523 -151.807 0.066) h1.00/1.00 g0/0 w a-61/0 f-61 l-61/0 as139/120 st7 thr1.00 501:0 s0 k0 d0 f0 t14 m124 player 15: (89.535 -156.999 0.109) h1.00/1.00 g0/0 w a33/-1 f33 l33/-1 as139/120 st6 thr1.00 501:0 s0 k0 d0 f0 t15 m124 player 16: (54.070 -80.488 0.163) h1.00/1.00 g0/0 w a-152/-3 f-152 l-152/-3 as139/120 st6 thr1.00 501:0 s0 k0 d0 f0 t16 m124 player 17: (99.918 -168.359 0.0
chupathingyce: bots: Bot 19 joined (spartan)
chupathingyce: bots: bot 19 inventory slot 0 now weapon 501
chupathingyce: network test: player 19 is named Bot 19
chupathingyce: network test: tick 600 player 0: (90.808 -159.619 0.414) h0.44/0.00 g0/0 w a157/-0 f171 l157/-0 as161/120 st0 thr0.00 501:0 494:10 s1 k1 d0 f0 t0 m0 player 1: dead s0 k0 d1 f0 t1 m127 player 2: (44.060 -91.027 0.155) h1.00/1.00 g0/0 w a-131/0 f-131 l-131/0 as139/120 st6 thr1.00 501:0 s0 k0 d0 f0 t2 m127 player 3: (37.398 -98.411 0.246) h0.72/0.68 g0/0 w a51/-1 f51 l51/-1 as139/120 st6 thr1.00 501:0 s0 k0 d0 f0 t3 m127 player 4: (91.737 -151.728 0.442) h1.00/1.00 g0/0 w a-15/-6 f-15 l-15/-6 as139/120 st6 thr1.00 501:0 s0 k0 d1 f0 t4 m127 player 5: (102.493 -155.112 0.338) h1.00/0.95 riding g0/0 w a-167/6 f-0 l-167/6 as28/120 st0 thr0.00 501:0 s0 k0 d0 f0 t5 m126 player 6: (32.304 -85.367 -0.012) h1.00/1.00 g0/0 w a-68/0 f-68 l-68/0 as139/120 st4 thr1.00 501:0 s1 k1 d0 f0 t6 m126 player 7: (86.035 -169.752 0.157) h1.00/0.87 g0/0 w a137/-2 f137 l137/-2 as139/120 st7 thr1.00 501:0 s0 k0 d0 f0 t7 m126 player 8: (92.306 -175.671 0.662) h1.00/0.87 g0/0 w a136/-4 f136 l136/-4 as139/120 st6 thr1.00 501:0 s0 k0 d0 f0 t8 m126 player 9: (107.164 -152.073 0.164) h1.00/1.00 g0/0 w a-175/-1 f-151 l-175/-1 as140/120 st20 thr1.00 501:0 s0 k0 d0 f0 t9 m125 player 10: (99.977 -155.582 0.082) h1.00/0.00 g0/0 w a25/1 f25 l25/1 as139/120 st6 thr1.00 501:0 s0 k0 d0 f0 t10 m125 player 11: (50.657 -83.845 0.598) h1.00/1.00 g0/0 w a-132/-3 f-130 l-132/-3 as140/120 st20 thr1.00 501:0 s0 k0 d0 f0 t11 m125 player 12: (83.211 -167.080 0.089) h1.00/0.71 g0/0 w a-42/-2 f-42 l-42/-2 as139/120 st6 thr1.00 501:0 s0 k0 d0 f0 t12 m125 player 13: (89.069 -170.244 0.118) h1.00/0.88 g0/0 w a-57/3 f-57 l-57/3 as139/120 st6 thr1.00 501:0 s0 k0 d0 f0 t13 m124 player 14: (96.027 -153.104 0.110) h1.00/1.00 g0/0 w a-35/-1 f-35 l-35/-1 as139/120 st7 thr1.00 501:0 s0 k0 d0 f0 t14 m124 player 15: (88.848 -155.694 0.071) h1.00/1.00 g0/0 w a21/-0 f21 l21/-0 as139/120 st7 thr1.00 501:0 s0 k0 d0 f0 t15 m124 player 16: (54.890 -82.275 0.152) h1.00/1.00 g0/0 w a-159/5 f-159 l-159/5 as139/120 st7 thr1.00 501:0 s0 k0 d0 f0 t16 m124 player 17: (101.168 -166.925 0.007) 
chupathingyce: bots: Bot 20 joined (spartan)
chupathingyce: bots: bot 2 at (44.4 -91.3 0.2) yaw -136 fight, target 3, shield 1.00, kills 0 deaths 0
chupathingyce: bots: bot 3 at (37.1 -97.6 0.3) yaw 114 fight, target 6 (seen), shield 0.80, kills 0 deaths 0
chupathingyce: bots: bot 4 at (92.5 -150.5 0.4) yaw -52 fight, target 14 (seen), shield 1.00, kills 0 deaths 1
chupathingyce: bots: bot 5 at (102.7 -155.0 0.4) yaw 166 vehicle, target 10 (seen), shield 0.82, kills 0 deaths 0
chupathingyce: bots: bot 20 inventory slot 0 now weapon 501
chupathingyce: network test: player 20 is named Bot 20
chupathingyce: network test: tick 630 player 0: (90.183 -159.629 0.134) h0.44/0.00 g0/0 w a107/-1 f107 l107/-1 as160/120 st4 thr1.00 501:0 494:10 s1 k1 d0 f0 t0 m0 player 1: dead s0 k0 d1 f0 t1 m127 player 2: (43.550 -91.702 0.163) h1.00/1.00 g0/0 w a159/-1 f159 l159/-1 as139/120 st4 thr1.00 501:0 s0 k0 d0 f0 t2 m127 player 3: (37.238 -96.516 0.006) h0.72/0.93 g0/0 w a118/-1 f118 l118/-1 as139/120 st4 thr1.00 501:0 s0 k0 d0 f0 t3 m127 player 4: (93.070 -150.107 0.235) h1.00/1.00 g0/0 w a-59/-5 f-59 l-59/-5 as139/120 st6 thr1.00 501:0 s0 k0 d1 f0 t4 m127 player 5: (102.496 -155.118 0.338) h1.00/0.82 riding g0/0 w a166/2 f-0 l-176/2 as28/120 st0 thr0.00 501:0 s0 k0 d0 f0 t5 m126 player 6: (32.043 -87.480 0.012) h1.00/1.00 g0/0 w a-62/-0 f-62 l-62/-0 as139/120 st4 thr1.00 501:0 s1 k1 d0 f0 t6 m126 player 7: (87.060 -168.711 0.493) h1.00/0.87 g0/0 w a169/-9 f137 l169/-9 as140/120 st20 thr1.00 501:0 s0 k0 d0 f0 t7 m126 player 8: (90.951 -176.687 0.773) h1.00/0.89 g0/0 w a116/-2 f116 l116/-2 as139/120 st7 thr1.00 501:0 s0 k0 d0 f0 t8 m126 player 9: (105.565 -152.337 0.527) h1.00/1.00 g0/0 w a-161/-5 f-162 l-161/-5 as140/120 st20 thr1.00 501:0 s0 k0 d0 f0 t9 m125 player 10: (99.406 -154.192 -0.001) h1.00/0.00 g0/0 w a-11/-2 f-11 l-11/-2 as139/120 st6 thr1.00 501:0 s0 k0 d0 f0 t10 m125 player 11: (50.059 -84.357 0.078) h1.00/0.87 g0/0 w a-130/0 f-130 l-130/0 as139/120 st7 thr1.00 501:0 s0 k0 d0 f0 t11 m125 player 12: (82.835 -168.112 0.106) h1.00/0.71 g0/0 w a-11/5 f-11 l-11/5 as139/120 st7 thr1.00 501:0 s0 k0 d0 f0 t12 m125 player 13: (90.735 -169.679 0.107) h1.00/0.88 g0/0 w a-89/5 f-89 l-89/5 as139/120 st7 thr1.00 501:0 s0 k0 d0 f0 t13 m124 player 14: (95.664 -154.841 0.000) h1.00/1.00 g0/0 w a12/1 f12 l12/1 as139/120 st4 thr1.00 501:0 s0 k0 d0 f0 t14 m124 player 15: (88.345 -155.831 0.052) h1.00/1.00 g0/0 w a53/1 f53 l53/1 as139/120 st6 thr1.00 501:0 s0 k0 d0 f0 t15 m124 player 16: (54.124 -81.033 0.796) h1.00/1.00 g0/0 w a-142/-8 f-148 l-142/-8 as140/120 st20 thr1.00 501:0 s0 k0 d0 f0 t16 m124 player 17: (101.525 -165.060 0.424) 
chupathingyce: bots: Bot 21 joined (spartan)
chupathingyce: bots: bot 6 at (32.0 -87.8 0.0) yaw -59 fight, target 3 (seen), shield 1.00, kills 1 deaths 0
chupathingyce: bots: bot 7 at (87.3 -168.6 0.1) yaw -179 fight, target 12 (seen), shield 0.87, kills 0 deaths 0
chupathingyce: bots: bot 8 at (91.8 -176.2 0.7) yaw 121 fight, target 7 (seen), shield 1.00, kills 0 deaths 0
chupathingyce: bots: bot 9 at (104.2 -151.7 0.4) yaw -149 fight, target 10 (seen), shield 1.00, kills 0 deaths 0
chupathingyce: network test: player 21 is named Bot 21
chupathingyce: network test: tick 660 player 0: (88.762 -158.240 0.117) h0.44/0.00 g0/0 w a111/-4 f111 l111/-4 as160/120 st6 thr1.00 501:0 494:9 s1 k1 d0 f0 t0 m0 player 1: dead s0 k0 d1 f0 t1 m127 player 2: (41.913 -91.817 0.149) h1.00/1.00 g0/0 w a-138/1 f-138 l-138/1 as139/120 st6 thr1.00 501:0 s0 k0 d0 f0 t2 m127 player 3: (38.409 -95.044 0.349) h0.72/1.00 g0/0 w a138/-1 f134 l138/-1 as140/120 st20 thr1.00 501:0 s0 k0 d0 f0 t3 m127 player 4: (94.691 -149.362 0.056) h1.00/1.00 g0/0 w a-80/-1 f-80 l-80/-1 as139/120 st7 thr1.00 501:0 s0 k0 d1 f0 t4 m127 player 5: (102.496 -155.118 0.338) h1.00/0.57 riding g0/0 w a173/3 f-0 l-176/3 as28/120 st0 thr0.00 501:0 s0 k0 d0 f0 t5 m126 player 6: (30.883 -88.943 0.409) h1.00/1.00 g0/0 w a-42/-0 f-44 l-42/-0 as140/120 st20 thr1.00 501:0 s1 k1 d0 f0 t6 m126 player 7: (87.192 -169.787 0.689) h1.00/0.87 g0/0 w a158/-9 f174 l158/-9 as140/120 st20 thr1.00 501:0 s0 k0 d0 f0 t7 m126 player 8: (92.437 -175.800 0.706) h1.00/1.00 g0/0 w a129/-1 f129 l129/-1 as139/120 st7 thr1.00 501:0 s0 k0 d0 f0 t8 m126 player 9: (104.065 -151.550 0.220) h1.00/1.00 g0/0 w a-148/-4 f-162 l-148/-4 as140/120 st20 thr1.00 501:0 s0 k0 d0 f0 t9 m125 player 10: (99.270 -154.693 0.060) h0.85/0.00 g0/0 w a-6/-2 f-6 l-6/-2 as139/120 st6 thr1.00 501:0 s0 k0 d0 f0 t10 m125 player 11: (49.666 -85.417 0.078) h1.00/0.87 g0/0 w a-140/-1 f-140 l-140/-1 as139/120 st4 thr1.00 501:0 s0 k0 d0 f0 t11 m125 player 12: (82.972 -167.705 0.094) h1.00/0.71 g0/0 w a-24/5 f-24 l-24/5 as139/120 st6 thr1.00 501:0 s0 k0 d0 f0 t12 m125 player 13: (90.300 -169.976 0.116) h1.00/0.88 g0/0 w a175/8 f175 l175/8 as139/120 st7 thr1.00 501:0 s0 k0 d0 f0 t13 m124 player 14: (95.558 -154.585 0.048) h1.00/0.87 g0/0 w a100/-2 f100 l100/-2 as139/120 st6 thr1.00 501:0 s0 k0 d0 f0 t14 m124 player 15: (87.929 -155.522 0.313) h1.00/1.00 g0/0 w a17/-5 f41 l17/-5 as140/120 st20 thr1.00 501:0 s0 k0 d0 f0 t15 m124 player 16: (53.463 -80.074 0.167) h1.00/1.00 g0/0 w a-125/-2 f-125 l-125/-2 as139/120 st6 thr1.00 501:0 s0 k0 d0 f0 t16 m124 player 17: (103.003 -163.473 
chupathingyce: bots: Bot 22 joined (spartan)
chupathingyce: bots: bot 21 inventory slot 0 now weapon 501
chupathingyce: bots: bot 10 at (99.3 -154.6 0.1) yaw -6 fight, target 5 (seen), shield 0.00, kills 0 deaths 0
chupathingyce: bots: bot 22 inventory slot 0 now weapon 501
chupathingyce: bots: bot 11 at (49.7 -86.0 0.1) yaw -139 fight, target 2 (seen), shield 0.87, kills 0 deaths 0
chupathingyce: bots: bot 1 inventory slot 0 now weapon 501
chupathingyce: bots: bot 12 at (83.6 -166.8 0.7) yaw -53 fight, target 7 (seen), shield 0.71, kills 0 deaths 0
chupathingyce: bots: bot 13 at (90.2 -168.7 0.1) yaw -147 fight, target 7 (seen), shield 1.00, kills 0 deaths 0
chupathingyce: network test: player 22 is named Bot 22
chupathingyce: network test: tick 690 player 0: (88.463 -159.176 0.115) h0.44/0.01 g0/0 w a79/2 f79 l79/2 as160/120 st8 thr1.00 501:0 494:8 s1 k1 d0 f0 t0 m0 player 1: (36.666 -67.898 0.269) h1.00/1.00 g0/0 w a165/0 f165 l165/0 as139/120 st4 thr1.00 501:0 s0 k0 d1 f0 t1 m127 player 2: (42.706 -93.391 0.224) h1.00/1.00 g0/0 w a-173/-8 f-173 l-173/-8 as139/120 st7 thr1.00 501:0 s0 k0 d0 f0 t2 m127 player 3: (39.746 -93.709 -0.084) h0.72/0.86 g0/0 w a114/-0 f134 l114/-0 as140/120 st21 thr1.00 501:0 s0 k0 d0 f0 t3 m127 player 4: (93.788 -149.480 0.498) h1.00/1.00 g0/0 w a-74/-4 f-82 l-74/-4 as140/120 st20 thr1.00 501:0 s0 k0 d1 f0 t4 m127 player 5: (102.496 -155.118 0.338) h1.00/0.41 riding g0/0 w a164/1 f-0 l-176/1 as28/120 st0 thr0.00 501:0 s0 k0 d0 f0 t5 m126 player 6: (29.952 -90.646 0.243) h1.00/1.00 g0/0 w a-18/-3 f-44 l-18/-3 as140/120 st21 thr1.00 501:0 s1 k1 d0 f0 t6 m126 player 7: (86.316 -171.322 0.159) h1.00/0.87 g0/0 w a115/4 f129 l115/4 as139/120 st7 thr1.00 501:0 s0 k0 d0 f0 t7 m126 player 8: (93.452 -174.558 0.588) h1.00/1.00 g0/0 w a156/-4 f156 l156/-4 as139/120 st6 thr1.00 501:0 s0 k0 d0 f0 t8 m126 player 9: (102.819 -150.018 0.004) h1.00/1.00 g0/0 w a-135/-3 f-135 l-135/-3 as139/120 st7 thr1.00 501:0 s0 k0 d0 f0 t9 m125 player 10: (99.291 -153.734 -0.040) h0.71/0.00 g0/0 w a45/-1 f45 l45/-1 as139/120 st5 thr1.00 501:0 s0 k0 d0 f0 t10 m125 player 11: (50.462 -87.078 0.092) h1.00/0.87 g0/0 w a-139/-0 f-139 l-139/-0 as139/120 st4 thr1.00 501:0 s0 k0 d0 f0 t11 m125 player 12: (84.221 -166.189 0.571) h1.00/0.71 g0/0 w a-65/-6 f-32 l-65/-6 as140/120 st20 thr1.00 501:0 s0 k0 d0 f0 t12 m125 player 13: (89.994 -168.453 0.088) h1.00/1.00 g0/0 w a-144/-1 f-144 l-144/-1 as139/120 st6 thr1.00 501:0 s0 k0 d0 f0 t13 m124 player 14: (95.287 -154.816 0.213) h1.00/0.74 g0/0 w a106/2 f97 l106/2 as140/120 st20 thr1.00 501:0 s0 k0 d0 f0 t14 m124 player 15: (88.982 -156.492 0.221) h0.65/0.00 g0/0 w a-11/-7 f79 l9/-7 as140/120 st20 thr1.00 501:0 s0 k0 d0 f0 t15 m124 player 16: (55.030 -81.271 0.172) h1.00/1.00 g0/0 w a-127/-2 f-127 l-
chupathingyce: bots: Bot 23 joined (spartan)
chupathingyce: bots: bot 14 at (95.3 -154.8 0.2) yaw 107 fight, target 4 (seen), shield 0.74, kills 0 deaths 0
chupathingyce: bots: bot 23 inventory slot 0 now weapon 501
chupathingyce: bots: bot 15 at (89.1 -156.5 0.1) yaw -100 retreat, target 0 (seen), shield 0.00, kills 0 deaths 0
chupathingyce: bots: bot 16 at (55.3 -81.4 0.2) yaw -133 fight, target 11 (seen), shield 1.00, kills 0 deaths 0
chupathingyce: bots: bot 17 at (102.1 -161.7 0.1) yaw 92 fight, target 9 (seen), shield 1.00, kills 0 deaths 0
chupathingyce: bots: bot 18 at (45.5 -73.2 0.3) yaw -40 fight, target 16 (seen), shield 1.00, kills 0 deaths 0
chupathingyce: network test: player 23 is named Bot 23
chupathingyce: network test: tick 720 player 0: (89.927 -159.578 0.131) h0.44/0.01 g0/0 w a8/-6 f8 l8/-6 as160/120 st4 thr1.00 501:0 494:8 s1 k1 d0 f0 t0 m0 player 1: (34.281 -67.237 0.199) h1.00/1.00 g0/0 w a165/0 f165 l165/0 as139/120 st4 thr1.00 501:0 s0 k0 d1 f0 t1 m127 player 2: (44.028 -92.906 0.324) h1.00/1.00 g0/0 w a167/-7 f167 l167/-7 as139/120 st7 thr1.00 501:0 s0 k0 d0 f0 t2 m127 player 3: (41.021 -92.249 0.181) h0.72/0.86 g0/0 w a156/-3 f156 l156/-3 as139/120 st7 thr1.00 501:0 s0 k0 d0 f0 t3 m127 player 4: (92.095 -150.392 0.923) h1.00/1.00 g0/0 w a-44/-8 f-54 l-44/-8 as140/120 st20 thr1.00 501:0 s0 k0 d1 f0 t4 m127 player 5: (102.496 -155.118 0.338) h1.00/0.41 riding g0/0 w a176/4 f-0 l-176/4 as28/120 st0 thr0.00 501:0 s0 k0 d0 f0 t5 m126 player 6: (31.560 -90.549 0.849) h1.00/1.00 g0/0 w a-10/-6 f-11 l-10/-6 as140/120 st20 thr1.00 501:0 s1 k1 d0 f0 t6 m126 player 7: (87.650 -170.833 0.807) h1.00/0.43 g0/0 w a124/-8 f110 l124/-8 as140/120 st20 thr1.00 501:0 s0 k0 d0 f0 t7 m126 player 8: (92.380 -176.108 0.802) h1.00/1.00 g0/0 w a133/-0 f133 l133/-0 as139/120 st6 thr1.00 501:0 s0 k0 d0 f0 t8 m126 player 9: (101.155 -148.998 0.024) h1.00/1.00 g0/0 w a-111/0 f-111 l-111/0 as139/120 st6 thr1.00 501:0 s0 k0 d0 f0 t9 m125 player 10: (98.771 -154.950 0.120) h0.71/0.00 g0/0 w a68/-3 f68 l68/-3 as139/120 st5 thr1.00 501:0 s0 k0 d0 f0 t10 m125 player 11: (49.406 -86.443 0.083) h1.00/0.87 g0/0 w a-129/1 f-129 l-129/1 as139/120 st7 thr1.00 501:0 s0 k0 d0 f0 t11 m125 player 12: (84.199 -166.067 0.101) h1.00/0.57 g0/0 w a-55/5 f-55 l-55/5 as139/120 st7 thr1.00 501:0 s0 k0 d0 f0 t12 m125 player 13: (90.824 -169.875 0.116) h1.00/1.00 g0/0 w a-163/10 f-163 l-163/10 as139/120 st6 thr1.00 501:0 s0 k0 d0 f0 t13 m124 player 14: (96.124 -154.102 0.359) h1.00/0.74 g0/0 w a134/6 f134 l134/6 as140/120 st20 thr1.00 501:0 s0 k0 d0 f0 t14 m124 player 15: (88.367 -155.278 0.039) h0.65/0.00 g0/0 w a-70/-1 f-70 l-70/-1 as139/120 st5 thr1.00 501:0 s0 k0 d0 f0 t15 m124 player 16: (54.530 -80.781 0.180) h1.00/1.00 g0/0 w a-133/-2 f-133 l-133/-2 a
chupathingyce: bots: Bot 24 joined (spartan)
chupathingyce: bots: bot 19 at (49.2 -78.9 0.1) yaw 43 fight, target 23 (seen), shield 1.00, kills 0 deaths 0
chupathingyce: bots: bot 24 inventory slot 0 now weapon 501
chupathingyce: bots: bot 20 at (96.4 -164.9 0.1) yaw 26 fight, target 17, shield 1.00, kills 0 deaths 0
chupathingyce: bots: bot 21 at (83.8 -159.3 -0.0) yaw -90 fight, target 12 (seen), shield 1.00, kills 0 deaths 0
chupathingyce: bots: bot 22 at (37.3 -89.1 0.0) yaw -18 fight, target 3 (seen), shield 1.00, kills 0 deaths 0
chupathingyce: network test: player 24 is named Bot 24
chupathingyce: network test: tick 750 player 0: (91.610 -159.557 0.899) h0.44/0.01 g0/0 w a-3/-1 f-3 l-3/-1 as160/120 st4 thr1.00 501:0 494:8 s1 k1 d0 f0 t0 m0 player 1: (31.911 -66.579 0.342) h1.00/1.00 g0/0 w a165/0 f165 l165/0 as139/120 st4 thr1.00 501:0 s0 k0 d1 f0 t1 m127 player 2: (43.156 -93.752 0.396) h1.00/1.00 g0/0 w a116/1 f116 l116/1 as139/120 st6 thr1.00 501:0 s0 k0 d0 f0 t2 m127 player 3: (41.821 -90.418 0.517) h0.72/0.86 g0/0 w a162/-9 f156 l162/-9 as140/120 st20 thr1.00 501:0 s0 k0 d0 f0 t3 m127 player 4: (90.942 -151.778 0.558) h1.00/1.00 g0/0 w a-8/-2 f-8 l-8/-2 as139/120 st7 thr1.00 501:0 s0 k0 d1 f0 t4 m127 player 5: (102.496 -155.118 0.338) h1.00/0.41 riding g0/0 w a-163/5 f-0 l-163/5 as28/120 st0 thr0.00 501:0 s0 k0 d0 f0 t5 m126 player 6: (32.958 -89.796 0.191) h1.00/1.00 g0/0 w a-6/2 f-11 l-6/2 as139/120 st7 thr1.00 501:0 s1 k1 d0 f0 t6 m126 player 7: (88.594 -170.301 0.117) h1.00/0.30 g0/0 w a-10/-1 f54 l-5/-1 as139/120 st7 thr1.00 501:0 s0 k0 d0 f0 t7 m126 player 8: (93.367 -175.372 0.727) h1.00/1.00 g0/0 w a133/-6 f133 l133/-6 as139/120 st7 thr1.00 501:0 s0 k0 d0 f0 t8 m126 player 9: (102.376 -149.455 -0.006) h1.00/1.00 g0/0 w a-112/-0 f-112 l-112/-0 as139/120 st7 thr1.00 501:0 s0 k0 d0 f0 t9 m125 player 10: (99.925 -156.103 0.120) h0.71/0.00 g0/0 w a130/3 f130 l130/3 as139/120 st5 thr1.00 501:0 s0 k0 d0 f0 t10 m125 player 11: (47.754 -85.326 0.007) h1.00/0.87 g0/0 w a-118/1 f-118 l-118/1 as139/120 st7 thr1.00 501:0 s0 k0 d0 f0 t11 m125 player 12: (84.321 -165.761 0.102) h1.00/0.57 g0/0 w a-45/-1 f-45 l-45/-1 as139/120 st6 thr1.00 501:0 s0 k0 d0 f0 t12 m125 player 13: (91.874 -170.986 0.165) h1.00/1.00 g0/0 w a171/-4 f171 l171/-4 as139/120 st6 thr1.00 501:0 s0 k0 d0 f0 t13 m124 player 14: (96.983 -152.417 0.373) h1.00/0.74 g0/0 w a170/-0 f134 l170/-0 as140/120 st20 thr1.00 501:0 s0 k0 d0 f0 t14 m124 player 15: (86.974 -154.350 -0.010) h0.65/0.00 g0/0 w a35/6 f35 l35/6 as139/120 st5 thr1.00 501:0 s0 k0 d0 f0 t15 m124 player 16: (53.354 -79.449 0.171) h0.95/0.00 g0/0 w a153/-3 f160 l153/-3 as139/120 st
chupathingyce: bots: Bot 25 joined (spartan)
chupathingyce: bots: bot 23 at (50.5 -77.6 0.1) yaw -137 fight, target 19 (seen), shield 1.00, kills 0 deaths 0
chupathingyce: bots: bot 24 at (29.0 -78.3 0.2) yaw -71 fight, target 6 (seen), shield 1.00, kills 0 deaths 0
chupathingyce: bots: bot 25 inventory slot 0 now weapon 501
chupathingyce: bots: bot 25 at (105.0 -162.2 0.0) yaw 48 roam, target -1, shield 1.00, kills 0 deaths 0
chupathingyce: network test: player 25 is named Bot 25
chupathingyce: network test: tick 780 player 0: (93.163 -160.030 1.767) h0.44/0.01 g0/0 w a-40/-5 f-40 l-40/-5 as160/120 st4 thr1.00 501:0 494:8 s1 k1 d0 f0 t0 m0 player 1: (29.701 -66.173 0.571) h1.00/1.00 g0/0 w a-72/-1 f-117 l-72/-1 as139/120 st4 thr1.00 501:0 s0 k0 d1 f0 t1 m127 player 2: (42.960 -93.937 0.525) h1.00/1.00 g0/0 w a101/1 f101 l101/1 as140/120 st20 thr1.00 501:0 s0 k0 d0 f0 t2 m127 player 3: (41.723 -88.474 0.690) h0.72/0.72 g0/0 w a-161/0 f-170 l-161/0 as140/120 st20 thr1.00 501:0 s0 k0 d0 f0 t3 m127 player 4: (91.134 -153.914 1.026) h1.00/1.00 g0/0 w a22/-11 f-1 l22/-11 as140/120 st20 thr1.00 501:0 s0 k0 d1 f0 t4 m127 player 5: (102.496 -155.118 0.338) h1.00/0.41 riding g0/0 w a-123/7 f-0 l-123/7 as28/120 st0 thr0.00 501:0 s0 k0 d0 f0 t5 m126 player 6: (33.718 -91.384 0.800) h1.00/1.00 g0/0 w a44/-2 f37 l44/-2 as140/120 st20 thr1.00 501:0 s1 k1 d0 f0 t6 m126 player 7: (88.402 -170.897 0.145) h0.93/0.00 g0/0 w a11/-3 f-30 l11/-3 as139/120 st11 thr1.00 501:0 s0 k0 d0 f0 t7 m126 player 8: (94.489 -173.744 0.539) h1.00/1.00 g0/0 w a154/-4 f154 l154/-4 as139/120 st7 thr1.00 501:0 s0 k0 d0 f0 t8 m126 player 9: (100.669 -149.218 0.031) h1.00/1.00 g0/0 w a-87/-1 f-87 l-87/-1 as139/120 st7 thr1.00 501:0 s0 k0 d0 f0 t9 m125 player 10: (101.477 -157.015 0.136) h0.71/0.00 g0/0 w a-160/-4 f162 l-160/-4 as139/120 st7 thr1.00 501:0 s0 k0 d0 f0 t10 m125 player 11: (46.980 -85.548 -0.018) h1.00/0.87 g0/0 w a-116/2 f-116 l-116/2 as139/120 st6 thr1.00 501:0 s0 k0 d0 f0 t11 m125 player 12: (84.683 -165.407 0.106) h1.00/0.57 g0/0 w a-56/-2 f-56 l-56/-2 as139/120 st7 thr1.00 501:0 s0 k0 d0 f0 t12 m125 player 13: (91.736 -170.190 0.140) h1.00/0.86 g0/0 w a-169/-3 f-169 l-169/-3 as139/120 st6 thr1.00 501:0 s0 k0 d0 f0 t13 m124 player 14: (97.106 -151.626 0.086) h1.00/0.62 g0/0 w a-158/8 f-158 l-158/8 as139/120 st10 thr1.00 501:0 s0 k0 d0 f0 t14 m124 player 15: (85.062 -154.285 -0.074) h0.65/0.00 g0/0 w a5/10 f5 l5/10 as139/120 st5 thr1.00 501:0 s0 k0 d0 f0 t15 m124 player 16: (52.331 -80.359 0.149) h0.95/0.00 g0/0 w a129/6 f129 l1
chupathingyce: bots: Bot 26 joined (spartan)
chupathingyce: bots: bot 26 inventory slot 0 now weapon 501
chupathingyce: network test: player 26 is named Bot 26
chupathingyce: network test: tick 810 player 0: (95.138 -160.782 1.703) h0.44/0.01 g0/0 w a-8/-16 f-4 l-8/-16 as160/120 st4 thr1.00 501:0 494:8 s1 k1 d0 f0 t0 m0 player 1: (29.217 -68.182 0.362) h1.00/1.00 g0/0 w a-16/-0 f-16 l-16/-0 as139/120 st4 thr1.00 501:0 s0 k0 d1 f0 t1 m127 player 2: (44.791 -93.163 0.553) h1.00/1.00 g0/0 w a121/-5 f121 l121/-5 as139/120 st7 thr1.00 501:0 s0 k0 d0 f0 t2 m127 player 3: (40.904 -86.839 0.129) h0.72/0.72 g0/0 w a-143/1 f-170 l-143/1 as139/120 st6 thr1.00 501:0 s0 k0 d0 f0 t3 m127 player 4: (91.134 -154.257 0.092) h1.00/1.00 g0/0 w a15/-2 f15 l15/-2 as139/120 st6 thr1.00 501:0 s0 k0 d1 f0 t4 m127 player 5: (102.496 -155.118 0.338) h1.00/0.41 riding g0/0 w a-133/6 f-0 l-133/6 as28/120 st0 thr0.00 501:0 s0 k0 d0 f0 t5 m126 player 6: (34.155 -92.344 0.330) h1.00/0.86 g0/0 w a63/-6 f37 l63/-6 as139/120 st6 thr1.00 501:0 s1 k1 d0 f0 t6 m126 player 7: (87.987 -171.323 0.163) h0.28/0.00 g0/0 w a-2/-2 f6 l-2/-2 as139/120 st9 thr1.00 501:0 s0 k0 d0 f0 t7 m126 player 8: (95.016 -171.827 1.058) h1.00/1.00 g0/0 w a168/-20 f159 l168/-20 as140/120 st20 thr1.00 501:0 s0 k0 d0 f0 t8 m126 player 9: (101.491 -149.090 0.008) h1.00/1.00 g0/0 w a-87/-2 f-87 l-87/-2 as139/120 st6 thr1.00 501:0 s0 k0 d0 f0 t9 m125 player 10: (101.621 -155.762 -0.006) h0.57/0.00 g0/0 w a-45/-1 f-45 l-45/-1 as139/120 st5 thr1.00 501:0 s0 k0 d0 f0 t10 m125 player 11: (48.751 -86.475 0.645) h1.00/0.90 g0/0 w a-120/-1 f-117 l-120/-1 as140/120 st20 thr1.00 501:0 s0 k0 d0 f0 t11 m125 player 12: (83.149 -166.683 0.090) h1.00/0.57 g0/0 w a-44/-1 f-44 l-44/-1 as139/120 st7 thr1.00 501:0 s0 k0 d0 f0 t12 m125 player 13: (91.951 -171.539 0.191) h1.00/0.73 g0/0 w a178/-2 f178 l178/-2 as139/120 st6 thr1.00 501:0 s0 k0 d0 f0 t13 m124 player 14: (97.557 -152.751 0.064) h1.00/0.62 g0/0 w a-166/-2 f-166 l-166/-2 as139/120 st7 thr1.00 501:0 s0 k0 d0 f0 t14 m124 player 15: (83.319 -154.882 -0.134) h0.65/0.00 g0/0 w a4/1 f4 l4/1 as139/120 st5 thr1.00 501:0 s0 k0 d0 f0 t15 m124 player 16: (52.731 -80.852 0.141) h0.82/0.00 g0/0 w a-179/10 f-179 l-179/10
chupathingyce: bots: Bot 27 joined (spartan)
chupathingyce: bots: bot 27 inventory slot 0 now weapon 501
chupathingyce: network test: player 27 is named Bot 27
chupathingyce: network test: tick 840 player 0: (95.435 -162.521 1.787) h0.44/0.01 g0/0 w a-107/-18 f-107 l-107/-18 as161/120 st20 thr0.00 501:0 494:8 s1 k1 d0 f0 t0 m0 player 1: (30.444 -69.743 0.624) h1.00/1.00 g0/0 w a8/-3 f8 l8/-3 as139/120 st6 thr1.00 501:0 s0 k0 d1 f0 t1 m127 player 2: (46.340 -91.928 0.527) h1.00/1.00 g0/0 w a139/1 f139 l139/1 as139/120 st7 thr1.00 501:0 s0 k0 d0 f0 t2 m127 player 3: (41.668 -88.015 0.767) h0.72/0.57 g0/0 w a-158/-4 f-145 l-158/-4 as140/120 st20 thr1.00 501:0 s0 k0 d0 f0 t3 m127 player 4: (90.674 -152.173 0.497) h1.00/1.00 g0/0 w a13/1 f13 l13/1 as139/120 st6 thr1.00 501:0 s0 k0 d1 f0 t4 m127 player 5: (102.496 -155.118 0.338) h1.00/0.41 riding g0/0 w a-173/4 f-0 l-173/4 as28/120 st0 thr0.00 501:0 s0 k0 d0 f0 t5 m126 player 6: (32.825 -91.173 0.315) h1.00/0.86 g0/0 w a34/-5 f34 l34/-5 as139/120 st6 thr1.00 501:0 s1 k1 d0 f0 t6 m126 player 7: (86.423 -171.720 0.176) h0.15/0.00 g0/0 w a-18/-1 f-18 l-18/-1 as139/120 st5 thr1.00 501:0 s0 k0 d0 f0 t7 m126 player 8: (94.479 -170.043 0.200) h1.00/1.00 g0/0 w a-133/-0 f-133 l-133/-0 as139/120 st7 thr1.00 501:0 s0 k0 d0 f0 t8 m126 player 9: (103.401 -149.564 0.066) h1.00/1.00 g0/0 w a-118/-2 f-118 l-118/-2 as139/120 st6 thr1.00 501:0 s0 k0 d0 f0 t9 m125 player 10: (99.704 -155.494 0.094) h0.57/0.00 g0/0 w a9/-3 f9 l9/-3 as139/120 st5 thr1.00 501:0 s0 k0 d0 f0 t10 m125 player 11: (50.377 -87.633 0.081) h1.00/1.00 g0/0 w a-133/3 f-133 l-133/3 as139/120 st6 thr1.00 501:0 s0 k0 d0 f0 t11 m125 player 12: (82.296 -167.655 0.112) h1.00/0.57 g0/0 w a-42/-2 f-42 l-42/-2 as139/120 st6 thr1.00 501:0 s0 k0 d0 f0 t12 m125 player 13: (91.587 -173.496 0.286) h1.00/0.73 g0/0 w a163/-3 f163 l163/-3 as139/120 st6 thr1.00 501:0 s0 k0 d0 f0 t13 m124 player 14: (97.112 -150.808 0.713) h1.00/0.62 g0/0 w a-169/-4 f-167 l-169/-4 as140/120 st20 thr1.00 501:0 s0 k0 d0 f0 t14 m124 player 15: (81.452 -154.178 -0.071) h0.65/0.00 g0/0 w a12/3 f12 l12/3 as139/120 st5 thr1.00 501:0 s0 k0 d0 f0 t15 m124 player 16: (54.351 -80.803 0.175) h0.54/0.00 g0/0 w a-173/-3 f-173 l-173/-3
chupathingyce: bots: Bot 28 joined (spartan)
chupathingyce: bots: bot 28 inventory slot 0 now weapon 501
chupathingyce: network test: player 28 is named Bot 28
chupathingyce: network test: tick 870 player 0: (95.433 -162.502 1.783) h0.44/0.02 g0/0 w a-106/-18 f-106 l-106/-18 as140/120 st0 thr0.00 501:0 1dc:60 s1 k1 d0 f0 t0 m0 player 1: (30.413 -68.579 0.415) h1.00/1.00 g0/0 w a-15/-4 f-15 l-15/-4 as139/120 st7 thr1.00 501:0 s0 k0 d1 f0 t1 m127 player 2: (45.946 -92.605 0.737) h1.00/0.85 g0/0 w a147/-8 f147 l147/-8 as139/120 st7 thr1.00 501:0 s0 k0 d0 f0 t2 m127 player 3: (41.993 -89.964 0.155) h0.72/0.57 g0/0 w a-177/-3 f-177 l-177/-3 as139/120 st6 thr1.00 501:0 s0 k0 d0 f0 t3 m127 player 4: (90.708 -152.324 0.475) h1.00/1.00 g0/0 w a22/-4 f22 l22/-4 as139/120 st6 thr1.00 501:0 s0 k0 d1 f0 t4 m127 player 5: (102.496 -155.118 0.338) h1.00/0.29 riding g0/0 w a-158/20 f-0 l-158/20 as28/120 st0 thr0.00 501:0 s0 k0 d0 f0 t5 m126 player 6: (32.024 -89.711 0.789) h1.00/0.86 g0/0 w a-3/-10 f29 l-3/-10 as140/120 st20 thr1.00 501:0 s1 k1 d0 f0 t6 m126 player 7: dead s0 k0 d1 f0 t7 m126 player 8: (93.515 -169.386 0.146) h1.00/1.00 g0/0 w a-110/0 f-110 l-110/0 as139/120 st6 thr1.00 501:0 s0 k0 d0 f0 t8 m126 player 9: (104.892 -150.673 0.611) h1.00/1.00 g0/0 w a-130/0 f-124 l-130/0 as140/120 st20 thr1.00 501:0 s0 k0 d0 f0 t9 m125 player 10: (100.044 -156.124 0.758) h0.31/0.00 g0/0 w a48/-2 f52 l48/-2 as140/120 st20 thr1.00 501:0 s0 k0 d0 f0 t10 m125 player 11: (51.612 -89.180 0.147) h1.00/1.00 g0/0 w a-148/3 f-148 l-148/3 as139/120 st7 thr1.00 501:0 s0 k0 d0 f0 t11 m125 player 12: (83.931 -166.544 0.097) h1.00/0.57 g0/0 w a-17/-1 f-17 l-17/-1 as139/120 st6 thr1.00 501:0 s1 k1 d0 f0 t12 m125 player 13: (91.651 -174.176 0.347) h1.00/0.58 g0/0 w a70/-4 f70 l70/-4 as139/120 st7 thr1.00 501:0 s0 k0 d0 f0 t13 m124 player 14: (97.083 -150.183 0.067) h1.00/0.62 g0/0 w a-159/1 f-159 l-159/1 as139/120 st6 thr1.00 501:0 s0 k0 d0 f0 t14 m124 player 15: (81.546 -155.588 -0.105) h0.56/0.00 g0/0 w a18/3 f18 l18/3 as139/120 st7 thr1.00 501:0 s0 k0 d0 f0 t15 m124 player 16: (55.485 -79.193 0.193) h0.54/0.00 g0/0 w a-138/-2 f-138 l-138/-2 as139/120 st5 thr1.00 501:0 s0 k0 d0 f0 t16 m124 player 17: (101.032 -159.2
chupathingyce: bots: Bot 29 joined (spartan)
chupathingyce: bots: bot 29 inventory slot 0 now weapon 501
chupathingyce: network test: player 29 is named Bot 29
chupathingyce: network test: tick 900 player 0: (94.749 -163.251 1.783) h0.44/0.27 g0/0 w a-69/-33 f-80 l-69/-33 as139/120 st4 thr1.00 501:0 1dc:60 s1 k1 d0 f0 t0 m0 player 1: (29.928 -70.554 0.849) h1.00/1.00 g0/0 w a-11/-5 f-11 l-11/-5 as139/120 st7 thr1.00 501:0 s0 k0 d1 f0 t1 m127 player 2: (46.325 -91.235 1.143) h1.00/0.85 g0/0 w a176/-9 f168 l176/-9 as140/120 st20 thr1.00 501:0 s0 k0 d0 f0 t2 m127 player 3: (42.051 -91.110 0.625) h0.72/0.57 g0/0 w a-169/-7 f-173 l-169/-7 as140/120 st20 thr1.00 501:0 s0 k0 d0 f0 t3 m127 player 4: (90.486 -150.547 1.137) h1.00/1.00 g0/0 w a-12/-10 f-8 l-12/-10 as140/120 st20 thr1.00 501:0 s0 k0 d1 f0 t4 m127 player 5: (102.496 -155.118 0.338) h1.00/0.27 riding g0/0 w a-160/5 f-0 l-160/5 as28/120 st0 thr0.00 501:0 s0 k0 d0 f0 t5 m126 player 6: (31.588 -89.626 0.158) h1.00/0.73 g0/0 w a-25/-2 f-24 l-25/-2 as139/120 st10 thr1.00 501:0 s1 k1 d0 f0 t6 m126 player 7: dead s0 k0 d1 f0 t7 m126 player 8: (95.340 -170.094 0.664) h1.00/1.00 g0/0 w a-111/-3 f-110 l-111/-3 as140/120 st20 thr1.00 501:0 s0 k0 d0 f0 t8 m126 player 9: (106.214 -151.796 0.131) h1.00/1.00 g0/0 w a-122/-1 f-122 l-122/-1 as139/120 st6 thr1.00 501:0 s0 k0 d0 f0 t9 m125 player 10: (100.196 -155.836 0.084) h0.18/0.00 g0/0 w a-58/-1 f-58 l-58/-1 as139/120 st6 thr1.00 501:0 s0 k0 d0 f0 t10 m125 player 11: (50.889 -88.037 0.747) h1.00/1.00 g0/0 w a-147/2 f-149 l-147/2 as140/120 st20 thr1.00 501:0 s0 k0 d0 f0 t11 m125 player 12: (85.908 -166.031 0.695) h1.00/0.67 g0/0 w a-22/-0 f-22 l-22/-0 as140/120 st20 thr1.00 501:0 s1 k1 d0 f0 t12 m125 player 13: (93.487 -174.889 0.651) h1.00/0.58 g0/0 w a68/-0 f68 l68/-0 as139/120 st7 thr1.00 501:0 s0 k0 d0 f0 t13 m124 player 14: (97.194 -152.151 0.096) h1.00/0.62 g0/0 w a169/7 f169 l169/7 as139/120 st6 thr1.00 501:0 s0 k0 d0 f0 t14 m124 player 15: (82.418 -156.285 -0.130) h0.56/0.00 g0/0 w a35/6 f35 l35/6 as139/120 st6 thr1.00 501:0 s0 k0 d0 f0 t15 m124 player 16: (56.175 -77.506 0.276) h0.54/0.00 g0/0 w a-149/-5 f-137 l-149/-5 as139/120 st6 thr1.00 501:0 s0 k0 d0 f0 t16 m124 player 17: (101.87
chupathingyce: bots: Bot 30 joined (spartan)
chupathingyce: bots: bot 1 at (29.9 -70.6 0.8) yaw -10 fight, target 27 (seen), shield 1.00, kills 0 deaths 1
chupathingyce: bots: bot 2 at (46.3 -90.8 1.2) yaw -177 fight, target 3 (seen), shield 0.85, kills 0 deaths 0
chupathingyce: bots: bot 3 at (42.0 -90.9 0.8) yaw -171 fight, target 22 (seen), shield 0.44, kills 0 deaths 0
chupathingyce: bots: bot 4 at (90.5 -150.0 1.3) yaw -18 fight, target 14 (seen), shield 1.00, kills 0 deaths 1
chupathingyce: bots: bot 30 inventory slot 0 now weapon 501
chupathingyce: bots: bot 5 at (102.7 -155.0 0.4) yaw 167 vehicle, target 10 (seen), shield 0.27, kills 0 deaths 0
chupathingyce: network test: player 30 is named Bot 30
chupathingyce: network test: tick 930 player 0: (95.670 -164.161 1.703) h0.44/0.52 g0/0 w a-93/-16 f-93 l-93/-16 as139/120 st5 thr1.00 501:0 1dc:60 s1 k1 d0 f0 t0 m0 player 1: (29.733 -72.034 1.187) h1.00/1.00 g0/0 w a1/-6 f1 l1/-6 as139/120 st4 thr1.00 501:0 s0 k0 d1 f0 t1 m127 player 2: (46.284 -89.531 0.194) h1.00/0.85 g0/0 w a-167/-3 f168 l-167/-3 as140/120 st20 thr1.00 501:0 s0 k0 d0 f0 t2 m127 player 3: (41.941 -90.524 0.152) h0.72/0.29 g0/0 w a-176/-5 f-173 l-176/-5 as140/120 st21 thr1.00 501:0 s0 k0 d0 f0 t3 m127 player 4: (90.526 -149.688 0.937) h1.00/0.88 g0/0 w a-16/-9 f-8 l-16/-9 as140/120 st20 thr1.00 501:0 s0 k0 d1 f0 t4 m127 player 5: (102.496 -155.118 0.338) h1.00/0.27 riding g0/0 w a167/3 f-0 l-176/3 as28/120 st0 thr0.00 501:0 s0 k0 d0 f0 t5 m126 player 6: (32.336 -88.158 0.034) h1.00/0.48 g0/0 w a-25/-1 f-25 l-25/-1 as139/120 st6 thr1.00 501:0 s1 k1 d0 f0 t6 m126 player 7: dead s0 k0 d1 f0 t7 m126 player 8: (94.962 -169.921 0.209) h1.00/1.00 g0/0 w a-113/2 f-113 l-113/2 as139/120 st7 thr1.00 501:0 s0 k0 d0 f0 t8 m126 player 9: (107.721 -153.099 0.080) h1.00/1.00 g0/0 w a-137/-0 f-137 l-137/-0 as139/120 st6 thr1.00 501:0 s0 k0 d0 f0 t9 m125 player 10: (100.976 -154.665 -0.063) h0.18/0.00 g0/0 w a-51/-0 f-63 l-51/-0 as139/120 st5 thr1.00 501:0 s0 k0 d0 f0 t10 m125 player 11: (49.688 -86.439 0.092) h1.00/1.00 g0/0 w a-139/2 f-139 l-139/2 as139/120 st7 thr1.00 501:0 s0 k0 d0 f0 t11 m125 player 12: (87.927 -166.076 0.119) h1.00/0.92 g0/0 w a55/-2 f0 l55/-2 as139/120 st7 thr1.00 501:0 s1 k1 d0 f0 t12 m125 player 13: (92.975 -174.667 0.559) h1.00/0.58 g0/0 w a66/-5 f66 l66/-5 as139/120 st6 thr1.00 501:0 s0 k0 d0 f0 t13 m124 player 14: (97.432 -151.493 0.074) h1.00/0.62 g0/0 w a165/6 f165 l165/6 as139/120 st7 thr1.00 501:0 s0 k0 d0 f0 t14 m124 player 15: (81.990 -154.528 0.358) h0.56/0.00 g0/0 w a29/4 f29 l29/4 as140/120 st20 thr1.00 501:0 s0 k0 d0 f0 t15 m124 player 16: (57.565 -78.629 0.311) h0.27/0.00 g0/0 w a171/-3 f171 l171/-3 as139/120 st9 thr1.00 501:0 s0 k0 d0 f0 t16 m124 player 17: (101.604 -158.427 0.172) h
chupathingyce: bots: Bot 31 joined (spartan)
chupathingyce: bots: bot 6 at (32.5 -87.9 0.0) yaw -25 fight, target 22 (seen), shield 0.48, kills 1 deaths 0
chupathingyce: bots: bot 8 at (95.3 -170.1 0.2) yaw -130 fight, target 13 (seen), shield 0.67, kills 0 deaths 0
chupathingyce: bots: bot 9 at (108.7 -154.5 0.1) yaw -155 fight, target 17 (seen), shield 1.00, kills 0 deaths 0
chupathingyce: network test: player 31 is named Bot 31
chupathingyce: network test: tick 960 player 0: (95.949 -162.633 1.783) h0.44/0.77 g0/0 w a-96/-15 f-96 l-96/-15 as139/120 st4 thr1.00 501:0 1dc:107 s1 k1 d0 f0 t0 m0 player 1: (30.921 -72.091 1.608) h1.00/1.00 g0/0 w a7/-4 f4 l7/-4 as140/120 st20 thr1.00 501:0 s0 k0 d1 f0 t1 m127 player 2: (46.712 -90.677 0.231) h1.00/0.85 g0/0 w a-162/-2 f-162 l-162/-2 as139/120 st6 thr1.00 501:0 s0 k0 d0 f0 t2 m127 player 3: (41.494 -92.186 0.133) h0.72/0.29 g0/0 w a160/-4 f160 l160/-4 as139/120 st6 thr1.00 501:0 s0 k0 d0 f0 t3 m127 player 4: (91.054 -147.668 1.429) h1.00/0.88 g0/0 w a-15/-11 f-15 l-15/-11 as140/120 st20 thr1.00 501:0 s0 k0 d1 f0 t4 m127 player 5: (102.496 -155.118 0.338) h1.00/0.13 riding g0/0 w a164/2 f-0 l-176/2 as28/120 st0 thr0.00 501:0 s0 k0 d0 f0 t5 m126 player 6: (33.263 -86.552 -0.036) h1.00/0.34 g0/0 w a-41/-1 f-41 l-41/-1 as139/120 st6 thr1.00 501:0 s1 k1 d0 f0 t6 m126 player 7: dead s0 k0 d1 f0 t7 m126 player 8: (95.761 -170.671 0.265) h1.00/0.67 g0/0 w a-142/-0 f-142 l-142/-0 as139/120 st6 thr1.00 501:0 s0 k0 d0 f0 t8 m126 player 9: (108.833 -154.753 0.077) h1.00/1.00 g0/0 w a-156/0 f-156 l-156/0 as139/120 st6 thr1.00 501:0 s0 k0 d0 f0 t9 m125 player 10: (99.648 -154.168 -0.020) h0.18/0.00 g0/0 w a-16/-1 f-16 l-16/-1 as139/120 st7 thr1.00 501:0 s0 k0 d0 f0 t10 m125 player 11: (48.064 -85.333 0.024) h1.00/1.00 g0/0 w a-106/1 f-106 l-106/1 as139/120 st7 thr1.00 501:0 s0 k0 d0 f0 t11 m125 player 12: (89.746 -166.703 0.634) h1.00/1.00 g0/0 w a94/-7 f82 l94/-7 as140/120 st20 thr1.00 501:0 s1 k1 d0 f0 t12 m125 player 13: (91.369 -173.573 0.286) h1.00/0.58 g0/0 w a36/-2 f36 l36/-2 as139/120 st6 thr1.00 501:0 s0 k0 d0 f0 t13 m124 player 14: (97.928 -149.568 0.089) h1.00/0.62 g0/0 w a165/10 f165 l165/10 as139/120 st6 thr1.00 501:0 s0 k0 d0 f0 t14 m124 player 15: (82.231 -153.235 -0.073) h0.56/0.00 g0/0 w a30/6 f29 l30/6 as140/120 st21 thr1.00 501:0 s0 k0 d0 f0 t15 m124 player 16: (59.099 -79.594 0.277) h0.13/0.00 g0/0 w a180/2 f180 l180/2 as139/120 st5 thr1.00 501:0 s0 k0 d0 f0 t16 m124 player 17: (102.210 -157.623 0.17
chupathingyce: bots: bot 31 inventory slot 0 now weapon 501
chupathingyce: bots: bot 10 at (99.5 -154.2 -0.0) yaw -15 fight, target 5 (seen), shield 0.00, kills 0 deaths 0
chupathingyce: bots: bot 7 inventory slot 0 now weapon 501
chupathingyce: bots: bot 11 at (47.4 -85.2 -0.0) yaw -96 fight, target 2 (seen), shield 1.00, kills 0 deaths 0
chupathingyce: bots: bot 12 at (90.8 -166.6 0.6) yaw 123 fight, target 21 (seen), shield 1.00, kills 1 deaths 0
chupathingyce: bots: bot 13 at (90.9 -172.6 0.2) yaw 27 fight, target 8 (seen), shield 0.58, kills 0 deaths 0
chupathingyce: network test: tick 990 player 0: (95.689 -164.239 1.703) h0.44/1.00 g0/0 w a-93/-15 f-89 l-93/-15 as140/120 st0 thr0.00 501:0 1dc:105 s1 k1 d0 f0 t0 m0 player 1: (31.934 -73.280 1.088) h1.00/1.00 g0/0 w a-52/-18 f4 l-52/-18 as140/120 st20 thr1.00 501:0 s0 k0 d1 f0 t1 m127 player 2: (46.903 -92.639 0.857) h1.00/0.85 g0/0 w a164/-9 f-166 l164/-9 as140/120 st20 thr1.00 501:0 s0 k0 d0 f0 t2 m127 player 3: (41.545 -90.959 0.137) h0.72/0.29 g0/0 w a-172/5 f-172 l-172/5 as139/120 st7 thr1.00 501:0 s0 k0 d0 f0 t3 m127 player 4: (91.772 -145.781 0.755) h1.00/0.88 g0/0 w a-42/-6 f-15 l-42/-6 as139/120 st7 thr1.00 501:0 s0 k0 d1 f0 t4 m127 player 5: (102.496 -155.118 0.338) h0.97/0.00 riding g0/0 w a-171/4 f-0 l-171/4 as28/120 st0 thr0.00 501:0 s0 k0 d0 f0 t5 m126 player 6: (33.178 -86.582 -0.033) h1.00/0.20 g0/0 w a68/8 f68 l68/8 as139/120 st7 thr1.00 501:0 s1 k1 d0 f0 t6 m126 player 7: (37.098 -69.246 0.164) h1.00/1.00 g0/0 w a-1/0 f-1 l-1/0 as139/120 st7 thr1.00 501:0 s0 k0 d1 f0 t7 m126 player 8: (95.399 -169.771 0.217) h1.00/0.33 g0/0 w a-148/-2 f-148 l-148/-2 as139/120 st7 thr1.00 501:0 s0 k0 d0 f0 t8 m126 player 9: (109.410 -156.662 0.667) h1.00/1.00 g0/0 w a-171/-3 f-166 l-171/-3 as140/120 st20 thr1.00 501:0 s0 k0 d0 f0 t9 m125 player 10: (99.528 -155.688 0.119) h0.18/0.00 g0/0 w a12/-5 f12 l12/-5 as139/120 st6 thr1.00 501:0 s0 k0 d0 f0 t10 m125 player 11: (46.080 -85.206 0.333) h1.00/1.00 g0/0 w a-85/4 f-86 l-85/4 as140/120 st20 thr1.00 501:0 s0 k0 d0 f0 t11 m125 player 12: (91.393 -166.595 0.089) h1.00/1.00 g0/0 w a136/5 f82 l136/5 as139/120 st6 thr1.00 501:0 s1 k1 d0 f0 t12 m125 player 13: (91.045 -172.881 0.227) h1.00/0.58 g0/0 w a33/-1 f33 l33/-1 as139/120 st7 thr1.00 501:0 s0 k0 d0 f0 t13 m124 player 14: (97.235 -150.724 0.070) h1.00/0.87 g0/0 w a139/5 f139 l139/5 as139/120 st6 thr1.00 501:0 s0 k0 d0 f0 t14 m124 player 15: (84.305 -152.956 0.375) h0.56/0.00 g0/0 w a44/2 f42 l44/2 as140/120 st20 thr1.00 501:0 s0 k0 d0 f0 t15 m124 player 16: (59.830 -80.953 0.258) h0.13/0.00 g0/0 w a179/-2 f179 l179/-2 as139/12
chupathingyce: bots: bot 14 at (97.2 -150.8 0.1) yaw 138 fight, target 4 (seen), shield 0.88, kills 0 deaths 0
chupathingyce: bots: bot 15 at (84.8 -152.8 0.6) yaw 45 fight, target 4 (seen), shield 0.00, kills 0 deaths 0
chupathingyce: bots: bot 16 at (59.7 -81.9 0.2) yaw 163 fight, target 23 (seen), shield 0.00, kills 0 deaths 0
chupathingyce: bots: bot 17 at (103.2 -157.4 0.2) yaw -98 retreat, target 25 (seen), shield 0.00, kills 0 deaths 0
chupathingyce: bots: bot 18 at (45.4 -74.4 0.7) yaw -34 fight, target 23 (seen), shield 0.00, kills 0 deaths 0
chupathingyce: network test: tick 1020 player 0: (95.836 -163.515 1.737) h0.44/1.00 g0/0 w a-103/-17 f-103 l-103/-17 as139/120 st4 thr1.00 501:0 1dc:104 s1 k1 d0 f0 t0 m0 player 1: (31.944 -72.730 0.752) h1.00/0.87 g0/0 w a-53/-14 f-53 l-53/-14 as139/120 st5 thr1.00 501:0 s0 k0 d1 f0 t1 m127 player 2: (47.054 -92.469 1.607) h1.00/0.73 g0/0 w a161/-15 f152 l161/-15 as140/120 st20 thr1.00 501:0 s0 k0 d0 f0 t2 m127 player 3: (41.569 -90.850 0.138) h0.72/0.29 g0/0 w a-168/-0 f-168 l-168/-0 as139/120 st6 thr1.00 501:0 s0 k0 d0 f0 t3 m127 player 4: (90.626 -146.837 0.924) h1.00/0.75 g0/0 w a-46/-8 f-46 l-46/-8 as139/120 st7 thr1.00 501:0 s0 k0 d1 f0 t4 m127 player 5: (102.496 -155.118 0.338) h0.97/0.00 riding g0/0 w a169/2 f-0 l-176/2 as28/120 st0 thr0.00 501:0 s0 k0 d0 f0 t5 m126 player 6: (32.968 -86.531 -0.026) h1.00/0.20 g0/0 w a72/-1 f72 l72/-1 as139/120 st7 thr1.00 501:0 s1 k1 d0 f0 t6 m126 player 7: (37.577 -71.371 0.537) h1.00/1.00 g0/0 w a24/-2 f20 l24/-2 as140/120 st20 thr1.00 501:0 s0 k0 d1 f0 t7 m126 player 8: (95.145 -169.303 0.193) h1.00/0.00 g0/0 w a-125/-1 f-125 l-125/-1 as139/120 st6 thr1.00 501:0 s0 k0 d0 f0 t8 m126 player 9: (109.389 -158.653 0.034) h1.00/1.00 g0/0 w a169/-1 f-166 l169/-1 as140/120 st21 thr1.00 501:0 s0 k0 d0 f0 t9 m125 player 10: (100.020 -154.537 -0.009) h0.18/0.00 g0/0 w a-40/-1 f-40 l-40/-1 as139/120 st5 thr1.00 501:0 s0 k0 d0 f0 t10 m125 player 11: (44.167 -85.605 0.134) h1.00/1.00 g0/0 w a-68/10 f-86 l-68/10 as140/120 st20 thr1.00 501:0 s0 k0 d0 f0 t11 m125 player 12: (91.332 -166.691 0.089) h1.00/1.00 g0/0 w a148/-2 f148 l148/-2 as139/120 st7 thr1.00 501:0 s1 k1 d0 f0 t12 m125 player 13: (91.761 -173.619 0.302) h1.00/0.58 g0/0 w a56/-3 f56 l56/-3 as139/120 st6 thr1.00 501:0 s0 k0 d0 f0 t13 m124 player 14: (95.815 -152.132 0.218) h1.00/1.00 g0/0 w a135/5 f135 l135/5 as139/120 st6 thr1.00 501:0 s0 k0 d0 f0 t14 m124 player 15: (85.927 -152.264 -0.033) h0.56/0.00 g0/0 w a49/5 f42 l49/5 as140/120 st21 thr1.00 501:0 s0 k0 d0 f0 t15 m124 player 16: (59.766 -81.856 0.186) h0.13/0.00 g0/0 w a160/-1 
chupathingyce: bots: bot 19 at (49.9 -82.0 0.7) yaw 56 fight, target 23 (seen), shield 0.35, kills 0 deaths 0
chupathingyce: bots: bot 20 at (99.8 -167.1 0.0) yaw 59 fight, target 25 (seen), shield 1.00, kills 0 deaths 0
chupathingyce: bots: bot 21 at (87.0 -162.7 0.1) yaw -30 fight, target 12 (seen), shield 0.72, kills 0 deaths 0
chupathingyce: bots: bot 22 at (32.1 -92.2 0.4) yaw 65 fight, target 6 (seen), shield 0.86, kills 0 deaths 0
chupathingyce: network test: tick 1050 player 0: (95.713 -163.778 1.703) h0.44/1.00 g0/0 w a-136/-11 f-136 l-136/-11 as139/120 st5 thr1.00 501:0 1dc:103 s2 k2 d0 f0 t0 m0 player 1: (30.961 -73.823 0.799) h1.00/0.74 g0/0 w a-4/-12 f-4 l-4/-12 as139/120 st7 thr1.00 501:0 s0 k0 d1 f0 t1 m127 player 2: (47.319 -90.925 0.326) h1.00/0.73 g0/0 w a-163/-4 f152 l-163/-4 as139/120 st7 thr1.00 501:0 s0 k0 d0 f0 t2 m127 player 3: (41.728 -92.838 0.121) h0.72/0.29 g0/0 w a178/1 f178 l178/1 as139/120 st6 thr1.00 501:0 s0 k0 d0 f0 t3 m127 player 4: (89.762 -147.706 1.019) h1.00/0.75 g0/0 w a-47/-5 f-47 l-47/-5 as139/120 st6 thr1.00 501:0 s0 k0 d1 f0 t4 m127 player 5: (102.496 -155.118 0.338) h0.93/0.00 riding g0/0 w a-55/8 f-0 l-55/8 as28/120 st0 thr0.00 501:0 s0 k0 d0 f0 t5 m126 player 6: (34.713 -86.887 -0.051) h1.00/0.20 g0/0 w a80/-0 f80 l80/-0 as139/120 st7 thr1.00 501:0 s1 k1 d0 f0 t6 m126 player 7: (38.602 -73.076 0.130) h1.00/1.00 g0/0 w a54/2 f20 l54/2 as140/120 st21 thr1.00 501:0 s0 k0 d1 f0 t7 m126 player 8: dead s0 k0 d1 f0 t8 m126 player 9: (109.708 -157.882 0.066) h1.00/1.00 g0/0 w a161/-1 f161 l161/-1 as139/120 st7 thr1.00 501:0 s0 k0 d0 f0 t9 m125 player 10: (99.628 -152.709 -0.091) h0.18/0.00 g0/0 w a-77/1 f-77 l-77/1 as139/120 st5 thr1.00 501:0 s0 k0 d0 f0 t10 m125 player 11: (42.870 -86.379 0.055) h1.00/1.00 g0/0 w a-47/1 f-47 l-47/1 as139/120 st7 thr1.00 501:0 s0 k0 d0 f0 t11 m125 player 12: (92.301 -164.987 0.681) h1.00/1.00 g0/0 w a152/-6 f150 l152/-6 as140/120 st20 thr1.00 501:0 s1 k1 d0 f0 t12 m125 player 13: (89.968 -172.940 0.222) h1.00/0.67 g0/0 w a76/2 f76 l76/2 as139/120 st6 thr1.00 501:0 s0 k0 d0 f0 t13 m124 player 14: (94.620 -153.310 0.446) h1.00/1.00 g0/0 w a132/3 f135 l132/3 as140/120 st20 thr1.00 501:0 s0 k0 d0 f0 t14 m124 player 15: (84.490 -152.684 -0.035) h0.56/0.12 g0/0 w a44/7 f44 l44/7 as139/120 st5 thr1.00 501:0 s0 k0 d0 f0 t15 m124 player 16: (60.289 -80.059 0.439) h0.13/0.00 g0/0 w a169/-3 f169 l169/-3 as139/120 st6 thr1.00 501:0 s0 k0 d0 f0 t16 m124 player 17: (103.066 -155.813 0.035) h0.22/0.00 g
chupathingyce: bots: bot 23 at (51.5 -78.5 0.2) yaw -99 fight, target 19 (seen), shield 0.45, kills 0 deaths 0
chupathingyce: bots: bot 24 at (35.8 -82.6 0.1) yaw -95 fight, target 6 (seen), shield 1.00, kills 0 deaths 0
chupathingyce: bots: bot 25 at (100.8 -162.7 0.1) yaw 66 fight, target 17 (seen), shield 0.38, kills 0 deaths 0
chupathingyce: bots: bot 26 at (34.1 -72.4 0.4) yaw -130 fight, target 1 (seen), shield 0.33, kills 0 deaths 0
chupathingyce: network test: tick 1080 player 0: (94.161 -163.155 1.811) h0.44/1.00 g0/0 w a156/-12 f156 l156/-12 as140/120 st20 thr1.00 501:0 1dc:103 s2 k2 d0 f0 t0 m0 player 1: (31.756 -75.522 0.316) h1.00/0.46 g0/0 w a56/2 f50 l56/2 as139/120 st7 thr1.00 501:0 s0 k0 d1 f0 t1 m127 player 2: (46.239 -89.290 0.727) h1.00/0.73 g0/0 w a-133/-3 f-140 l-133/-3 as140/120 st20 thr1.00 501:0 s0 k0 d0 f0 t2 m127 player 3: (41.456 -94.806 0.568) h0.72/0.29 g0/0 w a169/-2 f171 l169/-2 as140/120 st20 thr1.00 501:0 s0 k0 d0 f0 t3 m127 player 4: (91.674 -146.685 1.373) h0.89/0.00 g0/0 w a-78/-10 f-72 l-78/-10 as140/120 st20 thr1.00 501:0 s0 k0 d1 f0 t4 m127 player 5: (102.424 -155.034 0.334) h0.88/0.00 riding g0/0 w a-30/6 f-0 l-34/6 as28/120 st0 thr0.00 501:0 s0 k0 d0 f0 t5 m126 player 6: (36.504 -87.072 0.570) h1.00/0.20 g0/0 w a110/-9 f84 l110/-9 as140/120 st20 thr1.00 501:0 s1 k1 d0 f0 t6 m126 player 7: (37.197 -72.196 0.102) h1.00/1.00 g0/0 w a43/2 f43 l43/2 as139/120 st6 thr1.00 501:0 s0 k0 d1 f0 t7 m126 player 8: dead s0 k0 d1 f0 t8 m126 player 9: (110.002 -155.914 0.105) h1.00/1.00 g0/0 w a-178/-1 f-178 l-178/-1 as139/120 st7 thr1.00 501:0 s0 k0 d0 f0 t9 m125 player 10: (98.087 -152.428 0.013) h0.18/0.19 g0/0 w a-17/-0 f-17 l-17/-0 as139/120 st5 thr1.00 501:0 s0 k0 d0 f0 t10 m125 player 11: (41.792 -88.035 0.148) h1.00/1.00 g0/0 w a-18/5 f-18 l-18/5 as139/120 st7 thr1.00 501:0 s0 k0 d0 f0 t11 m125 player 12: (92.439 -164.235 0.130) h1.00/0.86 g0/0 w a175/-1 f175 l175/-1 as139/120 st7 thr1.00 501:0 s1 k1 d0 f0 t12 m125 player 13: (88.122 -172.182 0.205) h1.00/0.92 g0/0 w a63/-1 f63 l63/-1 as139/120 st6 thr1.00 501:0 s0 k0 d0 f0 t13 m124 player 14: (93.038 -154.123 0.121) h1.00/1.00 g0/0 w a102/8 f102 l102/8 as139/120 st6 thr1.00 501:0 s0 k0 d0 f0 t14 m124 player 15: (82.741 -153.353 -0.075) h0.56/0.37 g0/0 w a36/7 f36 l36/7 as139/120 st5 thr1.00 501:0 s0 k0 d0 f0 t15 m124 player 16: (59.867 -81.643 0.208) h0.13/0.00 g0/0 w a161/3 f161 l161/3 as139/120 st6 thr1.00 501:0 s0 k0 d0 f0 t16 m124 player 17: (104.658 -156.342 0.165) h0.10/0
chupathingyce: bots: bot 27 at (41.8 -68.5 0.5) yaw -157 fight, target 26 (seen), shield 0.85, kills 0 deaths 0
chupathingyce: bots: bot 28 at (47.6 -68.4 0.5) yaw -66 fight, target 18 (seen), shield 1.00, kills 0 deaths 0
chupathingyce: bots: bot 29 at (27.5 -75.5 0.4) yaw -4 fight, target 1 (seen), shield 0.59, kills 0 deaths 0
chupathingyce: bots: bot 30 at (82.7 -161.3 0.1) yaw -43 fight, target 21 (seen), shield 1.00, kills 0 deaths 0
chupathingyce: network test: tick 1110 player 0: (93.839 -161.236 1.703) h0.44/1.00 g0/0 w a116/-13 f116 l116/-13 as139/120 st4 thr1.00 501:0 1dc:103 s2 k2 d0 f0 t0 m0 player 1: (32.189 -75.888 0.541) h1.00/0.05 g0/0 w a90/3 f90 l90/3 as140/120 st20 thr1.00 501:0 s0 k0 d1 f0 t1 m127 player 2: (44.806 -88.031 0.035) h1.00/0.73 g0/0 w a177/-0 f-140 l177/-0 as139/120 st7 thr1.00 501:0 s0 k0 d0 f0 t2 m127 player 3: (40.997 -96.460 -0.196) h0.72/0.39 g0/0 w a156/1 f156 l156/1 as139/120 st6 thr1.00 501:0 s0 k0 d0 f0 t3 m127 player 4: (93.849 -146.679 0.746) h0.89/0.00 g0/0 w a-102/-7 f-72 l-102/-7 as140/120 st20 thr1.00 501:0 s0 k0 d1 f0 t4 m127 player 5: (102.422 -155.032 0.334) h0.75/0.00 riding g0/0 w a-14/1 f-0 l-34/0 as28/120 st0 thr0.00 501:0 s0 k0 d0 f0 t5 m126 player 6: (36.607 -87.408 -0.038) h1.00/0.20 g0/0 w a98/0 f98 l98/0 as139/120 st7 thr1.00 501:0 s1 k1 d0 f0 t6 m126 player 7: (37.615 -73.083 0.128) h1.00/1.00 g0/0 w a31/-1 f31 l31/-1 as139/120 st7 thr1.00 501:0 s0 k0 d1 f0 t7 m126 player 8: dead s0 k0 d1 f0 t8 m126 player 9: (108.947 -154.899 0.082) h1.00/1.00 g0/0 w a-143/-1 f-143 l-143/-1 as139/120 st4 thr1.00 501:0 s1 k1 d0 f0 t9 m125 player 10: (96.216 -152.642 0.102) h0.18/0.44 g0/0 w a-18/-2 f-18 l-18/-2 as139/120 st5 thr1.00 501:0 s0 k0 d0 f0 t10 m125 player 11: (41.662 -87.941 0.147) h1.00/1.00 g0/0 w a-5/-5 f-5 l-5/-5 as139/120 st7 thr1.00 501:0 s0 k0 d0 f0 t11 m125 player 12: (91.936 -164.120 0.127) h1.00/0.86 g0/0 w a-161/-2 f-161 l-161/-2 as139/120 st6 thr1.00 501:0 s1 k1 d0 f0 t12 m125 player 13: (86.590 -171.285 0.158) h1.00/1.00 g0/0 w a55/-0 f55 l55/-0 as139/120 st7 thr1.00 501:0 s0 k0 d0 f0 t13 m124 player 14: (92.003 -154.238 0.105) h1.00/1.00 g0/0 w a77/5 f77 l77/5 as139/120 st7 thr1.00 501:0 s0 k0 d0 f0 t14 m124 player 15: (81.904 -155.132 -0.110) h0.56/0.47 g0/0 w a36/4 f36 l36/4 as139/120 st9 thr1.00 501:0 s0 k0 d0 f0 t15 m124 player 16: (58.897 -83.376 0.073) h0.13/0.00 g0/0 w a142/0 f142 l142/0 as139/120 st6 thr1.00 501:0 s0 k0 d0 f0 t16 m124 player 17: dead s0 k0 d1 f0 t17 m123 player 18: (50
chupathingyce: bots: bot 31 at (82.9 -158.4 -0.1) yaw 107 fight, target 15 (seen), shield 1.00, kills 0 deaths 0
chupathingyce: bots: bot 8 inventory slot 0 now weapon 501
chupathingyce: network test: tick 1140 player 0: (92.775 -159.742 1.675) h0.44/1.00 g0/0 w a176/-20 f176 l176/-20 as139/120 st4 thr1.00 501:0 1dc:103 s2 k2 d0 f0 t0 m0 player 1: (30.705 -75.940 0.353) h0.96/0.00 g0/0 w a88/7 f104 l88/7 as140/120 st21 thr1.00 501:0 s0 k0 d1 f0 t1 m127 player 2: (45.126 -88.967 0.073) h1.00/0.73 g0/0 w a-166/-1 f-166 l-166/-1 as139/120 st6 thr1.00 501:0 s0 k0 d0 f0 t2 m127 player 3: (39.417 -96.829 -0.259) h0.72/0.64 g0/0 w a70/2 f70 l70/2 as139/120 st6 thr1.00 501:0 s0 k0 d0 f0 t3 m127 player 4: (93.895 -146.758 0.151) h0.89/0.00 g0/0 w a-96/-1 f-96 l-96/-1 as139/120 st7 thr1.00 501:0 s0 k0 d1 f0 t4 m127 player 5: (102.422 -155.032 0.334) h0.70/0.00 riding g0/0 w a-14/2 f-0 l-34/2 as28/120 st0 thr0.00 501:0 s0 k0 d0 f0 t5 m126 player 6: (36.733 -87.328 0.532) h0.83/0.00 g0/0 w a90/-7 f81 l90/-7 as140/120 st20 thr1.00 501:0 s1 k1 d0 f0 t6 m126 player 7: (38.621 -73.732 0.133) h1.00/1.00 g0/0 w a57/1 f57 l57/1 as139/120 st7 thr1.00 501:0 s0 k0 d1 f0 t7 m126 player 8: (92.414 -169.458 0.287) h1.00/1.00 g0/0 w a159/-5 f101 l159/-5 as140/120 st20 thr1.00 501:0 s0 k0 d1 f0 t8 m126 player 9: (107.515 -153.703 0.101) h1.00/0.00 g0/0 w a-134/-0 f-134 l-134/-0 as139/120 st7 thr1.00 501:0 s1 k1 d0 f0 t9 m125 player 10: (94.906 -151.139 0.072) h0.18/0.69 g0/0 w a-11/-1 f-11 l-11/-1 as139/120 st5 thr1.00 501:0 s0 k0 d0 f0 t10 m125 player 11: (42.021 -89.707 0.158) h1.00/1.00 g0/0 w a13/-5 f13 l13/-5 as139/120 st7 thr1.00 501:0 s0 k0 d0 f0 t11 m125 player 12: (92.589 -165.961 0.521) h1.00/0.86 g0/0 w a-161/-5 f-161 l-161/-5 as140/120 st20 thr1.00 501:0 s1 k1 d0 f0 t12 m125 player 13: (86.961 -171.532 0.363) h1.00/1.00 g0/0 w a48/1 f48 l48/1 as139/120 st6 thr1.00 501:0 s0 k0 d0 f0 t13 m124 player 14: (93.354 -154.441 0.130) h1.00/1.00 g0/0 w a61/-4 f61 l61/-4 as139/120 st7 thr1.00 501:0 s0 k0 d0 f0 t14 m124 player 15: (80.862 -154.419 -0.054) h0.56/0.18 g0/0 w a-86/-1 f-85 l-86/-1 as139/120 st9 thr1.00 501:0 s0 k0 d0 f0 t15 m124 player 16: (59.209 -83.102 0.715) h0.13/0.13 g0/0 w a140/-8 f137 l140/-8 as140/12
chupathingyce: network test: tick 1170 player 0: (90.636 -159.639 0.310) h0.44/1.00 g0/0 w a-177/-3 f-177 l-177/-3 as139/120 st4 thr1.00 501:0 1dc:103 s2 k2 d0 f0 t0 m0 player 1: (29.823 -76.119 0.370) h0.69/0.00 g0/0 w a54/1 f54 l54/1 as139/120 st5 thr1.00 501:0 s0 k0 d1 f0 t1 m127 player 2: (45.601 -90.910 0.722) h1.00/0.73 g0/0 w a-166/-11 f-165 l-166/-11 as140/120 st20 thr1.00 501:0 s0 k0 d0 f0 t2 m127 player 3: (39.170 -96.908 -0.264) h0.72/0.89 g0/0 w a116/1 f116 l116/1 as139/120 st7 thr1.00 501:0 s0 k0 d0 f0 t3 m127 player 4: (91.843 -147.080 0.735) h0.89/0.00 g0/0 w a-57/-13 f-57 l-57/-13 as139/120 st7 thr1.00 501:0 s0 k0 d1 f0 t4 m127 player 5: (102.422 -155.032 0.334) h0.70/0.00 riding g0/0 w a-14/10 f-0 l-34/9 as28/120 st0 thr0.00 501:0 s0 k0 d0 f0 t5 m126 player 6: (36.692 -88.316 -0.022) h0.70/0.00 g0/0 w a127/-1 f127 l127/-1 as139/120 st5 thr1.00 501:0 s1 k1 d0 f0 t6 m126 player 7: (40.433 -73.647 0.138) h1.00/1.00 g0/0 w a104/2 f104 l104/2 as139/120 st7 thr1.00 501:0 s0 k0 d1 f0 t7 m126 player 8: (92.542 -169.026 0.118) h1.00/1.00 g0/0 w a77/1 f80 l77/1 as139/120 st5 thr1.00 501:0 s0 k0 d1 f0 t8 m126 player 9: (106.058 -152.387 0.707) h1.00/0.00 g0/0 w a-172/-4 f-133 l-172/-4 as140/120 st20 thr1.00 501:0 s1 k1 d0 f0 t9 m125 player 10: (93.808 -150.076 0.057) h0.18/0.94 g0/0 w a-76/-1 f-76 l-76/-1 as139/120 st7 thr1.00 501:0 s0 k0 d0 f0 t10 m125 player 11: (42.496 -91.650 0.170) h1.00/1.00 g0/0 w a15/8 f15 l15/8 as139/120 st7 thr1.00 501:0 s0 k0 d0 f0 t11 m125 player 12: (93.062 -167.189 0.108) h1.00/0.86 g0/0 w a-104/-9 f-161 l-104/-9 as140/120 st20 thr1.00 501:0 s1 k1 d0 f0 t12 m125 player 13: (85.349 -170.391 0.484) h1.00/1.00 g0/0 w a55/-9 f47 l55/-9 as140/120 st20 thr1.00 501:0 s0 k0 d0 f0 t13 m124 player 14: (94.917 -153.944 0.127) h1.00/1.00 g0/0 w a103/-4 f103 l103/-4 as139/120 st7 thr1.00 501:0 s0 k0 d0 f0 t14 m124 player 15: (80.044 -152.634 0.022) h0.56/0.18 g0/0 w a-98/-2 f-98 l-98/-2 as139/120 st5 thr1.00 501:0 s0 k0 d0 f0 t15 m124 player 16: (60.578 -82.361 0.200) h0.13/0.38 g0/0 w a145/-2 f145 l145
chupathingyce: network test: tick 1200 player 0: (88.536 -160.041 0.119) h0.44/1.00 g0/0 w a-166/3 f-166 l-166/3 as139/120 st4 thr1.00 501:0 1dc:103 s2 k2 d0 f0 t0 m0 player 1: (27.810 -76.757 0.270) h0.69/0.00 g0/0 w a26/-2 f26 l26/-2 as139/120 st5 thr1.00 501:0 s0 k0 d1 f0 t1 m127 player 2: (46.055 -92.753 0.805) h1.00/0.84 g0/0 w a-164/-1 f-164 l-164/-1 as139/120 st6 thr1.00 501:0 s0 k0 d0 f0 t2 m127 player 3: (38.409 -96.591 -0.228) h0.72/1.00 g0/0 w a112/2 f97 l112/2 as139/120 st6 thr1.00 501:0 s0 k0 d0 f0 t3 m127 player 4: (90.060 -148.346 0.961) h0.89/0.00 g0/0 w a-48/-12 f-48 l-48/-12 as139/120 st7 thr1.00 501:0 s0 k0 d1 f0 t4 m127 player 5: (102.422 -155.032 0.334) h0.70/0.00 riding g0/0 w a-14/4 f-0 l-34/3 as28/120 st0 thr0.00 501:0 s0 k0 d0 f0 t5 m126 player 6: (36.795 -90.268 0.079) h0.70/0.00 g0/0 w a116/1 f116 l116/1 as139/120 st5 thr1.00 501:0 s1 k1 d0 f0 t6 m126 player 7: (41.335 -73.276 0.156) h1.00/1.00 g0/0 w a146/5 f146 l146/5 as139/120 st6 thr1.00 501:0 s0 k0 d1 f0 t7 m126 player 8: (92.898 -170.300 0.162) h1.00/0.85 g0/0 w a88/-4 f88 l88/-4 as139/120 st7 thr1.00 501:0 s0 k0 d1 f0 t8 m126 player 9: (104.359 -151.633 0.101) h1.00/0.00 g0/0 w a-171/-1 f-167 l-171/-1 as139/120 st6 thr1.00 501:0 s1 k1 d0 f0 t9 m125 player 10: (92.597 -150.891 0.328) h0.18/1.00 g0/0 w a-27/-5 f-27 l-27/-5 as139/120 st6 thr1.00 501:0 s0 k0 d0 f0 t10 m125 player 11: (42.975 -93.592 0.812) h1.00/1.00 g0/0 w a16/-4 f15 l16/-4 as140/120 st20 thr1.00 501:0 s0 k0 d0 f0 t11 m125 player 12: (92.779 -166.389 0.086) h1.00/0.47 g0/0 w a-91/-1 f-91 l-91/-1 as139/120 st11 thr1.00 501:0 s1 k1 d0 f0 t12 m125 player 13: (84.415 -169.687 0.095) h1.00/1.00 g0/0 w a41/-1 f41 l41/-1 as139/120 st7 thr1.00 501:0 s0 k0 d0 f0 t13 m124 player 14: (96.375 -152.682 0.103) h1.00/1.00 g0/0 w a155/0 f155 l155/0 as139/120 st7 thr1.00 501:0 s0 k0 d0 f0 t14 m124 player 15: (81.459 -152.587 -0.034) h0.56/0.18 g0/0 w a-101/-1 f-101 l-101/-1 as139/120 st6 thr1.00 501:0 s0 k0 d0 f0 t15 m124 player 16: (62.545 -82.587 0.449) h0.13/0.63 g0/0 w a142/-3 f142 l142/-3 as
chupathingyce: bots: bot 1 at (27.8 -76.8 0.3) yaw 25 retreat, target 26 (seen), shield 0.00, kills 0 deaths 1
chupathingyce: bots: bot 17 inventory slot 0 now weapon 501
chupathingyce: bots: bot 2 at (46.2 -93.2 1.0) yaw -163 fight, target 11 (seen), shield 0.90, kills 0 deaths 0
chupathingyce: bots: bot 3 at (37.8 -96.8 -0.1) yaw 116 fight, target 22 (seen), shield 1.00, kills 0 deaths 0
chupathingyce: bots: bot 4 at (89.6 -148.8 1.2) yaw -15 fight, target 10 (seen), shield 0.00, kills 0 deaths 1
chupathingyce: bots: bot 5 at (102.6 -154.9 0.4) yaw 82 vehicle, target 14 (seen), shield 0.00, kills 0 deaths 0
chupathingyce: network test: tick 1230 player 0: (86.487 -160.275 0.106) h0.44/1.00 g0/0 w a-169/-4 f-169 l-169/-4 as139/120 st4 thr1.00 501:0 1dc:100 s2 k2 d0 f0 t0 m0 player 1: (26.364 -78.248 0.395) h0.69/0.00 g0/0 w a27/-3 f27 l27/-3 as139/120 st5 thr1.00 501:0 s0 k0 d1 f0 t1 m127 player 2: (46.419 -94.035 1.285) h1.00/0.86 g0/0 w a-159/-14 f-161 l-159/-14 as139/120 st7 thr1.00 501:0 s0 k0 d0 f0 t2 m127 player 3: (38.428 -96.292 -0.209) h0.72/1.00 g0/0 w a140/1 f140 l140/1 as139/120 st7 thr1.00 501:0 s0 k0 d0 f0 t3 m127 player 4: (89.674 -148.399 1.528) h0.89/0.00 g0/0 w a-13/-20 f-16 l-13/-20 as140/120 st20 thr1.00 501:0 s0 k0 d1 f0 t4 m127 player 5: (102.422 -155.032 0.334) h0.70/0.00 riding g0/0 w a166/-2 f-0 l-174/-3 as28/120 st0 thr0.00 501:0 s0 k0 d0 f0 t5 m126 player 6: (37.235 -90.798 0.056) h0.70/0.00 g0/0 w a-109/-3 f-109 l-109/-3 as139/120 st5 thr1.00 501:0 s1 k1 d0 f0 t6 m126 player 7: (41.675 -72.363 0.149) h1.00/1.00 g0/0 w a162/4 f162 l162/4 as139/120 st7 thr1.00 501:0 s0 k0 d1 f0 t7 m126 player 8: (94.953 -169.645 0.802) h1.00/0.85 g0/0 w a142/-12 f109 l142/-12 as140/120 st20 thr1.00 501:0 s0 k0 d1 f0 t8 m126 player 9: (104.419 -152.840 0.099) h0.75/0.00 g0/0 w a167/-2 f167 l167/-2 as139/120 st5 thr1.00 501:0 s1 k1 d0 f0 t9 m125 player 10: (93.404 -149.116 0.212) h0.18/1.00 g0/0 w a-23/-3 f-23 l-23/-3 as139/120 st6 thr1.00 501:0 s0 k0 d0 f0 t10 m125 player 11: (43.451 -95.268 0.619) h1.00/1.00 g0/0 w a20/10 f20 l20/10 as139/120 st6 thr1.00 501:0 s0 k0 d0 f0 t11 m125 player 12: (91.312 -167.102 0.088) h1.00/0.20 g0/0 w a-37/8 f-42 l-37/8 as139/120 st7 thr1.00 501:0 s1 k1 d0 f0 t12 m125 player 13: (85.844 -171.084 0.265) h1.00/1.00 g0/0 w a49/-3 f49 l49/-3 as139/120 st7 thr1.00 501:0 s0 k0 d0 f0 t13 m124 player 14: (97.203 -150.861 0.072) h1.00/1.00 g0/0 w a155/-1 f155 l155/-1 as139/120 st7 thr1.00 501:0 s0 k0 d0 f0 t14 m124 player 15: (83.377 -153.125 -0.061) h0.56/0.18 g0/0 w a-117/-2 f-117 l-117/-2 as139/120 st6 thr1.00 501:0 s0 k0 d0 f0 t15 m124 player 16: (64.465 -82.944 0.878) h0.13/0.88 g0/0 w a139/-4 
chupathingyce: bots: bot 6 at (37.5 -90.6 0.0) yaw -111 retreat, target 22 (seen), shield 0.00, kills 1 deaths 0
chupathingyce: bots: bot 7 at (41.8 -72.1 0.1) yaw 162 fight, target 27 (seen), shield 1.00, kills 0 deaths 1
chupathingyce: bots: bot 8 at (95.9 -168.7 0.2) yaw 176 fight, target 12 (seen), shield 0.85, kills 0 deaths 1
chupathingyce: bots: bot 9 at (106.0 -153.0 0.1) yaw 157 retreat, target 14 (seen), shield 0.00, kills 1 deaths 0
chupathingyce: network test: tick 1260 player 0: (85.770 -160.031 0.100) h0.44/1.00 g0/0 w a-177/-5 f-177 l-177/-5 as139/120 st4 thr1.00 501:0 1dc:98 s2 k2 d0 f0 t0 m0 player 1: (24.186 -78.063 0.570) h0.69/0.00 g0/0 w a18/-4 f18 l18/-4 as139/120 st5 thr1.00 501:0 s0 k0 d1 f0 t1 m127 player 2: (46.169 -93.804 1.187) h1.00/0.86 g0/0 w a-174/-16 f-174 l-174/-16 as139/120 st6 thr1.00 501:0 s0 k0 d0 f0 t2 m127 player 3: (38.663 -95.537 -0.162) h0.72/0.86 g0/0 w a155/1 f155 l155/1 as139/120 st6 thr1.00 501:0 s0 k0 d0 f0 t3 m127 player 4: (90.165 -146.718 0.996) h0.89/0.21 g0/0 w a-43/-12 f-43 l-43/-12 as139/120 st7 thr1.00 501:0 s0 k0 d1 f0 t4 m127 player 5: (102.422 -155.032 0.334) h0.70/0.00 riding g0/0 w a-14/3 f-0 l-34/2 as28/120 st0 thr0.00 501:0 s0 k0 d0 f0 t5 m126 player 6: (38.334 -89.421 0.045) h0.70/0.00 g0/0 w a-120/-2 f-120 l-120/-2 as139/120 st5 thr1.00 501:0 s1 k1 d0 f0 t6 m126 player 7: (41.186 -73.197 0.156) h1.00/1.00 g0/0 w a141/-1 f141 l141/-1 as139/120 st6 thr1.00 501:0 s0 k0 d1 f0 t7 m126 player 8: (95.854 -167.916 0.165) h1.00/0.85 g0/0 w a-171/-3 f-171 l-171/-3 as139/120 st7 thr1.00 501:0 s0 k0 d1 f0 t8 m126 player 9: (106.241 -152.957 0.124) h0.75/0.00 g0/0 w a157/3 f157 l157/3 as139/120 st5 thr1.00 501:0 s1 k1 d0 f0 t9 m125 player 10: (93.434 -150.077 0.102) h0.18/0.86 g0/0 w a13/7 f13 l13/7 as139/120 st7 thr1.00 501:0 s0 k0 d0 f0 t10 m125 player 11: (42.866 -93.814 0.293) h1.00/0.86 g0/0 w a6/12 f6 l6/12 as139/120 st6 thr1.00 501:0 s0 k0 d0 f0 t11 m125 player 12: (90.996 -168.703 0.093) h1.00/0.20 g0/0 w a-160/11 f-82 l-141/11 as139/120 st5 thr1.00 501:0 s1 k1 d0 f0 t12 m125 player 13: (87.356 -172.326 0.493) h1.00/1.00 g0/0 w a70/1 f49 l70/1 as140/120 st20 thr1.00 501:0 s0 k0 d0 f0 t13 m124 player 14: (97.687 -148.945 0.679) h1.00/1.00 g0/0 w a-169/-9 f159 l-169/-9 as140/120 st20 thr1.00 501:0 s0 k0 d0 f0 t14 m124 player 15: (83.881 -153.310 -0.066) h0.56/0.18 g0/0 w a-141/4 f-141 l-141/4 as139/120 st7 thr1.00 501:0 s0 k0 d0 f0 t15 m124 player 16: (65.241 -83.101 1.567) h0.13/1.00 g0/0 w a175/-17 f-172 l1
chupathingyce: bots: bot 10 at (93.5 -150.3 0.1) yaw 22 fight, target 14 (seen), shield 0.86, kills 0 deaths 0
chupathingyce: bots: bot 11 at (42.9 -93.3 0.4) yaw -20 fight, target 2 (seen), shield 0.86, kills 0 deaths 0
chupathingyce: bots: bot 12 at (90.9 -168.1 0.1) yaw -146 fight, target 21 (seen), shield 0.08, kills 1 deaths 0
chupathingyce: bots: bot 13 at (87.7 -173.6 0.3) yaw 95 fight, target 21 (seen), shield 1.00, kills 0 deaths 0
chupathingyce: network test: tick 1290 player 0: (83.891 -160.043 0.021) h0.44/0.86 g0/0 w a176/-1 f176 l176/-1 as139/120 st4 thr1.00 501:0 1dc:96 s3 k3 d0 f0 t0 m0 player 1: (22.852 -79.585 1.153) h0.69/0.00 g0/0 w a29/-4 f29 l29/-4 as139/120 st5 thr1.00 501:0 s0 k0 d1 f0 t1 m127 player 2: (45.466 -95.574 1.521) h1.00/0.86 g0/0 w a141/-11 f142 l141/-11 as139/120 st7 thr1.00 501:0 s0 k0 d0 f0 t2 m127 player 3: (38.034 -97.013 -0.088) h0.72/0.73 g0/0 w a159/13 f159 l159/13 as139/120 st6 thr1.00 501:0 s0 k0 d0 f0 t3 m127 player 4: (88.967 -148.064 0.882) h0.89/0.46 g0/0 w a-30/-11 f-30 l-30/-11 as139/120 st7 thr1.00 501:0 s0 k0 d1 f0 t4 m127 player 5: (102.422 -155.032 0.334) h0.70/0.00 riding g0/0 w a-14/2 f-0 l-34/1 as28/120 st0 thr0.00 501:0 s0 k0 d0 f0 t5 m126 player 6: (38.802 -88.554 0.063) h0.43/0.00 g0/0 w a106/-2 f-164 l126/-2 as139/120 st9 thr1.00 501:0 s1 k1 d0 f0 t6 m126 player 7: (39.841 -74.619 -0.038) h1.00/1.00 g0/0 w a67/3 f75 l67/3 as139/120 st6 thr1.00 501:0 s0 k0 d1 f0 t7 m126 player 8: (95.278 -165.798 0.110) h1.00/0.85 g0/0 w a-161/-3 f-161 l-161/-3 as139/120 st7 thr1.00 501:0 s0 k0 d1 f0 t8 m126 player 9: (108.199 -152.876 0.060) h0.75/0.00 g0/0 w a155/-2 f155 l155/-2 as139/120 st5 thr1.00 501:0 s1 k1 d0 f0 t9 m125 player 10: (93.303 -150.281 0.129) h0.18/0.86 g0/0 w a33/-2 f33 l33/-2 as139/120 st6 thr1.00 501:0 s0 k0 d0 f0 t10 m125 player 11: (42.799 -93.109 0.915) h1.00/0.86 g0/0 w a-41/8 f-20 l-41/8 as140/120 st20 thr1.00 501:0 s0 k0 d0 f0 t11 m125 player 12: (90.442 -167.444 0.089) h1.00/0.08 g0/0 w a-142/-2 f-142 l-142/-2 as139/120 st7 thr1.00 501:0 s1 k1 d0 f0 t12 m125 player 13: (88.021 -173.673 0.581) h1.00/1.00 g0/0 w a101/-8 f101 l101/-8 as140/120 st20 thr1.00 501:0 s0 k0 d0 f0 t13 m124 player 14: (97.365 -147.724 0.057) h1.00/0.85 g0/0 w a-146/-1 f-146 l-146/-1 as139/120 st10 thr1.00 501:0 s0 k0 d0 f0 t14 m124 player 15: (83.507 -152.792 -0.046) h0.56/0.18 g0/0 w a-137/-0 f-137 l-137/-0 as139/120 st6 thr1.00 501:0 s0 k0 d0 f0 t15 m124 player 16: (65.644 -81.801 1.424) h0.13/1.00 g0/0 w a167/-12 
chupathingyce: bots: bot 14 at (97.4 -147.7 0.1) yaw -150 fight, target 10 (seen), shield 0.74, kills 0 deaths 0
chupathingyce: bots: bot 15 at (83.8 -153.2 -0.1) yaw -146 fight, target 31 (seen), shield 0.18, kills 0 deaths 0
chupathingyce: bots: bot 16 at (65.8 -80.9 1.7) yaw 166 fight, target 19 (seen), shield 1.00, kills 0 deaths 0
chupathingyce: bots: bot 17 at (43.1 -69.1 0.3) yaw 179 fight, target 27 (seen), shield 1.00, kills 0 deaths 1
chupathingyce: bots: bot 18 at (61.8 -68.7 1.4) yaw 180 retreat, target 28 (seen), shield 0.00, kills 1 deaths 0
chupathingyce: network test: tick 1320 player 0: (82.177 -159.020 -0.039) h0.44/0.86 g0/0 w a135/-4 f135 l135/-4 as139/120 st4 thr1.00 501:0 1dc:96 s3 k3 d0 f0 t0 m0 player 1: (22.060 -81.104 1.679) h0.69/0.00 g0/0 w a39/-5 f39 l39/-5 as139/120 st4 thr1.00 501:0 s0 k0 d1 f0 t1 m127 player 2: (46.339 -94.671 1.445) h1.00/0.86 g0/0 w a140/-20 f140 l140/-20 as139/120 st7 thr1.00 501:0 s0 k0 d0 f0 t2 m127 player 3: (38.052 -96.197 -0.200) h0.72/0.73 g0/0 w a-171/11 f-171 l-171/11 as139/120 st7 thr1.00 501:0 s0 k0 d0 f0 t3 m127 player 4: (88.395 -149.674 0.723) h0.89/0.71 g0/0 w a-14/-8 f-14 l-14/-8 as139/120 st6 thr1.00 501:0 s0 k0 d1 f0 t4 m127 player 5: (102.422 -155.032 0.334) h0.70/0.01 riding g0/0 w a-14/1 f-0 l-34/1 as28/120 st0 thr0.00 501:0 s0 k0 d0 f0 t5 m126 player 6: (38.717 -88.879 0.056) h0.30/0.00 g0/0 w a112/-3 f112 l112/-3 as139/120 st6 thr1.00 501:0 s1 k1 d0 f0 t6 m126 player 7: (39.750 -73.837 0.120) h1.00/1.00 g0/0 w a54/1 f54 l54/1 as139/120 st6 thr1.00 501:0 s0 k0 d1 f0 t7 m126 player 8: (94.731 -164.856 0.133) h1.00/0.85 g0/0 w a-160/-2 f-160 l-160/-2 as139/120 st7 thr1.00 501:0 s0 k0 d1 f0 t8 m126 player 9: (109.529 -154.101 0.086) h0.75/0.00 g0/0 w a155/0 f155 l155/0 as139/120 st5 thr1.00 501:0 s1 k1 d0 f0 t9 m125 player 10: (93.797 -151.300 0.073) h0.18/0.73 g0/0 w a26/-1 f26 l26/-1 as139/120 st7 thr1.00 501:0 s0 k0 d0 f0 t10 m125 player 11: (43.402 -92.198 0.182) h1.00/0.86 g0/0 w a-41/17 f-41 l-41/17 as139/120 st6 thr1.00 501:0 s0 k0 d0 f0 t11 m125 player 12: (89.908 -166.854 0.088) h0.97/0.00 g0/0 w a-154/-3 f-154 l-154/-3 as139/120 st6 thr1.00 501:0 s1 k1 d0 f0 t12 m125 player 13: (89.731 -173.439 0.595) h1.00/1.00 g0/0 w a126/-8 f101 l126/-8 as140/120 st20 thr1.00 501:0 s0 k0 d0 f0 t13 m124 player 14: (98.102 -149.116 0.096) h1.00/0.74 g0/0 w a-155/-3 f-155 l-155/-3 as139/120 st7 thr1.00 501:0 s0 k0 d0 f0 t14 m124 player 15: (84.413 -154.541 -0.096) h0.56/0.20 g0/0 w a-168/-1 f-168 l-168/-1 as139/120 st6 thr1.00 501:0 s0 k0 d0 f0 t15 m124 player 16: (65.953 -80.273 1.224) h0.13/1.00 g0/0 w a163/-11 f1
chupathingyce: bots: bot 19 at (61.7 -78.7 0.7) yaw 87 fight, target 18 (seen), shield 1.00, kills 0 deaths 0
chupathingyce: bots: bot 20 at (98.1 -164.8 0.1) yaw -180 fight, target 8 (seen), shield 1.00, kills 0 deaths 0
chupathingyce: bots: bot 23 inventory slot 0 now weapon 501
chupathingyce: bots: bot 21 at (86.3 -169.2 0.1) yaw 17 fight, target 12 (seen), shield 0.00, kills 0 deaths 0
chupathingyce: bots: bot 22 at (35.6 -98.5 0.8) yaw 33 fight, target 3 (seen), shield 0.48, kills 0 deaths 0
chupathingyce: network test: tick 1350 player 0: (80.786 -157.484 0.574) h0.44/0.86 g0/0 w a127/-5 f129 l127/-5 as140/120 st20 thr1.00 501:0 1dc:96 s3 k3 d0 f0 t0 m0 player 1: (24.200 -80.866 0.871) h0.69/0.09 g0/0 w a39/1 f39 l39/1 as139/120 st4 thr1.00 501:0 s0 k0 d1 f0 t1 m127 player 2: (47.019 -93.932 1.308) h1.00/0.73 g0/0 w a154/-18 f154 l154/-18 as139/120 st10 thr1.00 501:0 s0 k0 d0 f0 t2 m127 player 3: (38.601 -96.803 -0.243) h0.72/0.60 g0/0 w a-147/16 f-147 l-147/16 as139/120 st6 thr1.00 501:0 s0 k0 d0 f0 t3 m127 player 4: (89.425 -147.883 1.011) h0.89/0.96 g0/0 w a-39/-4 f-39 l-39/-4 as139/120 st6 thr1.00 501:0 s0 k0 d1 f0 t4 m127 player 5: (102.412 -155.079 0.334) h0.70/0.26 riding g0/0 w a-11/2 f-0 l-31/2 as28/120 st0 thr0.50 501:0 s0 k0 d0 f0 t5 m126 player 6: (38.436 -88.157 0.117) h0.17/0.00 g0/0 w a153/3 f153 l153/3 as139/120 st4 thr1.00 501:0 s1 k1 d0 f0 t6 m126 player 7: (38.674 -72.015 0.125) h1.00/1.00 g0/0 w a9/6 f9 l9/6 as139/120 st6 thr1.00 501:0 s0 k0 d1 f0 t7 m126 player 8: (95.091 -165.928 0.101) h1.00/0.73 g0/0 w a-150/-2 f-150 l-150/-2 as139/120 st6 thr1.00 501:0 s0 k0 d1 f0 t8 m126 player 9: (111.316 -154.293 0.104) h0.75/0.00 g0/0 w a157/-1 f157 l157/-1 as139/120 st5 thr1.00 501:0 s1 k1 d0 f0 t9 m125 player 10: (94.747 -152.803 0.666) h0.18/0.73 g0/0 w a62/-9 f32 l62/-9 as140/120 st20 thr1.00 501:0 s0 k0 d0 f0 t10 m125 player 11: (43.502 -92.302 0.203) h1.00/0.86 g0/0 w a-26/14 f-26 l-26/14 as139/120 st7 thr1.00 501:0 s0 k0 d0 f0 t11 m125 player 12: (90.463 -168.631 0.086) h0.83/0.00 g0/0 w a-170/-2 f-170 l-170/-2 as139/120 st6 thr1.00 501:0 s1 k1 d0 f0 t12 m125 player 13: (90.280 -173.147 0.224) h1.00/1.00 g0/0 w a137/-3 f137 l137/-3 as139/120 st6 thr1.00 501:0 s0 k0 d0 f0 t13 m124 player 14: (96.962 -148.074 0.054) h1.00/0.74 g0/0 w a-116/6 f-116 l-116/6 as139/120 st7 thr1.00 501:0 s0 k0 d0 f0 t14 m124 player 15: (84.461 -153.609 -0.076) h0.56/0.16 g0/0 w a178/0 f178 l178/0 as139/120 st7 thr1.00 501:0 s0 k0 d0 f0 t15 m124 player 16: (64.716 -80.851 1.680) h0.13/1.00 g0/0 w a151/-15 f-167 l151/-1
chupathingyce: bots: bot 23 at (52.2 -75.3 0.1) yaw -20 fight, target 19 (seen), shield 1.00, kills 0 deaths 1
chupathingyce: bots: bot 24 at (36.9 -85.9 0.0) yaw -40 fight, target 2 (seen), shield 1.00, kills 0 deaths 0
chupathingyce: bots: bot 25 at (104.2 -159.7 0.7) yaw 31 fight, target 9 (seen), shield 1.00, kills 0 deaths 0
chupathingyce: bots: bot 6 seeking vehicle -496041984
chupathingyce: bots: bot 26 at (33.9 -74.1 0.2) yaw -103 fight, target 29 (seen), shield 0.06, kills 0 deaths 0
chupathingyce: bots: bot 30 inventory slot 0 now weapon 501
chupathingyce: network test: tick 1380 player 0: (79.723 -155.677 -0.040) h0.44/0.86 g0/0 w a118/1 f118 l118/1 as139/120 st4 thr1.00 501:0 1dc:95 s3 k3 d0 f0 t0 m0 player 1: (26.495 -80.596 0.396) h0.69/0.34 g0/0 w a40/-1 f40 l40/-1 as139/120 st7 thr1.00 501:0 s0 k0 d1 f0 t1 m127 player 2: (46.260 -95.661 1.586) h1.00/0.73 g0/0 w a152/-21 f152 l152/-21 as140/120 st20 thr1.00 501:0 s0 k0 d0 f0 t2 m127 player 3: (39.080 -97.572 -0.231) h0.72/0.47 g0/0 w a-132/9 f-132 l-132/9 as139/120 st7 thr1.00 501:0 s0 k0 d0 f0 t3 m127 player 4: (89.168 -148.070 0.939) h0.89/1.00 g0/0 w a-39/-7 f-39 l-39/-7 as139/120 st6 thr1.00 501:0 s0 k0 d1 f0 t4 m127 player 5: (102.433 -155.709 0.357) h0.70/0.51 riding g0/0 w a-60/5 f-0 l-60/5 as28/120 st0 thr0.00 501:0 s0 k0 d0 f0 t5 m126 player 6: (38.006 -87.548 0.125) h0.17/0.00 g0/0 w a162/0 f162 l162/0 as139/120 st4 thr0.35 501:0 s1 k1 d0 f0 t6 m126 player 7: (39.177 -70.103 0.225) h1.00/0.85 g0/0 w a-42/-4 f-42 l-42/-4 as139/120 st7 thr1.00 501:0 s0 k0 d1 f0 t7 m126 player 8: (96.109 -167.875 0.172) h1.00/0.73 g0/0 w a-155/4 f-155 l-155/4 as139/120 st6 thr1.00 501:0 s0 k0 d1 f0 t8 m126 player 9: (112.582 -155.475 0.331) h0.75/0.00 g0/0 w a-149/-1 f-149 l-149/-1 as139/120 st6 thr1.00 501:0 s1 k1 d0 f0 t9 m125 player 10: (96.059 -153.329 0.114) h0.18/0.73 g0/0 w a98/4 f98 l98/4 as139/120 st7 thr1.00 501:0 s0 k0 d0 f0 t10 m125 player 11: (42.918 -93.668 0.302) h1.00/0.86 g0/0 w a-28/17 f-28 l-28/17 as139/120 st6 thr1.00 501:0 s0 k0 d0 f0 t11 m125 player 12: (90.219 -170.533 0.600) h0.83/0.00 g0/0 w a140/-3 f179 l140/-3 as140/120 st20 thr1.00 501:0 s1 k1 d0 f0 t12 m125 player 13: (88.634 -174.190 0.886) h1.00/1.00 g0/0 w a106/-3 f126 l106/-3 as140/120 st20 thr1.00 501:0 s0 k0 d0 f0 t13 m124 player 14: (95.066 -147.651 0.622) h1.00/0.74 g0/0 w a-83/-7 f-109 l-83/-7 as140/120 st20 thr1.00 501:0 s0 k0 d0 f0 t14 m124 player 15: (85.665 -153.863 -0.052) h0.56/0.03 g0/0 w a164/0 f164 l164/0 as139/120 st5 thr1.00 501:0 s0 k0 d0 f0 t15 m124 player 16: (63.408 -81.037 0.766) h0.13/1.00 g0/0 w a143/-6 f-178 l143
chupathingyce: bots: bot 27 at (36.1 -68.5 0.8) yaw -28 fight, target 7 (seen), shield 0.19, kills 0 deaths 0
chupathingyce: bots: bot 28 at (54.4 -69.2 0.6) yaw -13 fight, target 18 (seen), shield 0.88, kills 0 deaths 0
chupathingyce: bots: bot 29 at (31.4 -83.6 0.6) yaw 149 fight, target 1 (seen), shield 0.48, kills 0 deaths 0
chupathingyce: bots: bot 30 at (86.6 -161.2 0.1) yaw -82 fight, target 21 (seen), shield 1.00, kills 0 deaths 1
chupathingyce: network test: tick 1410 player 0: (80.374 -153.801 -0.021) h0.44/0.86 g0/0 w a111/7 f111 l111/7 as139/120 st4 thr1.00 501:0 1dc:94 s3 k3 d0 f0 t0 m0 player 1: (28.276 -81.822 0.975) h0.69/0.59 g0/0 w a64/-2 f48 l64/-2 as140/120 st20 thr1.00 501:0 s0 k0 d1 f0 t1 m127 player 2: (46.917 -94.900 1.512) h1.00/0.73 g0/0 w a159/-19 f159 l159/-19 as139/120 st7 thr1.00 501:0 s0 k0 d0 f0 t2 m127 player 3: (37.337 -96.692 0.486) h0.72/0.34 g0/0 w a-112/2 f-114 l-112/2 as140/120 st20 thr1.00 501:0 s0 k0 d0 f0 t3 m127 player 4: (90.045 -146.413 1.023) h0.89/1.00 g0/0 w a-7/-9 f-7 l-7/-9 as139/120 st6 thr1.00 501:0 s0 k0 d1 f0 t4 m127 player 5: (102.419 -155.838 0.367) h0.70/0.76 riding g0/0 w a-60/2 f-0 l-60/2 as28/120 st0 thr0.00 501:0 s0 k0 d0 f0 t5 m126 player 6: dead s1 k1 d1 f0 t6 m126 player 7: (38.005 -71.245 0.756) h1.00/0.85 g0/0 w a-37/-10 f-44 l-37/-10 as140/120 st20 thr1.00 501:0 s0 k0 d1 f0 t7 m126 player 8: (96.826 -169.950 0.691) h1.00/0.73 g0/0 w a-167/-2 f-157 l-167/-2 as140/120 st20 thr1.00 501:0 s0 k0 d1 f0 t8 m126 player 9: (113.593 -157.098 0.866) h0.75/0.06 g0/0 w a-148/-7 f-149 l-148/-7 as140/120 st20 thr1.00 501:0 s1 k1 d0 f0 t9 m125 player 10: (97.894 -152.573 0.032) h0.18/0.73 g0/0 w a117/2 f117 l117/2 as139/120 st7 thr1.00 501:0 s0 k0 d0 f0 t10 m125 player 11: (43.026 -93.651 0.343) h1.00/0.86 g0/0 w a-22/14 f-22 l-22/14 as139/120 st7 thr1.00 501:0 s0 k0 d0 f0 t11 m125 player 12: (88.744 -171.616 0.761) h0.83/0.00 g0/0 w a103/-6 f112 l103/-6 as140/120 st20 thr1.00 501:0 s1 k1 d0 f0 t12 m125 player 13: (88.612 -174.795 0.408) h1.00/1.00 g0/0 w a85/4 f85 l85/4 as139/120 st7 thr1.00 501:0 s0 k0 d0 f0 t13 m124 player 14: (94.984 -147.153 0.418) h1.00/0.74 g0/0 w a-61/-4 f-61 l-61/-4 as140/120 st20 thr1.00 501:0 s0 k0 d0 f0 t14 m124 player 15: (87.631 -153.552 0.062) h0.56/0.03 g0/0 w a157/3 f157 l157/3 as139/120 st5 thr1.00 501:0 s0 k0 d0 f0 t15 m124 player 16: (61.848 -82.147 0.626) h0.13/1.00 g0/0 w a103/-1 f103 l103/-1 as140/120 st20 thr1.00 501:0 s0 k0 d0 f0 t16 m124 player 17: (41.548 -73.640 0.12
chupathingyce: bots: bot 31 at (78.6 -149.7 0.5) yaw -68 fight, target 0 (seen), shield 0.64, kills 0 deaths 0
chupathingyce: network test: tick 1440 player 0: (80.505 -151.935 0.021) h0.44/0.86 g0/0 w a111/1 f111 l111/1 as139/120 st4 thr1.00 501:0 1dc:92 s3 k3 d0 f0 t0 m0 player 1: (29.950 -82.024 0.143) h0.69/0.84 g0/0 w a-81/-4 f-65 l-81/-4 as139/120 st6 thr1.00 501:0 s0 k0 d1 f0 t1 m127 player 2: (46.795 -93.010 0.976) h1.00/0.73 g0/0 w a-164/-11 f-164 l-164/-11 as139/120 st7 thr1.00 501:0 s0 k0 d0 f0 t2 m127 player 3: (36.040 -96.064 0.178) h0.72/0.18 g0/0 w a-120/14 f-120 l-120/14 as139/120 st5 thr1.00 501:0 s0 k0 d0 f0 t3 m127 player 4: (90.551 -144.274 1.029) h0.89/1.00 g0/0 w a-19/-8 f-19 l-19/-8 as139/120 st6 thr1.00 501:0 s0 k0 d1 f0 t4 m127 player 5: (102.434 -155.853 0.368) h0.70/1.00 riding g0/0 w a-57/2 f-0 l-57/2 as28/120 st0 thr0.50 501:0 s0 k0 d0 f0 t5 m126 player 6: dead s1 k1 d1 f0 t6 m126 player 7: (37.199 -73.100 0.113) h1.00/0.85 g0/0 w a-9/9 f-21 l-9/9 as139/120 st6 thr1.00 501:0 s0 k0 d1 f0 t7 m126 player 8: (97.059 -172.000 1.010) h1.00/0.73 g0/0 w a-178/-5 f-176 l-178/-5 as140/120 st20 thr1.00 501:0 s0 k0 d1 f0 t8 m126 player 9: (113.787 -158.281 0.960) h0.75/0.31 g0/0 w a-145/-8 f-145 l-145/-8 as139/120 st6 thr1.00 501:0 s1 k1 d0 f0 t9 m125 player 10: (99.654 -151.630 0.204) h0.18/0.73 g0/0 w a119/-0 f119 l119/-0 as140/120 st20 thr1.00 501:0 s0 k0 d0 f0 t10 m125 player 11: (42.733 -94.146 0.267) h1.00/1.00 g0/0 w a15/8 f15 l15/8 as139/120 st6 thr1.00 501:0 s0 k0 d0 f0 t11 m125 player 12: (86.824 -172.006 0.189) h0.83/0.00 g0/0 w a103/-2 f103 l103/-2 as139/120 st6 thr1.00 501:0 s1 k1 d0 f0 t12 m125 player 13: (90.385 -174.033 1.000) h1.00/1.00 g0/0 w a148/-14 f126 l148/-14 as140/120 st20 thr1.00 501:0 s0 k0 d0 f0 t13 m124 player 14: (96.745 -146.205 0.111) h1.00/0.74 g0/0 w a-61/-3 f-61 l-61/-3 as140/120 st20 thr1.00 501:0 s0 k0 d0 f0 t14 m124 player 15: (89.229 -153.971 0.195) h0.56/0.03 g0/0 w a83/3 f83 l83/3 as139/120 st5 thr1.00 501:0 s0 k0 d0 f0 t15 m124 player 16: (59.929 -82.168 0.640) h0.13/1.00 g0/0 w a43/4 f103 l43/4 as140/120 st20 thr1.00 501:0 s0 k0 d0 f0 t16 m124 player 17: (40.967 -73.853 0.728)
chupathingyce: network test: tick 1470 player 0: (79.124 -150.940 0.105) h0.44/0.76 g0/0 w a115/1 f115 l115/1 as139/120 st4 thr1.00 501:0 1dc:90 s3 k3 d0 f0 t0 m0 player 1: (29.081 -81.672 0.198) h0.69/0.81 g0/0 w a-103/7 f-103 l-103/7 as139/120 st7 thr1.00 501:0 s0 k0 d1 f0 t1 m127 player 2: (46.298 -91.210 0.304) h1.00/0.73 g0/0 w a-164/-4 f-164 l-164/-4 as139/120 st6 thr1.00 501:0 s0 k0 d0 f0 t2 m127 player 3: (35.928 -94.236 0.029) h0.72/0.04 g0/0 w a-103/10 f-103 l-103/10 as139/120 st5 thr1.00 501:0 s0 k0 d0 f0 t3 m127 player 4: (91.311 -142.211 1.011) h0.89/1.00 g0/0 w a-22/-8 f-22 l-22/-8 as139/120 st6 thr1.00 501:0 s0 k0 d1 f0 t4 m127 player 5: (102.669 -156.196 0.400) h0.70/1.00 riding g0/0 w a-59/0 f-0 l-59/0 as28/120 st0 thr0.00 501:0 s0 k0 d0 f0 t5 m126 player 6: dead s1 k1 d1 f0 t6 m126 player 7: (37.876 -71.625 0.109) h1.00/0.71 g0/0 w a-45/-4 f-45 l-45/-4 as139/120 st6 thr1.00 501:0 s0 k0 d1 f0 t7 m126 player 8: (96.795 -173.394 0.710) h1.00/0.73 g0/0 w a178/-7 f178 l178/-7 as139/120 st6 thr1.00 501:0 s0 k0 d1 f0 t8 m126 player 9: (113.051 -157.646 1.029) h0.75/0.56 g0/0 w a-152/-8 f-152 l-152/-8 as140/120 st20 thr1.00 501:0 s1 k1 d0 f0 t9 m125 player 10: (101.413 -150.679 0.218) h0.18/0.73 g0/0 w a117/-3 f119 l117/-3 as140/120 st20 thr1.00 501:0 s0 k0 d0 f0 t10 m125 player 11: (42.207 -92.232 0.159) h1.00/1.00 g0/0 w a15/1 f15 l15/1 as139/120 st6 thr1.00 501:0 s0 k0 d0 f0 t11 m125 player 12: (85.559 -172.537 0.206) h0.71/0.00 g0/0 w a105/3 f105 l105/3 as139/120 st5 thr1.00 501:0 s1 k1 d0 f0 t12 m125 player 13: (91.436 -172.962 0.240) h1.00/1.00 g0/0 w a174/-2 f160 l174/-2 as139/120 st7 thr1.00 501:0 s0 k0 d0 f0 t13 m124 player 14: (98.507 -145.262 0.097) h1.00/0.74 g0/0 w a-61/2 f-61 l-61/2 as139/120 st6 thr1.00 501:0 s0 k0 d0 f0 t14 m124 player 15: (88.349 -155.581 0.042) h0.56/0.03 g0/0 w a77/4 f77 l77/4 as139/120 st5 thr1.00 501:0 s0 k0 d0 f0 t15 m124 player 16: (58.855 -80.904 0.185) h0.13/1.00 g0/0 w a18/14 f18 l18/14 as139/120 st7 thr1.00 501:0 s0 k0 d0 f0 t16 m124 player 17: (40.322 -74.322 0.017) h1.00/
chupathingyce: network test: tick 1500 player 0: (78.236 -149.238 0.195) h0.44/0.49 g0/0 w a118/3 f118 l118/3 as139/120 st4 thr1.00 501:0 1dc:87 s3 k3 d0 f0 t0 m0 player 1: (29.787 -82.374 0.168) h0.69/0.68 g0/0 w a-146/1 f-146 l-146/1 as139/120 st6 thr1.00 501:0 s0 k0 d1 f0 t1 m127 player 2: (46.151 -92.549 0.734) h1.00/0.59 g0/0 w a169/-9 f169 l169/-9 as139/120 st6 thr1.00 501:0 s0 k0 d0 f0 t2 m127 player 3: (35.061 -92.452 0.265) h0.72/0.04 g0/0 w a-94/7 f-94 l-94/7 as139/120 st5 thr1.00 501:0 s0 k0 d0 f0 t3 m127 player 4: (91.755 -141.223 1.007) h0.89/1.00 g0/0 w a-25/-5 f-25 l-25/-5 as139/120 st7 thr1.00 501:0 s0 k0 d1 f0 t4 m127 player 5: (102.692 -156.227 0.404) h0.70/1.00 riding g0/0 w a-56/6 f-0 l-56/6 as28/120 st0 thr0.00 501:0 s0 k0 d0 f0 t5 m126 player 6: dead s1 k1 d1 f0 t6 m126 player 7: (39.726 -70.472 0.231) h1.00/0.71 g0/0 w a-67/-3 f-67 l-67/-3 as139/120 st6 thr1.00 501:0 s0 k0 d1 f0 t7 m126 player 8: (96.948 -173.646 0.770) h0.88/0.00 g0/0 w a155/-7 f155 l155/-7 as139/120 st7 thr1.00 501:0 s0 k0 d1 f0 t8 m126 player 9: (112.069 -156.136 0.723) h0.75/0.81 g0/0 w a-130/-3 f-152 l-130/-3 as140/120 st20 thr1.00 501:0 s1 k1 d0 f0 t9 m125 player 10: (103.068 -149.765 0.021) h0.18/0.79 g0/0 w a124/2 f124 l124/2 as139/120 st6 thr1.00 501:0 s0 k0 d0 f0 t10 m125 player 11: (41.941 -91.603 0.150) h1.00/1.00 g0/0 w a-13/5 f-13 l-13/5 as139/120 st7 thr1.00 501:0 s0 k0 d0 f0 t11 m125 player 12: (86.030 -174.200 0.376) h0.71/0.00 g0/0 w a117/1 f117 l117/1 as139/120 st5 thr1.00 501:0 s1 k1 d0 f0 t12 m125 player 13: (91.041 -171.038 0.171) h1.00/1.00 g0/0 w a-151/-0 f-151 l-151/-0 as139/120 st7 thr1.00 501:0 s0 k0 d0 f0 t13 m124 player 14: (99.624 -144.669 0.353) h1.00/0.99 g0/0 w a-57/-5 f-57 l-57/-5 as139/120 st7 thr1.00 501:0 s0 k0 d0 f0 t14 m124 player 15: (87.569 -157.202 0.070) h0.56/0.03 g0/0 w a76/3 f76 l76/3 as139/120 st5 thr1.00 501:0 s0 k0 d0 f0 t15 m124 player 16: (58.832 -81.026 0.177) h0.13/1.00 g0/0 w a21/14 f21 l21/14 as139/120 st6 thr1.00 501:0 s0 k0 d0 f0 t16 m124 player 17: (40.989 -73.610 0.140) h1.00/0.3
chupathingyce: bots: bot 1 at (29.8 -82.4 0.2) yaw -150 fight, target 29 (seen), shield 0.68, kills 0 deaths 1
chupathingyce: bots: bot 2 at (46.1 -93.0 0.9) yaw 167 fight, target 11 (seen), shield 0.59, kills 0 deaths 0
chupathingyce: bots: bot 6 inventory slot 0 now weapon 501
chupathingyce: bots: bot 3 at (34.6 -91.6 0.3) yaw -86 retreat, target 22 (seen), shield 0.04, kills 0 deaths 0
chupathingyce: bots: bot 4 at (91.2 -142.6 1.7) yaw -22 fight, target 14 (seen), shield 1.00, kills 0 deaths 1
chupathingyce: bots: bot 5 at (102.8 -156.1 0.5) yaw -53 vehicle, target 25 (seen), shield 1.00, kills 0 deaths 0
chupathingyce: network test: tick 1530 player 0: (77.204 -147.787 0.497) h0.44/0.13 g0/0 w a125/2 f130 l125/2 as139/120 st8 thr1.00 501:0 1dc:86 s3 k3 d0 f0 t0 m0 player 1: (29.480 -81.125 0.147) h0.69/0.68 g0/0 w a-162/8 f-162 l-162/8 as139/120 st7 thr1.00 501:0 s0 k0 d1 f0 t1 m127 player 2: (45.764 -94.419 1.325) h1.00/0.59 g0/0 w a168/-19 f168 l168/-19 as139/120 st6 thr1.00 501:0 s0 k0 d0 f0 t2 m127 player 3: (34.215 -90.728 0.257) h0.72/0.04 g0/0 w a-79/7 f-79 l-79/7 as139/120 st5 thr1.00 501:0 s0 k0 d0 f0 t3 m127 player 4: (90.940 -143.197 1.486) h0.89/1.00 g0/0 w a-21/-12 f-22 l-21/-12 as140/120 st20 thr1.00 501:0 s0 k0 d1 f0 t4 m127 player 5: (102.769 -156.335 0.415) h0.70/1.00 riding g0/0 w a-53/1 f-0 l-53/1 as28/120 st0 thr0.50 501:0 s0 k0 d0 f0 t5 m126 player 6: (53.169 -81.524 0.144) h1.00/1.00 g0/0 w a64/1 f64 l64/1 as139/120 st4 thr1.00 501:0 s1 k1 d1 f0 t6 m126 player 7: (38.787 -70.780 0.134) h1.00/0.58 g0/0 w a-71/-4 f-71 l-71/-4 as139/120 st7 thr1.00 501:0 s0 k0 d1 f0 t7 m126 player 8: (97.653 -171.581 0.528) h0.88/0.00 g0/0 w a169/-4 f169 l169/-4 as139/120 st7 thr1.00 501:0 s0 k0 d1 f0 t8 m126 player 9: (112.595 -156.209 0.362) h0.75/1.00 g0/0 w a-120/-2 f-120 l-120/-2 as139/120 st6 thr1.00 501:0 s1 k1 d0 f0 t9 m125 player 10: (102.820 -150.042 0.535) h0.18/0.84 g0/0 w a137/-6 f128 l137/-6 as140/120 st20 thr1.00 501:0 s0 k0 d0 f0 t10 m125 player 11: (41.535 -93.553 -0.012) h1.00/1.00 g0/0 w a-11/15 f-11 l-11/15 as139/120 st7 thr1.00 501:0 s0 k0 d0 f0 t11 m125 player 12: (86.950 -175.714 0.535) h0.71/0.00 g0/0 w a131/-4 f131 l131/-4 as139/120 st5 thr1.00 501:0 s1 k1 d0 f0 t12 m125 player 13: (90.628 -170.371 0.139) h1.00/1.00 g0/0 w a-124/2 f-124 l-124/2 as139/120 st6 thr1.00 501:0 s0 k0 d0 f0 t13 m124 player 14: (98.159 -145.971 0.085) h1.00/1.00 g0/0 w a-43/4 f-43 l-43/4 as139/120 st7 thr1.00 501:0 s0 k0 d0 f0 t14 m124 player 15: (86.666 -157.561 0.567) h0.56/0.03 g0/0 w a-70/-6 f-74 l-70/-6 as140/120 st20 thr1.00 501:0 s0 k0 d0 f0 t15 m124 player 16: (58.416 -79.087 0.293) h0.13/1.00 g0/0 w a1/4 f1 l1/4 as1
chupathingyce: bots: bot 6 at (53.5 -81.4 0.2) yaw 29 fight, target 16 (seen), shield 1.00, kills 1 deaths 1
chupathingyce: bots: bot 7 at (38.0 -71.1 0.1) yaw -57 fight, target 17 (seen), shield 0.58, kills 0 deaths 1
chupathingyce: bots: bot 8 at (97.8 -170.7 0.4) yaw -175 fight, target 13 (seen), shield 0.00, kills 0 deaths 1
chupathingyce: bots: bot 9 at (113.9 -157.2 1.1) yaw -128 fight, target 25 (seen), shield 1.00, kills 1 deaths 0
chupathingyce: network test: tick 1560 player 0: (76.384 -146.259 1.359) h0.37/0.00 g0/0 w a109/-5 f111 l109/-5 as140/120 st20 thr1.00 501:0 1dc:86 s3 k3 d0 f0 t0 m0 player 1: (29.451 -81.532 0.164) h0.69/0.68 g0/0 w a-173/4 f-173 l-173/4 as139/120 st6 thr1.00 501:0 s0 k0 d1 f0 t1 m127 player 2: (45.380 -96.347 1.987) h1.00/0.59 g0/0 w a170/-19 f170 l170/-19 as140/120 st20 thr1.00 501:0 s0 k0 d0 f0 t2 m127 player 3: (34.719 -88.898 0.115) h0.66/0.00 g0/0 w a-76/2 f-76 l-76/2 as139/120 st5 thr1.00 501:0 s0 k0 d0 f0 t3 m127 player 4: (91.108 -142.965 0.990) h0.89/1.00 g0/0 w a-21/-8 f-21 l-21/-8 as139/120 st6 thr1.00 501:0 s0 k0 d1 f0 t4 m127 player 5: (103.600 -157.510 0.549) h0.70/1.00 riding g0/0 w a-51/1 f-0 l-51/1 as28/120 st0 thr0.50 501:0 s0 k0 d0 f0 t5 m126 player 6: (53.640 -81.626 0.162) h1.00/1.00 g0/0 w a40/1 f40 l40/1 as139/120 st6 thr1.00 501:0 s1 k1 d1 f0 t6 m126 player 7: (36.837 -71.815 0.085) h1.00/0.58 g0/0 w a-129/-0 f-128 l-129/-0 as139/120 st4 thr1.00 501:0 s0 k0 d1 f0 t7 m126 player 8: (97.810 -171.383 0.518) h0.88/0.00 g0/0 w a-176/-5 f-176 l-176/-5 as139/120 st6 thr1.00 501:0 s0 k0 d1 f0 t8 m126 player 9: (114.145 -157.380 1.164) h0.75/1.00 g0/0 w a-128/-8 f-128 l-128/-8 as140/120 st20 thr1.00 501:0 s1 k1 d0 f0 t9 m125 player 10: (102.074 -150.902 -0.046) h0.18/0.84 g0/0 w a127/-1 f127 l127/-1 as139/120 st7 thr1.00 501:0 s0 k0 d0 f0 t10 m125 player 11: (41.155 -95.513 0.512) h1.00/1.00 g0/0 w a-12/17 f-12 l-12/17 as140/120 st20 thr1.00 501:0 s0 k0 d0 f0 t11 m125 player 12: (87.213 -177.578 0.903) h0.71/0.00 g0/0 w a126/-5 f126 l126/-5 as139/120 st5 thr1.00 501:0 s1 k1 d0 f0 t12 m125 player 13: (92.190 -171.564 0.198) h1.00/0.00 g0/0 w a-130/3 f-130 l-130/3 as139/120 st7 thr1.00 501:0 s0 k0 d0 f0 t13 m124 player 14: (98.437 -145.828 0.097) h1.00/1.00 g0/0 w a-55/-3 f-55 l-55/-3 as139/120 st6 thr1.00 501:0 s0 k0 d0 f0 t14 m124 player 15: (85.006 -157.884 0.014) h0.56/0.20 g0/0 w a3/-2 f-74 l-4/-2 as140/120 st20 thr1.00 501:0 s0 k0 d0 f0 t15 m124 player 16: (58.389 -77.593 0.400) h0.13/0.88 g0/0 w a-37/2 f-
chupathingyce: bots: bot 10 at (102.2 -150.8 -0.0) yaw 126 fight, target 14 (seen), shield 0.84, kills 0 deaths 0
chupathingyce: bots: bot 11 at (41.0 -96.2 0.1) yaw -9 fight, target 2 (seen), shield 1.00, kills 0 deaths 0
chupathingyce: bots: bot 12 at (87.3 -178.5 1.3) yaw 125 retreat, target 21 (seen), shield 0.00, kills 1 deaths 0
chupathingyce: bots: bot 13 at (92.5 -171.8 0.8) yaw -127 fight, target 12 (seen), shield 0.00, kills 0 deaths 0
chupathingyce: network test: tick 1590 player 0: (75.229 -145.071 1.597) h0.23/0.00 g0/0 w a121/-15 f122 l121/-15 as140/120 st20 thr1.00 501:0 1dc:86 s4 k4 d0 f0 t0 m0 player 1: (29.638 -83.428 0.645) h0.69/0.68 g0/0 w a-174/5 f-173 l-174/5 as140/120 st20 thr1.00 501:0 s0 k0 d1 f0 t1 m127 player 2: (45.107 -97.671 1.466) h1.00/0.59 g0/0 w a164/-24 f170 l164/-24 as140/120 st20 thr1.00 501:0 s0 k0 d0 f0 t2 m127 player 3: (35.165 -87.020 -0.034) h0.66/0.00 g0/0 w a-77/0 f-77 l-77/0 as139/120 st4 thr1.00 501:0 s0 k0 d0 f0 t3 m127 player 4: (91.869 -141.115 1.645) h0.89/1.00 g0/0 w a-37/-12 f-24 l-37/-12 as140/120 st20 thr1.00 501:0 s0 k0 d1 f0 t4 m127 player 5: (105.500 -159.919 0.455) h0.70/1.00 riding g0/0 w a-49/1 f-0 l-49/1 as28/120 st0 thr0.00 501:0 s0 k0 d0 f0 t5 m126 player 6: (53.574 -81.614 0.159) h1.00/1.00 g0/0 w a39/3 f39 l39/3 as139/120 st6 thr1.00 501:0 s1 k1 d1 f0 t6 m126 player 7: (34.717 -72.886 0.386) h1.00/0.58 g0/0 w a-117/1 f-117 l-117/1 as140/120 st20 thr1.00 501:0 s0 k0 d1 f0 t7 m126 player 8: (97.689 -173.080 0.745) h0.88/0.00 g0/0 w a167/-2 f167 l167/-2 as139/120 st7 thr1.00 501:0 s0 k0 d1 f0 t8 m126 player 9: (113.981 -157.796 0.960) h0.75/0.87 g0/0 w a-126/-6 f-126 l-126/-6 as139/120 st6 thr1.00 501:0 s1 k1 d0 f0 t9 m125 player 10: (103.320 -149.953 0.037) h0.18/0.84 g0/0 w a142/-2 f142 l142/-2 as139/120 st6 thr1.00 501:0 s0 k0 d0 f0 t10 m125 player 11: (40.876 -96.232 -0.236) h1.00/1.00 g0/0 w a-16/21 f-16 l-16/21 as139/120 st6 thr1.00 501:0 s0 k0 d0 f0 t11 m125 player 12: (87.417 -179.230 1.658) h0.71/0.00 g0/0 w a126/-9 f126 l126/-9 as139/120 st5 thr1.00 501:0 s1 k1 d0 f0 t12 m125 player 13: (92.555 -171.858 0.714) h0.86/0.00 g0/0 w a-127/4 f-129 l-127/4 as140/120 st20 thr1.00 501:0 s0 k0 d0 f0 t13 m124 player 14: (98.378 -146.047 0.096) h1.00/1.00 g0/0 w a-39/-2 f-39 l-39/-2 as139/120 st6 thr1.00 501:0 s0 k0 d0 f0 t14 m124 player 15: (86.380 -157.799 0.037) h0.56/0.45 g0/0 w a-111/15 f-43 l-102/15 as139/120 st5 thr1.00 501:0 s0 k0 d0 f0 t15 m124 player 16: (59.437 -76.905 0.899) h0.13/0.63 g0/0 w a-9
chupathingyce: bots: bot 14 at (98.3 -146.1 0.1) yaw -37 fight, target 10 (seen), shield 1.00, kills 0 deaths 0
chupathingyce: bots: bot 15 at (86.6 -157.3 0.0) yaw -113 fight, target 30 (seen), shield 0.52, kills 0 deaths 0
chupathingyce: bots: bot 16 at (59.3 -76.8 1.1) yaw -105 fight, target 19 (seen), shield 0.50, kills 0 deaths 0
chupathingyce: bots: bot 17 at (41.7 -73.1 0.1) yaw 125 fight, target 27 (seen), shield 0.07, kills 0 deaths 1
chupathingyce: network test: tick 1620 player 0: (73.754 -144.285 1.504) h0.23/0.00 g0/0 w a32/-16 f122 l52/-16 as140/120 st20 thr1.00 501:0 1dc:86 s4 k4 d0 f0 t0 m0 player 1: (29.320 -82.975 0.207) h0.69/0.68 g0/0 w a-150/5 f-150 l-150/5 as139/120 st7 thr1.00 501:0 s0 k0 d1 f0 t1 m127 player 2: (45.728 -96.432 1.993) h1.00/0.59 g0/0 w a154/-20 f152 l154/-20 as140/120 st20 thr1.00 501:0 s0 k0 d0 f0 t2 m127 player 3: (34.700 -88.635 0.099) h0.66/0.00 g0/0 w a-71/-1 f-71 l-71/-1 as139/120 st4 thr1.00 501:0 s0 k0 d0 f0 t3 m127 player 4: (92.572 -139.808 0.771) h0.89/1.00 g0/0 w a-37/-2 f-37 l-37/-2 as139/120 st6 thr1.00 501:0 s0 k0 d1 f0 t4 m127 player 5: (106.300 -160.891 0.382) h0.70/1.00 riding g0/0 w a-51/2 f-0 l-51/2 as28/120 st0 thr0.00 501:0 s0 k0 d0 f0 t5 m126 player 6: (52.517 -79.960 0.155) h1.00/1.00 g0/0 w a27/2 f27 l27/2 as139/120 st6 thr1.00 501:0 s1 k1 d1 f0 t6 m126 player 7: (32.784 -74.279 0.400) h1.00/0.58 g0/0 w a-112/-3 f-117 l-112/-3 as140/120 st20 thr1.00 501:0 s0 k0 d1 f0 t7 m126 player 8: (97.724 -171.002 1.309) h0.88/0.00 g0/0 w a-161/-16 f174 l-161/-16 as140/120 st20 thr1.00 501:0 s0 k0 d1 f0 t8 m126 player 9: (113.897 -158.215 1.479) h0.75/0.87 g0/0 w a-134/-12 f-128 l-134/-12 as140/120 st20 thr1.00 501:0 s1 k1 d0 f0 t9 m125 player 10: (102.510 -150.856 -0.019) h0.18/0.84 g0/0 w a120/6 f120 l120/6 as139/120 st7 thr1.00 501:0 s0 k0 d0 f0 t10 m125 player 11: (41.712 -94.425 0.414) h1.00/1.00 g0/0 w a-25/17 f-25 l-25/17 as140/120 st20 thr1.00 501:0 s0 k0 d0 f0 t11 m125 player 12: (87.737 -180.690 2.199) h0.71/0.00 g0/0 w a129/-12 f129 l129/-12 as139/120 st7 thr1.00 501:0 s1 k1 d0 f0 t12 m125 player 13: (93.701 -172.672 0.286) h0.86/0.00 g0/0 w a-127/11 f-127 l-127/11 as139/120 st7 thr1.00 501:0 s0 k0 d0 f0 t13 m124 player 14: (99.445 -145.227 0.695) h1.00/1.00 g0/0 w a-61/-7 f-55 l-61/-7 as140/120 st20 thr1.00 501:0 s0 k0 d0 f0 t14 m124 player 15: (87.334 -156.409 0.027) h0.56/0.70 g0/0 w a-115/4 f-115 l-115/4 as139/120 st6 thr1.00 501:0 s0 k0 d0 f0 t15 m124 player 16: (59.052 -76.743 0.485) h0.13/0.37 g0/
chupathingyce: bots: bot 19 at (57.1 -80.0 0.2) yaw 58 fight, target 16 (seen), shield 0.05, kills 1 deaths 0
chupathingyce: bots: bot 20 at (103.7 -172.9 0.3) yaw 155 fight, target 8 (seen), shield 1.00, kills 0 deaths 0
chupathingyce: bots: bot 21 at (80.4 -174.2 0.3) yaw -38 fight, target 12 (seen), shield 1.00, kills 0 deaths 0
chupathingyce: bots: bot 22 at (40.2 -99.9 0.3) yaw 73 fight, target 11 (seen), shield 0.90, kills 0 deaths 0
chupathingyce: network test: tick 1650 player 0: (74.475 -145.010 1.242) h0.23/0.00 g0/0 w a-47/-6 f-47 l-47/-6 as139/120 st4 thr1.00 501:0 1dc:86 s4 k4 d0 f0 t0 m0 player 1: (27.751 -81.564 0.299) h0.69/0.68 g0/0 w a-118/4 f-118 l-118/4 as139/120 st6 thr1.00 501:0 s0 k0 d1 f0 t1 m127 player 2: (46.573 -94.623 1.443) h1.00/0.59 g0/0 w a161/-19 f161 l161/-19 as139/120 st7 thr1.00 501:0 s0 k0 d0 f0 t2 m127 player 3: (34.802 -90.609 0.220) h0.66/0.00 g0/0 w a-58/1 f-58 l-58/1 as139/120 st4 thr1.00 501:0 s0 k0 d0 f0 t3 m127 player 4: (93.937 -138.139 0.464) h0.89/1.00 g0/0 w a-39/0 f-39 l-39/0 as139/120 st6 thr1.00 501:0 s0 k0 d1 f0 t4 m127 player 5: (106.453 -161.070 0.377) h0.70/1.00 riding g0/0 w a-45/2 f-0 l-45/2 as28/120 st0 thr0.00 501:0 s0 k0 d0 f0 t5 m126 player 6: (51.967 -78.277 0.158) h1.00/1.00 g0/0 w a3/4 f3 l3/4 as139/120 st7 thr1.00 501:0 s1 k1 d1 f0 t6 m126 player 7: (30.855 -73.798 0.827) h1.00/0.58 g0/0 w a-112/-4 f-112 l-112/-4 as139/120 st7 thr1.00 501:0 s0 k0 d1 f0 t7 m126 player 8: (96.867 -169.267 0.244) h0.88/0.00 g0/0 w a-130/-2 f-141 l-130/-2 as139/120 st6 thr1.00 501:0 s0 k0 d1 f0 t8 m126 player 9: (112.696 -157.774 0.379) h0.75/0.87 g0/0 w a-111/-4 f-111 l-111/-4 as139/120 st7 thr1.00 501:0 s1 k1 d0 f0 t9 m125 player 10: (104.259 -149.905 0.100) h0.18/0.84 g0/0 w a120/3 f120 l120/3 as139/120 st7 thr1.00 501:0 s0 k0 d0 f0 t10 m125 player 11: (42.204 -93.459 0.072) h1.00/0.86 g0/0 w a-18/17 f-18 l-18/17 as139/120 st7 thr1.00 501:0 s0 k0 d0 f0 t11 m125 player 12: (87.756 -180.833 2.255) h0.59/0.00 g0/0 w a140/-12 f140 l140/-12 as139/120 st6 thr1.00 501:0 s1 k1 d0 f0 t12 m125 player 13: (94.805 -171.989 0.296) h0.72/0.00 g0/0 w a-128/8 f-128 l-128/8 as139/120 st5 thr1.00 501:0 s0 k0 d0 f0 t13 m124 player 14: (101.187 -144.274 0.617) h1.00/1.00 g0/0 w a-61/-7 f-61 l-61/-7 as139/120 st6 thr1.00 501:0 s0 k0 d0 f0 t14 m124 player 15: (88.899 -157.660 0.469) h0.56/0.95 g0/0 w a-68/-1 f-82 l-68/-1 as140/120 st20 thr1.00 501:0 s0 k0 d0 f0 t15 m124 player 16: (60.040 -77.966 0.911) h0.13/0.37 g0/0 w a-165/-10 f-155
chupathingyce: bots: bot 18 inventory slot 0 now weapon 501
chupathingyce: bots: bot 23 at (59.9 -69.3 1.1) yaw -143 fight, target 28 (seen), shield 1.00, kills 0 deaths 1
chupathingyce: bots: bot 24 at (38.0 -87.4 0.1) yaw -58 fight, target 11 (seen), shield 1.00, kills 1 deaths 0
chupathingyce: bots: bot 25 at (111.2 -165.1 0.4) yaw 86 fight, target 9 (seen), shield 1.00, kills 0 deaths 0
chupathingyce: bots: bot 26 at (29.9 -77.5 0.2) yaw -104 fight, target 1 (seen), shield 1.00, kills 0 deaths 0
chupathingyce: network test: tick 1680 player 0: (75.799 -146.551 1.032) h0.23/0.00 g0/0 w a-55/-6 f-55 l-55/-6 as139/120 st4 thr1.00 501:0 1dc:86 s4 k4 d0 f0 t0 m0 player 1: (29.086 -82.499 0.228) h0.69/0.85 g0/0 w a-132/7 f-132 l-132/7 as139/120 st6 thr1.00 501:0 s0 k0 d1 f0 t1 m127 player 2: (46.676 -93.218 1.864) h1.00/0.81 g0/0 w a-154/-20 f-169 l-154/-20 as140/120 st20 thr1.00 501:0 s0 k0 d0 f0 t2 m127 player 3: (36.339 -90.366 0.116) h0.66/0.00 g0/0 w a-37/1 f-37 l-37/1 as139/120 st6 thr1.00 501:0 s0 k0 d0 f0 t3 m127 player 4: (95.413 -137.845 0.904) h0.89/1.00 g0/0 w a-37/-1 f-104 l-37/-1 as140/120 st20 thr1.00 501:0 s0 k0 d1 f0 t4 m127 player 5: (106.453 -161.070 0.377) h0.70/1.00 riding g0/0 w a-37/7 f-0 l-37/7 as28/120 st0 thr0.00 501:0 s0 k0 d0 f0 t5 m126 player 6: (52.044 -78.328 0.163) h1.00/1.00 g0/0 w a-10/1 f-10 l-10/1 as139/120 st6 thr1.00 501:0 s1 k1 d1 f0 t6 m126 player 7: (28.781 -73.434 1.070) h1.00/0.58 g0/0 w a-76/-14 f-76 l-76/-14 as139/120 st7 thr1.00 501:0 s0 k0 d1 f0 t7 m126 player 8: (98.401 -169.768 0.238) h0.63/0.00 g0/0 w a-159/-2 f-159 l-159/-2 as139/120 st5 thr1.00 501:0 s0 k0 d1 f0 t8 m126 player 9: (110.796 -157.564 0.090) h0.75/0.87 g0/0 w a-84/3 f-84 l-84/3 as139/120 st7 thr1.00 501:0 s1 k1 d0 f0 t9 m125 player 10: (106.002 -148.944 0.209) h0.18/0.84 g0/0 w a118/5 f118 l118/5 as139/120 st7 thr1.00 501:0 s0 k0 d0 f0 t10 m125 player 11: (42.401 -95.378 0.289) h0.95/0.00 g0/0 w a26/17 f26 l26/17 as139/120 st7 thr1.00 501:0 s0 k0 d0 f0 t11 m125 player 12: (88.137 -180.073 1.994) h0.47/0.00 g0/0 w a146/-10 f146 l146/-10 as139/120 st7 thr1.00 501:0 s1 k1 d0 f0 t12 m125 player 13: (94.321 -171.266 0.246) h0.44/0.00 g0/0 w a21/-3 f21 l21/-3 as139/120 st5 thr1.00 501:0 s0 k0 d0 f0 t13 m124 player 14: (102.933 -143.316 1.040) h1.00/1.00 g0/0 w a-61/-8 f-61 l-61/-8 as140/120 st20 thr1.00 501:0 s0 k0 d0 f0 t14 m124 player 15: (89.773 -159.155 0.129) h0.56/0.85 g0/0 w a-153/-2 f-153 l-153/-2 as139/120 st7 thr1.00 501:0 s0 k0 d0 f0 t15 m124 player 16: (60.314 -79.867 0.470) h0.13/0.37 g0/0 w a144/-5 f-1
chupathingyce: bots: bot 27 at (38.5 -70.4 0.1) yaw -164 fight, target 7 (seen), shield 1.00, kills 0 deaths 0
chupathingyce: bots: bot 28 at (56.1 -74.0 0.3) yaw -84 fight, target 19 (seen), shield 1.00, kills 0 deaths 0
chupathingyce: bots: bot 29 at (22.6 -89.0 1.5) yaw 38 retreat, target 1 (seen), shield 0.00, kills 0 deaths 0
chupathingyce: bots: bot 31 inventory slot 0 now weapon 501
chupathingyce: bots: bot 30 at (86.9 -162.5 0.7) yaw 64 fight, target 15 (seen), shield 0.76, kills 0 deaths 1
chupathingyce: network test: tick 1710 player 0: (76.952 -148.263 1.530) h0.23/0.00 g0/0 w a-55/-5 f-56 l-55/-5 as140/120 st20 thr1.00 501:0 1dc:86 s4 k4 d0 f0 t0 m0 player 1: (30.465 -84.207 0.111) h0.69/1.00 g0/0 w a-145/8 f-145 l-145/8 as139/120 st6 thr1.00 501:0 s0 k0 d1 f0 t1 m127 player 2: (46.970 -92.925 0.960) h1.00/0.72 g0/0 w a-132/-3 f-169 l-132/-3 as139/120 st6 thr1.00 501:0 s0 k0 d0 f0 t2 m127 player 3: (35.711 -91.096 0.181) h0.66/0.00 g0/0 w a-38/3 f-38 l-38/3 as139/120 st7 thr1.00 501:0 s0 k0 d0 f0 t3 m127 player 4: (96.528 -138.634 0.276) h0.89/1.00 g0/0 w a-51/-3 f-104 l-51/-3 as140/120 st20 thr1.00 501:0 s0 k0 d1 f0 t4 m127 player 5: (106.453 -161.070 0.377) h0.70/1.00 riding g0/0 w a-34/11 f-0 l-34/11 as28/120 st0 thr0.00 501:0 s0 k0 d0 f0 t5 m126 player 6: (52.393 -77.786 0.135) h1.00/1.00 g0/0 w a-4/-2 f-4 l-4/-2 as139/120 st7 thr1.00 501:0 s1 k1 d1 f0 t6 m126 player 7: (26.875 -74.330 0.498) h1.00/0.76 g0/0 w a-46/-6 f-46 l-46/-6 as139/120 st7 thr1.00 501:0 s0 k0 d1 f0 t7 m126 player 8: (100.538 -170.282 0.197) h0.63/0.00 g0/0 w a-168/-2 f-168 l-168/-2 as139/120 st5 thr1.00 501:0 s0 k0 d1 f0 t8 m126 player 9: (110.321 -157.617 0.083) h0.75/0.87 g0/0 w a-73/7 f-73 l-73/7 as139/120 st6 thr1.00 501:0 s1 k1 d0 f0 t9 m125 player 10: (105.551 -148.967 0.256) h0.18/0.90 g0/0 w a100/7 f100 l100/7 as139/120 st6 thr1.00 501:0 s0 k0 d0 f0 t10 m125 player 11: (43.574 -96.862 0.899) h0.82/0.00 g0/0 w a48/-1 f48 l48/-1 as139/120 st7 thr1.00 501:0 s0 k0 d0 f0 t11 m125 player 12: (89.149 -178.493 1.395) h0.47/0.00 g0/0 w a153/-8 f153 l153/-8 as139/120 st7 thr1.00 501:0 s1 k1 d0 f0 t12 m125 player 13: (92.709 -172.141 0.237) h0.44/0.00 g0/0 w a14/-1 f14 l14/-1 as139/120 st5 thr1.00 501:0 s0 k0 d0 f0 t13 m124 player 14: (104.738 -142.515 1.054) h1.00/1.00 g0/0 w a-79/-9 f-61 l-79/-9 as140/120 st20 thr1.00 501:0 s0 k0 d0 f0 t14 m124 player 15: (88.468 -158.140 0.112) h0.56/0.72 g0/0 w a-108/7 f-108 l-108/7 as139/120 st7 thr1.00 501:0 s0 k0 d0 f0 t15 m124 player 16: (59.105 -81.218 0.186) h0.13/0.37 g0/0 w a137/-2 f137 l137
chupathingyce: bots: bot 31 at (98.7 -150.3 0.1) yaw 10 fight, target 10 (seen), shield 1.00, kills 0 deaths 1
chupathingyce: network test: tick 1740 player 0: (78.135 -149.964 0.372) h0.23/0.00 g0/0 w a-55/-3 f-55 l-55/-3 as139/120 st4 thr1.00 501:0 1dc:85 s4 k4 d0 f0 t0 m0 player 1: (31.008 -86.124 0.666) h0.69/1.00 g0/0 w a-151/6 f-147 l-151/6 as140/120 st20 thr1.00 501:0 s0 k0 d1 f0 t1 m127 player 2: (47.661 -93.450 1.103) h1.00/0.72 g0/0 w a-132/-2 f-132 l-132/-2 as139/120 st7 thr1.00 501:0 s0 k0 d0 f0 t2 m127 player 3: (35.631 -92.781 0.198) h0.63/0.00 g0/0 w a-30/3 f-30 l-30/3 as139/120 st7 thr1.00 501:0 s0 k0 d0 f0 t3 m127 player 4: (95.801 -140.368 0.077) h0.89/1.00 g0/0 w a-74/-1 f-74 l-74/-1 as139/120 st7 thr1.00 501:0 s0 k0 d1 f0 t4 m127 player 5: (106.453 -161.070 0.377) h0.70/1.00 riding g0/0 w a-42/3 f-0 l-42/3 as28/120 st0 thr0.00 501:0 s0 k0 d0 f0 t5 m126 player 6: (52.684 -79.799 0.748) h1.00/1.00 g0/0 w a35/-8 f21 l35/-8 as140/120 st20 thr1.00 501:0 s1 k1 d1 f0 t6 m126 player 7: (25.879 -76.255 0.423) h1.00/1.00 g0/0 w a-14/-4 f-14 l-14/-4 as139/120 st7 thr1.00 501:0 s0 k0 d1 f0 t7 m126 player 8: (102.641 -170.908 0.288) h0.63/0.00 g0/0 w a-171/-0 f-171 l-171/-0 as139/120 st5 thr1.00 501:0 s0 k0 d1 f0 t8 m126 player 9: (112.236 -157.493 0.278) h0.75/0.87 g0/0 w a-100/-2 f-100 l-100/-2 as139/120 st6 thr1.00 501:0 s1 k1 d0 f0 t9 m125 player 10: (103.558 -149.001 0.140) h0.18/1.00 g0/0 w a89/6 f89 l89/6 as139/120 st6 thr1.00 501:0 s0 k0 d0 f0 t10 m125 player 11: (44.005 -97.810 1.068) h0.56/0.00 g0/0 w a24/-8 f46 l24/-8 as139/120 st10 thr1.00 501:0 s0 k0 d0 f0 t11 m125 player 12: (89.777 -176.736 0.576) h0.47/0.00 g0/0 w a161/-2 f161 l161/-2 as139/120 st7 thr1.00 501:0 s1 k1 d0 f0 t12 m125 player 13: (91.084 -172.501 0.211) h0.32/0.00 g0/0 w a7/-1 f7 l7/-1 as139/120 st5 thr1.00 501:0 s0 k0 d0 f0 t13 m124 player 14: (103.653 -142.463 0.984) h1.00/1.00 g0/0 w a-91/-8 f-91 l-91/-8 as139/120 st6 thr1.00 501:0 s0 k0 d0 f0 t14 m124 player 15: (86.489 -158.077 0.053) h0.56/0.72 g0/0 w a-81/-1 f-81 l-81/-1 as139/120 st7 thr1.00 501:0 s0 k0 d0 f0 t15 m124 player 16: (60.301 -81.913 0.216) h0.13/0.24 g0/0 w a133/-1 f133 l133/-1 a
chupathingyce: network test: tick 1770 player 0: (79.316 -151.665 0.494) h0.23/0.17 g0/0 w a-55/-3 f-55 l-55/-3 as140/120 st20 thr1.00 501:0 1dc:84 s4 k4 d0 f0 t0 m0 player 1: (30.324 -86.812 0.081) h0.69/1.00 g0/0 w a-146/8 f-146 l-146/8 as139/120 st7 thr1.00 501:0 s0 k0 d1 f0 t1 m127 player 2: (46.054 -92.333 0.641) h1.00/0.72 g0/0 w a-122/-0 f-122 l-122/-0 as139/120 st7 thr1.00 501:0 s0 k0 d0 f0 t2 m127 player 3: (35.937 -92.210 0.188) h0.63/0.00 g0/0 w a-30/3 f-30 l-30/3 as139/120 st5 thr1.00 501:0 s0 k0 d0 f0 t3 m127 player 4: (93.922 -141.386 0.570) h0.89/1.00 g0/0 w a-53/-3 f-54 l-53/-3 as140/120 st20 thr1.00 501:0 s0 k0 d1 f0 t4 m127 player 5: (106.453 -161.070 0.377) h0.70/1.00 riding g0/0 w a-51/11 f-0 l-51/11 as28/120 st0 thr0.00 501:0 s0 k0 d0 f0 t5 m126 player 6: (54.082 -81.316 0.172) h1.00/1.00 g0/0 w a80/-2 f32 l80/-2 as139/120 st7 thr1.00 501:0 s1 k1 d1 f0 t6 m126 player 7: (26.145 -75.484 0.443) h1.00/1.00 g0/0 w a-29/-5 f-29 l-29/-5 as139/120 st6 thr1.00 501:0 s0 k0 d1 f0 t7 m126 player 8: (104.663 -171.623 0.185) h0.63/0.00 g0/0 w a-136/6 f-136 l-136/6 as139/120 st5 thr1.00 501:0 s0 k0 d1 f0 t8 m126 player 9: (113.768 -158.168 0.926) h0.75/1.00 g0/0 w a-129/-2 f-129 l-129/-2 as139/120 st7 thr1.00 501:0 s1 k1 d0 f0 t9 m125 player 10: (101.717 -148.692 0.737) h0.18/0.73 g0/0 w a68/1 f80 l68/1 as140/120 st20 thr1.00 501:0 s0 k0 d0 f0 t10 m125 player 11: (43.417 -96.779 0.834) h0.01/0.00 g0/0 w a-98/-9 f-95 l-98/-9 as139/120 st9 thr1.00 501:0 s0 k0 d0 f0 t11 m125 player 12: (91.259 -175.989 0.572) h0.47/0.00 g0/0 w a116/-7 f116 l116/-7 as139/120 st7 thr1.00 501:0 s1 k1 d0 f0 t12 m125 player 13: (89.510 -172.371 0.213) h0.22/0.00 g0/0 w a-65/2 f-65 l-65/2 as139/120 st5 thr1.00 501:0 s0 k0 d0 f0 t13 m124 player 14: (104.291 -142.517 0.986) h1.00/1.00 g0/0 w a-112/-2 f-112 l-112/-2 as139/120 st7 thr1.00 501:0 s0 k0 d0 f0 t14 m124 player 15: (84.772 -157.916 0.742) h0.56/0.72 g0/0 w a-86/-9 f-83 l-86/-9 as140/120 st20 thr1.00 501:0 s0 k0 d0 f0 t15 m124 player 16: (61.875 -82.798 0.338) h0.13/0.24 g0/0 w a141/-2 f14
chupathingyce: network test: tick 1800 player 0: (80.463 -153.387 -0.014) h0.23/0.42 g0/0 w a-55/-3 f-55 l-55/-3 as139/120 st4 thr1.00 501:0 1dc:84 s4 k4 d0 f0 t0 m0 player 1: (28.787 -85.252 0.777) h0.69/1.00 g0/0 w a-129/4 f-132 l-129/4 as140/120 st20 thr1.00 501:0 s0 k0 d1 f0 t1 m127 player 2: (44.850 -92.663 0.422) h1.00/0.72 g0/0 w a175/-2 f175 l175/-2 as139/120 st4 thr1.00 501:0 s0 k0 d0 f0 t2 m127 player 3: (34.604 -91.805 0.283) h0.49/0.00 g0/0 w a27/-1 f27 l27/-1 as139/120 st5 thr1.00 501:0 s1 k1 d0 f0 t3 m127 player 4: (92.517 -143.033 0.655) h0.89/1.00 g0/0 w a-33/-6 f-42 l-33/-6 as139/120 st7 thr1.00 501:0 s0 k0 d1 f0 t4 m127 player 5: (106.453 -161.070 0.377) h0.70/1.00 riding g0/0 w a-61/3 f-0 l-61/3 as28/120 st0 thr0.00 501:0 s0 k0 d0 f0 t5 m126 player 6: (56.200 -81.073 0.159) h1.00/1.00 g0/0 w a112/-2 f112 l112/-2 as139/120 st7 thr1.00 501:0 s1 k1 d1 f0 t6 m126 player 7: (25.678 -76.487 0.441) h1.00/1.00 g0/0 w a-16/-5 f-16 l-16/-5 as139/120 st7 thr1.00 501:0 s0 k0 d1 f0 t7 m126 player 8: (106.723 -170.869 0.080) h0.63/0.00 g0/0 w a-129/7 f-129 l-129/7 as139/120 st5 thr1.00 501:0 s0 k0 d1 f0 t8 m126 player 9: (112.441 -157.020 0.334) h0.75/1.00 g0/0 w a-129/-3 f-129 l-129/-3 as139/120 st7 thr1.00 501:0 s1 k1 d0 f0 t9 m125 player 10: (100.379 -148.324 0.083) h0.18/0.47 g0/0 w a140/-2 f114 l140/-2 as139/120 st10 thr1.00 501:0 s0 k0 d0 f0 t10 m125 player 11: dead s0 k0 d1 f0 t11 m125 player 12: (92.857 -174.928 1.091) h0.47/0.00 g0/0 w a147/-13 f119 l147/-13 as140/120 st20 thr1.00 501:0 s1 k1 d0 f0 t12 m125 player 13: (88.676 -172.385 0.219) h0.22/0.00 g0/0 w a-35/10 f-35 l-35/10 as139/120 st7 thr1.00 501:0 s0 k0 d0 f0 t13 m124 player 14: (102.438 -141.771 1.252) h1.00/1.00 g0/0 w a-108/-10 f-108 l-108/-10 as139/120 st7 thr1.00 501:0 s0 k0 d0 f0 t14 m124 player 15: (83.479 -157.578 -0.106) h0.56/0.72 g0/0 w a-89/1 f-89 l-89/1 as139/120 st7 thr1.00 501:0 s0 k0 d0 f0 t15 m124 player 16: (62.750 -84.413 0.535) h0.13/0.24 g0/0 w a133/-3 f133 l133/-3 as139/120 st5 thr1.00 501:0 s0 k0 d0 f0 t16 m124 player 17: (43.775 
chupathingyce: bots: bot 1 at (28.8 -85.3 0.8) yaw -129 fight, target 29 (seen), shield 1.00, kills 0 deaths 1
chupathingyce: bots: bot 2 at (44.4 -92.4 0.3) yaw 180 fight, target 3 (seen), shield 0.72, kills 0 deaths 0
chupathingyce: bots: bot 3 at (34.1 -92.6 0.3) yaw 35 retreat, target 24 (seen), shield 0.00, kills 1 deaths 0
chupathingyce: bots: bot 4 at (92.3 -143.4 0.7) yaw -38 fight, target 31 (seen), shield 1.00, kills 0 deaths 1
chupathingyce: bots: bot 5 at (106.5 -160.9 0.5) yaw -55 vehicle, target 25 (seen), shield 1.00, kills 0 deaths 0
chupathingyce: network test: tick 1830 player 0: (80.813 -155.192 -0.070) h0.23/0.67 g0/0 w a-72/7 f-72 l-72/7 as139/120 st4 thr1.00 501:0 1dc:83 s4 k4 d0 f0 t0 m0 player 1: (27.919 -84.491 0.278) h0.69/1.00 g0/0 w a-125/8 f-125 l-125/8 as139/120 st6 thr1.00 501:0 s0 k0 d1 f0 t1 m127 player 2: (43.428 -91.446 0.456) h1.00/0.72 g0/0 w a-170/-1 f-171 l-170/-1 as140/120 st20 thr1.00 501:0 s0 k0 d0 f0 t2 m127 player 3: (33.715 -93.530 0.349) h0.49/0.00 g0/0 w a41/-1 f41 l41/-1 as139/120 st5 thr1.00 501:0 s1 k1 d0 f0 t3 m127 player 4: (92.739 -142.893 0.577) h0.89/1.00 g0/0 w a-45/0 f-45 l-45/0 as139/120 st7 thr1.00 501:0 s0 k0 d1 f0 t4 m127 player 5: (106.453 -161.070 0.377) h0.70/1.00 riding g0/0 w a-55/3 f-0 l-55/3 as28/120 st0 thr0.00 501:0 s0 k0 d0 f0 t5 m126 player 6: (58.048 -79.977 0.787) h1.00/1.00 g0/0 w a127/-6 f120 l127/-6 as140/120 st20 thr1.00 501:0 s1 k1 d1 f0 t6 m126 player 7: (25.612 -78.431 0.754) h1.00/1.00 g0/0 w a16/-8 f15 l16/-8 as140/120 st20 thr1.00 501:0 s0 k0 d1 f0 t7 m126 player 8: (107.750 -170.223 0.085) h0.63/0.00 g0/0 w a-123/7 f-123 l-123/7 as139/120 st7 thr1.00 501:0 s0 k0 d1 f0 t8 m126 player 9: (112.988 -157.399 0.453) h0.75/0.88 g0/0 w a-131/-4 f-131 l-131/-4 as139/120 st7 thr1.00 501:0 s1 k1 d0 f0 t9 m125 player 10: (99.172 -149.698 0.061) h0.18/0.47 g0/0 w a138/8 f138 l138/8 as139/120 st6 thr1.00 501:0 s0 k0 d0 f0 t10 m125 player 11: dead s0 k0 d1 f0 t11 m125 player 12: (94.403 -174.523 0.669) h0.35/0.00 g0/0 w a153/-5 f153 l153/-5 as139/120 st5 thr1.00 501:0 s1 k1 d0 f0 t12 m125 player 13: (88.971 -171.623 0.185) h0.09/0.00 g0/0 w a-27/2 f-27 l-27/2 as139/120 st6 thr1.00 501:0 s0 k0 d0 f0 t13 m124 player 14: (101.018 -141.310 1.373) h1.00/1.00 g0/0 w a-103/-11 f-107 l-103/-11 as140/120 st20 thr1.00 501:0 s0 k0 d0 f0 t14 m124 player 15: (81.533 -157.997 0.402) h0.56/0.39 g0/0 w a-75/-5 f-83 l-75/-5 as140/120 st20 thr1.00 501:0 s0 k0 d0 f0 t15 m124 player 16: (64.635 -84.960 0.916) h0.13/0.24 g0/0 w a134/-4 f134 l134/-4 as139/120 st5 thr1.00 501:0 s0 k0 d0 f0 t16 m124 player 17: (44.238 -74.844 
chupathingyce: bots: bot 6 at (58.3 -79.8 0.7) yaw 129 fight, target 19 (seen), shield 1.00, kills 1 deaths 1
chupathingyce: bots: bot 7 at (25.6 -78.8 1.1) yaw 28 fight, target 26 (seen), shield 1.00, kills 0 deaths 1
chupathingyce: bots: bot 8 at (106.5 -169.6 0.1) yaw -106 fight, target 20 (seen), shield 0.05, kills 0 deaths 1
chupathingyce: bots: bot 9 at (112.5 -157.0 0.3) yaw -138 fight, target 25 (seen), shield 0.88, kills 1 deaths 0
chupathingyce: network test: tick 1860 player 0: (80.369 -156.995 -0.086) h0.23/0.77 g0/0 w a-81/9 f-80 l-81/9 as139/120 st8 thr1.00 501:0 1dc:83 s4 k4 d0 f0 t0 m0 player 1: (28.380 -84.716 0.244) h0.69/1.00 g0/0 w a-135/9 f-135 l-135/9 as139/120 st7 thr1.00 501:0 s0 k0 d1 f0 t1 m127 player 2: (42.042 -90.460 0.363) h1.00/0.72 g0/0 w a99/-9 f-171 l119/-9 as140/120 st20 thr1.00 501:0 s0 k0 d0 f0 t2 m127 player 3: (33.089 -95.376 0.555) h0.49/0.00 g0/0 w a43/-3 f43 l43/-3 as139/120 st5 thr1.00 501:0 s1 k1 d0 f0 t3 m127 player 4: (91.644 -143.731 0.837) h0.89/1.00 g0/0 w a-53/-9 f-53 l-53/-9 as139/120 st7 thr1.00 501:0 s0 k0 d1 f0 t4 m127 player 5: (106.453 -161.070 0.377) h0.70/1.00 riding g0/0 w a-71/5 f-0 l-71/5 as28/120 st0 thr0.00 501:0 s0 k0 d0 f0 t5 m126 player 6: (58.436 -79.358 0.272) h1.00/1.00 g0/0 w a84/2 f84 l84/2 as139/120 st6 thr1.00 501:0 s1 k1 d1 f0 t6 m126 player 7: (25.580 -79.033 0.661) h1.00/0.84 g0/0 w a20/-12 f15 l20/-12 as140/120 st20 thr1.00 501:0 s0 k0 d1 f0 t7 m126 player 8: (105.726 -169.404 0.291) h0.63/0.14 g0/0 w a-101/11 f-101 l-101/11 as139/120 st7 thr1.00 501:0 s0 k0 d1 f0 t8 m126 player 9: (112.671 -157.156 0.385) h0.75/0.88 g0/0 w a-138/-4 f-138 l-138/-4 as139/120 st6 thr1.00 501:0 s1 k1 d0 f0 t9 m125 player 10: (97.689 -151.023 0.050) h0.18/0.47 g0/0 w a131/-2 f131 l131/-2 as139/120 st7 thr1.00 501:0 s0 k0 d0 f0 t10 m125 player 11: dead s0 k0 d1 f0 t11 m125 player 12: (96.249 -174.639 0.874) h0.21/0.00 g0/0 w a146/-7 f146 l146/-7 as139/120 st5 thr1.00 501:0 s1 k1 d0 f0 t12 m125 player 13: (89.813 -170.247 0.125) h0.09/0.00 g0/0 w a-34/5 f-34 l-34/5 as139/120 st7 thr1.00 501:0 s0 k0 d0 f0 t13 m124 player 14: (101.848 -141.653 1.021) h1.00/1.00 g0/0 w a-113/-7 f-113 l-113/-7 as139/120 st4 thr1.00 501:0 s0 k0 d0 f0 t14 m124 player 15: (80.768 -159.226 0.562) h0.56/0.39 g0/0 w a108/-20 f-162 l128/-20 as140/120 st20 thr1.00 501:0 s0 k0 d0 f0 t15 m124 player 16: (66.022 -85.495 1.638) h0.13/0.24 g0/0 w a140/-9 f140 l140/-9 as139/120 st5 thr1.00 501:0 s0 k0 d0 f0 t16 m124 player 17: (42.549 -74.060 0
chupathingyce: bots: bot 10 at (97.6 -151.1 0.1) yaw 134 fight, target 31 (seen), shield 0.47, kills 0 deaths 0
chupathingyce: bots: bot 12 at (97.2 -174.8 1.0) yaw 157 retreat, target 21 (seen), shield 0.00, kills 1 deaths 0
chupathingyce: network test: tick 1890 player 0: (80.660 -158.878 -0.033) h0.23/0.63 g0/0 w a-84/-3 f-84 l-84/-3 as139/120 st4 thr1.00 501:0 1dc:79 s4 k4 d0 f0 t0 m0 player 1: (26.599 -83.459 0.383) h0.69/1.00 g0/0 w a-115/7 f-115 l-115/7 as139/120 st7 thr1.00 501:0 s0 k0 d1 f0 t1 m127 player 2: (40.260 -89.950 0.101) h1.00/0.92 g0/0 w a65/-2 f65 l65/-2 as139/120 st6 thr1.00 501:0 s0 k0 d0 f0 t2 m127 player 3: (32.571 -97.200 1.005) h0.49/0.00 g0/0 w a48/-5 f48 l48/-5 as139/120 st5 thr1.00 501:0 s1 k1 d0 f0 t3 m127 player 4: (89.948 -145.115 1.522) h0.89/1.00 g0/0 w a-50/-9 f-49 l-50/-9 as140/120 st20 thr1.00 501:0 s0 k0 d1 f0 t4 m127 player 5: (106.453 -161.070 0.377) h0.70/1.00 riding g0/0 w a-54/3 f-0 l-54/3 as28/120 st0 thr0.00 501:0 s0 k0 d0 f0 t5 m126 player 6: (59.479 -79.739 0.346) h1.00/1.00 g0/0 w a75/2 f75 l75/2 as139/120 st7 thr1.00 501:0 s1 k1 d1 f0 t6 m126 player 7: (26.447 -80.478 0.401) h1.00/0.84 g0/0 w a53/-5 f53 l53/-5 as139/120 st6 thr1.00 501:0 s0 k0 d1 f0 t7 m126 player 8: (103.544 -169.494 0.412) h0.63/0.39 g0/0 w a-77/7 f-100 l-77/7 as140/120 st20 thr1.00 501:0 s0 k0 d1 f0 t8 m126 player 9: (112.073 -156.712 1.048) h0.75/0.88 g0/0 w a-118/-8 f-129 l-118/-8 as140/120 st20 thr1.00 501:0 s1 k1 d0 f0 t9 m125 player 10: (98.541 -150.222 0.058) h0.18/0.20 g0/0 w a180/6 f180 l180/6 as139/120 st5 thr1.00 501:0 s0 k0 d0 f0 t10 m125 player 11: dead s0 k0 d1 f0 t11 m125 player 12: (97.755 -175.497 1.160) h0.21/0.00 g0/0 w a157/-6 f157 l157/-6 as139/120 st5 thr1.00 501:0 s1 k1 d0 f0 t12 m125 player 13: dead s0 k0 d1 f0 t13 m124 player 14: (100.791 -142.002 1.174) h1.00/1.00 g0/0 w a-107/-8 f-108 l-107/-8 as140/120 st20 thr1.00 501:0 s0 k0 d0 f0 t14 m124 player 15: (80.671 -161.040 0.092) h0.14/0.00 g0/0 w a92/-7 f121 l92/-7 as139/120 st5 thr1.00 501:0 s0 k0 d0 f0 t15 m124 player 16: (65.555 -86.089 1.474) h0.13/0.24 g0/0 w a134/-8 f134 l134/-8 as139/120 st6 thr1.00 501:0 s0 k0 d0 f0 t16 m124 player 17: (41.845 -72.159 0.139) h1.00/1.00 g0/0 w a-159/-2 f-159 l-159/-2 as139/120 st7 thr1.00 501:0 s0 k0 d1 f0 t17 m123 
chupathingyce: bots: bot 14 at (100.7 -142.0 1.2) yaw -105 fight, target 10 (seen), shield 1.00, kills 0 deaths 0
chupathingyce: bots: bot 11 inventory slot 0 now weapon 501
chupathingyce: bots: bot 16 at (64.8 -86.7 1.2) yaw 123 fight, target 6 (seen), shield 0.35, kills 0 deaths 0
chupathingyce: exiting after debug.exit_after
chupathingyce: frame stats: 28965 frames written to /tmp/jobsbench/lobby_r32_parallel/frames.csv
